Time: 0 ms ------------------
Torque guess: 
  -0.716202    -2.68059     2.08307     -16.485     5.41851    0.140143   -0.716202     2.68059    -2.08307     -16.485     5.41851   -0.140143 8.88178e-21   0.0264165    -1.46947   -0.499625     1.02952    0.137216   -0.548173 -0.00140073   -0.143438   0.0251919   -0.499625    -1.02952   -0.137216   -0.548173  0.00140073   -0.143438  -0.0251919
Torque candidate: 
  -0.716166    -2.68059     2.08307     -16.485     5.41851    0.140143   -0.716166     2.68059    -2.08307     -16.485     5.41851   -0.140143 1.14477e-07   0.0264142    -1.46931   -0.499599     1.02952    0.137216    -0.54816 -0.00140067   -0.143434   0.0251918   -0.499599    -1.02952   -0.137216    -0.54816  0.00140067   -0.143434  -0.0251919
Guess var F_l: 
      0       0 40.8846       0       0 40.8846       0       0 40.8846       0       0 40.8846       0       0 40.8846       0       0 40.8846       0       0 40.8846       0       0 40.8846       0       0 40.8846       0       0 40.8846       0       0 40.8846       0       0 40.8846       0       0 40.8846       0       0 40.8846       0       0 40.8846       0       0 40.8846       0       0 40.8846       0       0 40.8846       0       0 40.8846       0       0 40.8846       0       0 40.8846       0       0 40.8846       0       0 40.8846       0       0 40.8846       0       0 40.8846       0       0 40.8846       0       0 40.8846       0       0 40.8846       0       0 40.8846       0       0 40.8846       0       0 40.8846       0       0 40.8846       0       0 40.8846       0       0 40.8846       0       0 40.8846       0       0 40.8846       0       0 40.8846       0       0 40.8846       0       0 40.8846       0       0 40.8846       0       0 40.8846       0       0 40.8846       0       0 40.8846       0       0 40.8846       0       0 40.8846       0       0 40.8846       0       0 40.8846       0       0 40.8846       0       0 40.8846       0       0 40.8846       0       0 40.8846       0       0 40.8846       0       0 40.8846       0       0 40.8846       0       0 40.8846       0       0 40.8846       0       0 40.8846       0       0 40.8846       0       0 40.8846       0       0 40.8846
Guess var F_r: 
      0       0 40.8846       0       0 40.8846       0       0 40.8846       0       0 40.8846       0       0 40.8846       0       0 40.8846       0       0 40.8846       0       0 40.8846       0       0 40.8846       0       0 40.8846       0       0 40.8846       0       0 40.8846       0       0 40.8846       0       0 40.8846       0       0 40.8846       0       0 40.8846       0       0 40.8846       0       0 40.8846       0       0 40.8846       0       0 40.8846       0       0 40.8846       0       0 40.8846       0       0 40.8846       0       0 40.8846       0       0 40.8846       0       0 40.8846       0       0 40.8846       0       0 40.8846       0       0 40.8846       0       0 40.8846       0       0 40.8846       0       0 40.8846       0       0 40.8846       0       0 40.8846       0       0 40.8846       0       0 40.8846       0       0 40.8846       0       0 40.8846       0       0 40.8846       0       0 40.8846       0       0 40.8846       0       0 40.8846       0       0 40.8846       0       0 40.8846       0       0 40.8846       0       0 40.8846       0       0 40.8846       0       0 40.8846       0       0 40.8846       0       0 40.8846       0       0 40.8846       0       0 40.8846       0       0 40.8846       0       0 40.8846       0       0 40.8846       0       0 40.8846       0       0 40.8846       0       0 40.8846       0       0 40.8846       0       0 40.8846
Candidate var F_l: 
 5.66862e-06  4.87164e-08      40.8846  5.65328e-06  4.85342e-08      40.8846  5.69731e-06  3.94507e-08      40.8846  5.68196e-06  3.92685e-08      40.8846  5.42162e-06  4.64829e-08      40.8846  5.40731e-06  4.63129e-08      40.8846  5.44837e-06  3.78413e-08      40.8846  5.43406e-06  3.76713e-08      40.8846  5.12581e-06   4.3856e-08      40.8846  5.11257e-06  4.36989e-08      40.8846  5.15055e-06  3.58646e-08      40.8846  5.13731e-06  3.57074e-08      40.8846  4.78439e-06  4.08597e-08      40.8846  4.77228e-06  4.07158e-08      40.8846  4.80704e-06  3.35434e-08      40.8846  4.79492e-06  3.33995e-08      40.8846  4.40204e-06  3.75322e-08      40.8846  4.39108e-06  3.74021e-08      40.8846  4.42253e-06  3.09129e-08      40.8846  4.41157e-06  3.07828e-08      40.8846  3.98436e-06    3.392e-08      40.8846  3.97458e-06   3.3804e-08      40.8846  4.00263e-06  2.80151e-08      40.8846  3.99285e-06   2.7899e-08      40.8846  3.53779e-06  3.00768e-08      40.8846  3.52922e-06   2.9975e-08      40.8846  3.55381e-06  2.48983e-08      40.8846  3.54524e-06  2.47966e-08      40.8846  3.06966e-06  2.60637e-08      40.8846  3.06231e-06  2.59764e-08      40.8846  3.08342e-06  2.16171e-08      40.8846  3.07606e-06  2.15298e-08      40.8846  2.58815e-06  2.19491e-08      40.8846    2.582e-06  2.18762e-08      40.8846  2.59964e-06  1.82321e-08      40.8846  2.59349e-06  1.81591e-08      40.8846  2.10223e-06  1.78085e-08      40.8846  2.09728e-06  1.77496e-08      40.8846   2.1115e-06  1.48096e-08      40.8846  2.10654e-06  1.47508e-08      40.8846  1.62175e-06  1.37241e-08      40.8846  1.61795e-06   1.3679e-08      40.8846  1.62886e-06  1.14219e-08      40.8846  1.62506e-06  1.13768e-08      40.8846  1.15734e-06  9.78539e-09      40.8846  1.15463e-06  9.75334e-09      40.8846  1.16238e-06  8.14678e-09      40.8846  1.15968e-06  8.11472e-09      40.8846  7.20529e-07  6.08915e-09      40.8846  7.18852e-07  6.06924e-09      40.8846  7.23658e-07  5.06831e-09      40.8846  7.21981e-07  5.04841e-09      40.8846  3.25052e-07  2.74983e-09      40.8846  3.24298e-07  2.74085e-09      40.8846  3.26457e-07  2.28591e-09      40.8846  3.25702e-07  2.27693e-09      40.8846  3.83764e-15 -3.19026e-16      40.8846  3.58931e-15 -3.12048e-16      40.8846  4.20692e-15 -6.43803e-16      40.8846  3.95859e-15 -6.36825e-16      40.8846
Candidate var F_r: 
5.64061e-06 4.85342e-08     40.8846 5.65038e-06 4.87164e-08     40.8846 5.66874e-06 3.92685e-08     40.8846  5.6785e-06 3.94507e-08     40.8846  5.3955e-06 4.63129e-08     40.8846 5.40461e-06 4.64829e-08     40.8846 5.42172e-06 3.76713e-08     40.8846 5.43083e-06 3.78413e-08     40.8846 5.10165e-06 4.36989e-08     40.8846 5.11007e-06  4.3856e-08     40.8846  5.1259e-06 3.57074e-08     40.8846 5.13433e-06 3.58646e-08     40.8846 4.76228e-06 4.07158e-08     40.8846 4.76999e-06 4.08597e-08     40.8846 4.78448e-06 3.33996e-08     40.8846 4.79219e-06 3.35434e-08     40.8846 4.38204e-06 3.74021e-08     40.8846 4.38901e-06 3.75322e-08     40.8846 4.40212e-06 3.07828e-08     40.8846  4.4091e-06 3.09129e-08     40.8846 3.96651e-06  3.3804e-08     40.8846 3.97273e-06   3.392e-08     40.8846 3.98443e-06  2.7899e-08     40.8846 3.99065e-06 2.80151e-08     40.8846 3.52214e-06  2.9975e-08     40.8846 3.52759e-06 3.00768e-08     40.8846 3.53785e-06 2.47966e-08     40.8846  3.5433e-06 2.48983e-08     40.8846 3.05623e-06 2.59764e-08     40.8846 3.06091e-06 2.60637e-08     40.8846 3.06971e-06 2.15298e-08     40.8846  3.0744e-06 2.16171e-08     40.8846 2.57692e-06 2.18762e-08     40.8846 2.58083e-06 2.19491e-08     40.8846 2.58818e-06 1.81591e-08     40.8846  2.5921e-06 1.82321e-08     40.8846 2.09318e-06 1.77496e-08     40.8846 2.09633e-06 1.78085e-08     40.8846 2.10226e-06 1.47508e-08     40.8846 2.10542e-06 1.48096e-08     40.8846  1.6148e-06  1.3679e-08     40.8846 1.61722e-06 1.37241e-08     40.8846 1.62177e-06 1.13768e-08     40.8846 1.62419e-06 1.14219e-08     40.8846 1.15239e-06 9.75334e-09     40.8846 1.15411e-06  9.7854e-09     40.8846 1.15734e-06 8.11473e-09     40.8846 1.15906e-06 8.14678e-09     40.8846 7.17458e-07 6.06924e-09     40.8846  7.1852e-07 6.08915e-09     40.8846 7.20525e-07 5.04841e-09     40.8846 7.21587e-07 5.06832e-09     40.8846 3.23664e-07 2.74085e-09     40.8846 3.24139e-07 2.74983e-09     40.8846 3.25041e-07 2.27693e-09     40.8846 3.25516e-07 2.28592e-09     40.8846 3.56521e-15 2.98159e-16     40.8846 3.86824e-15 3.07553e-16     40.8846 3.93684e-15 8.23239e-16     40.8846 4.23987e-15 8.32633e-16     40.8846
--------------------------------------------- 
Time: 5 ms ------------------
Torque guess: 
  -0.716202    -2.68059     2.08307     -16.485     5.41851    0.140143   -0.716202     2.68059    -2.08307     -16.485     5.41851   -0.140143 8.88178e-21   0.0264165    -1.46947   -0.499625     1.02952    0.137216   -0.548173 -0.00140073   -0.143438   0.0251919   -0.499625    -1.02952   -0.137216   -0.548173  0.00140073   -0.143438  -0.0251919
Torque candidate: 
   -0.381613      2.14378    -0.672066     -12.7792      5.54122    -0.195722     -2.24487     -1.99575      0.63627     -13.3845      5.12959     0.132803    -0.503508      0.18478      2.72431     0.649386     0.750402    0.0963133    0.0582593   0.00111112    0.0294152     0.015539      1.28865    -0.676786   -0.0887024      0.27713 -0.000548847    0.0826732   -0.0134039
Guess var F_l: 
      0       0 40.8846       0       0 40.8846       0       0 40.8846       0       0 40.8846       0       0 40.8846       0       0 40.8846       0       0 40.8846       0       0 40.8846       0       0 40.8846       0       0 40.8846       0       0 40.8846       0       0 40.8846       0       0 40.8846       0       0 40.8846       0       0 40.8846       0       0 40.8846       0       0 40.8846       0       0 40.8846       0       0 40.8846       0       0 40.8846       0       0 40.8846       0       0 40.8846       0       0 40.8846       0       0 40.8846       0       0 40.8846       0       0 40.8846       0       0 40.8846       0       0 40.8846       0       0 40.8846       0       0 40.8846       0       0 40.8846       0       0 40.8846       0       0 40.8846       0       0 40.8846       0       0 40.8846       0       0 40.8846       0       0 40.8846       0       0 40.8846       0       0 40.8846       0       0 40.8846       0       0 40.8846       0       0 40.8846       0       0 40.8846       0       0 40.8846       0       0 40.8846       0       0 40.8846       0       0 40.8846       0       0 40.8846       0       0 40.8846       0       0 40.8846       0       0 40.8846       0       0 40.8846       0       0 40.8846       0       0 40.8846       0       0 40.8846       0       0 40.8846       0       0 40.8846       0       0 40.8846       0       0 40.8846       0       0 40.8846
Guess var F_r: 
      0       0 40.8846       0       0 40.8846       0       0 40.8846       0       0 40.8846       0       0 40.8846       0       0 40.8846       0       0 40.8846       0       0 40.8846       0       0 40.8846       0       0 40.8846       0       0 40.8846       0       0 40.8846       0       0 40.8846       0       0 40.8846       0       0 40.8846       0       0 40.8846       0       0 40.8846       0       0 40.8846       0       0 40.8846       0       0 40.8846       0       0 40.8846       0       0 40.8846       0       0 40.8846       0       0 40.8846       0       0 40.8846       0       0 40.8846       0       0 40.8846       0       0 40.8846       0       0 40.8846       0       0 40.8846       0       0 40.8846       0       0 40.8846       0       0 40.8846       0       0 40.8846       0       0 40.8846       0       0 40.8846       0       0 40.8846       0       0 40.8846       0       0 40.8846       0       0 40.8846       0       0 40.8846       0       0 40.8846       0       0 40.8846       0       0 40.8846       0       0 40.8846       0       0 40.8846       0       0 40.8846       0       0 40.8846       0       0 40.8846       0       0 40.8846       0       0 40.8846       0       0 40.8846       0       0 40.8846       0       0 40.8846       0       0 40.8846       0       0 40.8846       0       0 40.8846       0       0 40.8846       0       0 40.8846       0       0 40.8846
Candidate var F_l: 
   0.0471618  -0.00277658      40.8856    0.0475763  -0.00276355      40.8859    0.0473267  -0.00136219      40.8975    0.0477412  -0.00134916      40.8978    0.0439594  -0.00246875      40.8854    0.0442386  -0.00245443      40.8856    0.0441329  -0.00120869      40.8962    0.0444122  -0.00119437      40.8964    0.0407194  -0.00216917      40.8851    0.0409632  -0.00215656      40.8853    0.0408783  -0.00105722       40.895    0.0411221  -0.00104461      40.8952    0.0372788  -0.00188337      40.8849     0.037489   -0.0018724       40.885    0.0374229 -0.000913844      40.8938     0.037633 -0.000902871      40.8939    0.0336622  -0.00161245      40.8846    0.0338406  -0.00160303      40.8848    0.0337914 -0.000778921      40.8926    0.0339697 -0.000769502      40.8927    0.0299137  -0.00135763      40.8845    0.0300623  -0.00134968      40.8846    0.0300279 -0.000652893      40.8914    0.0301765 -0.000644939      40.8915    0.0260833  -0.00112013      40.8843    0.0262044  -0.00111355      40.8844    0.0261825 -0.000536213      40.8903    0.0263036 -0.000529629      40.8904    0.0222254 -0.000901202      40.8842    0.0223213 -0.000895884      40.8843    0.0223098 -0.000429347      40.8893    0.0224057 -0.000424029      40.8893    0.0183985 -0.000702096      40.8841    0.0184719 -0.000697935      40.8842    0.0184684 -0.000332772      40.8883    0.0185418  -0.00032861      40.8883    0.0146655   -0.0005241      40.8841     0.014719 -0.000520976      40.8841    0.0147213 -0.000246983      40.8874    0.0147749  -0.00024386      40.8874    0.0110928 -0.000368522      40.8841    0.0111295 -0.000366311      40.8841    0.0111353 -0.000172501      40.8866    0.0111719 -0.000170289      40.8866    0.0077511 -0.000236706      40.8842   0.00777374 -0.000235273      40.8842   0.00778092 -0.000109867      40.8859   0.00780357 -0.000108435      40.8859   0.00471514 -0.000130042      40.8843   0.00472694 -0.000129246      40.8843   0.00473343 -5.96641e-05      40.8853   0.00474522 -5.88674e-05      40.8853   0.00207182 -5.00951e-05      40.8844   0.00207601 -4.97827e-05      40.8844   0.00207993 -2.25745e-05      40.8849   0.00208412  -2.2262e-05      40.8849  1.65028e-21 -3.56108e-22      40.8846    1.717e-21 -3.56556e-22      40.8846  1.63439e-21 -1.38324e-22      40.8846  1.70111e-21 -1.38771e-22      40.8846
Candidate var F_r: 
   0.0494373  -0.00276445      40.8864     0.049882  -0.00277846      40.8864    0.0498025  -0.00135418      40.8983    0.0502472  -0.00136819      40.8983    0.0459299  -0.00245443      40.8861    0.0463957  -0.00246875      40.8861    0.0461786  -0.00119437      40.8969    0.0466444  -0.00120869      40.8969    0.0424556  -0.00215656      40.8857    0.0428692  -0.00216917      40.8857    0.0426808  -0.00104461      40.8956    0.0430944  -0.00105722      40.8956    0.0387901   -0.0018724      40.8854    0.0391532  -0.00188337      40.8854     0.038992 -0.000902871      40.8943    0.0393551 -0.000913844      40.8943    0.0349592  -0.00160303      40.8851    0.0352736  -0.00161245      40.8851     0.035138 -0.000769502       40.893    0.0354525 -0.000778921       40.893     0.031008  -0.00134968      40.8848    0.0312761  -0.00135763      40.8848    0.0311642 -0.000644939      40.8918    0.0314323 -0.000652893      40.8918     0.026988  -0.00111355      40.8846    0.0272121  -0.00112013      40.8846     0.027122 -0.000529629      40.8906    0.0273462 -0.000536213      40.8906    0.0229545 -0.000895884      40.8844    0.0231375 -0.000901202      40.8844    0.0230671 -0.000424029      40.8895    0.0232501 -0.000429347      40.8895    0.0189675 -0.000697935      40.8843    0.0191125 -0.000702096      40.8843    0.0190595  -0.00032861      40.8885    0.0192044 -0.000332772      40.8885    0.0150909 -0.000520976      40.8842    0.0152012   -0.0005241      40.8842    0.0151633  -0.00024386      40.8875    0.0152735 -0.000246983      40.8875    0.0113925 -0.000366311      40.8842    0.0114718 -0.000368522      40.8842    0.0114466 -0.000170289      40.8867    0.0115259 -0.000172501      40.8867   0.00794396 -0.000235273      40.8842   0.00799631 -0.000236706      40.8842   0.00798135 -0.000108435       40.886    0.0080337 -0.000109867      40.8859   0.00482139 -0.000129246      40.8843    0.0048512 -0.000130042      40.8843   0.00484387 -5.88674e-05      40.8854   0.00487369 -5.96641e-05      40.8853   0.00211295 -4.97827e-05      40.8844   0.00212503 -5.00951e-05      40.8844    0.0021227  -2.2262e-05      40.8849   0.00213478 -2.25745e-05      40.8849  7.45514e-22 -4.89547e-22      40.8846  7.67645e-22 -4.91931e-22      40.8846  7.41177e-22 -4.07618e-22      40.8846  7.63309e-22 -4.10002e-22      40.8846
--------------------------------------------- 
Time: 10 ms ------------------
Torque guess: 
   -0.381613      2.14378    -0.672066     -12.7792      5.54122    -0.195722     -2.24487     -1.99575      0.63627     -13.3845      5.12959     0.132803    -0.503508      0.18478      2.72431     0.649386     0.750402    0.0963133    0.0582593   0.00111112    0.0294152     0.015539      1.28865    -0.676786   -0.0887024      0.27713 -0.000548847    0.0826732   -0.0134039
Torque candidate: 
   -5.15829    0.263851    0.246754    -13.4366     5.34285   -0.261647    -6.58042   0.0608081   -0.531529    -14.6369     5.39585    0.191165   -0.198082   -0.576494      10.397     2.69508    0.433518   0.0443638     1.04102  0.00409812    0.309269 0.000288199     2.88526   -0.580175  -0.0798086     1.08892 -0.00405848    0.320266  -0.0109548
Guess var F_l: 
   0.0471618  -0.00277658      40.8856    0.0475763  -0.00276355      40.8859    0.0473267  -0.00136219      40.8975    0.0477412  -0.00134916      40.8978    0.0439594  -0.00246875      40.8854    0.0442386  -0.00245443      40.8856    0.0441329  -0.00120869      40.8962    0.0444122  -0.00119437      40.8964    0.0407194  -0.00216917      40.8851    0.0409632  -0.00215656      40.8853    0.0408783  -0.00105722       40.895    0.0411221  -0.00104461      40.8952    0.0372788  -0.00188337      40.8849     0.037489   -0.0018724       40.885    0.0374229 -0.000913844      40.8938     0.037633 -0.000902871      40.8939    0.0336622  -0.00161245      40.8846    0.0338406  -0.00160303      40.8848    0.0337914 -0.000778921      40.8926    0.0339697 -0.000769502      40.8927    0.0299137  -0.00135763      40.8845    0.0300623  -0.00134968      40.8846    0.0300279 -0.000652893      40.8914    0.0301765 -0.000644939      40.8915    0.0260833  -0.00112013      40.8843    0.0262044  -0.00111355      40.8844    0.0261825 -0.000536213      40.8903    0.0263036 -0.000529629      40.8904    0.0222254 -0.000901202      40.8842    0.0223213 -0.000895884      40.8843    0.0223098 -0.000429347      40.8893    0.0224057 -0.000424029      40.8893    0.0183985 -0.000702096      40.8841    0.0184719 -0.000697935      40.8842    0.0184684 -0.000332772      40.8883    0.0185418  -0.00032861      40.8883    0.0146655   -0.0005241      40.8841     0.014719 -0.000520976      40.8841    0.0147213 -0.000246983      40.8874    0.0147749  -0.00024386      40.8874    0.0110928 -0.000368522      40.8841    0.0111295 -0.000366311      40.8841    0.0111353 -0.000172501      40.8866    0.0111719 -0.000170289      40.8866    0.0077511 -0.000236706      40.8842   0.00777374 -0.000235273      40.8842   0.00778092 -0.000109867      40.8859   0.00780357 -0.000108435      40.8859   0.00471514 -0.000130042      40.8843   0.00472694 -0.000129246      40.8843   0.00473343 -5.96641e-05      40.8853   0.00474522 -5.88674e-05      40.8853   0.00207182 -5.00951e-05      40.8844   0.00207601 -4.97827e-05      40.8844   0.00207993 -2.25745e-05      40.8849   0.00208412  -2.2262e-05      40.8849  1.65028e-21 -3.56108e-22      40.8846    1.717e-21 -3.56556e-22      40.8846  1.63439e-21 -1.38324e-22      40.8846  1.70111e-21 -1.38771e-22      40.8846
Guess var F_r: 
   0.0494373  -0.00276445      40.8864     0.049882  -0.00277846      40.8864    0.0498025  -0.00135418      40.8983    0.0502472  -0.00136819      40.8983    0.0459299  -0.00245443      40.8861    0.0463957  -0.00246875      40.8861    0.0461786  -0.00119437      40.8969    0.0466444  -0.00120869      40.8969    0.0424556  -0.00215656      40.8857    0.0428692  -0.00216917      40.8857    0.0426808  -0.00104461      40.8956    0.0430944  -0.00105722      40.8956    0.0387901   -0.0018724      40.8854    0.0391532  -0.00188337      40.8854     0.038992 -0.000902871      40.8943    0.0393551 -0.000913844      40.8943    0.0349592  -0.00160303      40.8851    0.0352736  -0.00161245      40.8851     0.035138 -0.000769502       40.893    0.0354525 -0.000778921       40.893     0.031008  -0.00134968      40.8848    0.0312761  -0.00135763      40.8848    0.0311642 -0.000644939      40.8918    0.0314323 -0.000652893      40.8918     0.026988  -0.00111355      40.8846    0.0272121  -0.00112013      40.8846     0.027122 -0.000529629      40.8906    0.0273462 -0.000536213      40.8906    0.0229545 -0.000895884      40.8844    0.0231375 -0.000901202      40.8844    0.0230671 -0.000424029      40.8895    0.0232501 -0.000429347      40.8895    0.0189675 -0.000697935      40.8843    0.0191125 -0.000702096      40.8843    0.0190595  -0.00032861      40.8885    0.0192044 -0.000332772      40.8885    0.0150909 -0.000520976      40.8842    0.0152012   -0.0005241      40.8842    0.0151633  -0.00024386      40.8875    0.0152735 -0.000246983      40.8875    0.0113925 -0.000366311      40.8842    0.0114718 -0.000368522      40.8842    0.0114466 -0.000170289      40.8867    0.0115259 -0.000172501      40.8867   0.00794396 -0.000235273      40.8842   0.00799631 -0.000236706      40.8842   0.00798135 -0.000108435       40.886    0.0080337 -0.000109867      40.8859   0.00482139 -0.000129246      40.8843    0.0048512 -0.000130042      40.8843   0.00484387 -5.88674e-05      40.8854   0.00487369 -5.96641e-05      40.8853   0.00211295 -4.97827e-05      40.8844   0.00212503 -5.00951e-05      40.8844    0.0021227  -2.2262e-05      40.8849   0.00213478 -2.25745e-05      40.8849  7.45514e-22 -4.89547e-22      40.8846  7.67645e-22 -4.91931e-22      40.8846  7.41177e-22 -4.07618e-22      40.8846  7.63309e-22 -4.10002e-22      40.8846
Candidate var F_l: 
    0.101362 -0.000885449      40.8849     0.102091 -0.000869095      40.8851     0.101839  0.000768742      40.9097     0.102568  0.000785096        40.91    0.0934833 -0.000704646      40.8848    0.0945397 -0.000687549       40.885    0.0936864    0.0008023      40.9073    0.0947427  0.000819397      40.9075    0.0849763 -0.000599252      40.8846    0.0859228 -0.000583856      40.8848     0.085158  0.000752259      40.9048    0.0861045  0.000767655       40.905    0.0762306 -0.000504823      40.8844    0.0770684 -0.000491157      40.8846    0.0763915  0.000691444      40.9023    0.0772293   0.00070511      40.9025    0.0673553 -0.000419195      40.8843    0.0680866 -0.000407238      40.8844    0.0674958  0.000624632      40.8999    0.0682271  0.000636588         40.9    0.0584777 -0.000341952      40.8841    0.0591057 -0.000331665      40.8842    0.0585985  0.000553727      40.8975    0.0592265  0.000564014      40.8977    0.0497276 -0.000272957       40.884    0.0502564 -0.000264285      40.8841    0.0498295  0.000480295      40.8953    0.0503583  0.000488968      40.8954    0.0412358 -0.000212108      40.8839    0.0416704 -0.000204975       40.884    0.0413197  0.000405893      40.8932    0.0417543  0.000413026      40.8933    0.0331326 -0.000159292      40.8839     0.033479 -0.000153608       40.884    0.0331997   0.00033211      40.8913    0.0335461  0.000337795      40.8914    0.0255481 -0.000114375      40.8839    0.0258132  -0.00011003       40.884    0.0255996  0.000260582      40.8896    0.0258647  0.000264927      40.8897    0.0186108 -7.71885e-05       40.884    0.0188026 -7.40536e-05       40.884    0.0186482  0.000192993      40.8881    0.0188401  0.000196128      40.8881    0.0124479 -4.75063e-05      40.8841    0.0125754 -4.54341e-05      40.8841    0.0124729  0.000131095      40.8868    0.0126004  0.000133167      40.8868   0.00718507  -2.5023e-05      40.8842   0.00725817 -2.38452e-05      40.8842   0.00719953  7.67256e-05      40.8858   0.00727263  7.79034e-05      40.8858   0.00295574 -9.30186e-06      40.8844   0.00298558 -8.82793e-06      40.8844   0.00296169  3.19393e-05       40.885   0.00299153  3.24132e-05       40.885 -2.64181e-21  1.82208e-21      40.8846  -3.0324e-21  1.81039e-21      40.8846 -2.56895e-21  3.21433e-22      40.8846 -2.95955e-21  3.09735e-22      40.8846
Candidate var F_r: 
    0.104198 -0.000874271      40.8849     0.104528 -0.000890466      40.8847     0.104924  0.000780092      40.9098     0.105254  0.000763897      40.9095    0.0963337  -0.00069731      40.8848    0.0962909 -0.000713647      40.8845    0.0972089  0.000810693      40.9073    0.0971661  0.000794355       40.907    0.0875094 -0.000592726      40.8846    0.0874717 -0.000607426      40.8844    0.0882932  0.000759791      40.9047    0.0882555  0.000745092      40.9045    0.0784569 -0.000499092      40.8844    0.0784236 -0.000512133      40.8842    0.0791507  0.000698104      40.9022    0.0791173  0.000685062       40.902     0.069287 -0.000414226      40.8842    0.0692577  -0.00042563      40.8841    0.0698928  0.000630441      40.8998    0.0698635  0.000619037      40.8996     0.060128 -0.000337709      40.8841    0.0601025 -0.000347515       40.884    0.0606485  0.000558716      40.8975     0.060623   0.00054891      40.8973     0.051111 -0.000269402       40.884     0.051089 -0.000277666      40.8839    0.0515496  0.000484498      40.8953    0.0515276  0.000476235      40.8952    0.0423681 -0.000209199      40.8839    0.0423494 -0.000215992      40.8838    0.0427289  0.000409349      40.8932    0.0427103  0.000402556      40.8931    0.0340315 -0.000156984      40.8839    0.0340161 -0.000162395      40.8838    0.0343196  0.000334866      40.8913    0.0343041  0.000329455      40.8912    0.0262334 -0.000112617      40.8839    0.0262209 -0.000116752      40.8838    0.0264543  0.000262689      40.8896    0.0264418  0.000258554      40.8895    0.0191046 -7.59232e-05      40.8839     0.019095 -7.89055e-05      40.8839    0.0192648  0.000194513      40.8881    0.0192552  0.000191531       40.888    0.0127745 -4.66717e-05       40.884    0.0127676  -4.8643e-05       40.884    0.0128813  0.000132098      40.8868    0.0128744  0.000130126      40.8868   0.00737133 -2.45494e-05      40.8842   0.00736704 -2.56703e-05      40.8842    0.0074328  7.72924e-05      40.8858   0.00742852  7.61716e-05      40.8858   0.00303136 -9.11162e-06      40.8844   0.00302945 -9.56319e-06      40.8844   0.00305656  3.21641e-05       40.885   0.00305466  3.17126e-05       40.885 -1.96689e-21  9.86467e-22      40.8846 -2.26382e-21  1.01191e-21      40.8846 -1.90887e-21    1.221e-22      40.8846 -2.20579e-21   1.4754e-22      40.8846
--------------------------------------------- 
Time: 15 ms ------------------
Torque guess: 
   -5.15829    0.263851    0.246754    -13.4366     5.34285   -0.261647    -6.58042   0.0608081   -0.531529    -14.6369     5.39585    0.191165   -0.198082   -0.576494      10.397     2.69508    0.433518   0.0443638     1.04102  0.00409812    0.309269 0.000288199     2.88526   -0.580175  -0.0798086     1.08892 -0.00405848    0.320266  -0.0109548
Torque candidate: 
   -8.39776   -0.653637    0.576326    -14.3032     5.65163    -0.27742    -9.85529     1.08822    -1.16522    -15.3004     5.64094    0.212698  -0.0673303   -0.732191     15.7574     3.93742    0.268241   0.0194283        1.65  0.00605832    0.484277 -0.00673246     3.99366   -0.504516  -0.0693147     1.65635 -0.00653174    0.486648 -0.00742832
Guess var F_l: 
    0.101362 -0.000885449      40.8849     0.102091 -0.000869095      40.8851     0.101839  0.000768742      40.9097     0.102568  0.000785096        40.91    0.0934833 -0.000704646      40.8848    0.0945397 -0.000687549       40.885    0.0936864    0.0008023      40.9073    0.0947427  0.000819397      40.9075    0.0849763 -0.000599252      40.8846    0.0859228 -0.000583856      40.8848     0.085158  0.000752259      40.9048    0.0861045  0.000767655       40.905    0.0762306 -0.000504823      40.8844    0.0770684 -0.000491157      40.8846    0.0763915  0.000691444      40.9023    0.0772293   0.00070511      40.9025    0.0673553 -0.000419195      40.8843    0.0680866 -0.000407238      40.8844    0.0674958  0.000624632      40.8999    0.0682271  0.000636588         40.9    0.0584777 -0.000341952      40.8841    0.0591057 -0.000331665      40.8842    0.0585985  0.000553727      40.8975    0.0592265  0.000564014      40.8977    0.0497276 -0.000272957       40.884    0.0502564 -0.000264285      40.8841    0.0498295  0.000480295      40.8953    0.0503583  0.000488968      40.8954    0.0412358 -0.000212108      40.8839    0.0416704 -0.000204975       40.884    0.0413197  0.000405893      40.8932    0.0417543  0.000413026      40.8933    0.0331326 -0.000159292      40.8839     0.033479 -0.000153608       40.884    0.0331997   0.00033211      40.8913    0.0335461  0.000337795      40.8914    0.0255481 -0.000114375      40.8839    0.0258132  -0.00011003       40.884    0.0255996  0.000260582      40.8896    0.0258647  0.000264927      40.8897    0.0186108 -7.71885e-05       40.884    0.0188026 -7.40536e-05       40.884    0.0186482  0.000192993      40.8881    0.0188401  0.000196128      40.8881    0.0124479 -4.75063e-05      40.8841    0.0125754 -4.54341e-05      40.8841    0.0124729  0.000131095      40.8868    0.0126004  0.000133167      40.8868   0.00718507  -2.5023e-05      40.8842   0.00725817 -2.38452e-05      40.8842   0.00719953  7.67256e-05      40.8858   0.00727263  7.79034e-05      40.8858   0.00295574 -9.30186e-06      40.8844   0.00298558 -8.82793e-06      40.8844   0.00296169  3.19393e-05       40.885   0.00299153  3.24132e-05       40.885 -2.64181e-21  1.82208e-21      40.8846  -3.0324e-21  1.81039e-21      40.8846 -2.56895e-21  3.21433e-22      40.8846 -2.95955e-21  3.09735e-22      40.8846
Guess var F_r: 
    0.104198 -0.000874271      40.8849     0.104528 -0.000890466      40.8847     0.104924  0.000780092      40.9098     0.105254  0.000763897      40.9095    0.0963337  -0.00069731      40.8848    0.0962909 -0.000713647      40.8845    0.0972089  0.000810693      40.9073    0.0971661  0.000794355       40.907    0.0875094 -0.000592726      40.8846    0.0874717 -0.000607426      40.8844    0.0882932  0.000759791      40.9047    0.0882555  0.000745092      40.9045    0.0784569 -0.000499092      40.8844    0.0784236 -0.000512133      40.8842    0.0791507  0.000698104      40.9022    0.0791173  0.000685062       40.902     0.069287 -0.000414226      40.8842    0.0692577  -0.00042563      40.8841    0.0698928  0.000630441      40.8998    0.0698635  0.000619037      40.8996     0.060128 -0.000337709      40.8841    0.0601025 -0.000347515       40.884    0.0606485  0.000558716      40.8975     0.060623   0.00054891      40.8973     0.051111 -0.000269402       40.884     0.051089 -0.000277666      40.8839    0.0515496  0.000484498      40.8953    0.0515276  0.000476235      40.8952    0.0423681 -0.000209199      40.8839    0.0423494 -0.000215992      40.8838    0.0427289  0.000409349      40.8932    0.0427103  0.000402556      40.8931    0.0340315 -0.000156984      40.8839    0.0340161 -0.000162395      40.8838    0.0343196  0.000334866      40.8913    0.0343041  0.000329455      40.8912    0.0262334 -0.000112617      40.8839    0.0262209 -0.000116752      40.8838    0.0264543  0.000262689      40.8896    0.0264418  0.000258554      40.8895    0.0191046 -7.59232e-05      40.8839     0.019095 -7.89055e-05      40.8839    0.0192648  0.000194513      40.8881    0.0192552  0.000191531       40.888    0.0127745 -4.66717e-05       40.884    0.0127676  -4.8643e-05       40.884    0.0128813  0.000132098      40.8868    0.0128744  0.000130126      40.8868   0.00737133 -2.45494e-05      40.8842   0.00736704 -2.56703e-05      40.8842    0.0074328  7.72924e-05      40.8858   0.00742852  7.61716e-05      40.8858   0.00303136 -9.11162e-06      40.8844   0.00302945 -9.56319e-06      40.8844   0.00305656  3.21641e-05       40.885   0.00305466  3.17126e-05       40.885 -1.96689e-21  9.86467e-22      40.8846 -2.26382e-21  1.01191e-21      40.8846 -1.90887e-21    1.221e-22      40.8846 -2.20579e-21   1.4754e-22      40.8846
Candidate var F_l: 
    0.152355   0.00111337       40.884     0.153188   0.00112989      40.8842      0.15294   0.00206918       40.921     0.153774   0.00208569      40.9212      0.14012   0.00111337       40.884     0.141215   0.00113321      40.8842     0.140805   0.00198151      40.9174       0.1419   0.00200135      40.9176     0.126801   0.00104265      40.8839     0.127783   0.00106063      40.8841     0.127411   0.00183424      40.9137     0.128394   0.00185222      40.9139      0.11311  0.000958974      40.8839     0.113979  0.000975023       40.884     0.113647   0.00167028      40.9101     0.114516   0.00168633      40.9103    0.0992994   0.00086524      40.8838     0.100057  0.000879346       40.884    0.0997649   0.00149446      40.9066     0.100523   0.00150857      40.9067    0.0855878  0.000764852      40.8838    0.0862374  0.000777038      40.8839    0.0859846   0.00131188      40.9032    0.0866342   0.00132407      40.9033    0.0721855  0.000660883      40.8837     0.072731  0.000671198      40.8838    0.0725169   0.00112673         40.9    0.0730624   0.00113704      40.9001    0.0592997  0.000556122      40.8837    0.0597465  0.000564639      40.8838    0.0595696  0.000942947       40.897    0.0600164  0.000951463      40.8971    0.0471334  0.000453163      40.8838    0.0474879  0.000459978      40.8838    0.0473463  0.000764325      40.8942    0.0477008   0.00077114      40.8943    0.0358842  0.000354424      40.8838     0.036154  0.000359659      40.8839    0.0360453  0.000594518      40.8917    0.0363151  0.000599753      40.8918    0.0257435   0.00026216      40.8839    0.0259372  0.000265959      40.8839    0.0258585  0.000437049      40.8895    0.0260522  0.000440848      40.8896    0.0168952  0.000178465       40.884    0.0170226  0.000180997       40.884    0.0169703  0.000295306      40.8877    0.0170977  0.000297837      40.8877   0.00951576  0.000105305      40.8842   0.00958781   0.00010676      40.8842    0.0095579  0.000172569      40.8862   0.00962995  0.000174024      40.8863   0.00378449  4.46896e-05      40.8844   0.00381332  4.52852e-05      40.8844   0.00380117   7.2242e-05      40.8852   0.00382999  7.28375e-05      40.8852  3.00238e-18  -9.6502e-18      40.8846  5.82673e-18 -9.33885e-18      40.8846  2.59642e-18  3.48855e-19      40.8846  5.42076e-18  6.60204e-19      40.8846
Candidate var F_r: 
    0.154271   0.00112344      40.8834     0.154153   0.00110911      40.8829     0.155068   0.00208106      40.9204     0.154949   0.00206673      40.9199     0.142178   0.00112599      40.8834     0.141778   0.00110871       40.883     0.142925   0.00199413      40.9168     0.142525   0.00197686      40.9164      0.12869   0.00105439      40.8834     0.128339   0.00103875       40.883     0.129357   0.00184599      40.9132     0.129006   0.00183035      40.9128     0.114811  0.000969634      40.8834     0.114507  0.000955665       40.883     0.115399   0.00168095      40.9096     0.115095   0.00166698      40.9093     0.100807  0.000874755      40.8834     0.100547  0.000862468      40.8831     0.101318   0.00150399      40.9062     0.101057    0.0014917      40.9059    0.0868995   0.00077318      40.8834    0.0866802  0.000762557      40.8832    0.0873353   0.00132022      40.9029     0.087116   0.00130959      40.9026    0.0733023  0.000668011      40.8835    0.0731215  0.000659012      40.8832    0.0736669   0.00113386      40.8997    0.0734861   0.00112487      40.8995    0.0602261  0.000562064      40.8835    0.0600808  0.000554628      40.8833    0.0605236  0.000948895      40.8967    0.0603783  0.000941459      40.8966    0.0478773  0.000457956      40.8836    0.0477642  0.000452002      40.8834    0.0481125  0.000769124       40.894    0.0479993   0.00076317      40.8939    0.0364569  0.000358132      40.8837    0.0363725  0.000353556      40.8835    0.0366351  0.000598231      40.8916    0.0365508  0.000593655      40.8915    0.0261594  0.000264868      40.8838    0.0261001  0.000261545      40.8837    0.0262869   0.00043976      40.8894    0.0262276  0.000436438      40.8894     0.017172   0.00018028      40.8839    0.0171339  0.000178066      40.8839    0.0172555  0.000297123      40.8876    0.0172174  0.000294908      40.8876   0.00967425  0.000106353      40.8841   0.00965333   0.00010508      40.8841    0.0097212  0.000173619      40.8862   0.00970028  0.000172346      40.8862   0.00384889  4.51209e-05      40.8843   0.00384086  4.45997e-05      40.8843   0.00386754  7.26737e-05      40.8852    0.0038595  7.21525e-05      40.8852 -4.65738e-18  2.61979e-17      40.8846 -2.12763e-18  1.93372e-17      40.8846 -6.10939e-18    3.742e-17      40.8846 -3.57964e-18  3.05593e-17      40.8846
--------------------------------------------- 
Time: 20 ms ------------------
Torque guess: 
   -8.39776   -0.653637    0.576326    -14.3032     5.65163    -0.27742    -9.85529     1.08822    -1.16522    -15.3004     5.64094    0.212698  -0.0673303   -0.732191     15.7574     3.93742    0.268241   0.0194283        1.65  0.00605832    0.484277 -0.00673246     3.99366   -0.504516  -0.0693147     1.65635 -0.00653174    0.486648 -0.00742832
Torque candidate: 
   -3.70511    -0.81811    0.905803    -14.6657     5.78114   -0.284105    -8.61219     1.52696    -1.58311    -15.6894     5.74458    0.208202   -0.780423    0.375962      10.323     2.04713    0.630559   0.0738539    0.779905  0.00457994    0.244425  0.00820291      2.9093   -0.624314  -0.0844717     1.05964 -0.00311607    0.309263  -0.0105687
Guess var F_l: 
    0.152355   0.00111337       40.884     0.153188   0.00112989      40.8842      0.15294   0.00206918       40.921     0.153774   0.00208569      40.9212      0.14012   0.00111337       40.884     0.141215   0.00113321      40.8842     0.140805   0.00198151      40.9174       0.1419   0.00200135      40.9176     0.126801   0.00104265      40.8839     0.127783   0.00106063      40.8841     0.127411   0.00183424      40.9137     0.128394   0.00185222      40.9139      0.11311  0.000958974      40.8839     0.113979  0.000975023       40.884     0.113647   0.00167028      40.9101     0.114516   0.00168633      40.9103    0.0992994   0.00086524      40.8838     0.100057  0.000879346       40.884    0.0997649   0.00149446      40.9066     0.100523   0.00150857      40.9067    0.0855878  0.000764852      40.8838    0.0862374  0.000777038      40.8839    0.0859846   0.00131188      40.9032    0.0866342   0.00132407      40.9033    0.0721855  0.000660883      40.8837     0.072731  0.000671198      40.8838    0.0725169   0.00112673         40.9    0.0730624   0.00113704      40.9001    0.0592997  0.000556122      40.8837    0.0597465  0.000564639      40.8838    0.0595696  0.000942947       40.897    0.0600164  0.000951463      40.8971    0.0471334  0.000453163      40.8838    0.0474879  0.000459978      40.8838    0.0473463  0.000764325      40.8942    0.0477008   0.00077114      40.8943    0.0358842  0.000354424      40.8838     0.036154  0.000359659      40.8839    0.0360453  0.000594518      40.8917    0.0363151  0.000599753      40.8918    0.0257435   0.00026216      40.8839    0.0259372  0.000265959      40.8839    0.0258585  0.000437049      40.8895    0.0260522  0.000440848      40.8896    0.0168952  0.000178465       40.884    0.0170226  0.000180997       40.884    0.0169703  0.000295306      40.8877    0.0170977  0.000297837      40.8877   0.00951576  0.000105305      40.8842   0.00958781   0.00010676      40.8842    0.0095579  0.000172569      40.8862   0.00962995  0.000174024      40.8863   0.00378449  4.46896e-05      40.8844   0.00381332  4.52852e-05      40.8844   0.00380117   7.2242e-05      40.8852   0.00382999  7.28375e-05      40.8852  3.00238e-18  -9.6502e-18      40.8846  5.82673e-18 -9.33885e-18      40.8846  2.59642e-18  3.48855e-19      40.8846  5.42076e-18  6.60204e-19      40.8846
Guess var F_r: 
    0.154271   0.00112344      40.8834     0.154153   0.00110911      40.8829     0.155068   0.00208106      40.9204     0.154949   0.00206673      40.9199     0.142178   0.00112599      40.8834     0.141778   0.00110871       40.883     0.142925   0.00199413      40.9168     0.142525   0.00197686      40.9164      0.12869   0.00105439      40.8834     0.128339   0.00103875       40.883     0.129357   0.00184599      40.9132     0.129006   0.00183035      40.9128     0.114811  0.000969634      40.8834     0.114507  0.000955665       40.883     0.115399   0.00168095      40.9096     0.115095   0.00166698      40.9093     0.100807  0.000874755      40.8834     0.100547  0.000862468      40.8831     0.101318   0.00150399      40.9062     0.101057    0.0014917      40.9059    0.0868995   0.00077318      40.8834    0.0866802  0.000762557      40.8832    0.0873353   0.00132022      40.9029     0.087116   0.00130959      40.9026    0.0733023  0.000668011      40.8835    0.0731215  0.000659012      40.8832    0.0736669   0.00113386      40.8997    0.0734861   0.00112487      40.8995    0.0602261  0.000562064      40.8835    0.0600808  0.000554628      40.8833    0.0605236  0.000948895      40.8967    0.0603783  0.000941459      40.8966    0.0478773  0.000457956      40.8836    0.0477642  0.000452002      40.8834    0.0481125  0.000769124       40.894    0.0479993   0.00076317      40.8939    0.0364569  0.000358132      40.8837    0.0363725  0.000353556      40.8835    0.0366351  0.000598231      40.8916    0.0365508  0.000593655      40.8915    0.0261594  0.000264868      40.8838    0.0261001  0.000261545      40.8837    0.0262869   0.00043976      40.8894    0.0262276  0.000436438      40.8894     0.017172   0.00018028      40.8839    0.0171339  0.000178066      40.8839    0.0172555  0.000297123      40.8876    0.0172174  0.000294908      40.8876   0.00967425  0.000106353      40.8841   0.00965333   0.00010508      40.8841    0.0097212  0.000173619      40.8862   0.00970028  0.000172346      40.8862   0.00384889  4.51209e-05      40.8843   0.00384086  4.45997e-05      40.8843   0.00386754  7.26737e-05      40.8852    0.0038595  7.21525e-05      40.8852 -4.65738e-18  2.61979e-17      40.8846 -2.12763e-18  1.93372e-17      40.8846 -6.10939e-18    3.742e-17      40.8846 -3.57964e-18  3.05593e-17      40.8846
Candidate var F_l: 
    0.141421  -0.00265582      40.8829     0.143302  -0.00261127      40.8833     0.141565    0.0016736      40.9181     0.143446   0.00171814      40.9185     0.130168   -0.0022337      40.8831     0.132053  -0.00218882      40.8835     0.130061   0.00174309      40.9149     0.131946   0.00178797      40.9153     0.117922  -0.00175783      40.8832     0.119614   -0.0017163      40.8835     0.117825   0.00182414      40.9116     0.119517   0.00186567      40.9119     0.105255  -0.00135322      40.8833     0.106753  -0.00131544      40.8836     0.105169   0.00182839      40.9083     0.106667   0.00186616      40.9086    0.0924537  -0.00100519      40.8834     0.093761 -0.000971348      40.8836    0.0923778    0.0017812      40.9051    0.0936852   0.00181505      40.9053    0.0797277 -0.000712362      40.8835    0.0808496 -0.000682572      40.8837    0.0796621   0.00168692       40.902     0.080784   0.00171671      40.9022    0.0672757 -0.000473137      40.8836    0.0682191 -0.000447459      40.8837    0.0672202   0.00155141      40.8991    0.0681636   0.00157709      40.8992    0.0552928 -0.000284956      40.8837    0.0560666 -0.000263378      40.8838    0.0552469   0.00138151      40.8963    0.0560207   0.00140309      40.8964      0.04397 -0.000144381      40.8837    0.0445851 -0.000126818      40.8838    0.0439332   0.00118498      40.8937    0.0445483   0.00120255      40.8938    0.0334933 -4.71209e-05      40.8838    0.0339624 -3.34088e-05      40.8839    0.0334651  0.000970494      40.8914    0.0339341  0.000984206      40.8914    0.0240425  1.19361e-05      40.8839    0.0243802  2.20414e-05       40.884     0.024022  0.000747559      40.8893    0.0243597  0.000757664      40.8894    0.0157901  3.86745e-05      40.8841     0.016013  4.55032e-05      40.8841    0.0157764  0.000526487      40.8876    0.0159993  0.000533316      40.8876   0.00890134  3.97421e-05      40.8842   0.00902796  4.37138e-05      40.8842    0.0088935  0.000318382      40.8862   0.00902012  0.000322353      40.8862   0.00354417  2.29062e-05      40.8844   0.00359511  2.45406e-05      40.8844   0.00354097  0.000135837      40.8852   0.00359191  0.000137472      40.8852   1.4597e-18 -1.79609e-18      40.8846    1.982e-18 -1.77356e-18      40.8846  1.37322e-18  3.05029e-19      40.8846  1.89552e-18  3.27552e-19      40.8846
Candidate var F_r: 
    0.148931  -0.00263668      40.8831     0.149764  -0.00267932      40.8828     0.149466   0.00169282      40.9183     0.150299   0.00165018       40.918     0.137168   -0.0022173      40.8832     0.137789  -0.00225867      40.8829      0.13742   0.00175992       40.915      0.13804   0.00171856      40.9147      0.12424  -0.00174224      40.8832     0.124804  -0.00178034      40.8829     0.124465   0.00184021      40.9116      0.12503   0.00180212      40.9113     0.110876  -0.00133868      40.8833     0.111381  -0.00137319       40.883     0.111075   0.00184345      40.9083     0.111581   0.00180893       40.908    0.0973817 -0.000991835      40.8833    0.0978274  -0.00102264      40.8831    0.0975558   0.00179508       40.905    0.0980016   0.00176427      40.9047    0.0839746 -0.000700317      40.8834    0.0843613 -0.000727336      40.8831     0.084124   0.00169947      40.9019    0.0845107   0.00167245      40.9016    0.0708614 -0.000462508      40.8834    0.0711902  -0.00048572      40.8832    0.0709869   0.00156252      40.8989    0.0713157    0.0015393      40.8987    0.0582454 -0.000275821      40.8835     0.058518 -0.000295263      40.8833    0.0583483   0.00139108      40.8961     0.058621   0.00137163      40.8959    0.0463257 -0.000136783      40.8836    0.0465449  -0.00015256      40.8835    0.0464075   0.00119296      40.8935    0.0466267   0.00117718      40.8934    0.0352966 -4.10655e-05      40.8837    0.0354658 -5.33458e-05      40.8836     0.035359  0.000976862      40.8912    0.0355281  0.000964581      40.8911    0.0253459  1.64874e-05      40.8838    0.0254692  7.46317e-06      40.8837    0.0253907  0.000752354      40.8892     0.025514   0.00074333      40.8891     0.016654  4.18082e-05       40.884    0.0167366  3.57269e-05      40.8839    0.0166836  0.000529794      40.8875    0.0167662  0.000523713      40.8874   0.00939448  4.15968e-05      40.8842   0.00944216   3.8069e-05      40.8841   0.00941127  0.000320342      40.8861   0.00945895  0.000316814      40.8861    0.0037438  2.36806e-05      40.8844    0.0037634   2.2232e-05      40.8844   0.00375054  0.000136657      40.8852   0.00377015  0.000135208      40.8851 -2.26959e-18 -1.27949e-18      40.8846 -1.33496e-18 -1.38867e-18      40.8846 -2.32665e-18  1.33433e-19      40.8846 -1.39202e-18  2.42502e-20      40.8846
--------------------------------------------- 
Time: 25 ms ------------------
Torque guess: 
   -3.70511    -0.81811    0.905803    -14.6657     5.78114   -0.284105    -8.61219     1.52696    -1.58311    -15.6894     5.74458    0.208202   -0.780423    0.375962      10.323     2.04713    0.630559   0.0738539    0.779905  0.00457994    0.244425  0.00820291      2.9093   -0.624314  -0.0844717     1.05964 -0.00311607    0.309263  -0.0105687
Torque candidate: 
  0.900472  -0.691918   0.999452   -14.7295    5.81052  -0.281431   -4.87243    1.83374   -1.88371   -15.9029    5.75526   0.186753   -1.04334   0.151902    2.91734 -0.0342364   0.835375  0.0987692  -0.230738  0.0010221 -0.0434843  0.0149123    1.26905  -0.983165  -0.142017   0.215627 -0.0002245   0.066077 -0.0256865
Guess var F_l: 
    0.141421  -0.00265582      40.8829     0.143302  -0.00261127      40.8833     0.141565    0.0016736      40.9181     0.143446   0.00171814      40.9185     0.130168   -0.0022337      40.8831     0.132053  -0.00218882      40.8835     0.130061   0.00174309      40.9149     0.131946   0.00178797      40.9153     0.117922  -0.00175783      40.8832     0.119614   -0.0017163      40.8835     0.117825   0.00182414      40.9116     0.119517   0.00186567      40.9119     0.105255  -0.00135322      40.8833     0.106753  -0.00131544      40.8836     0.105169   0.00182839      40.9083     0.106667   0.00186616      40.9086    0.0924537  -0.00100519      40.8834     0.093761 -0.000971348      40.8836    0.0923778    0.0017812      40.9051    0.0936852   0.00181505      40.9053    0.0797277 -0.000712362      40.8835    0.0808496 -0.000682572      40.8837    0.0796621   0.00168692       40.902     0.080784   0.00171671      40.9022    0.0672757 -0.000473137      40.8836    0.0682191 -0.000447459      40.8837    0.0672202   0.00155141      40.8991    0.0681636   0.00157709      40.8992    0.0552928 -0.000284956      40.8837    0.0560666 -0.000263378      40.8838    0.0552469   0.00138151      40.8963    0.0560207   0.00140309      40.8964      0.04397 -0.000144381      40.8837    0.0445851 -0.000126818      40.8838    0.0439332   0.00118498      40.8937    0.0445483   0.00120255      40.8938    0.0334933 -4.71209e-05      40.8838    0.0339624 -3.34088e-05      40.8839    0.0334651  0.000970494      40.8914    0.0339341  0.000984206      40.8914    0.0240425  1.19361e-05      40.8839    0.0243802  2.20414e-05       40.884     0.024022  0.000747559      40.8893    0.0243597  0.000757664      40.8894    0.0157901  3.86745e-05      40.8841     0.016013  4.55032e-05      40.8841    0.0157764  0.000526487      40.8876    0.0159993  0.000533316      40.8876   0.00890134  3.97421e-05      40.8842   0.00902796  4.37138e-05      40.8842    0.0088935  0.000318382      40.8862   0.00902012  0.000322353      40.8862   0.00354417  2.29062e-05      40.8844   0.00359511  2.45406e-05      40.8844   0.00354097  0.000135837      40.8852   0.00359191  0.000137472      40.8852   1.4597e-18 -1.79609e-18      40.8846    1.982e-18 -1.77356e-18      40.8846  1.37322e-18  3.05029e-19      40.8846  1.89552e-18  3.27552e-19      40.8846
Guess var F_r: 
    0.148931  -0.00263668      40.8831     0.149764  -0.00267932      40.8828     0.149466   0.00169282      40.9183     0.150299   0.00165018       40.918     0.137168   -0.0022173      40.8832     0.137789  -0.00225867      40.8829      0.13742   0.00175992       40.915      0.13804   0.00171856      40.9147      0.12424  -0.00174224      40.8832     0.124804  -0.00178034      40.8829     0.124465   0.00184021      40.9116      0.12503   0.00180212      40.9113     0.110876  -0.00133868      40.8833     0.111381  -0.00137319       40.883     0.111075   0.00184345      40.9083     0.111581   0.00180893       40.908    0.0973817 -0.000991835      40.8833    0.0978274  -0.00102264      40.8831    0.0975558   0.00179508       40.905    0.0980016   0.00176427      40.9047    0.0839746 -0.000700317      40.8834    0.0843613 -0.000727336      40.8831     0.084124   0.00169947      40.9019    0.0845107   0.00167245      40.9016    0.0708614 -0.000462508      40.8834    0.0711902  -0.00048572      40.8832    0.0709869   0.00156252      40.8989    0.0713157    0.0015393      40.8987    0.0582454 -0.000275821      40.8835     0.058518 -0.000295263      40.8833    0.0583483   0.00139108      40.8961     0.058621   0.00137163      40.8959    0.0463257 -0.000136783      40.8836    0.0465449  -0.00015256      40.8835    0.0464075   0.00119296      40.8935    0.0466267   0.00117718      40.8934    0.0352966 -4.10655e-05      40.8837    0.0354658 -5.33458e-05      40.8836     0.035359  0.000976862      40.8912    0.0355281  0.000964581      40.8911    0.0253459  1.64874e-05      40.8838    0.0254692  7.46317e-06      40.8837    0.0253907  0.000752354      40.8892     0.025514   0.00074333      40.8891     0.016654  4.18082e-05       40.884    0.0167366  3.57269e-05      40.8839    0.0166836  0.000529794      40.8875    0.0167662  0.000523713      40.8874   0.00939448  4.15968e-05      40.8842   0.00944216   3.8069e-05      40.8841   0.00941127  0.000320342      40.8861   0.00945895  0.000316814      40.8861    0.0037438  2.36806e-05      40.8844    0.0037634   2.2232e-05      40.8844   0.00375054  0.000136657      40.8852   0.00377015  0.000135208      40.8851 -2.26959e-18 -1.27949e-18      40.8846 -1.33496e-18 -1.38867e-18      40.8846 -2.32665e-18  1.33433e-19      40.8846 -1.39202e-18  2.42502e-20      40.8846
Candidate var F_l: 
    0.112415  -0.00406826       40.883     0.114867  -0.00400127      40.8834     0.112249   0.00250506      40.9119     0.114701   0.00257205      40.9122     0.103519  -0.00336947      40.8832     0.105801   -0.0033044      40.8835     0.103134   0.00261221      40.9092     0.105417   0.00267727      40.9095    0.0939369  -0.00274182      40.8833    0.0959862  -0.00268229      40.8835    0.0935922    0.0026299      40.9065    0.0956415   0.00268943      40.9068    0.0840204  -0.00218497      40.8834    0.0858334  -0.00213132      40.8836    0.0837158   0.00257164      40.9039    0.0855287   0.00262529      40.9041    0.0739743  -0.00169967      40.8835    0.0755555  -0.00165205      40.8836    0.0737088   0.00245259      40.9013      0.07529   0.00250021      40.9015    0.0639592  -0.00128429      40.8836    0.0653152  -0.00124275      40.8837    0.0637317   0.00227972      40.8988    0.0650877   0.00232125      40.8989    0.0541298 -0.000936095      40.8836    0.0552695 -0.000900611      40.8837    0.0539387   0.00206181      40.8964    0.0550784   0.00209729      40.8965    0.0446388 -0.000651942      40.8837    0.0455734 -0.000622389      40.8838    0.0444822   0.00180801      40.8942    0.0454168   0.00183756      40.8942    0.0356369 -0.000427732      40.8838    0.0363796 -0.000403892      40.8838    0.0355125   0.00152845      40.8921    0.0362552   0.00155229      40.8921    0.0272715 -0.000258427      40.8839    0.0278378 -0.000239984      40.8839    0.0271767   0.00123424      40.8902     0.027743   0.00125268      40.8902    0.0196861 -0.000138119       40.884     0.020094 -0.000124654       40.884    0.0196179  0.000937371      40.8885    0.0200257  0.000950835      40.8885    0.0130199  -6.0109e-05      40.8841    0.0132892 -5.10998e-05      40.8841    0.0129748  0.000650621      40.8871    0.0132442   0.00065963      40.8871   0.00740722 -1.69717e-05      40.8842   0.00756041  -1.1786e-05      40.8842   0.00738162  0.000387525      40.8859   0.00753481  0.000392711      40.8859   0.00298709  -3.7968e-07      40.8844   0.00304889   1.7334e-06      40.8844   0.00297677  0.000162988      40.8851   0.00303858  0.000165101      40.8851 -3.31977e-22  7.06577e-23      40.8846 -3.40216e-22  6.54679e-23      40.8846 -3.37125e-22 -7.19907e-23      40.8846 -3.45364e-22 -7.71804e-23      40.8846
Candidate var F_r: 
    0.123538  -0.00405253      40.8833     0.125115  -0.00411594       40.883     0.123865   0.00252113      40.9121     0.125442   0.00245772      40.9119     0.113691  -0.00336094      40.8833     0.115079   -0.0034207       40.883     0.113721   0.00262138      40.9093     0.115109   0.00256162      40.9091     0.103088  -0.00273325      40.8833     0.104338  -0.00278769      40.8831     0.103115   0.00263902      40.9065     0.104366   0.00258459      40.9063    0.0921354  -0.00217657      40.8833    0.0932439  -0.00222541      40.8831    0.0921606   0.00258052      40.9038     0.093269   0.00253168      40.9036    0.0810678   -0.0016916      40.8833    0.0820366  -0.00173479      40.8831    0.0810903   0.00246106      40.9012     0.082059   0.00241787       40.901    0.0700553  -0.00127672      40.8834    0.0708876  -0.00131424      40.8832    0.0700749   0.00228763      40.8986    0.0709073    0.0022501      40.8984    0.0592632 -0.000929164      40.8834     0.059964 -0.000961109      40.8833      0.05928   0.00206901      40.8962    0.0599809   0.00203707       40.896    0.0488553 -0.000645791      40.8835    0.0494309 -0.000672306      40.8834    0.0488693   0.00181437       40.894    0.0494449   0.00178786      40.8938    0.0389929 -0.000422469      40.8836     0.039451 -0.000443789      40.8835    0.0390042   0.00153388      40.8919    0.0394624   0.00151256      40.8918    0.0298344 -0.000254127      40.8837    0.0301842  -0.00027057      40.8836    0.0298432   0.00123866        40.89     0.030193   0.00122222      40.8899    0.0215341 -0.000134817      40.8838    0.0217864 -0.000146787      40.8838    0.0215406  0.000940756      40.8884    0.0217928  0.000928787      40.8883     0.014242 -5.77957e-05       40.884    0.0144088 -6.57827e-05       40.884    0.0142463  0.000652988       40.887    0.0144131  0.000645001      40.8869   0.00810317 -1.55843e-05      40.8842    0.0081982 -2.01703e-05      40.8842   0.00810565  0.000388942      40.8859   0.00820068  0.000384356      40.8858    0.0032683  2.04434e-07      40.8844   0.00330673  -1.6607e-06      40.8844   0.00326932  0.000163583      40.8851   0.00330775  0.000161718      40.8851  2.00801e-21  1.04093e-21      40.8846   1.8516e-21  9.39458e-22      40.8846  1.92417e-21  1.09056e-21      40.8846  1.76776e-21  9.89088e-22      40.8846
--------------------------------------------- 
Time: 30 ms ------------------
Torque guess: 
  0.900472  -0.691918   0.999452   -14.7295    5.81052  -0.281431   -4.87243    1.83374   -1.88371   -15.9029    5.75526   0.186753   -1.04334   0.151902    2.91734 -0.0342364   0.835375  0.0987692  -0.230738  0.0010221 -0.0434843  0.0149123    1.26905  -0.983165  -0.142017   0.215627 -0.0002245   0.066077 -0.0256865
Torque candidate: 
    3.6098  -0.773361    1.11694   -14.7365    5.82087   -0.26877    -1.9379    1.94977   -1.94538   -15.9532    5.74768   0.164174   -1.06877  0.0132799   -2.09339   -1.28405   0.973279   0.116247  -0.847627 -0.0011207  -0.220087  0.0195416  0.0280148     -1.187  -0.173612  -0.406504 0.00197695  -0.112759 -0.0343003
Guess var F_l: 
    0.112415  -0.00406826       40.883     0.114867  -0.00400127      40.8834     0.112249   0.00250506      40.9119     0.114701   0.00257205      40.9122     0.103519  -0.00336947      40.8832     0.105801   -0.0033044      40.8835     0.103134   0.00261221      40.9092     0.105417   0.00267727      40.9095    0.0939369  -0.00274182      40.8833    0.0959862  -0.00268229      40.8835    0.0935922    0.0026299      40.9065    0.0956415   0.00268943      40.9068    0.0840204  -0.00218497      40.8834    0.0858334  -0.00213132      40.8836    0.0837158   0.00257164      40.9039    0.0855287   0.00262529      40.9041    0.0739743  -0.00169967      40.8835    0.0755555  -0.00165205      40.8836    0.0737088   0.00245259      40.9013      0.07529   0.00250021      40.9015    0.0639592  -0.00128429      40.8836    0.0653152  -0.00124275      40.8837    0.0637317   0.00227972      40.8988    0.0650877   0.00232125      40.8989    0.0541298 -0.000936095      40.8836    0.0552695 -0.000900611      40.8837    0.0539387   0.00206181      40.8964    0.0550784   0.00209729      40.8965    0.0446388 -0.000651942      40.8837    0.0455734 -0.000622389      40.8838    0.0444822   0.00180801      40.8942    0.0454168   0.00183756      40.8942    0.0356369 -0.000427732      40.8838    0.0363796 -0.000403892      40.8838    0.0355125   0.00152845      40.8921    0.0362552   0.00155229      40.8921    0.0272715 -0.000258427      40.8839    0.0278378 -0.000239984      40.8839    0.0271767   0.00123424      40.8902     0.027743   0.00125268      40.8902    0.0196861 -0.000138119       40.884     0.020094 -0.000124654       40.884    0.0196179  0.000937371      40.8885    0.0200257  0.000950835      40.8885    0.0130199  -6.0109e-05      40.8841    0.0132892 -5.10998e-05      40.8841    0.0129748  0.000650621      40.8871    0.0132442   0.00065963      40.8871   0.00740722 -1.69717e-05      40.8842   0.00756041  -1.1786e-05      40.8842   0.00738162  0.000387525      40.8859   0.00753481  0.000392711      40.8859   0.00298709  -3.7968e-07      40.8844   0.00304889   1.7334e-06      40.8844   0.00297677  0.000162988      40.8851   0.00303858  0.000165101      40.8851 -3.31977e-22  7.06577e-23      40.8846 -3.40216e-22  6.54679e-23      40.8846 -3.37125e-22 -7.19907e-23      40.8846 -3.45364e-22 -7.71804e-23      40.8846
Guess var F_r: 
    0.123538  -0.00405253      40.8833     0.125115  -0.00411594       40.883     0.123865   0.00252113      40.9121     0.125442   0.00245772      40.9119     0.113691  -0.00336094      40.8833     0.115079   -0.0034207       40.883     0.113721   0.00262138      40.9093     0.115109   0.00256162      40.9091     0.103088  -0.00273325      40.8833     0.104338  -0.00278769      40.8831     0.103115   0.00263902      40.9065     0.104366   0.00258459      40.9063    0.0921354  -0.00217657      40.8833    0.0932439  -0.00222541      40.8831    0.0921606   0.00258052      40.9038     0.093269   0.00253168      40.9036    0.0810678   -0.0016916      40.8833    0.0820366  -0.00173479      40.8831    0.0810903   0.00246106      40.9012     0.082059   0.00241787       40.901    0.0700553  -0.00127672      40.8834    0.0708876  -0.00131424      40.8832    0.0700749   0.00228763      40.8986    0.0709073    0.0022501      40.8984    0.0592632 -0.000929164      40.8834     0.059964 -0.000961109      40.8833      0.05928   0.00206901      40.8962    0.0599809   0.00203707       40.896    0.0488553 -0.000645791      40.8835    0.0494309 -0.000672306      40.8834    0.0488693   0.00181437       40.894    0.0494449   0.00178786      40.8938    0.0389929 -0.000422469      40.8836     0.039451 -0.000443789      40.8835    0.0390042   0.00153388      40.8919    0.0394624   0.00151256      40.8918    0.0298344 -0.000254127      40.8837    0.0301842  -0.00027057      40.8836    0.0298432   0.00123866        40.89     0.030193   0.00122222      40.8899    0.0215341 -0.000134817      40.8838    0.0217864 -0.000146787      40.8838    0.0215406  0.000940756      40.8884    0.0217928  0.000928787      40.8883     0.014242 -5.77957e-05       40.884    0.0144088 -6.57827e-05       40.884    0.0142463  0.000652988       40.887    0.0144131  0.000645001      40.8869   0.00810317 -1.55843e-05      40.8842    0.0081982 -2.01703e-05      40.8842   0.00810565  0.000388942      40.8859   0.00820068  0.000384356      40.8858    0.0032683  2.04434e-07      40.8844   0.00330673  -1.6607e-06      40.8844   0.00326932  0.000163583      40.8851   0.00330775  0.000161718      40.8851  2.00801e-21  1.04093e-21      40.8846   1.8516e-21  9.39458e-22      40.8846  1.92417e-21  1.09056e-21      40.8846  1.76776e-21  9.89088e-22      40.8846
Candidate var F_l: 
   0.0882088  -0.00440589      40.8834    0.0908978  -0.00432703      40.8836    0.0878912   0.00332254      40.9067    0.0905802    0.0034014       40.907    0.0812291  -0.00366187      40.8835    0.0836865  -0.00358822      40.8837    0.0808101   0.00336238      40.9046    0.0832675   0.00343603      40.9048    0.0738369  -0.00302568      40.8835    0.0760439  -0.00295863      40.8837    0.0734611   0.00328077      40.9024    0.0756681   0.00334783      40.9026    0.0662121  -0.00246437      40.8836    0.0681638  -0.00240432      40.8837    0.0658799   0.00311353      40.9002    0.0678316   0.00317358      40.9004    0.0584654  -0.00196888      40.8836    0.0601674  -0.00191588      40.8837    0.0581757   0.00289611      40.8981    0.0598778   0.00294911      40.8982    0.0507164  -0.00153733      40.8836    0.0521761  -0.00149135      40.8837     0.050468   0.00263503      40.8961    0.0519277   0.00268101      40.8962    0.0430821  -0.00116782      40.8837    0.0443092  -0.00112875      40.8838    0.0428733   0.00233924      40.8941    0.0441004   0.00237831      40.8942    0.0356795 -0.000857906      40.8837    0.0366859 -0.000825527      40.8838    0.0355082   0.00201794      40.8923    0.0365146   0.00205032      40.8924    0.0286245 -0.000604406      40.8838    0.0294245 -0.000578411      40.8839    0.0284882   0.00168115      40.8906    0.0292883   0.00170714      40.8907    0.0220318 -0.000403375      40.8839    0.0226422 -0.000383358      40.8839    0.0219277   0.00133968      40.8891    0.0225382   0.00135969      40.8892    0.0160142 -0.000250163       40.884    0.0164541 -0.000235616       40.884    0.0159391    0.0010051      40.8878    0.0163791   0.00101965      40.8878    0.0106822 -0.000139471      40.8841    0.0109731  -0.00012978      40.8841    0.0106326  0.000689667      40.8866    0.0109234  0.000699358      40.8866   0.00614445 -6.53863e-05      40.8843   0.00631011 -5.98329e-05      40.8843   0.00611611  0.000406299      40.8857   0.00628177  0.000411853      40.8857   0.00251516 -2.12855e-05      40.8844   0.00258215 -1.90315e-05      40.8844   0.00250368  0.000169183       40.885   0.00257067  0.000171437       40.885 -1.83457e-18  9.65589e-19      40.8846 -2.22705e-18  9.51186e-19      40.8846 -1.79702e-18 -4.76608e-19      40.8846  -2.1895e-18 -4.91011e-19      40.8846
Candidate var F_r: 
    0.101137  -0.00440381      40.8835     0.103144  -0.00447747      40.8833     0.101359   0.00332524      40.9069     0.103366   0.00325158      40.9067    0.0929859  -0.00367261      40.8834    0.0948167  -0.00373953      40.8832     0.093021   0.00335233      40.9045    0.0948518   0.00328541      40.9043    0.0844091  -0.00303456      40.8834     0.086056  -0.00309518      40.8832    0.0844416   0.00327248      40.9023    0.0860885   0.00321185      40.9021     0.075576  -0.00247155      40.8834     0.077033   -0.0025256      40.8832    0.0756049   0.00310684      40.9001    0.0770619   0.00305278      40.8999    0.0666428  -0.00197452      40.8834    0.0679138  -0.00202203      40.8832    0.0666682   0.00289085      40.8979    0.0679392   0.00284334      40.8977    0.0577381  -0.00154163      40.8834    0.0588283  -0.00158268      40.8833      0.05776   0.00263104      40.8959    0.0588501   0.00258999      40.8957    0.0489911  -0.00117096      40.8835    0.0499074  -0.00120571      40.8833    0.0490094   0.00233634      40.8939    0.0499258   0.00230159      40.8938    0.0405303 -0.000860089      40.8835    0.0412817 -0.000888786      40.8834    0.0405452   0.00201594      40.8921    0.0412966   0.00198725       40.892    0.0324837 -0.000605823      40.8836    0.0330808 -0.000628782      40.8835    0.0324955   0.00167986      40.8905    0.0330925    0.0016569      40.8904     0.024978 -0.000404213      40.8837    0.0254332 -0.000421835      40.8837    0.0249869   0.00133893       40.889    0.0254421   0.00132131      40.8889    0.0181382 -0.000250594      40.8839    0.0184658 -0.000263362      40.8838    0.0181444   0.00100473      40.8876    0.0184721   0.00099196      40.8876    0.0120867 -0.000139644       40.884     0.012303 -0.000148125       40.884    0.0120907   0.00068953      40.8865     0.012307  0.000681049      40.8865   0.00694431 -6.54267e-05      40.8842   0.00706725 -7.02751e-05      40.8842    0.0069465  0.000406277      40.8856   0.00706944  0.000401429      40.8856   0.00283852 -2.12834e-05      40.8844   0.00288811 -2.32479e-05      40.8844   0.00283935  0.000169192       40.885   0.00288894  0.000167227       40.885  1.63442e-18  5.86522e-18      40.8846  1.33474e-18  5.35026e-18      40.8846   1.3952e-18  5.40918e-18      40.8846  1.09552e-18  4.89423e-18      40.8846
--------------------------------------------- 
Time: 35 ms ------------------
Torque guess: 
    3.6098  -0.773361    1.11694   -14.7365    5.82087   -0.26877    -1.9379    1.94977   -1.94538   -15.9532    5.74768   0.164174   -1.06877  0.0132799   -2.09339   -1.28405   0.973279   0.116247  -0.847627 -0.0011207  -0.220087  0.0195416  0.0280148     -1.187  -0.173612  -0.406504 0.00197695  -0.112759 -0.0343003
Torque candidate: 
    4.81675    -1.27407      1.3843    -14.8144     5.81096   -0.250871  -0.0208331     2.28503    -2.04288    -15.9513     5.73182    0.141893    -0.97968  -0.0331702    -4.87836    -1.89588     1.06986     0.13083    -1.16105 -0.00231095    -0.31094   0.0234093   -0.707417    -1.29683   -0.189616   -0.766819  0.00315868   -0.215769  -0.0386533
Guess var F_l: 
   0.0882088  -0.00440589      40.8834    0.0908978  -0.00432703      40.8836    0.0878912   0.00332254      40.9067    0.0905802    0.0034014       40.907    0.0812291  -0.00366187      40.8835    0.0836865  -0.00358822      40.8837    0.0808101   0.00336238      40.9046    0.0832675   0.00343603      40.9048    0.0738369  -0.00302568      40.8835    0.0760439  -0.00295863      40.8837    0.0734611   0.00328077      40.9024    0.0756681   0.00334783      40.9026    0.0662121  -0.00246437      40.8836    0.0681638  -0.00240432      40.8837    0.0658799   0.00311353      40.9002    0.0678316   0.00317358      40.9004    0.0584654  -0.00196888      40.8836    0.0601674  -0.00191588      40.8837    0.0581757   0.00289611      40.8981    0.0598778   0.00294911      40.8982    0.0507164  -0.00153733      40.8836    0.0521761  -0.00149135      40.8837     0.050468   0.00263503      40.8961    0.0519277   0.00268101      40.8962    0.0430821  -0.00116782      40.8837    0.0443092  -0.00112875      40.8838    0.0428733   0.00233924      40.8941    0.0441004   0.00237831      40.8942    0.0356795 -0.000857906      40.8837    0.0366859 -0.000825527      40.8838    0.0355082   0.00201794      40.8923    0.0365146   0.00205032      40.8924    0.0286245 -0.000604406      40.8838    0.0294245 -0.000578411      40.8839    0.0284882   0.00168115      40.8906    0.0292883   0.00170714      40.8907    0.0220318 -0.000403375      40.8839    0.0226422 -0.000383358      40.8839    0.0219277   0.00133968      40.8891    0.0225382   0.00135969      40.8892    0.0160142 -0.000250163       40.884    0.0164541 -0.000235616       40.884    0.0159391    0.0010051      40.8878    0.0163791   0.00101965      40.8878    0.0106822 -0.000139471      40.8841    0.0109731  -0.00012978      40.8841    0.0106326  0.000689667      40.8866    0.0109234  0.000699358      40.8866   0.00614445 -6.53863e-05      40.8843   0.00631011 -5.98329e-05      40.8843   0.00611611  0.000406299      40.8857   0.00628177  0.000411853      40.8857   0.00251516 -2.12855e-05      40.8844   0.00258215 -1.90315e-05      40.8844   0.00250368  0.000169183       40.885   0.00257067  0.000171437       40.885 -1.83457e-18  9.65589e-19      40.8846 -2.22705e-18  9.51186e-19      40.8846 -1.79702e-18 -4.76608e-19      40.8846  -2.1895e-18 -4.91011e-19      40.8846
Guess var F_r: 
    0.101137  -0.00440381      40.8835     0.103144  -0.00447747      40.8833     0.101359   0.00332524      40.9069     0.103366   0.00325158      40.9067    0.0929859  -0.00367261      40.8834    0.0948167  -0.00373953      40.8832     0.093021   0.00335233      40.9045    0.0948518   0.00328541      40.9043    0.0844091  -0.00303456      40.8834     0.086056  -0.00309518      40.8832    0.0844416   0.00327248      40.9023    0.0860885   0.00321185      40.9021     0.075576  -0.00247155      40.8834     0.077033   -0.0025256      40.8832    0.0756049   0.00310684      40.9001    0.0770619   0.00305278      40.8999    0.0666428  -0.00197452      40.8834    0.0679138  -0.00202203      40.8832    0.0666682   0.00289085      40.8979    0.0679392   0.00284334      40.8977    0.0577381  -0.00154163      40.8834    0.0588283  -0.00158268      40.8833      0.05776   0.00263104      40.8959    0.0588501   0.00258999      40.8957    0.0489911  -0.00117096      40.8835    0.0499074  -0.00120571      40.8833    0.0490094   0.00233634      40.8939    0.0499258   0.00230159      40.8938    0.0405303 -0.000860089      40.8835    0.0412817 -0.000888786      40.8834    0.0405452   0.00201594      40.8921    0.0412966   0.00198725       40.892    0.0324837 -0.000605823      40.8836    0.0330808 -0.000628782      40.8835    0.0324955   0.00167986      40.8905    0.0330925    0.0016569      40.8904     0.024978 -0.000404213      40.8837    0.0254332 -0.000421835      40.8837    0.0249869   0.00133893       40.889    0.0254421   0.00132131      40.8889    0.0181382 -0.000250594      40.8839    0.0184658 -0.000263362      40.8838    0.0181444   0.00100473      40.8876    0.0184721   0.00099196      40.8876    0.0120867 -0.000139644       40.884     0.012303 -0.000148125       40.884    0.0120907   0.00068953      40.8865     0.012307  0.000681049      40.8865   0.00694431 -6.54267e-05      40.8842   0.00706725 -7.02751e-05      40.8842    0.0069465  0.000406277      40.8856   0.00706944  0.000401429      40.8856   0.00283852 -2.12834e-05      40.8844   0.00288811 -2.32479e-05      40.8844   0.00283935  0.000169192       40.885   0.00288894  0.000167227       40.885  1.63442e-18  5.86522e-18      40.8846  1.33474e-18  5.35026e-18      40.8846   1.3952e-18  5.40918e-18      40.8846  1.09552e-18  4.89423e-18      40.8846
Candidate var F_l: 
   0.0708296  -0.00468575      40.8835    0.0736279  -0.00460179      40.8837    0.0704428   0.00370917      40.9029    0.0732412   0.00379313      40.9031     0.065235  -0.00391426      40.8836    0.0677715  -0.00383777      40.8838    0.0648107    0.0037093      40.9011    0.0673472   0.00378578      40.9013    0.0594269  -0.00329699      40.8836    0.0617033   -0.0032277      40.8837    0.0590464   0.00354053      40.8993    0.0613228   0.00360982      40.8994    0.0534532  -0.00274215      40.8836    0.0554645  -0.00268042      40.8837    0.0531169   0.00329737      40.8975    0.0551281   0.00335911      40.8976    0.0473614  -0.00224312      40.8836    0.0491141  -0.00218889      40.8837     0.047068    0.0030182      40.8957    0.0488208   0.00307243      40.8958    0.0412419  -0.00179994      40.8836    0.0427441   -0.0017531      40.8837    0.0409903   0.00270724      40.8941    0.0424925   0.00275408      40.8941    0.0351848  -0.00141137      40.8837    0.0364469  -0.00137173      40.8837    0.0349731   0.00237308      40.8925    0.0362352   0.00241272      40.8925    0.0292811  -0.00107619      40.8837    0.0303157  -0.00104348      40.8838    0.0291072   0.00202398       40.891    0.0301419    0.0020567       40.891    0.0236219 -0.000792571      40.8838    0.0244442 -0.000766407      40.8838    0.0234835   0.00166887      40.8896    0.0243057   0.00169503      40.8896    0.0182988 -0.000558066      40.8839    0.0189259 -0.000537996      40.8839    0.0181929   0.00131733      40.8883    0.0188201    0.0013374      40.8884    0.0134024 -0.000369686       40.884    0.0138543 -0.000355153       40.884    0.0133259  0.000979583      40.8872    0.0137778  0.000994116      40.8872   0.00902316 -0.000223896      40.8841   0.00932186 -0.000214252      40.8841   0.00897238  0.000666437      40.8863   0.00927109  0.000676082      40.8863   0.00525093 -0.000116643      40.8843   0.00542107 -0.000111137      40.8843   0.00522186  0.000389299      40.8855     0.005392  0.000394806      40.8855   0.00218274 -4.33091e-05      40.8844   0.00225157 -4.10824e-05      40.8844    0.0021709  0.000160749      40.8849   0.00223972  0.000162976      40.8849 -1.62521e-16  2.25539e-17      40.8846 -1.80755e-16  2.23154e-17      40.8846 -1.61149e-16  -4.5365e-17      40.8846 -1.79382e-16 -4.56036e-17      40.8846
Candidate var F_r: 
   0.0847696    -0.004702      40.8836    0.0870417  -0.00478022      40.8835    0.0849499   0.00369358       40.903    0.0872221   0.00361537      40.9029    0.0778774  -0.00394597      40.8835    0.0799578  -0.00401582      40.8834    0.0779426   0.00367827      40.9011    0.0800229   0.00360842      40.9009    0.0707808  -0.00332489      40.8835    0.0726489  -0.00338791      40.8833    0.0708397   0.00351324      40.8992    0.0727079   0.00345022       40.899    0.0634939  -0.00276632      40.8835    0.0651438  -0.00282227      40.8833    0.0635457   0.00327373      40.8973    0.0651956   0.00321779      40.8972    0.0561179  -0.00226374      40.8834     0.057555  -0.00231272      40.8833    0.0561627   0.00299803      40.8956    0.0575998   0.00294906      40.8954    0.0487515   -0.0018172      40.8835    0.0499824  -0.00185936      40.8833    0.0487896   0.00269036      40.8939    0.0500204    0.0026482      40.8938    0.0414971  -0.00142552      40.8835    0.0425302  -0.00146108      40.8834    0.0415286   0.00235925      40.8923    0.0425618   0.00232369      40.8922    0.0344575  -0.00108749      40.8836    0.0353035  -0.00111676      40.8835     0.034483   0.00201294      40.8908     0.035329   0.00198368      40.8907    0.0277363 -0.000801304      40.8836    0.0284077 -0.000824638      40.8836    0.0277561   0.00166034      40.8894    0.0284275     0.001637      40.8894     0.021437 -0.000564538      40.8838    0.0219482 -0.000582389      40.8837    0.0214517   0.00131101      40.8882    0.0219629   0.00129316      40.8881    0.0156629 -0.000374212      40.8839    0.0160303 -0.000387104      40.8838    0.0156731  0.000975167      40.8871    0.0160406  0.000962275      40.8871    0.0105166 -0.000226801       40.884    0.0107588 -0.000235337       40.884     0.010523  0.000663605      40.8862    0.0107652  0.000655069      40.8862   0.00610074 -0.000118252      40.8842   0.00623817 -0.000123117      40.8842   0.00610418  0.000387731      40.8855   0.00624161  0.000382867      40.8855   0.00252601  -4.3946e-05      40.8844   0.00258132 -4.59111e-05      40.8844   0.00252727  0.000160129      40.8849   0.00258259  0.000158164      40.8849  1.10727e-16  6.88869e-16      40.8846    1.225e-16  6.28039e-16      40.8846  9.35206e-17   7.2951e-16      40.8846  1.05294e-16  6.68681e-16      40.8846
--------------------------------------------- 
Time: 40 ms ------------------
Torque guess: 
    4.81675    -1.27407      1.3843    -14.8144     5.81096   -0.250871  -0.0208331     2.28503    -2.04288    -15.9513     5.73182    0.141893    -0.97968  -0.0331702    -4.87836    -1.89588     1.06986     0.13083    -1.16105 -0.00231095    -0.31094   0.0234093   -0.707417    -1.29683   -0.189616   -0.766819  0.00315868   -0.215769  -0.0386533
Torque candidate: 
    4.91265    -2.01402     1.75058    -14.9542     5.78808   -0.230234     1.19593     2.72045    -2.16875    -15.9379     5.71446    0.120694   -0.792171  -0.0438104    -6.07077    -2.05105     1.12734    0.141403    -1.25847 -0.00287307   -0.340837   0.0262046    -1.09451    -1.32763   -0.192045   -0.944388  0.00359301   -0.265494  -0.0393847
Guess var F_l: 
   0.0708296  -0.00468575      40.8835    0.0736279  -0.00460179      40.8837    0.0704428   0.00370917      40.9029    0.0732412   0.00379313      40.9031     0.065235  -0.00391426      40.8836    0.0677715  -0.00383777      40.8838    0.0648107    0.0037093      40.9011    0.0673472   0.00378578      40.9013    0.0594269  -0.00329699      40.8836    0.0617033   -0.0032277      40.8837    0.0590464   0.00354053      40.8993    0.0613228   0.00360982      40.8994    0.0534532  -0.00274215      40.8836    0.0554645  -0.00268042      40.8837    0.0531169   0.00329737      40.8975    0.0551281   0.00335911      40.8976    0.0473614  -0.00224312      40.8836    0.0491141  -0.00218889      40.8837     0.047068    0.0030182      40.8957    0.0488208   0.00307243      40.8958    0.0412419  -0.00179994      40.8836    0.0427441   -0.0017531      40.8837    0.0409903   0.00270724      40.8941    0.0424925   0.00275408      40.8941    0.0351848  -0.00141137      40.8837    0.0364469  -0.00137173      40.8837    0.0349731   0.00237308      40.8925    0.0362352   0.00241272      40.8925    0.0292811  -0.00107619      40.8837    0.0303157  -0.00104348      40.8838    0.0291072   0.00202398       40.891    0.0301419    0.0020567       40.891    0.0236219 -0.000792571      40.8838    0.0244442 -0.000766407      40.8838    0.0234835   0.00166887      40.8896    0.0243057   0.00169503      40.8896    0.0182988 -0.000558066      40.8839    0.0189259 -0.000537996      40.8839    0.0181929   0.00131733      40.8883    0.0188201    0.0013374      40.8884    0.0134024 -0.000369686       40.884    0.0138543 -0.000355153       40.884    0.0133259  0.000979583      40.8872    0.0137778  0.000994116      40.8872   0.00902316 -0.000223896      40.8841   0.00932186 -0.000214252      40.8841   0.00897238  0.000666437      40.8863   0.00927109  0.000676082      40.8863   0.00525093 -0.000116643      40.8843   0.00542107 -0.000111137      40.8843   0.00522186  0.000389299      40.8855     0.005392  0.000394806      40.8855   0.00218274 -4.33091e-05      40.8844   0.00225157 -4.10824e-05      40.8844    0.0021709  0.000160749      40.8849   0.00223972  0.000162976      40.8849 -1.62521e-16  2.25539e-17      40.8846 -1.80755e-16  2.23154e-17      40.8846 -1.61149e-16  -4.5365e-17      40.8846 -1.79382e-16 -4.56036e-17      40.8846
Guess var F_r: 
   0.0847696    -0.004702      40.8836    0.0870417  -0.00478022      40.8835    0.0849499   0.00369358       40.903    0.0872221   0.00361537      40.9029    0.0778774  -0.00394597      40.8835    0.0799578  -0.00401582      40.8834    0.0779426   0.00367827      40.9011    0.0800229   0.00360842      40.9009    0.0707808  -0.00332489      40.8835    0.0726489  -0.00338791      40.8833    0.0708397   0.00351324      40.8992    0.0727079   0.00345022       40.899    0.0634939  -0.00276632      40.8835    0.0651438  -0.00282227      40.8833    0.0635457   0.00327373      40.8973    0.0651956   0.00321779      40.8972    0.0561179  -0.00226374      40.8834     0.057555  -0.00231272      40.8833    0.0561627   0.00299803      40.8956    0.0575998   0.00294906      40.8954    0.0487515   -0.0018172      40.8835    0.0499824  -0.00185936      40.8833    0.0487896   0.00269036      40.8939    0.0500204    0.0026482      40.8938    0.0414971  -0.00142552      40.8835    0.0425302  -0.00146108      40.8834    0.0415286   0.00235925      40.8923    0.0425618   0.00232369      40.8922    0.0344575  -0.00108749      40.8836    0.0353035  -0.00111676      40.8835     0.034483   0.00201294      40.8908     0.035329   0.00198368      40.8907    0.0277363 -0.000801304      40.8836    0.0284077 -0.000824638      40.8836    0.0277561   0.00166034      40.8894    0.0284275     0.001637      40.8894     0.021437 -0.000564538      40.8838    0.0219482 -0.000582389      40.8837    0.0214517   0.00131101      40.8882    0.0219629   0.00129316      40.8881    0.0156629 -0.000374212      40.8839    0.0160303 -0.000387104      40.8838    0.0156731  0.000975167      40.8871    0.0160406  0.000962275      40.8871    0.0105166 -0.000226801       40.884    0.0107588 -0.000235337       40.884     0.010523  0.000663605      40.8862    0.0107652  0.000655069      40.8862   0.00610074 -0.000118252      40.8842   0.00623817 -0.000123117      40.8842   0.00610418  0.000387731      40.8855   0.00624161  0.000382867      40.8855   0.00252601  -4.3946e-05      40.8844   0.00258132 -4.59111e-05      40.8844   0.00252727  0.000160129      40.8849   0.00258259  0.000158164      40.8849  1.10727e-16  6.88869e-16      40.8846    1.225e-16  6.28039e-16      40.8846  9.35206e-17   7.2951e-16      40.8846  1.05294e-16  6.68681e-16      40.8846
Candidate var F_l: 
   0.0598343  -0.00483856      40.8834    0.0626045  -0.00475561      40.8837    0.0594273   0.00368102      40.9003    0.0621975   0.00376397      40.9005    0.0551194  -0.00407978      40.8835    0.0576179  -0.00400518      40.8837    0.0547092   0.00364754      40.8987    0.0572077   0.00372215      40.8989    0.0503259  -0.00349129      40.8835    0.0525652  -0.00342402      40.8837    0.0499583   0.00342875      40.8971    0.0521976   0.00349603      40.8973    0.0454027  -0.00295224      40.8835    0.0473793  -0.00289254      40.8836    0.0450778   0.00315286      40.8956    0.0470544   0.00321256      40.8957    0.0403633  -0.00245825      40.8835    0.0420842    -0.002406      40.8836    0.0400799   0.00285376      40.8941    0.0418008   0.00290602      40.8942    0.0352791   -0.0020109      40.8836    0.0367526  -0.00196593      40.8836    0.0350359   0.00253438      40.8927    0.0365094   0.00257934      40.8927    0.0302226  -0.00161022      40.8836    0.0314595   -0.0015723      40.8837     0.030018   0.00220188      40.8913    0.0312549    0.0022398      40.8914    0.0252684   -0.0012563      40.8837    0.0262816  -0.00122511      40.8837    0.0251003   0.00186303        40.89    0.0261134   0.00189423      40.8901    0.0204921 -0.000948774      40.8837    0.0212966 -0.000923906      40.8838     0.020358   0.00152511      40.8889    0.0211626   0.00154998      40.8889    0.0159699 -0.000686781      40.8838    0.0165831 -0.000667763      40.8839    0.0158673   0.00119595      40.8878    0.0164805   0.00121497      40.8878    0.0117791 -0.000469013       40.884    0.0122205 -0.000455286       40.884    0.0117048  0.000883915      40.8869    0.0121463  0.000897642      40.8869   0.00799705 -0.000293699      40.8841   0.00828863 -0.000284617      40.8841   0.00794764  0.000597875      40.8861   0.00823922  0.000606958      40.8861   0.00470219 -0.000158603      40.8843   0.00486813 -0.000153434      40.8843   0.00467382  0.000347276      40.8854   0.00483976  0.000352445      40.8854    0.0019808 -6.10383e-05      40.8844   0.00204787 -5.89545e-05      40.8844   0.00196921   0.00014262      40.8849   0.00203627  0.000144703      40.8849 -3.16691e-15 -3.39059e-16      40.8846  -3.3134e-15 -3.35517e-16      40.8846 -3.16372e-15 -9.22445e-16      40.8846  -3.3102e-15 -9.18903e-16      40.8846
Candidate var F_r: 
   0.0739164  -0.00487158      40.8836     0.076274  -0.00494927      40.8835    0.0740759   0.00364859      40.9005    0.0764334    0.0035709      40.9003    0.0678658  -0.00412691      40.8835    0.0700227  -0.00419607      40.8834    0.0679535   0.00360099      40.8987    0.0701104   0.00353183      40.8986     0.061754  -0.00353318      40.8835    0.0636872  -0.00359536      40.8834    0.0618327    0.0033874      40.8971    0.0637658   0.00332523       40.897    0.0554951  -0.00298892      40.8834    0.0572002  -0.00304395      40.8833    0.0555639   0.00311667      40.8955     0.057269   0.00306165      40.8954    0.0491533  -0.00248989      40.8834    0.0506365  -0.00253792      40.8833    0.0492126   0.00282256       40.894    0.0506958   0.00277453      40.8939    0.0428079  -0.00203772      40.8834    0.0440766  -0.00207894      40.8834     0.042858   0.00250794      40.8926    0.0441266   0.00246672      40.8925    0.0365435   -0.0016325      40.8835     0.037607  -0.00166717      40.8834    0.0365848   0.00217994      40.8912    0.0376484   0.00214526      40.8911     0.030446  -0.00127434      40.8836    0.0313158   -0.0013028      40.8835    0.0304792   0.00184528      40.8899     0.031349   0.00181682      40.8899    0.0246027 -0.000962921      40.8836    0.0252921 -0.000985552      40.8836    0.0246284    0.0015112      40.8888    0.0253178   0.00148856      40.8887    0.0191018 -0.000697425      40.8838    0.0196261 -0.000714694      40.8837    0.0191208   0.00118549      40.8877    0.0196451   0.00116822      40.8877    0.0140324 -0.000476575      40.8839    0.0144087 -0.000489014      40.8839    0.0140455  0.000876484      40.8868    0.0144219  0.000864045      40.8868   0.00948393 -0.000298627       40.884   0.00973161 -0.000306843       40.884   0.00949216  0.000593035       40.886   0.00973985   0.00058482       40.886   0.00554712 -0.000161372      40.8842   0.00568742 -0.000166041      40.8842   0.00555148  0.000344558      40.8854   0.00569177  0.000339889      40.8853   0.00232155 -6.21463e-05      40.8844   0.00237791 -6.40274e-05      40.8844   0.00232314  0.000141532      40.8849   0.00237949  0.000139651      40.8849  1.57469e-15  1.45422e-14      40.8846  2.25378e-15  1.33901e-14      40.8846  1.30607e-15   1.6362e-14      40.8846  1.98515e-15  1.52099e-14      40.8846
--------------------------------------------- 
Time: 45 ms ------------------
Torque guess: 
    4.91265    -2.01402     1.75058    -14.9542     5.78808   -0.230234     1.19593     2.72045    -2.16875    -15.9379     5.71446    0.120694   -0.792171  -0.0438104    -6.07077    -2.05105     1.12734    0.141403    -1.25847 -0.00287307   -0.340837   0.0262046    -1.09451    -1.32763   -0.192045   -0.944388  0.00359301   -0.265494  -0.0393847
Torque candidate: 
    4.44882    -2.75187     2.10032    -15.1201     5.75955   -0.207644     1.94683     3.11593    -2.28416    -15.9217      5.6979    0.101304   -0.561605  -0.0406344    -6.36677    -1.96433     1.15755    0.148633    -1.23989 -0.00309896   -0.337867   0.0281278    -1.28237     -1.3129   -0.186745    -1.01784  0.00360657   -0.284851   -0.038057
Guess var F_l: 
   0.0598343  -0.00483856      40.8834    0.0626045  -0.00475561      40.8837    0.0594273   0.00368102      40.9003    0.0621975   0.00376397      40.9005    0.0551194  -0.00407978      40.8835    0.0576179  -0.00400518      40.8837    0.0547092   0.00364754      40.8987    0.0572077   0.00372215      40.8989    0.0503259  -0.00349129      40.8835    0.0525652  -0.00342402      40.8837    0.0499583   0.00342875      40.8971    0.0521976   0.00349603      40.8973    0.0454027  -0.00295224      40.8835    0.0473793  -0.00289254      40.8836    0.0450778   0.00315286      40.8956    0.0470544   0.00321256      40.8957    0.0403633  -0.00245825      40.8835    0.0420842    -0.002406      40.8836    0.0400799   0.00285376      40.8941    0.0418008   0.00290602      40.8942    0.0352791   -0.0020109      40.8836    0.0367526  -0.00196593      40.8836    0.0350359   0.00253438      40.8927    0.0365094   0.00257934      40.8927    0.0302226  -0.00161022      40.8836    0.0314595   -0.0015723      40.8837     0.030018   0.00220188      40.8913    0.0312549    0.0022398      40.8914    0.0252684   -0.0012563      40.8837    0.0262816  -0.00122511      40.8837    0.0251003   0.00186303        40.89    0.0261134   0.00189423      40.8901    0.0204921 -0.000948774      40.8837    0.0212966 -0.000923906      40.8838     0.020358   0.00152511      40.8889    0.0211626   0.00154998      40.8889    0.0159699 -0.000686781      40.8838    0.0165831 -0.000667763      40.8839    0.0158673   0.00119595      40.8878    0.0164805   0.00121497      40.8878    0.0117791 -0.000469013       40.884    0.0122205 -0.000455286       40.884    0.0117048  0.000883915      40.8869    0.0121463  0.000897642      40.8869   0.00799705 -0.000293699      40.8841   0.00828863 -0.000284617      40.8841   0.00794764  0.000597875      40.8861   0.00823922  0.000606958      40.8861   0.00470219 -0.000158603      40.8843   0.00486813 -0.000153434      40.8843   0.00467382  0.000347276      40.8854   0.00483976  0.000352445      40.8854    0.0019808 -6.10383e-05      40.8844   0.00204787 -5.89545e-05      40.8844   0.00196921   0.00014262      40.8849   0.00203627  0.000144703      40.8849 -3.16691e-15 -3.39059e-16      40.8846  -3.3134e-15 -3.35517e-16      40.8846 -3.16372e-15 -9.22445e-16      40.8846  -3.3102e-15 -9.18903e-16      40.8846
Guess var F_r: 
   0.0739164  -0.00487158      40.8836     0.076274  -0.00494927      40.8835    0.0740759   0.00364859      40.9005    0.0764334    0.0035709      40.9003    0.0678658  -0.00412691      40.8835    0.0700227  -0.00419607      40.8834    0.0679535   0.00360099      40.8987    0.0701104   0.00353183      40.8986     0.061754  -0.00353318      40.8835    0.0636872  -0.00359536      40.8834    0.0618327    0.0033874      40.8971    0.0637658   0.00332523       40.897    0.0554951  -0.00298892      40.8834    0.0572002  -0.00304395      40.8833    0.0555639   0.00311667      40.8955     0.057269   0.00306165      40.8954    0.0491533  -0.00248989      40.8834    0.0506365  -0.00253792      40.8833    0.0492126   0.00282256       40.894    0.0506958   0.00277453      40.8939    0.0428079  -0.00203772      40.8834    0.0440766  -0.00207894      40.8834     0.042858   0.00250794      40.8926    0.0441266   0.00246672      40.8925    0.0365435   -0.0016325      40.8835     0.037607  -0.00166717      40.8834    0.0365848   0.00217994      40.8912    0.0376484   0.00214526      40.8911     0.030446  -0.00127434      40.8836    0.0313158   -0.0013028      40.8835    0.0304792   0.00184528      40.8899     0.031349   0.00181682      40.8899    0.0246027 -0.000962921      40.8836    0.0252921 -0.000985552      40.8836    0.0246284    0.0015112      40.8888    0.0253178   0.00148856      40.8887    0.0191018 -0.000697425      40.8838    0.0196261 -0.000714694      40.8837    0.0191208   0.00118549      40.8877    0.0196451   0.00116822      40.8877    0.0140324 -0.000476575      40.8839    0.0144087 -0.000489014      40.8839    0.0140455  0.000876484      40.8868    0.0144219  0.000864045      40.8868   0.00948393 -0.000298627       40.884   0.00973161 -0.000306843       40.884   0.00949216  0.000593035       40.886   0.00973985   0.00058482       40.886   0.00554712 -0.000161372      40.8842   0.00568742 -0.000166041      40.8842   0.00555148  0.000344558      40.8854   0.00569177  0.000339889      40.8853   0.00232155 -6.21463e-05      40.8844   0.00237791 -6.40274e-05      40.8844   0.00232314  0.000141532      40.8849   0.00237949  0.000139651      40.8849  1.57469e-15  1.45422e-14      40.8846  2.25378e-15  1.33901e-14      40.8846  1.30607e-15   1.6362e-14      40.8846  1.98515e-15  1.52099e-14      40.8846
Candidate var F_l: 
   0.0530774  -0.00502078      40.8833    0.0557224   -0.0049427      40.8835    0.0526754   0.00323954      40.8984    0.0553203   0.00331761      40.8987    0.0489136  -0.00428741      40.8833    0.0512896   -0.0042175      40.8835    0.0485264   0.00319185       40.897    0.0509024   0.00326176      40.8972    0.0447561  -0.00371189      40.8833    0.0468825  -0.00364908      40.8835    0.0444093   0.00297538      40.8956    0.0465356   0.00303819      40.8958    0.0404857  -0.00317391      40.8833    0.0423607  -0.00311833      40.8835    0.0401791    0.0027191      40.8943    0.0420541   0.00277468      40.8944    0.0360998  -0.00267296      40.8834    0.0377305  -0.00262444      40.8835    0.0358324   0.00244855       40.893    0.0374631   0.00249706      40.8931    0.0316571  -0.00221167      40.8834     0.033052  -0.00217003      40.8835    0.0314276   0.00216563      40.8917    0.0328225   0.00220727      40.8918    0.0272192  -0.00179155      40.8835    0.0283891  -0.00175652      40.8836     0.027026    0.0018756      40.8905    0.0281958   0.00191063      40.8906    0.0228502  -0.00141405      40.8836    0.0238076   -0.0013853      40.8836    0.0226914   0.00158335      40.8894    0.0236487    0.0016121      40.8894    0.0186158  -0.00108024      40.8837    0.0193753  -0.00105738      40.8837    0.0184891   0.00129428      40.8884    0.0192486   0.00131715      40.8884    0.0145832 -0.000790734      40.8838    0.0151615 -0.000773281      40.8838    0.0144861   0.00101428      40.8874    0.0150644   0.00103174      40.8875    0.0108208 -0.000545692      40.8839    0.0112367 -0.000533119      40.8839    0.0107504  0.000749775      40.8866    0.0111664  0.000762348      40.8866   0.00739844 -0.000344829      40.8841   0.00767286 -0.000336526      40.8841   0.00735154  0.000507692      40.8859   0.00762596  0.000515994      40.8859   0.00438755 -0.000187374      40.8842   0.00454352 -0.000182657      40.8843   0.00436056  0.000295548      40.8853   0.00451653  0.000300265      40.8853   0.00186821 -7.21248e-05      40.8844   0.00193115 -7.02266e-05      40.8844   0.00185714  0.000121884      40.8849   0.00192008  0.000123782      40.8849 -6.99765e-15 -1.96453e-15      40.8846 -7.09844e-15 -1.99663e-15      40.8846 -7.03067e-15 -2.49786e-15      40.8846 -7.13145e-15 -2.52997e-15      40.8846
Candidate var F_r: 
   0.0666877  -0.00506537      40.8835    0.0690035  -0.00513936      40.8834    0.0668324   0.00319532      40.8987    0.0691483   0.00312132      40.8986    0.0612074  -0.00434204      40.8834    0.0633224  -0.00440817      40.8834    0.0613074   0.00313756      40.8972    0.0634224   0.00307143      40.8971    0.0557599  -0.00376062      40.8834    0.0576522   -0.0038199      40.8833    0.0558489     0.002927      40.8957    0.0577412   0.00286771      40.8956    0.0501914  -0.00321672      40.8834    0.0518586  -0.00326907      40.8833    0.0502688   0.00267662      40.8943    0.0519361   0.00262427      40.8942    0.0445426  -0.00271002      40.8834    0.0459912  -0.00275562      40.8833    0.0446089   0.00241179       40.893    0.0460576   0.00236619      40.8929      0.03888  -0.00224322      40.8834    0.0401177  -0.00228227      40.8833    0.0389357   0.00213437      40.8917    0.0401735   0.00209532      40.8916    0.0332762  -0.00181785      40.8834    0.0343128  -0.00185063      40.8834     0.033322   0.00184956      40.8905    0.0343586   0.00181677      40.8904    0.0278061  -0.00143544      40.8835     0.028653  -0.00146229      40.8835    0.0278427   0.00156219      40.8893    0.0286895   0.00153534      40.8893    0.0225461  -0.00109708      40.8836    0.0232165   -0.0011184      40.8836    0.0225742   0.00127762      40.8883    0.0232447   0.00125631      40.8883    0.0175742 -0.000803455      40.8837    0.0180835 -0.000819687      40.8837    0.0175949   0.00100171      40.8874    0.0181042  0.000985478      40.8873    0.0129701 -0.000554763      40.8839    0.0133353 -0.000566433      40.8839    0.0129844  0.000740815      40.8866    0.0133495  0.000729144      40.8865   0.00881483 -0.000350759       40.884   0.00905484 -0.000358452       40.884   0.00882367  0.000501837      40.8859   0.00906369  0.000494144      40.8858   0.00519117 -0.000190713      40.8842   0.00532691 -0.000195077      40.8842   0.00519581  0.000292253      40.8853   0.00533154  0.000287889      40.8853   0.00219167 -7.34604e-05      40.8844   0.00224608 -7.52151e-05      40.8844   0.00219333  0.000120566      40.8849   0.00224774  0.000118811      40.8849  2.14723e-15   3.2498e-14      40.8846    4.155e-15  3.03468e-14      40.8846  1.64246e-15  3.76679e-14      40.8846  3.65022e-15  3.55168e-14      40.8846
--------------------------------------------- 
Time: 50 ms ------------------
Torque guess: 
    4.44882    -2.75187     2.10032    -15.1201     5.75955   -0.207644     1.94683     3.11593    -2.28416    -15.9217      5.6979    0.101304   -0.561605  -0.0406344    -6.36677    -1.96433     1.15755    0.148633    -1.23989 -0.00309896   -0.337867   0.0281278    -1.28237     -1.3129   -0.186745    -1.01784  0.00360657   -0.284851   -0.038057
Torque candidate: 
     3.8985      -3.303     2.35481    -15.2625     5.73352   -0.184058     2.33964     3.39905    -2.37036    -15.9114     5.68291   0.0839969   -0.371695    -0.03432     -6.2764    -1.81279     1.16913    0.152624    -1.18424 -0.00315048   -0.323832   0.0292089    -1.35524    -1.28345    -0.17963    -1.03687  0.00347733   -0.288868   -0.036249
Guess var F_l: 
   0.0530774  -0.00502078      40.8833    0.0557224   -0.0049427      40.8835    0.0526754   0.00323954      40.8984    0.0553203   0.00331761      40.8987    0.0489136  -0.00428741      40.8833    0.0512896   -0.0042175      40.8835    0.0485264   0.00319185       40.897    0.0509024   0.00326176      40.8972    0.0447561  -0.00371189      40.8833    0.0468825  -0.00364908      40.8835    0.0444093   0.00297538      40.8956    0.0465356   0.00303819      40.8958    0.0404857  -0.00317391      40.8833    0.0423607  -0.00311833      40.8835    0.0401791    0.0027191      40.8943    0.0420541   0.00277468      40.8944    0.0360998  -0.00267296      40.8834    0.0377305  -0.00262444      40.8835    0.0358324   0.00244855       40.893    0.0374631   0.00249706      40.8931    0.0316571  -0.00221167      40.8834     0.033052  -0.00217003      40.8835    0.0314276   0.00216563      40.8917    0.0328225   0.00220727      40.8918    0.0272192  -0.00179155      40.8835    0.0283891  -0.00175652      40.8836     0.027026    0.0018756      40.8905    0.0281958   0.00191063      40.8906    0.0228502  -0.00141405      40.8836    0.0238076   -0.0013853      40.8836    0.0226914   0.00158335      40.8894    0.0236487    0.0016121      40.8894    0.0186158  -0.00108024      40.8837    0.0193753  -0.00105738      40.8837    0.0184891   0.00129428      40.8884    0.0192486   0.00131715      40.8884    0.0145832 -0.000790734      40.8838    0.0151615 -0.000773281      40.8838    0.0144861   0.00101428      40.8874    0.0150644   0.00103174      40.8875    0.0108208 -0.000545692      40.8839    0.0112367 -0.000533119      40.8839    0.0107504  0.000749775      40.8866    0.0111664  0.000762348      40.8866   0.00739844 -0.000344829      40.8841   0.00767286 -0.000336526      40.8841   0.00735154  0.000507692      40.8859   0.00762596  0.000515994      40.8859   0.00438755 -0.000187374      40.8842   0.00454352 -0.000182657      40.8843   0.00436056  0.000295548      40.8853   0.00451653  0.000300265      40.8853   0.00186821 -7.21248e-05      40.8844   0.00193115 -7.02266e-05      40.8844   0.00185714  0.000121884      40.8849   0.00192008  0.000123782      40.8849 -6.99765e-15 -1.96453e-15      40.8846 -7.09844e-15 -1.99663e-15      40.8846 -7.03067e-15 -2.49786e-15      40.8846 -7.13145e-15 -2.52997e-15      40.8846
Guess var F_r: 
   0.0666877  -0.00506537      40.8835    0.0690035  -0.00513936      40.8834    0.0668324   0.00319532      40.8987    0.0691483   0.00312132      40.8986    0.0612074  -0.00434204      40.8834    0.0633224  -0.00440817      40.8834    0.0613074   0.00313756      40.8972    0.0634224   0.00307143      40.8971    0.0557599  -0.00376062      40.8834    0.0576522   -0.0038199      40.8833    0.0558489     0.002927      40.8957    0.0577412   0.00286771      40.8956    0.0501914  -0.00321672      40.8834    0.0518586  -0.00326907      40.8833    0.0502688   0.00267662      40.8943    0.0519361   0.00262427      40.8942    0.0445426  -0.00271002      40.8834    0.0459912  -0.00275562      40.8833    0.0446089   0.00241179       40.893    0.0460576   0.00236619      40.8929      0.03888  -0.00224322      40.8834    0.0401177  -0.00228227      40.8833    0.0389357   0.00213437      40.8917    0.0401735   0.00209532      40.8916    0.0332762  -0.00181785      40.8834    0.0343128  -0.00185063      40.8834     0.033322   0.00184956      40.8905    0.0343586   0.00181677      40.8904    0.0278061  -0.00143544      40.8835     0.028653  -0.00146229      40.8835    0.0278427   0.00156219      40.8893    0.0286895   0.00153534      40.8893    0.0225461  -0.00109708      40.8836    0.0232165   -0.0011184      40.8836    0.0225742   0.00127762      40.8883    0.0232447   0.00125631      40.8883    0.0175742 -0.000803455      40.8837    0.0180835 -0.000819687      40.8837    0.0175949   0.00100171      40.8874    0.0181042  0.000985478      40.8873    0.0129701 -0.000554763      40.8839    0.0133353 -0.000566433      40.8839    0.0129844  0.000740815      40.8866    0.0133495  0.000729144      40.8865   0.00881483 -0.000350759       40.884   0.00905484 -0.000358452       40.884   0.00882367  0.000501837      40.8859   0.00906369  0.000494144      40.8858   0.00519117 -0.000190713      40.8842   0.00532691 -0.000195077      40.8842   0.00519581  0.000292253      40.8853   0.00533154  0.000287889      40.8853   0.00219167 -7.34604e-05      40.8844   0.00224608 -7.52151e-05      40.8844   0.00219333  0.000120566      40.8849   0.00224774  0.000118811      40.8849  2.14723e-15   3.2498e-14      40.8846    4.155e-15  3.03468e-14      40.8846  1.64246e-15  3.76679e-14      40.8846  3.65022e-15  3.55168e-14      40.8846
Candidate var F_l: 
   0.0483147  -0.00554901       40.883    0.0508278  -0.00547631      40.8832    0.0479253    0.0023981       40.897    0.0504384   0.00247079      40.8972    0.0445558  -0.00481515      40.8831    0.0468064  -0.00474986      40.8832     0.044191   0.00236676      40.8957    0.0464416   0.00243204      40.8959    0.0408576  -0.00420574      40.8831    0.0428683  -0.00414727      40.8833    0.0405311   0.00220481      40.8944    0.0425417   0.00226328      40.8946    0.0370528  -0.00362503      40.8831    0.0388239  -0.00357339      40.8833    0.0367642   0.00201782      40.8932    0.0385353   0.00206946      40.8934    0.0331321  -0.00307578      40.8832    0.0346708   -0.0030308      40.8833    0.0328803   0.00182271       40.892     0.034419   0.00186769      40.8922    0.0291449  -0.00256231      40.8832    0.0304598  -0.00252377      40.8833    0.0289288   0.00161978      40.8909    0.0302437   0.00165832       40.891     0.025145  -0.00208801      40.8833    0.0262466  -0.00205563      40.8834     0.024963   0.00141181      40.8899    0.0260646   0.00144418        40.89    0.0211889  -0.00165616      40.8834    0.0220895  -0.00162963      40.8835    0.0210392    0.0012014      40.8889    0.0219398   0.00122794       40.889    0.0173352  -0.00126962      40.8836     0.018049  -0.00124854      40.8836    0.0172157  0.000991676       40.888    0.0179295   0.00101275       40.888    0.0136445 -0.000930779      40.8837    0.0141874  -0.00091471      40.8838    0.0135528  0.000786258      40.8871    0.0140957  0.000802327      40.8872    0.0101792 -0.000641503      40.8839    0.0105692 -0.000629936      40.8839    0.0101126  0.000589365      40.8864    0.0105027  0.000600932      40.8864   0.00700368 -0.000403108       40.884   0.00726074 -0.000395474      40.8841   0.00695929  0.000405837      40.8858   0.00721635  0.000413471      40.8858   0.00418479   -0.0002163      40.8842   0.00433069 -0.000211963      40.8842    0.0041592  0.000241226      40.8853    0.0043051  0.000245562      40.8853   0.00179848 -8.12042e-05      40.8844   0.00185725 -7.94582e-05      40.8844   0.00178795  0.000102228      40.8849   0.00184672  0.000103974      40.8849 -6.55559e-15 -3.20266e-15      40.8846 -7.45681e-15 -3.59102e-15      40.8846 -6.59298e-15 -6.46637e-15      40.8846  -7.4942e-15 -6.85473e-15      40.8846
Candidate var F_r: 
   0.0613727  -0.00560085      40.8834    0.0636226  -0.00567095      40.8834    0.0615108   0.00234625      40.8975    0.0637607   0.00227615      40.8974    0.0563275  -0.00487193      40.8834    0.0583775    -0.004935      40.8833    0.0564373   0.00230991       40.896    0.0584873   0.00224683       40.896    0.0513753  -0.00425646      40.8833    0.0532067  -0.00431288      40.8833     0.051472   0.00215407      40.8947    0.0533034   0.00209765      40.8947    0.0463188  -0.00366967      40.8833    0.0479315  -0.00371943      40.8833     0.046402   0.00197321      40.8934    0.0480147   0.00192346      40.8934    0.0411827   -0.0031145      40.8833    0.0425832  -0.00315777      40.8833    0.0412532   0.00178405      40.8922    0.0426537   0.00174078      40.8922    0.0360243  -0.00259532      40.8834    0.0372203  -0.00263233      40.8833    0.0360829   0.00158685       40.891    0.0372789   0.00154985       40.891    0.0309076  -0.00211558      40.8834    0.0319087   -0.0021466      40.8834    0.0309551   0.00138433        40.89    0.0319562   0.00135331      40.8899    0.0258986  -0.00167861      40.8835    0.0267161  -0.00170398      40.8835    0.0259361   0.00117905      40.8889    0.0267536   0.00115368      40.8889    0.0210661  -0.00128733      40.8836     0.021713  -0.00130744      40.8836    0.0210945  0.000974061       40.888    0.0217414   0.00095395       40.888    0.0164806 -0.000944167      40.8837    0.0169717 -0.000959462      40.8837    0.0165012  0.000772948      40.8872    0.0169923  0.000757653      40.8871    0.0122148 -0.000651053      40.8839    0.0125667 -0.000662035      40.8839    0.0122287  0.000579877      40.8864    0.0125806  0.000568895      40.8864   0.00834337  -0.00040935       40.884   0.00857453 -0.000416579       40.884   0.00835189   0.00039964      40.8858   0.00858304  0.000392411      40.8858   0.00494374 -0.000219808      40.8842   0.00507435 -0.000223903      40.8842    0.0049481  0.000237745      40.8852   0.00507871   0.00023365      40.8852   0.00210336 -8.26012e-05      40.8844   0.00215565 -8.42456e-05      40.8844   0.00210487  0.000100844      40.8848   0.00215716  9.91991e-05      40.8848 -4.89623e-16  3.29105e-14      40.8846  1.23656e-15  3.13548e-14      40.8846 -1.09334e-15  3.62781e-14      40.8846  6.32843e-16  3.47225e-14      40.8846
--------------------------------------------- 
Time: 55 ms ------------------
Torque guess: 
     3.8985      -3.303     2.35481    -15.2625     5.73352   -0.184058     2.33964     3.39905    -2.37036    -15.9114     5.68291   0.0839969   -0.371695    -0.03432     -6.2764    -1.81279     1.16913    0.152624    -1.18424 -0.00315048   -0.323832   0.0292089    -1.35524    -1.28345    -0.17963    -1.03687  0.00347733   -0.288868   -0.036249
Torque candidate: 
    3.41275    -3.64843     2.51738    -15.3596     5.71226   -0.159878     2.48179     3.55488    -2.41991    -15.9059     5.67066   0.0686404   -0.242166  -0.0190444    -6.02054    -1.66017     1.17153    0.154715    -1.12174 -0.00310765    -0.30725   0.0297964    -1.35206    -1.25064   -0.172703    -1.02324  0.00330389   -0.284012  -0.0344832
Guess var F_l: 
   0.0483147  -0.00554901       40.883    0.0508278  -0.00547631      40.8832    0.0479253    0.0023981       40.897    0.0504384   0.00247079      40.8972    0.0445558  -0.00481515      40.8831    0.0468064  -0.00474986      40.8832     0.044191   0.00236676      40.8957    0.0464416   0.00243204      40.8959    0.0408576  -0.00420574      40.8831    0.0428683  -0.00414727      40.8833    0.0405311   0.00220481      40.8944    0.0425417   0.00226328      40.8946    0.0370528  -0.00362503      40.8831    0.0388239  -0.00357339      40.8833    0.0367642   0.00201782      40.8932    0.0385353   0.00206946      40.8934    0.0331321  -0.00307578      40.8832    0.0346708   -0.0030308      40.8833    0.0328803   0.00182271       40.892     0.034419   0.00186769      40.8922    0.0291449  -0.00256231      40.8832    0.0304598  -0.00252377      40.8833    0.0289288   0.00161978      40.8909    0.0302437   0.00165832       40.891     0.025145  -0.00208801      40.8833    0.0262466  -0.00205563      40.8834     0.024963   0.00141181      40.8899    0.0260646   0.00144418        40.89    0.0211889  -0.00165616      40.8834    0.0220895  -0.00162963      40.8835    0.0210392    0.0012014      40.8889    0.0219398   0.00122794       40.889    0.0173352  -0.00126962      40.8836     0.018049  -0.00124854      40.8836    0.0172157  0.000991676       40.888    0.0179295   0.00101275       40.888    0.0136445 -0.000930779      40.8837    0.0141874  -0.00091471      40.8838    0.0135528  0.000786258      40.8871    0.0140957  0.000802327      40.8872    0.0101792 -0.000641503      40.8839    0.0105692 -0.000629936      40.8839    0.0101126  0.000589365      40.8864    0.0105027  0.000600932      40.8864   0.00700368 -0.000403108       40.884   0.00726074 -0.000395474      40.8841   0.00695929  0.000405837      40.8858   0.00721635  0.000413471      40.8858   0.00418479   -0.0002163      40.8842   0.00433069 -0.000211963      40.8842    0.0041592  0.000241226      40.8853    0.0043051  0.000245562      40.8853   0.00179848 -8.12042e-05      40.8844   0.00185725 -7.94582e-05      40.8844   0.00178795  0.000102228      40.8849   0.00184672  0.000103974      40.8849 -6.55559e-15 -3.20266e-15      40.8846 -7.45681e-15 -3.59102e-15      40.8846 -6.59298e-15 -6.46637e-15      40.8846  -7.4942e-15 -6.85473e-15      40.8846
Guess var F_r: 
   0.0613727  -0.00560085      40.8834    0.0636226  -0.00567095      40.8834    0.0615108   0.00234625      40.8975    0.0637607   0.00227615      40.8974    0.0563275  -0.00487193      40.8834    0.0583775    -0.004935      40.8833    0.0564373   0.00230991       40.896    0.0584873   0.00224683       40.896    0.0513753  -0.00425646      40.8833    0.0532067  -0.00431288      40.8833     0.051472   0.00215407      40.8947    0.0533034   0.00209765      40.8947    0.0463188  -0.00366967      40.8833    0.0479315  -0.00371943      40.8833     0.046402   0.00197321      40.8934    0.0480147   0.00192346      40.8934    0.0411827   -0.0031145      40.8833    0.0425832  -0.00315777      40.8833    0.0412532   0.00178405      40.8922    0.0426537   0.00174078      40.8922    0.0360243  -0.00259532      40.8834    0.0372203  -0.00263233      40.8833    0.0360829   0.00158685       40.891    0.0372789   0.00154985       40.891    0.0309076  -0.00211558      40.8834    0.0319087   -0.0021466      40.8834    0.0309551   0.00138433        40.89    0.0319562   0.00135331      40.8899    0.0258986  -0.00167861      40.8835    0.0267161  -0.00170398      40.8835    0.0259361   0.00117905      40.8889    0.0267536   0.00115368      40.8889    0.0210661  -0.00128733      40.8836     0.021713  -0.00130744      40.8836    0.0210945  0.000974061       40.888    0.0217414   0.00095395       40.888    0.0164806 -0.000944167      40.8837    0.0169717 -0.000959462      40.8837    0.0165012  0.000772948      40.8872    0.0169923  0.000757653      40.8871    0.0122148 -0.000651053      40.8839    0.0125667 -0.000662035      40.8839    0.0122287  0.000579877      40.8864    0.0125806  0.000568895      40.8864   0.00834337  -0.00040935       40.884   0.00857453 -0.000416579       40.884   0.00835189   0.00039964      40.8858   0.00858304  0.000392411      40.8858   0.00494374 -0.000219808      40.8842   0.00507435 -0.000223903      40.8842    0.0049481  0.000237745      40.8852   0.00507871   0.00023365      40.8852   0.00210336 -8.26012e-05      40.8844   0.00215565 -8.42456e-05      40.8844   0.00210487  0.000100844      40.8848   0.00215716  9.91991e-05      40.8848 -4.89623e-16  3.29105e-14      40.8846  1.23656e-15  3.13548e-14      40.8846 -1.09334e-15  3.62781e-14      40.8846  6.32843e-16  3.47225e-14      40.8846
Candidate var F_l: 
   0.0447446  -0.00692769      40.8825    0.0471578  -0.00686027      40.8829    0.0443676  0.000793022      40.8957    0.0467809  0.000860439       40.896    0.0413063  -0.00613138      40.8827    0.0434628   -0.0060703      40.8829    0.0409595  0.000831862      40.8945     0.043116  0.000892951      40.8948    0.0379567  -0.00541332      40.8827    0.0398796  -0.00535879      40.8829    0.0376465  0.000790709      40.8934    0.0395694  0.000845244      40.8936     0.034502  -0.00471167      40.8828    0.0361938   -0.0046636       40.883    0.0342278  0.000742887      40.8923    0.0359196  0.000790953      40.8925    0.0309311  -0.00403332      40.8829    0.0323991  -0.00399153      40.8831    0.0306919  0.000695962      40.8912    0.0321599  0.000737753      40.8914    0.0272862  -0.00338592       40.883    0.0285392  -0.00335017      40.8831    0.0270808  0.000646973      40.8902    0.0283338  0.000682721      40.8904    0.0236149  -0.00277679      40.8831    0.0246635   -0.0027468      40.8832    0.0234419  0.000594255      40.8893    0.0244904  0.000624241      40.8894    0.0199678  -0.00221326      40.8833     0.020824  -0.00218871      40.8834    0.0198254  0.000535954      40.8884    0.0206816  0.000560503      40.8885    0.0163979  -0.00170215      40.8834    0.0170756  -0.00168266      40.8835    0.0162842  0.000470782      40.8876    0.0169619  0.000490268      40.8877    0.0129609  -0.00124948      40.8836    0.0134758  -0.00123464      40.8837    0.0128736  0.000398324      40.8869    0.0133885   0.00041317      40.8869   0.00971496 -0.000860258      40.8838    0.0100843 -0.000849576      40.8838   0.00965154  0.000319282      40.8862    0.0100209  0.000329964      40.8863   0.00672057 -0.000538302       40.884   0.00696357 -0.000531254       40.884   0.00667821  0.000235592      40.8857   0.00692121   0.00024264      40.8857   0.00404126 -0.000286277      40.8842   0.00417888 -0.000282274      40.8842    0.0040168  0.000150479      40.8852   0.00415442  0.000154482      40.8852   0.00175021 -0.000105805      40.8844   0.00180548 -0.000104194      40.8844   0.00174014  6.87586e-05      40.8848   0.00179541  7.03696e-05      40.8848 -4.41955e-15 -5.34997e-15      40.8846 -6.37458e-15 -6.19006e-15      40.8846 -4.44727e-15 -1.19147e-14      40.8846 -6.40229e-15 -1.27548e-14      40.8846
Candidate var F_r: 
   0.0573967  -0.00698483      40.8834    0.0595999  -0.00705169      40.8835    0.0575352  0.000735072      40.8966    0.0597384  0.000668215      40.8967    0.0526911  -0.00618894      40.8834    0.0546934   -0.0062496      40.8834    0.0528105  0.000773382      40.8953    0.0548129  0.000712725      40.8953    0.0481089  -0.00546486      40.8833    0.0498958  -0.00551908      40.8834    0.0482131  0.000738434       40.894    0.0499999  0.000684215      40.8941    0.0434344  -0.00475713      40.8833    0.0450082  -0.00480496      40.8834    0.0435228  0.000696882      40.8928    0.0450967  0.000649051      40.8929    0.0386817  -0.00407284      40.8833    0.0400488  -0.00411445      40.8833    0.0387555  0.000656058      40.8917    0.0401226   0.00061445      40.8917    0.0339008  -0.00341968      40.8834    0.0350688  -0.00345527      40.8834    0.0339612  0.000612951      40.8906    0.0351291  0.000577359      40.8906    0.0291486  -0.00280504      40.8834    0.0301267  -0.00283488      40.8834    0.0291968  0.000565843      40.8896    0.0301749  0.000536005      40.8896    0.0244847   -0.0022363      40.8835    0.0252838   -0.0022607      40.8835     0.024522  0.000512822      40.8887    0.0253211  0.000488424      40.8887    0.0199714  -0.00172034      40.8836    0.0206041  -0.00173967      40.8836    0.0199991  0.000452545      40.8878    0.0206318  0.000433216      40.8878    0.0156736  -0.00126326      40.8837    0.0161542  -0.00127794      40.8837    0.0156932  0.000384542       40.887    0.0161738  0.000369855       40.887     0.011659 -0.000870085      40.8839    0.0120035 -0.000880615      40.8839    0.0116719   0.00030946      40.8863    0.0120164  0.000298929      40.8863   0.00799776  -0.00054472       40.884   0.00822406 -0.000551638       40.884   0.00800537  0.000229184      40.8857   0.00823168  0.000222266      40.8857   0.00476319 -0.000289877      40.8842   0.00489103 -0.000293785      40.8842   0.00476691  0.000146888      40.8852   0.00489475   0.00014298      40.8852   0.00203932 -0.000107232      40.8844   0.00209046 -0.000108795      40.8844   0.00204051  6.73364e-05      40.8848   0.00209165  6.57733e-05      40.8848 -1.61905e-15  1.92967e-14      40.8846  -1.0072e-15  1.91548e-14      40.8846 -2.27018e-15   1.8513e-14      40.8846 -1.65833e-15   1.8371e-14      40.8846
--------------------------------------------- 
Time: 60 ms ------------------
Torque guess: 
    3.41275    -3.64843     2.51738    -15.3596     5.71226   -0.159878     2.48179     3.55488    -2.41991    -15.9059     5.67066   0.0686404   -0.242166  -0.0190444    -6.02054    -1.66017     1.17153    0.154715    -1.12174 -0.00310765    -0.30725   0.0297964    -1.35206    -1.25064   -0.172703    -1.02324  0.00330389   -0.284012  -0.0344832
Torque candidate: 
    2.99695    -3.81999     2.60197    -15.4281     5.69587   -0.136761     2.45598     3.61902    -2.44308    -15.9027     5.66127    0.054465   -0.165407  -0.0216188    -5.67334    -1.51753     1.15767    0.153397    -1.05895 -0.00301736    -0.29013   0.0294902    -1.29465     -1.2298   -0.168747   -0.987703  0.00309654   -0.273292  -0.0334765
Guess var F_l: 
   0.0447446  -0.00692769      40.8825    0.0471578  -0.00686027      40.8829    0.0443676  0.000793022      40.8957    0.0467809  0.000860439       40.896    0.0413063  -0.00613138      40.8827    0.0434628   -0.0060703      40.8829    0.0409595  0.000831862      40.8945     0.043116  0.000892951      40.8948    0.0379567  -0.00541332      40.8827    0.0398796  -0.00535879      40.8829    0.0376465  0.000790709      40.8934    0.0395694  0.000845244      40.8936     0.034502  -0.00471167      40.8828    0.0361938   -0.0046636       40.883    0.0342278  0.000742887      40.8923    0.0359196  0.000790953      40.8925    0.0309311  -0.00403332      40.8829    0.0323991  -0.00399153      40.8831    0.0306919  0.000695962      40.8912    0.0321599  0.000737753      40.8914    0.0272862  -0.00338592       40.883    0.0285392  -0.00335017      40.8831    0.0270808  0.000646973      40.8902    0.0283338  0.000682721      40.8904    0.0236149  -0.00277679      40.8831    0.0246635   -0.0027468      40.8832    0.0234419  0.000594255      40.8893    0.0244904  0.000624241      40.8894    0.0199678  -0.00221326      40.8833     0.020824  -0.00218871      40.8834    0.0198254  0.000535954      40.8884    0.0206816  0.000560503      40.8885    0.0163979  -0.00170215      40.8834    0.0170756  -0.00168266      40.8835    0.0162842  0.000470782      40.8876    0.0169619  0.000490268      40.8877    0.0129609  -0.00124948      40.8836    0.0134758  -0.00123464      40.8837    0.0128736  0.000398324      40.8869    0.0133885   0.00041317      40.8869   0.00971496 -0.000860258      40.8838    0.0100843 -0.000849576      40.8838   0.00965154  0.000319282      40.8862    0.0100209  0.000329964      40.8863   0.00672057 -0.000538302       40.884   0.00696357 -0.000531254       40.884   0.00667821  0.000235592      40.8857   0.00692121   0.00024264      40.8857   0.00404126 -0.000286277      40.8842   0.00417888 -0.000282274      40.8842    0.0040168  0.000150479      40.8852   0.00415442  0.000154482      40.8852   0.00175021 -0.000105805      40.8844   0.00180548 -0.000104194      40.8844   0.00174014  6.87586e-05      40.8848   0.00179541  7.03696e-05      40.8848 -4.41955e-15 -5.34997e-15      40.8846 -6.37458e-15 -6.19006e-15      40.8846 -4.44727e-15 -1.19147e-14      40.8846 -6.40229e-15 -1.27548e-14      40.8846
Guess var F_r: 
   0.0573967  -0.00698483      40.8834    0.0595999  -0.00705169      40.8835    0.0575352  0.000735072      40.8966    0.0597384  0.000668215      40.8967    0.0526911  -0.00618894      40.8834    0.0546934   -0.0062496      40.8834    0.0528105  0.000773382      40.8953    0.0548129  0.000712725      40.8953    0.0481089  -0.00546486      40.8833    0.0498958  -0.00551908      40.8834    0.0482131  0.000738434       40.894    0.0499999  0.000684215      40.8941    0.0434344  -0.00475713      40.8833    0.0450082  -0.00480496      40.8834    0.0435228  0.000696882      40.8928    0.0450967  0.000649051      40.8929    0.0386817  -0.00407284      40.8833    0.0400488  -0.00411445      40.8833    0.0387555  0.000656058      40.8917    0.0401226   0.00061445      40.8917    0.0339008  -0.00341968      40.8834    0.0350688  -0.00345527      40.8834    0.0339612  0.000612951      40.8906    0.0351291  0.000577359      40.8906    0.0291486  -0.00280504      40.8834    0.0301267  -0.00283488      40.8834    0.0291968  0.000565843      40.8896    0.0301749  0.000536005      40.8896    0.0244847   -0.0022363      40.8835    0.0252838   -0.0022607      40.8835     0.024522  0.000512822      40.8887    0.0253211  0.000488424      40.8887    0.0199714  -0.00172034      40.8836    0.0206041  -0.00173967      40.8836    0.0199991  0.000452545      40.8878    0.0206318  0.000433216      40.8878    0.0156736  -0.00126326      40.8837    0.0161542  -0.00127794      40.8837    0.0156932  0.000384542       40.887    0.0161738  0.000369855       40.887     0.011659 -0.000870085      40.8839    0.0120035 -0.000880615      40.8839    0.0116719   0.00030946      40.8863    0.0120164  0.000298929      40.8863   0.00799776  -0.00054472       40.884   0.00822406 -0.000551638       40.884   0.00800537  0.000229184      40.8857   0.00823168  0.000222266      40.8857   0.00476319 -0.000289877      40.8842   0.00489103 -0.000293785      40.8842   0.00476691  0.000146888      40.8852   0.00489475   0.00014298      40.8852   0.00203932 -0.000107232      40.8844   0.00209046 -0.000108795      40.8844   0.00204051  6.73364e-05      40.8848   0.00209165  6.57733e-05      40.8848 -1.61905e-15  1.92967e-14      40.8846  -1.0072e-15  1.91548e-14      40.8846 -2.27018e-15   1.8513e-14      40.8846 -1.65833e-15   1.8371e-14      40.8846
Candidate var F_l: 
   0.0422372  -0.00683353      40.8824    0.0445956  -0.00676653      40.8826     0.041869  0.000790578      40.8949    0.0442274  0.000857576      40.8952    0.0390419  -0.00603701      40.8825    0.0411456  -0.00597618      40.8827    0.0387073  0.000824913      40.8938     0.040811  0.000885746       40.894    0.0359372  -0.00527324      40.8826    0.0378095  -0.00521898      40.8828    0.0356381  0.000829868      40.8927    0.0375103  0.000884126      40.8929     0.032726  -0.00451138      40.8827    0.0343709  -0.00446354      40.8828    0.0324615  0.000847824      40.8917    0.0341064  0.000895661      40.8919    0.0293967  -0.00377229      40.8828     0.030822  -0.00373066      40.8829    0.0291658  0.000868216      40.8908    0.0305912   0.00090984      40.8909    0.0259866  -0.00308196      40.8829    0.0272013  -0.00304632      40.8831    0.0257883  0.000869578      40.8899     0.027003  0.000905211        40.89    0.0225404  -0.00246214      40.8831    0.0235551  -0.00243224      40.8832    0.0223733  0.000835581       40.889     0.023388  0.000865476      40.8891    0.0191066  -0.00192128      40.8832    0.0199335  -0.00189683      40.8833     0.018969  0.000763317      40.8882     0.019796  0.000787772      40.8883    0.0157351   -0.0014556      40.8834    0.0163883  -0.00143623      40.8835    0.0156253  0.000662117      40.8874    0.0162785  0.000681492      40.8875    0.0124776  -0.00105766      40.8836    0.0129726  -0.00104294      40.8836    0.0123932   0.00054484      40.8868    0.0128883  0.000559562      40.8868   0.00938757 -0.000722556      40.8838   0.00974179    -0.000712      40.8838    0.0093263  0.000421762      40.8861   0.00968051  0.000432318      40.8862   0.00652205 -0.000448725       40.884   0.00675436 -0.000441789       40.884   0.00648112  0.000299884      40.8856   0.00671342   0.00030682      40.8856   0.00394162 -0.000236324      40.8842   0.00407267 -0.000232405      40.8842   0.00391798  0.000184613      40.8852   0.00404904  0.000188532      40.8852   0.00171729 -8.58523e-05      40.8844   0.00176964 -8.42849e-05      40.8844   0.00170755  8.15509e-05      40.8848   0.00175991  8.31183e-05      40.8848 -3.21209e-15  -2.0284e-14      40.8846 -1.06539e-15 -2.11741e-14      40.8846  -3.7911e-15 -1.25603e-14      40.8846  -1.6444e-15 -1.34503e-14      40.8846
Candidate var F_r: 
   0.0547054  -0.00689253      40.8832    0.0568961  -0.00695906      40.8833    0.0548495  0.000730474      40.8958    0.0570403  0.000663947      40.8958    0.0502413  -0.00609389      40.8832    0.0522273  -0.00615434      40.8833    0.0503713  0.000766854      40.8945    0.0523573  0.000706405      40.8946    0.0459045  -0.00532402      40.8832    0.0476761  -0.00537806      40.8832    0.0460183  0.000778133      40.8934    0.0477899  0.000724095      40.8934    0.0414823  -0.00455601      40.8832    0.0430448  -0.00460376      40.8832    0.0415796   0.00080247      40.8923    0.0431421  0.000754717      40.8923    0.0369823  -0.00381093      40.8832    0.0383416  -0.00385252      40.8832     0.037064  0.000829065      40.8912    0.0384233  0.000787471      40.8912    0.0324491  -0.00311482      40.8832    0.0336126  -0.00315042      40.8832    0.0325162  0.000836375      40.8902    0.0336797  0.000800777      40.8902    0.0279362  -0.00248952      40.8833    0.0289125  -0.00251934      40.8833    0.0279901  0.000807995      40.8892    0.0289663   0.00077817      40.8892    0.0235014  -0.00194353      40.8834    0.0243006  -0.00196788      40.8834    0.0235433  0.000740954      40.8884    0.0243425  0.000716606      40.8883    0.0192038  -0.00147312      40.8835    0.0198379  -0.00149236      40.8835    0.0192352  0.000644544      40.8875    0.0198693  0.000625305      40.8875    0.0151039  -0.00107089      40.8837    0.0155865  -0.00108546      40.8837    0.0151263  0.000531592      40.8868    0.0156089  0.000517024      40.8868    0.0112644 -0.000731979      40.8838    0.0116109 -0.000742379      40.8838    0.0112793  0.000412339      40.8862    0.0116258  0.000401939      40.8862   0.00775088 -0.000454871       40.884   0.00797892 -0.000461665       40.884   0.00775982  0.000293747      40.8856   0.00798786  0.000286953      40.8856   0.00463332 -0.000239766      40.8842   0.00476232 -0.000243576      40.8842   0.00463779  0.000181181      40.8852   0.00476679  0.000177371      40.8852   0.00199276 -8.72137e-05      40.8844    0.0020444 -8.87231e-05      40.8844   0.00199425  8.01955e-05      40.8848   0.00204589  7.86862e-05      40.8848 -8.18216e-15  4.04775e-14      40.8846 -2.22291e-15  4.28393e-14      40.8846 -7.75435e-15  5.66644e-14      40.8846  -1.7951e-15  5.90263e-14      40.8846
--------------------------------------------- 
Time: 65 ms ------------------
Torque guess: 
    2.99695    -3.81999     2.60197    -15.4281     5.69587   -0.136761     2.45598     3.61902    -2.44308    -15.9027     5.66127    0.054465   -0.165407  -0.0216188    -5.67334    -1.51753     1.15767    0.153397    -1.05895 -0.00301736    -0.29013   0.0294902    -1.29465     -1.2298   -0.168747   -0.987703  0.00309654   -0.273292  -0.0334765
Torque candidate: 
    2.62118       -3.85     2.61842    -15.4828     5.68332   -0.115504     2.37408      3.5829    -2.42791    -15.8985     5.65242   0.0420408  -0.0917674  -0.0166459    -5.31346    -1.38264     1.15026    0.153295   -0.998578 -0.00291399   -0.273564   0.0294866    -1.24073    -1.20153   -0.163412   -0.953086  0.00289842   -0.262795  -0.0321284
Guess var F_l: 
   0.0422372  -0.00683353      40.8824    0.0445956  -0.00676653      40.8826     0.041869  0.000790578      40.8949    0.0442274  0.000857576      40.8952    0.0390419  -0.00603701      40.8825    0.0411456  -0.00597618      40.8827    0.0387073  0.000824913      40.8938     0.040811  0.000885746       40.894    0.0359372  -0.00527324      40.8826    0.0378095  -0.00521898      40.8828    0.0356381  0.000829868      40.8927    0.0375103  0.000884126      40.8929     0.032726  -0.00451138      40.8827    0.0343709  -0.00446354      40.8828    0.0324615  0.000847824      40.8917    0.0341064  0.000895661      40.8919    0.0293967  -0.00377229      40.8828     0.030822  -0.00373066      40.8829    0.0291658  0.000868216      40.8908    0.0305912   0.00090984      40.8909    0.0259866  -0.00308196      40.8829    0.0272013  -0.00304632      40.8831    0.0257883  0.000869578      40.8899     0.027003  0.000905211        40.89    0.0225404  -0.00246214      40.8831    0.0235551  -0.00243224      40.8832    0.0223733  0.000835581       40.889     0.023388  0.000865476      40.8891    0.0191066  -0.00192128      40.8832    0.0199335  -0.00189683      40.8833     0.018969  0.000763317      40.8882     0.019796  0.000787772      40.8883    0.0157351   -0.0014556      40.8834    0.0163883  -0.00143623      40.8835    0.0156253  0.000662117      40.8874    0.0162785  0.000681492      40.8875    0.0124776  -0.00105766      40.8836    0.0129726  -0.00104294      40.8836    0.0123932   0.00054484      40.8868    0.0128883  0.000559562      40.8868   0.00938757 -0.000722556      40.8838   0.00974179    -0.000712      40.8838    0.0093263  0.000421762      40.8861   0.00968051  0.000432318      40.8862   0.00652205 -0.000448725       40.884   0.00675436 -0.000441789       40.884   0.00648112  0.000299884      40.8856   0.00671342   0.00030682      40.8856   0.00394162 -0.000236324      40.8842   0.00407267 -0.000232405      40.8842   0.00391798  0.000184613      40.8852   0.00404904  0.000188532      40.8852   0.00171729 -8.58523e-05      40.8844   0.00176964 -8.42849e-05      40.8844   0.00170755  8.15509e-05      40.8848   0.00175991  8.31183e-05      40.8848 -3.21209e-15  -2.0284e-14      40.8846 -1.06539e-15 -2.11741e-14      40.8846  -3.7911e-15 -1.25603e-14      40.8846  -1.6444e-15 -1.34503e-14      40.8846
Guess var F_r: 
   0.0547054  -0.00689253      40.8832    0.0568961  -0.00695906      40.8833    0.0548495  0.000730474      40.8958    0.0570403  0.000663947      40.8958    0.0502413  -0.00609389      40.8832    0.0522273  -0.00615434      40.8833    0.0503713  0.000766854      40.8945    0.0523573  0.000706405      40.8946    0.0459045  -0.00532402      40.8832    0.0476761  -0.00537806      40.8832    0.0460183  0.000778133      40.8934    0.0477899  0.000724095      40.8934    0.0414823  -0.00455601      40.8832    0.0430448  -0.00460376      40.8832    0.0415796   0.00080247      40.8923    0.0431421  0.000754717      40.8923    0.0369823  -0.00381093      40.8832    0.0383416  -0.00385252      40.8832     0.037064  0.000829065      40.8912    0.0384233  0.000787471      40.8912    0.0324491  -0.00311482      40.8832    0.0336126  -0.00315042      40.8832    0.0325162  0.000836375      40.8902    0.0336797  0.000800777      40.8902    0.0279362  -0.00248952      40.8833    0.0289125  -0.00251934      40.8833    0.0279901  0.000807995      40.8892    0.0289663   0.00077817      40.8892    0.0235014  -0.00194353      40.8834    0.0243006  -0.00196788      40.8834    0.0235433  0.000740954      40.8884    0.0243425  0.000716606      40.8883    0.0192038  -0.00147312      40.8835    0.0198379  -0.00149236      40.8835    0.0192352  0.000644544      40.8875    0.0198693  0.000625305      40.8875    0.0151039  -0.00107089      40.8837    0.0155865  -0.00108546      40.8837    0.0151263  0.000531592      40.8868    0.0156089  0.000517024      40.8868    0.0112644 -0.000731979      40.8838    0.0116109 -0.000742379      40.8838    0.0112793  0.000412339      40.8862    0.0116258  0.000401939      40.8862   0.00775088 -0.000454871       40.884   0.00797892 -0.000461665       40.884   0.00775982  0.000293747      40.8856   0.00798786  0.000286953      40.8856   0.00463332 -0.000239766      40.8842   0.00476232 -0.000243576      40.8842   0.00463779  0.000181181      40.8852   0.00476679  0.000177371      40.8852   0.00199276 -8.72137e-05      40.8844    0.0020444 -8.87231e-05      40.8844   0.00199425  8.01955e-05      40.8848   0.00204589  7.86862e-05      40.8848 -8.18216e-15  4.04775e-14      40.8846 -2.22291e-15  4.28393e-14      40.8846 -7.75435e-15  5.66644e-14      40.8846  -1.7951e-15  5.90263e-14      40.8846
Candidate var F_l: 
    0.040137  -0.00615985      40.8823    0.0424366  -0.00609269      40.8825     0.039779   0.00133957      40.8943    0.0420786   0.00140673      40.8945    0.0371603  -0.00542087      40.8824    0.0392087  -0.00536004      40.8826    0.0368376   0.00131587      40.8932     0.038886   0.00137669      40.8935     0.034263  -0.00468002      40.8825    0.0360828  -0.00462583      40.8827    0.0339745   0.00130254      40.8923    0.0357942   0.00135673      40.8924    0.0312523  -0.00394641      40.8826    0.0328485  -0.00389869      40.8828     0.030997   0.00129995      40.8913    0.0325932   0.00134768      40.8915    0.0281234  -0.00328942      40.8827     0.029504    -0.003248      40.8829    0.0279005   0.00124634      40.8904    0.0292811   0.00128775      40.8906    0.0249176  -0.00272077      40.8829     0.026092  -0.00268545       40.883     0.024726   0.00113601      40.8896    0.0259004   0.00117132      40.8897    0.0216709  -0.00220967       40.883    0.0226503  -0.00218016      40.8831    0.0215094   0.00100482      40.8887    0.0224888   0.00103433      40.8888    0.0184227  -0.00174693      40.8832    0.0192195  -0.00172287      40.8833    0.0182895  0.000866577       40.888    0.0190864  0.000890634      40.8881    0.0152185  -0.00133485      40.8834    0.0158468  -0.00131585      40.8834     0.015112  0.000723937      40.8873    0.0157404  0.000742938      40.8873    0.0121078 -0.000975444      40.8836    0.0125831 -0.000961052      40.8836     0.012026  0.000579989      40.8866    0.0125013  0.000594382      40.8867   0.00914284 -0.000669929      40.8838   0.00948209 -0.000659643      40.8838   0.00908337  0.000438692      40.8861   0.00942262  0.000448977      40.8861   0.00637855 -0.000419147       40.884   0.00660042 -0.000412416       40.884   0.00633878  0.000304443      40.8856   0.00656065  0.000311175      40.8856   0.00387368 -0.000223526      40.8842   0.00399841 -0.000219742      40.8842    0.0038507  0.000182148      40.8851   0.00397543  0.000185932      40.8852   0.00169753 -8.30864e-05      40.8844   0.00174712 -8.15832e-05      40.8844   0.00168806  7.75968e-05      40.8848   0.00173765     7.91e-05      40.8848 -3.44512e-15 -1.31375e-14      40.8846 -4.60672e-15  -1.4092e-14      40.8846 -3.62212e-15 -1.59818e-14      40.8846 -4.78372e-15 -1.69363e-14      40.8846
Candidate var F_r: 
    0.052382  -0.00621889       40.883    0.0545494  -0.00628512       40.883    0.0525316   0.00127947       40.895     0.054699   0.00121324      40.8951    0.0481416  -0.00547636       40.883    0.0501012  -0.00553637       40.883    0.0482798   0.00125927      40.8939    0.0502394   0.00119925      40.8939    0.0440182  -0.00472937       40.883    0.0457655  -0.00478295       40.883    0.0441415   0.00125223      40.8928    0.0458888   0.00119865      40.8928    0.0398068  -0.00398962       40.883    0.0413499  -0.00403696       40.883    0.0399153   0.00125596      40.8917    0.0414584   0.00120862      40.8917    0.0355186  -0.00332671       40.883    0.0368634  -0.00336791       40.883    0.0356124   0.00120842      40.8907    0.0369572   0.00116723      40.8907    0.0312052  -0.00275244      40.8831    0.0323579  -0.00278765      40.8831    0.0312849   0.00110384      40.8898    0.0324375   0.00106863      40.8898    0.0269117  -0.00223605      40.8832     0.027879   -0.0022655      40.8832    0.0269777  0.000978065      40.8889    0.0279451  0.000948623      40.8889    0.0226846  -0.00176838      40.8833    0.0234752  -0.00179234      40.8833    0.0227378  0.000844859      40.8881    0.0235283  0.000820895      40.8881    0.0185774  -0.00135175      40.8835    0.0192024  -0.00137062      40.8834    0.0186186  0.000706857      40.8874    0.0192436   0.00068799      40.8874    0.0146472 -0.000988217      40.8836    0.0151207  -0.00100245      40.8836    0.0146774  0.000567109      40.8867    0.0151509  0.000552877      40.8867    0.0109542 -0.000679033      40.8838    0.0112925 -0.000689157      40.8838     0.010975  0.000429534      40.8861    0.0113133   0.00041941      40.8861   0.00756195 -0.000425087       40.884   0.00778335 -0.000431679       40.884   0.00757487  0.000298483      40.8856   0.00779627  0.000291891      40.8856   0.00453788 -0.000226853      40.8842   0.00466242  -0.00023054      40.8842   0.00454469  0.000178818      40.8852   0.00466922  0.000175132      40.8851   0.00196098 -8.44019e-05      40.8844   0.00201051 -8.58582e-05      40.8844   0.00196345  7.62836e-05      40.8848   0.00201298  7.48274e-05      40.8848 -7.43851e-15  2.29736e-14      40.8846 -5.71159e-15  2.42122e-14      40.8846 -7.52828e-15  2.66843e-14      40.8846 -5.80136e-15  2.79229e-14      40.8846
--------------------------------------------- 
Time: 70 ms ------------------
Torque guess: 
    2.62118       -3.85     2.61842    -15.4828     5.68332   -0.115504     2.37408      3.5829    -2.42791    -15.8985     5.65242   0.0420408  -0.0917674  -0.0166459    -5.31346    -1.38264     1.15026    0.153295   -0.998578 -0.00291399   -0.273564   0.0294866    -1.24073    -1.20153   -0.163412   -0.953086  0.00289842   -0.262795  -0.0321284
Torque candidate: 
    2.29685    -3.75866     2.57651    -15.5278     5.67475  -0.0970268     2.24733     3.44926    -2.37127     -15.896     5.64451   0.0315577  -0.0261185   0.0152339    -4.95511     -1.2576     1.15858    0.156197   -0.942157 -0.00279152   -0.257987   0.0302479    -1.18371    -1.15863   -0.155264   -0.917367  0.00271932   -0.252061  -0.0300504
Guess var F_l: 
    0.040137  -0.00615985      40.8823    0.0424366  -0.00609269      40.8825     0.039779   0.00133957      40.8943    0.0420786   0.00140673      40.8945    0.0371603  -0.00542087      40.8824    0.0392087  -0.00536004      40.8826    0.0368376   0.00131587      40.8932     0.038886   0.00137669      40.8935     0.034263  -0.00468002      40.8825    0.0360828  -0.00462583      40.8827    0.0339745   0.00130254      40.8923    0.0357942   0.00135673      40.8924    0.0312523  -0.00394641      40.8826    0.0328485  -0.00389869      40.8828     0.030997   0.00129995      40.8913    0.0325932   0.00134768      40.8915    0.0281234  -0.00328942      40.8827     0.029504    -0.003248      40.8829    0.0279005   0.00124634      40.8904    0.0292811   0.00128775      40.8906    0.0249176  -0.00272077      40.8829     0.026092  -0.00268545       40.883     0.024726   0.00113601      40.8896    0.0259004   0.00117132      40.8897    0.0216709  -0.00220967       40.883    0.0226503  -0.00218016      40.8831    0.0215094   0.00100482      40.8887    0.0224888   0.00103433      40.8888    0.0184227  -0.00174693      40.8832    0.0192195  -0.00172287      40.8833    0.0182895  0.000866577       40.888    0.0190864  0.000890634      40.8881    0.0152185  -0.00133485      40.8834    0.0158468  -0.00131585      40.8834     0.015112  0.000723937      40.8873    0.0157404  0.000742938      40.8873    0.0121078 -0.000975444      40.8836    0.0125831 -0.000961052      40.8836     0.012026  0.000579989      40.8866    0.0125013  0.000594382      40.8867   0.00914284 -0.000669929      40.8838   0.00948209 -0.000659643      40.8838   0.00908337  0.000438692      40.8861   0.00942262  0.000448977      40.8861   0.00637855 -0.000419147       40.884   0.00660042 -0.000412416       40.884   0.00633878  0.000304443      40.8856   0.00656065  0.000311175      40.8856   0.00387368 -0.000223526      40.8842   0.00399841 -0.000219742      40.8842    0.0038507  0.000182148      40.8851   0.00397543  0.000185932      40.8852   0.00169753 -8.30864e-05      40.8844   0.00174712 -8.15832e-05      40.8844   0.00168806  7.75968e-05      40.8848   0.00173765     7.91e-05      40.8848 -3.44512e-15 -1.31375e-14      40.8846 -4.60672e-15  -1.4092e-14      40.8846 -3.62212e-15 -1.59818e-14      40.8846 -4.78372e-15 -1.69363e-14      40.8846
Guess var F_r: 
    0.052382  -0.00621889       40.883    0.0545494  -0.00628512       40.883    0.0525316   0.00127947       40.895     0.054699   0.00121324      40.8951    0.0481416  -0.00547636       40.883    0.0501012  -0.00553637       40.883    0.0482798   0.00125927      40.8939    0.0502394   0.00119925      40.8939    0.0440182  -0.00472937       40.883    0.0457655  -0.00478295       40.883    0.0441415   0.00125223      40.8928    0.0458888   0.00119865      40.8928    0.0398068  -0.00398962       40.883    0.0413499  -0.00403696       40.883    0.0399153   0.00125596      40.8917    0.0414584   0.00120862      40.8917    0.0355186  -0.00332671       40.883    0.0368634  -0.00336791       40.883    0.0356124   0.00120842      40.8907    0.0369572   0.00116723      40.8907    0.0312052  -0.00275244      40.8831    0.0323579  -0.00278765      40.8831    0.0312849   0.00110384      40.8898    0.0324375   0.00106863      40.8898    0.0269117  -0.00223605      40.8832     0.027879   -0.0022655      40.8832    0.0269777  0.000978065      40.8889    0.0279451  0.000948623      40.8889    0.0226846  -0.00176838      40.8833    0.0234752  -0.00179234      40.8833    0.0227378  0.000844859      40.8881    0.0235283  0.000820895      40.8881    0.0185774  -0.00135175      40.8835    0.0192024  -0.00137062      40.8834    0.0186186  0.000706857      40.8874    0.0192436   0.00068799      40.8874    0.0146472 -0.000988217      40.8836    0.0151207  -0.00100245      40.8836    0.0146774  0.000567109      40.8867    0.0151509  0.000552877      40.8867    0.0109542 -0.000679033      40.8838    0.0112925 -0.000689157      40.8838     0.010975  0.000429534      40.8861    0.0113133   0.00041941      40.8861   0.00756195 -0.000425087       40.884   0.00778335 -0.000431679       40.884   0.00757487  0.000298483      40.8856   0.00779627  0.000291891      40.8856   0.00453788 -0.000226853      40.8842   0.00466242  -0.00023054      40.8842   0.00454469  0.000178818      40.8852   0.00466922  0.000175132      40.8851   0.00196098 -8.44019e-05      40.8844   0.00201051 -8.58582e-05      40.8844   0.00196345  7.62836e-05      40.8848   0.00201298  7.48274e-05      40.8848 -7.43851e-15  2.29736e-14      40.8846 -5.71159e-15  2.42122e-14      40.8846 -7.52828e-15  2.66843e-14      40.8846 -5.80136e-15  2.79229e-14      40.8846
Candidate var F_l: 
   0.0384332  -0.00522864      40.8822    0.0406894  -0.00516085      40.8825    0.0380836   0.00218308      40.8938    0.0403397   0.00225087      40.8941    0.0356463  -0.00454979      40.8824     0.037654  -0.00448864      40.8825    0.0353326   0.00209738      40.8928    0.0373404   0.00215853       40.893    0.0329142  -0.00386157      40.8825    0.0346945  -0.00380716      40.8826    0.0326338   0.00203291      40.8919    0.0344141   0.00208733      40.8921    0.0300677  -0.00324814      40.8826    0.0316261  -0.00320035      40.8827    0.0298195   0.00191307       40.891    0.0313779   0.00196086      40.8912    0.0271152   -0.0027337      40.8827    0.0284605  -0.00269235      40.8828    0.0268983   0.00172317      40.8902    0.0282437   0.00176452      40.8903     0.024078  -0.00226828      40.8828    0.0252206  -0.00223309      40.8829    0.0238914   0.00151749      40.8893    0.0250339   0.00155268      40.8894    0.0209889  -0.00184348       40.883      0.02194  -0.00181414      40.8831    0.0208313    0.0013081      40.8886    0.0217824   0.00133744      40.8886    0.0178876  -0.00145984      40.8832    0.0186598  -0.00143598      40.8832    0.0177576   0.00109909      40.8878    0.0185298   0.00112295      40.8879    0.0148173  -0.00111878      40.8834    0.0154247  -0.00109998      40.8834    0.0147132  0.000893987      40.8872    0.0153207  0.000912782      40.8872    0.0118245 -0.000821378      40.8836    0.0122828 -0.000807184      40.8836    0.0117444  0.000696672      40.8866    0.0122027  0.000710866      40.8866     0.008959 -0.000568266      40.8838   0.00928522 -0.000558157      40.8838   0.00890071  0.000511527       40.886   0.00922693  0.000521636       40.886   0.00627406 -0.000359659       40.884   0.00648667 -0.000353071       40.884   0.00623503  0.000343379      40.8855   0.00644765  0.000349968      40.8855   0.00382685 -0.000195371      40.8842   0.00394586 -0.000191685      40.8842   0.00380427  0.000197528      40.8851   0.00392329  0.000201213      40.8851   0.00168557 -7.49005e-05      40.8844   0.00173262 -7.34465e-05      40.8844   0.00167625  8.00326e-05      40.8848    0.0017233  8.14866e-05      40.8848 -2.78076e-15  -9.3799e-15      40.8846 -4.75829e-15 -1.00615e-14      40.8846 -2.81934e-15 -1.45757e-14      40.8846 -4.79688e-15 -1.52573e-14      40.8846
Candidate var F_r: 
   0.0505206  -0.00528731      40.8827    0.0526731   -0.0053535      40.8827    0.0506761   0.00212367      40.8943    0.0528286   0.00205749      40.8943     0.046472  -0.00460402      40.8827    0.0484141  -0.00466376      40.8827    0.0466167   0.00204245      40.8932    0.0485588    0.0019827      40.8932    0.0425146  -0.00390966      40.8827    0.0442462  -0.00396287      40.8827    0.0426446   0.00198426      40.8922    0.0443762   0.00193105      40.8922    0.0384701  -0.00329017      40.8828    0.0400002  -0.00333701      40.8828    0.0385861   0.00187057      40.8912    0.0401162   0.00182374      40.8912    0.0343682  -0.00276996      40.8829    0.0357003  -0.00281055      40.8828    0.0344701   0.00168653      40.8903    0.0358022   0.00164594      40.8903    0.0302388  -0.00229908       40.883     0.031376   -0.0023336      40.8829    0.0303258    0.0014864      40.8895     0.031463   0.00145188      40.8894    0.0261192  -0.00186914      40.8831    0.0270686  -0.00189788       40.883    0.0261909   0.00128224      40.8886    0.0271403   0.00125351      40.8886    0.0220548  -0.00148069      40.8832    0.0228275  -0.00150401      40.8832    0.0221121   0.00107812      40.8879    0.0228848   0.00105481      40.8879    0.0180965  -0.00113519      40.8834    0.0187058  -0.00115351      40.8834    0.0181407  0.000877507      40.8872    0.0187499   0.00085919      40.8872     0.014299 -0.000833764      40.8836    0.0147596 -0.000847564      40.8835    0.0143315  0.000684261      40.8866    0.0147921  0.000670462      40.8866    0.0107203 -0.000577079      40.8838    0.0110487 -0.000586882      40.8838    0.0107427  0.000502714       40.886    0.0110712  0.000492911       40.886   0.00742162 -0.000365398       40.884   0.00763607 -0.000371773       40.884    0.0074357  0.000337651      40.8855   0.00765016  0.000331276      40.8855   0.00446874 -0.000198577      40.8842   0.00458899 -0.000202136      40.8842   0.00447623  0.000194332      40.8851   0.00459648  0.000190773      40.8851   0.00193897 -7.61651e-05      40.8844    0.0019866 -7.75676e-05      40.8844   0.00194173  7.87732e-05      40.8848   0.00198935  7.73708e-05      40.8848 -8.35557e-15  1.67439e-14      40.8846 -8.02428e-15   1.7444e-14      40.8846 -8.50294e-15  1.66092e-14      40.8846 -8.17165e-15  1.73093e-14      40.8846
--------------------------------------------- 
Time: 75 ms ------------------
Torque guess: 
    2.29685    -3.75866     2.57651    -15.5278     5.67475  -0.0970268     2.24733     3.44926    -2.37127     -15.896     5.64451   0.0315577  -0.0261185   0.0152339    -4.95511     -1.2576     1.15858    0.156197   -0.942157 -0.00279152   -0.257987   0.0302479    -1.18371    -1.15863   -0.155264   -0.917367  0.00271932   -0.252061  -0.0300504
Torque candidate: 
    2.01257    -3.62051     2.51431    -15.5604     5.66828   -0.081043     2.07619     3.23717    -2.27444    -15.8985     5.63877   0.0230947   0.0303283    0.120061    -4.58121    -1.13227     1.19112    0.163913   -0.886142 -0.00263043   -0.242426   0.0322722    -1.10917    -1.09219    -0.14251   -0.874135  0.00255366   -0.239357  -0.0267267
Guess var F_l: 
   0.0384332  -0.00522864      40.8822    0.0406894  -0.00516085      40.8825    0.0380836   0.00218308      40.8938    0.0403397   0.00225087      40.8941    0.0356463  -0.00454979      40.8824     0.037654  -0.00448864      40.8825    0.0353326   0.00209738      40.8928    0.0373404   0.00215853       40.893    0.0329142  -0.00386157      40.8825    0.0346945  -0.00380716      40.8826    0.0326338   0.00203291      40.8919    0.0344141   0.00208733      40.8921    0.0300677  -0.00324814      40.8826    0.0316261  -0.00320035      40.8827    0.0298195   0.00191307       40.891    0.0313779   0.00196086      40.8912    0.0271152   -0.0027337      40.8827    0.0284605  -0.00269235      40.8828    0.0268983   0.00172317      40.8902    0.0282437   0.00176452      40.8903     0.024078  -0.00226828      40.8828    0.0252206  -0.00223309      40.8829    0.0238914   0.00151749      40.8893    0.0250339   0.00155268      40.8894    0.0209889  -0.00184348       40.883      0.02194  -0.00181414      40.8831    0.0208313    0.0013081      40.8886    0.0217824   0.00133744      40.8886    0.0178876  -0.00145984      40.8832    0.0186598  -0.00143598      40.8832    0.0177576   0.00109909      40.8878    0.0185298   0.00112295      40.8879    0.0148173  -0.00111878      40.8834    0.0154247  -0.00109998      40.8834    0.0147132  0.000893987      40.8872    0.0153207  0.000912782      40.8872    0.0118245 -0.000821378      40.8836    0.0122828 -0.000807184      40.8836    0.0117444  0.000696672      40.8866    0.0122027  0.000710866      40.8866     0.008959 -0.000568266      40.8838   0.00928522 -0.000558157      40.8838   0.00890071  0.000511527       40.886   0.00922693  0.000521636       40.886   0.00627406 -0.000359659       40.884   0.00648667 -0.000353071       40.884   0.00623503  0.000343379      40.8855   0.00644765  0.000349968      40.8855   0.00382685 -0.000195371      40.8842   0.00394586 -0.000191685      40.8842   0.00380427  0.000197528      40.8851   0.00392329  0.000201213      40.8851   0.00168557 -7.49005e-05      40.8844   0.00173262 -7.34465e-05      40.8844   0.00167625  8.00326e-05      40.8848    0.0017233  8.14866e-05      40.8848 -2.78076e-15  -9.3799e-15      40.8846 -4.75829e-15 -1.00615e-14      40.8846 -2.81934e-15 -1.45757e-14      40.8846 -4.79688e-15 -1.52573e-14      40.8846
Guess var F_r: 
   0.0505206  -0.00528731      40.8827    0.0526731   -0.0053535      40.8827    0.0506761   0.00212367      40.8943    0.0528286   0.00205749      40.8943     0.046472  -0.00460402      40.8827    0.0484141  -0.00466376      40.8827    0.0466167   0.00204245      40.8932    0.0485588    0.0019827      40.8932    0.0425146  -0.00390966      40.8827    0.0442462  -0.00396287      40.8827    0.0426446   0.00198426      40.8922    0.0443762   0.00193105      40.8922    0.0384701  -0.00329017      40.8828    0.0400002  -0.00333701      40.8828    0.0385861   0.00187057      40.8912    0.0401162   0.00182374      40.8912    0.0343682  -0.00276996      40.8829    0.0357003  -0.00281055      40.8828    0.0344701   0.00168653      40.8903    0.0358022   0.00164594      40.8903    0.0302388  -0.00229908       40.883     0.031376   -0.0023336      40.8829    0.0303258    0.0014864      40.8895     0.031463   0.00145188      40.8894    0.0261192  -0.00186914      40.8831    0.0270686  -0.00189788       40.883    0.0261909   0.00128224      40.8886    0.0271403   0.00125351      40.8886    0.0220548  -0.00148069      40.8832    0.0228275  -0.00150401      40.8832    0.0221121   0.00107812      40.8879    0.0228848   0.00105481      40.8879    0.0180965  -0.00113519      40.8834    0.0187058  -0.00115351      40.8834    0.0181407  0.000877507      40.8872    0.0187499   0.00085919      40.8872     0.014299 -0.000833764      40.8836    0.0147596 -0.000847564      40.8835    0.0143315  0.000684261      40.8866    0.0147921  0.000670462      40.8866    0.0107203 -0.000577079      40.8838    0.0110487 -0.000586882      40.8838    0.0107427  0.000502714       40.886    0.0110712  0.000492911       40.886   0.00742162 -0.000365398       40.884   0.00763607 -0.000371773       40.884    0.0074357  0.000337651      40.8855   0.00765016  0.000331276      40.8855   0.00446874 -0.000198577      40.8842   0.00458899 -0.000202136      40.8842   0.00447623  0.000194332      40.8851   0.00459648  0.000190773      40.8851   0.00193897 -7.61651e-05      40.8844    0.0019866 -7.75676e-05      40.8844   0.00194173  7.87732e-05      40.8848   0.00198935  7.73708e-05      40.8848 -8.35557e-15  1.67439e-14      40.8846 -8.02428e-15   1.7444e-14      40.8846 -8.50294e-15  1.66092e-14      40.8846 -8.17165e-15  1.73093e-14      40.8846
Candidate var F_l: 
   0.0372934  -0.00396346      40.8823    0.0395147  -0.00389492      40.8824    0.0369503   0.00337711      40.8936    0.0391717   0.00344565      40.8937    0.0346465  -0.00334157      40.8824    0.0366222  -0.00328005      40.8825    0.0343393   0.00323176      40.8926     0.036315   0.00329327      40.8928     0.032021  -0.00276255      40.8825    0.0337686  -0.00270796      40.8826    0.0317466    0.0030563      40.8917    0.0334942    0.0031109      40.8918    0.0292983  -0.00232585      40.8826     0.030825  -0.00227803      40.8827    0.0290553    0.0027641      40.8908     0.030582   0.00281191      40.8909    0.0264646   -0.0019467      40.8827    0.0277802  -0.00190541      40.8828    0.0262521   0.00244508        40.89    0.0275676   0.00248637      40.8901      0.02354  -0.00160461      40.8828    0.0246548  -0.00156956      40.8829     0.023357   0.00212186      40.8892    0.0244717   0.00215692      40.8893    0.0205577  -0.00129757       40.883    0.0214833  -0.00126841       40.883     0.020403   0.00180092      40.8885    0.0213286   0.00183008      40.8885    0.0175552  -0.00102499      40.8832    0.0183048  -0.00100134      40.8832    0.0174275   0.00148756      40.8878    0.0181771   0.00151121      40.8878    0.0145738 -0.000786161      40.8833    0.0151617 -0.000767589      40.8834    0.0144714   0.00118727      40.8871    0.0150593   0.00120584      40.8871     0.011658 -0.000580092      40.8835    0.0121001  -0.00056611      40.8836    0.0115792  0.000905851      40.8865    0.0120213  0.000919834      40.8865    0.0088562 -0.000405604      40.8838   0.00916975 -0.000395679      40.8838   0.00879874  0.000649324       40.886   0.00911229  0.000659248       40.886   0.00622033 -0.000261433       40.884   0.00642382 -0.000254988       40.884   0.00618183  0.000423808      40.8855   0.00638532  0.000430252      40.8855   0.00380675 -0.000146245      40.8842   0.00392006 -0.000142656      40.8842   0.00378445  0.000235553      40.8851   0.00389776  0.000239142      40.8851   0.00168316 -5.86993e-05      40.8844   0.00172764 -5.72906e-05      40.8844   0.00167395  9.12303e-05      40.8848   0.00171843   9.2639e-05      40.8848 -1.72939e-15 -6.47478e-15      40.8846 -3.63059e-15 -6.67009e-15      40.8846 -1.73986e-15 -1.13002e-14      40.8846 -3.64106e-15 -1.14955e-14      40.8846
Candidate var F_r: 
   0.0492544  -0.00402167      40.8824    0.0513951   -0.0040878      40.8823    0.0494153   0.00331885      40.8937    0.0515559   0.00325272      40.8937    0.0453452  -0.00339483      40.8824    0.0472742  -0.00345421      40.8824    0.0454949   0.00317855      40.8927    0.0474238   0.00311917      40.8926    0.0414891  -0.00280973      40.8825    0.0432092  -0.00286233      40.8824    0.0416245   0.00300932      40.8917    0.0433446   0.00295671      40.8917    0.0375744  -0.00236713      40.8826    0.0390927  -0.00241314      40.8825    0.0376968   0.00272306      40.8908    0.0392151   0.00267705      40.8908    0.0336035  -0.00198234      40.8827    0.0349203  -0.00202201      40.8826     0.033711   0.00240972        40.89    0.0350277   0.00237004      40.8899    0.0295981  -0.00163486      40.8828    0.0307182   -0.0016685      40.8827     0.029689    0.0020919      40.8892    0.0308091   0.00205827      40.8891    0.0255959  -0.00132274      40.8829    0.0265292  -0.00135067      40.8829    0.0256706   0.00177604      40.8884    0.0266039   0.00174811      40.8884    0.0216417  -0.00104541      40.8831    0.0224001  -0.00106803      40.8831    0.0217013   0.00146741      40.8877    0.0224597   0.00144478      40.8877    0.0177843 -0.000802201      40.8833    0.0183812 -0.000819955      40.8833    0.0178302   0.00117147      40.8871    0.0184271   0.00115371       40.887    0.0140763 -0.000592171      40.8835    0.0145267 -0.000605527      40.8835      0.01411  0.000893969      40.8865    0.0145605  0.000880613      40.8864    0.0105737 -0.000414178      40.8837    0.0108943 -0.000423653      40.8837     0.010597  0.000640897      40.8859    0.0109175  0.000631423      40.8859   0.00733653 -0.000267002       40.884   0.00754531 -0.000273153      40.8839    0.0073511  0.000418338      40.8855   0.00755988  0.000412186      40.8855   0.00442904 -0.000149347      40.8842   0.00454575 -0.000152775      40.8842   0.00443678  0.000232504      40.8851   0.00455349  0.000229076      40.8851   0.00192771 -5.99177e-05      40.8844   0.00197375 -6.12655e-05      40.8844   0.00193055  9.00307e-05      40.8848   0.00197659  8.86829e-05      40.8848 -7.82183e-15  1.28987e-14      40.8846 -7.87721e-15  1.33713e-14      40.8846 -7.93979e-15  1.19076e-14      40.8846 -7.99517e-15  1.23802e-14      40.8846
--------------------------------------------- 
Time: 80 ms ------------------
Torque guess: 
    2.01257    -3.62051     2.51431    -15.5604     5.66828   -0.081043     2.07619     3.23717    -2.27444    -15.8985     5.63877   0.0230947   0.0303283    0.120061    -4.58121    -1.13227     1.19112    0.163913   -0.886142 -0.00263043   -0.242426   0.0322722    -1.10917    -1.09219    -0.14251   -0.874135  0.00255366   -0.239357  -0.0267267
Torque candidate: 
    1.77205    -3.47578     2.44896    -15.5835      5.6642  -0.0672281     1.83531     3.01818    -2.17142    -15.9076     5.63645   0.0160546   0.0556327    0.249384    -4.16513    -1.00174     1.22226    0.171273   -0.826982 -0.00242599   -0.225802   0.0342058   -0.990951    -1.02681    -0.13022   -0.814091  0.00237282   -0.222241  -0.0234635
Guess var F_l: 
   0.0372934  -0.00396346      40.8823    0.0395147  -0.00389492      40.8824    0.0369503   0.00337711      40.8936    0.0391717   0.00344565      40.8937    0.0346465  -0.00334157      40.8824    0.0366222  -0.00328005      40.8825    0.0343393   0.00323176      40.8926     0.036315   0.00329327      40.8928     0.032021  -0.00276255      40.8825    0.0337686  -0.00270796      40.8826    0.0317466    0.0030563      40.8917    0.0334942    0.0031109      40.8918    0.0292983  -0.00232585      40.8826     0.030825  -0.00227803      40.8827    0.0290553    0.0027641      40.8908     0.030582   0.00281191      40.8909    0.0264646   -0.0019467      40.8827    0.0277802  -0.00190541      40.8828    0.0262521   0.00244508        40.89    0.0275676   0.00248637      40.8901      0.02354  -0.00160461      40.8828    0.0246548  -0.00156956      40.8829     0.023357   0.00212186      40.8892    0.0244717   0.00215692      40.8893    0.0205577  -0.00129757       40.883    0.0214833  -0.00126841       40.883     0.020403   0.00180092      40.8885    0.0213286   0.00183008      40.8885    0.0175552  -0.00102499      40.8832    0.0183048  -0.00100134      40.8832    0.0174275   0.00148756      40.8878    0.0181771   0.00151121      40.8878    0.0145738 -0.000786161      40.8833    0.0151617 -0.000767589      40.8834    0.0144714   0.00118727      40.8871    0.0150593   0.00120584      40.8871     0.011658 -0.000580092      40.8835    0.0121001  -0.00056611      40.8836    0.0115792  0.000905851      40.8865    0.0120213  0.000919834      40.8865    0.0088562 -0.000405604      40.8838   0.00916975 -0.000395679      40.8838   0.00879874  0.000649324       40.886   0.00911229  0.000659248       40.886   0.00622033 -0.000261433       40.884   0.00642382 -0.000254988       40.884   0.00618183  0.000423808      40.8855   0.00638532  0.000430252      40.8855   0.00380675 -0.000146245      40.8842   0.00392006 -0.000142656      40.8842   0.00378445  0.000235553      40.8851   0.00389776  0.000239142      40.8851   0.00168316 -5.86993e-05      40.8844   0.00172764 -5.72906e-05      40.8844   0.00167395  9.12303e-05      40.8848   0.00171843   9.2639e-05      40.8848 -1.72939e-15 -6.47478e-15      40.8846 -3.63059e-15 -6.67009e-15      40.8846 -1.73986e-15 -1.13002e-14      40.8846 -3.64106e-15 -1.14955e-14      40.8846
Guess var F_r: 
   0.0492544  -0.00402167      40.8824    0.0513951   -0.0040878      40.8823    0.0494153   0.00331885      40.8937    0.0515559   0.00325272      40.8937    0.0453452  -0.00339483      40.8824    0.0472742  -0.00345421      40.8824    0.0454949   0.00317855      40.8927    0.0474238   0.00311917      40.8926    0.0414891  -0.00280973      40.8825    0.0432092  -0.00286233      40.8824    0.0416245   0.00300932      40.8917    0.0433446   0.00295671      40.8917    0.0375744  -0.00236713      40.8826    0.0390927  -0.00241314      40.8825    0.0376968   0.00272306      40.8908    0.0392151   0.00267705      40.8908    0.0336035  -0.00198234      40.8827    0.0349203  -0.00202201      40.8826     0.033711   0.00240972        40.89    0.0350277   0.00237004      40.8899    0.0295981  -0.00163486      40.8828    0.0307182   -0.0016685      40.8827     0.029689    0.0020919      40.8892    0.0308091   0.00205827      40.8891    0.0255959  -0.00132274      40.8829    0.0265292  -0.00135067      40.8829    0.0256706   0.00177604      40.8884    0.0266039   0.00174811      40.8884    0.0216417  -0.00104541      40.8831    0.0224001  -0.00106803      40.8831    0.0217013   0.00146741      40.8877    0.0224597   0.00144478      40.8877    0.0177843 -0.000802201      40.8833    0.0183812 -0.000819955      40.8833    0.0178302   0.00117147      40.8871    0.0184271   0.00115371       40.887    0.0140763 -0.000592171      40.8835    0.0145267 -0.000605527      40.8835      0.01411  0.000893969      40.8865    0.0145605  0.000880613      40.8864    0.0105737 -0.000414178      40.8837    0.0108943 -0.000423653      40.8837     0.010597  0.000640897      40.8859    0.0109175  0.000631423      40.8859   0.00733653 -0.000267002       40.884   0.00754531 -0.000273153      40.8839    0.0073511  0.000418338      40.8855   0.00755988  0.000412186      40.8855   0.00442904 -0.000149347      40.8842   0.00454575 -0.000152775      40.8842   0.00443678  0.000232504      40.8851   0.00455349  0.000229076      40.8851   0.00192771 -5.99177e-05      40.8844   0.00197375 -6.12655e-05      40.8844   0.00193055  9.00307e-05      40.8848   0.00197659  8.86829e-05      40.8848 -7.82183e-15  1.28987e-14      40.8846 -7.87721e-15  1.33713e-14      40.8846 -7.93979e-15  1.19076e-14      40.8846 -7.99517e-15  1.23802e-14      40.8846
Candidate var F_l: 
   0.0368628  -0.00292403      40.8822     0.039038  -0.00285585      40.8823    0.0365265   0.00429706      40.8934    0.0387017   0.00436524      40.8935    0.0342823  -0.00235324      40.8823    0.0362142  -0.00229234      40.8824     0.033982   0.00409937      40.8925    0.0359139   0.00416027      40.8925    0.0317001  -0.00194576      40.8824    0.0334042  -0.00189192      40.8825    0.0314325   0.00375619      40.8916    0.0331366   0.00381003      40.8916    0.0290296  -0.00165672      40.8825    0.0305147  -0.00160971      40.8826    0.0287932   0.00332694      40.8907    0.0302783   0.00337395      40.8908    0.0262439  -0.00141124      40.8826    0.0275197  -0.00137078      40.8827    0.0260377   0.00288389      40.8899    0.0273135   0.00292435      40.8899    0.0233656  -0.00119747      40.8828     0.024443  -0.00116324      40.8828    0.0231883   0.00244259      40.8891    0.0242657   0.00247682      40.8891     0.020426   -0.0010075      40.8829    0.0213173  -0.00097912       40.883    0.0202764   0.00201541      40.8884    0.0211677   0.00204379      40.8884    0.0174614 -0.000834282      40.8831    0.0181803 -0.000811338      40.8831    0.0173381   0.00161393      40.8877     0.018057   0.00163688      40.8877    0.0145122 -0.000673131      40.8833    0.0150737  -0.00065516      40.8833    0.0144135   0.00124734       40.887    0.0149751   0.00126531      40.8871     0.011623 -0.000522666      40.8835    0.0120433 -0.000509168      40.8835    0.0115471  0.000921495      40.8864    0.0119674  0.000934994      40.8865   0.00884164 -0.000384226      40.8837   0.00913823 -0.000374664      40.8837   0.00878642  0.000639549      40.8859   0.00908301   0.00064911       40.886   0.00621975 -0.000260388       40.884   0.00641113  -0.00025419       40.884    0.0061828  0.000403477      40.8855   0.00637418  0.000409675      40.8855   0.00381322 -0.000153631      40.8842   0.00391906 -0.000150183      40.8842   0.00379185  0.000215445      40.8851   0.00389769  0.000218893      40.8851    0.0016895 -6.57104e-05      40.8844   0.00173068 -6.43579e-05      40.8844    0.0016807  7.87641e-05      40.8848   0.00172187  8.01166e-05      40.8848  1.50437e-16 -1.40078e-14      40.8846 -4.91111e-15 -1.30303e-14      40.8846  6.37819e-16 -2.77235e-14      40.8846 -4.42373e-15  -2.6746e-14      40.8846
Candidate var F_r: 
   0.0486207  -0.00298157      40.8821    0.0507335  -0.00304687       40.882     0.048784    0.0042401      40.8933    0.0508968    0.0041748      40.8932    0.0447779  -0.00240548      40.8821    0.0466798  -0.00246378       40.882      0.04493   0.00404786      40.8923    0.0468319   0.00398957      40.8922    0.0409682  -0.00199203      40.8822     0.042664  -0.00204338      40.8821     0.041108   0.00371075      40.8914    0.0428038    0.0036594      40.8913    0.0371237  -0.00169725      40.8823    0.0386166  -0.00174201      40.8822     0.037251   0.00328725      40.8905    0.0387439   0.00324249      40.8904    0.0332183  -0.00144619      40.8825    0.0345084  -0.00148473      40.8824    0.0333292   0.00284971      40.8897    0.0346194   0.00281117      40.8896     0.029276   -0.0012271      40.8826    0.0303714  -0.00125975      40.8826    0.0293696   0.00241363      40.8889     0.030465   0.00238098      40.8889    0.0253342  -0.00103211      40.8828    0.0262456  -0.00105921      40.8827    0.0254111   0.00199136      40.8882    0.0263225   0.00196425      40.8882    0.0214363 -0.000854211       40.883    0.0221758 -0.000876166       40.883    0.0214978   0.00159444      40.8876    0.0222373   0.00157248      40.8875    0.0176303 -0.000688762      40.8832    0.0182115 -0.000705991      40.8832    0.0176777   0.00123204       40.887     0.018259   0.00121481      40.8869    0.0139677 -0.000534418      40.8835    0.0144057  -0.00054738      40.8834    0.0140027  0.000909973      40.8864    0.0144407   0.00089701      40.8864    0.0105039 -0.000392554      40.8837    0.0108152 -0.000401751      40.8837    0.0105281  0.000631369      40.8859    0.0108393  0.000622172      40.8859   0.00729776 -0.000265786      40.8839   0.00750012 -0.000271757      40.8839   0.00731293  0.000398163      40.8855   0.00751529  0.000392192      40.8855   0.00441262  -0.00015663      40.8842   0.00452551 -0.000159956      40.8842   0.00442071  0.000212482      40.8851    0.0045336  0.000209156      40.8851   0.00192419 -6.68834e-05      40.8844   0.00196858 -6.81903e-05      40.8844   0.00192717  7.75981e-05      40.8848   0.00197156  7.62912e-05      40.8848 -8.80953e-15  1.90893e-14      40.8846 -1.11449e-14  1.95406e-14      40.8846 -9.17967e-15  1.03702e-14      40.8846 -1.15151e-14  1.08215e-14      40.8846
--------------------------------------------- 
Time: 85 ms ------------------
Torque guess: 
    1.77205    -3.47578     2.44896    -15.5835      5.6642  -0.0672281     1.83531     3.01818    -2.17142    -15.9076     5.63645   0.0160546   0.0556327    0.249384    -4.16513    -1.00174     1.22226    0.171273   -0.826982 -0.00242599   -0.225802   0.0342058   -0.990951    -1.02681    -0.13022   -0.814091  0.00237282   -0.222241  -0.0234635
Torque candidate: 
    1.59955    -3.35018     2.39027     -15.599     5.66147  -0.0552096     1.50947     2.91937    -2.12674    -15.9242     5.63784  0.00903745   0.0102368    0.262457    -3.71816   -0.887113     1.19164    0.165911       -0.77 -0.00220973   -0.209383   0.0328056   -0.818355    -1.02537    -0.13115    -0.73648  0.00215763   -0.200709  -0.0236202
Guess var F_l: 
   0.0368628  -0.00292403      40.8822     0.039038  -0.00285585      40.8823    0.0365265   0.00429706      40.8934    0.0387017   0.00436524      40.8935    0.0342823  -0.00235324      40.8823    0.0362142  -0.00229234      40.8824     0.033982   0.00409937      40.8925    0.0359139   0.00416027      40.8925    0.0317001  -0.00194576      40.8824    0.0334042  -0.00189192      40.8825    0.0314325   0.00375619      40.8916    0.0331366   0.00381003      40.8916    0.0290296  -0.00165672      40.8825    0.0305147  -0.00160971      40.8826    0.0287932   0.00332694      40.8907    0.0302783   0.00337395      40.8908    0.0262439  -0.00141124      40.8826    0.0275197  -0.00137078      40.8827    0.0260377   0.00288389      40.8899    0.0273135   0.00292435      40.8899    0.0233656  -0.00119747      40.8828     0.024443  -0.00116324      40.8828    0.0231883   0.00244259      40.8891    0.0242657   0.00247682      40.8891     0.020426   -0.0010075      40.8829    0.0213173  -0.00097912       40.883    0.0202764   0.00201541      40.8884    0.0211677   0.00204379      40.8884    0.0174614 -0.000834282      40.8831    0.0181803 -0.000811338      40.8831    0.0173381   0.00161393      40.8877     0.018057   0.00163688      40.8877    0.0145122 -0.000673131      40.8833    0.0150737  -0.00065516      40.8833    0.0144135   0.00124734       40.887    0.0149751   0.00126531      40.8871     0.011623 -0.000522666      40.8835    0.0120433 -0.000509168      40.8835    0.0115471  0.000921495      40.8864    0.0119674  0.000934994      40.8865   0.00884164 -0.000384226      40.8837   0.00913823 -0.000374664      40.8837   0.00878642  0.000639549      40.8859   0.00908301   0.00064911       40.886   0.00621975 -0.000260388       40.884   0.00641113  -0.00025419       40.884    0.0061828  0.000403477      40.8855   0.00637418  0.000409675      40.8855   0.00381322 -0.000153631      40.8842   0.00391906 -0.000150183      40.8842   0.00379185  0.000215445      40.8851   0.00389769  0.000218893      40.8851    0.0016895 -6.57104e-05      40.8844   0.00173068 -6.43579e-05      40.8844    0.0016807  7.87641e-05      40.8848   0.00172187  8.01166e-05      40.8848  1.50437e-16 -1.40078e-14      40.8846 -4.91111e-15 -1.30303e-14      40.8846  6.37819e-16 -2.77235e-14      40.8846 -4.42373e-15  -2.6746e-14      40.8846
Guess var F_r: 
   0.0486207  -0.00298157      40.8821    0.0507335  -0.00304687       40.882     0.048784    0.0042401      40.8933    0.0508968    0.0041748      40.8932    0.0447779  -0.00240548      40.8821    0.0466798  -0.00246378       40.882      0.04493   0.00404786      40.8923    0.0468319   0.00398957      40.8922    0.0409682  -0.00199203      40.8822     0.042664  -0.00204338      40.8821     0.041108   0.00371075      40.8914    0.0428038    0.0036594      40.8913    0.0371237  -0.00169725      40.8823    0.0386166  -0.00174201      40.8822     0.037251   0.00328725      40.8905    0.0387439   0.00324249      40.8904    0.0332183  -0.00144619      40.8825    0.0345084  -0.00148473      40.8824    0.0333292   0.00284971      40.8897    0.0346194   0.00281117      40.8896     0.029276   -0.0012271      40.8826    0.0303714  -0.00125975      40.8826    0.0293696   0.00241363      40.8889     0.030465   0.00238098      40.8889    0.0253342  -0.00103211      40.8828    0.0262456  -0.00105921      40.8827    0.0254111   0.00199136      40.8882    0.0263225   0.00196425      40.8882    0.0214363 -0.000854211       40.883    0.0221758 -0.000876166       40.883    0.0214978   0.00159444      40.8876    0.0222373   0.00157248      40.8875    0.0176303 -0.000688762      40.8832    0.0182115 -0.000705991      40.8832    0.0176777   0.00123204       40.887     0.018259   0.00121481      40.8869    0.0139677 -0.000534418      40.8835    0.0144057  -0.00054738      40.8834    0.0140027  0.000909973      40.8864    0.0144407   0.00089701      40.8864    0.0105039 -0.000392554      40.8837    0.0108152 -0.000401751      40.8837    0.0105281  0.000631369      40.8859    0.0108393  0.000622172      40.8859   0.00729776 -0.000265786      40.8839   0.00750012 -0.000271757      40.8839   0.00731293  0.000398163      40.8855   0.00751529  0.000392192      40.8855   0.00441262  -0.00015663      40.8842   0.00452551 -0.000159956      40.8842   0.00442071  0.000212482      40.8851    0.0045336  0.000209156      40.8851   0.00192419 -6.68834e-05      40.8844   0.00196858 -6.81903e-05      40.8844   0.00192717  7.75981e-05      40.8848   0.00197156  7.62912e-05      40.8848 -8.80953e-15  1.90893e-14      40.8846 -1.11449e-14  1.95406e-14      40.8846 -9.17967e-15  1.03702e-14      40.8846 -1.15151e-14  1.08215e-14      40.8846
Candidate var F_l: 
   0.0368206  -0.00292437       40.882    0.0389672    -0.002857      40.8821    0.0364884   0.00423089      40.8931     0.038635   0.00429826      40.8932    0.0342553  -0.00237288      40.8821     0.036158  -0.00231285      40.8822    0.0339598   0.00400438      40.8922    0.0358625   0.00406441      40.8923     0.031688   -0.0020577      40.8822     0.033363  -0.00200474      40.8823    0.0314267   0.00357308      40.8913    0.0331017   0.00362604      40.8914    0.0290229  -0.00182648      40.8823    0.0304781   -0.0017803      40.8824    0.0287943   0.00309067      40.8905    0.0302496   0.00313684      40.8906    0.0262404  -0.00162644      40.8824    0.0274861  -0.00158675      40.8825    0.0260429   0.00260791      40.8897    0.0272886    0.0026476      40.8897    0.0233643  -0.00142647      40.8826    0.0244122  -0.00139289      40.8827    0.0231962   0.00215986      40.8889    0.0242441   0.00219343       40.889    0.0204289  -0.00121293      40.8828    0.0212923  -0.00118509      40.8828    0.0202885   0.00176377      40.8882    0.0211519   0.00179161      40.8883    0.0174715 -0.000995019       40.883    0.0181652 -0.000972506       40.883     0.017357   0.00141428      40.8875    0.0180507   0.00143679      40.8876    0.0145304 -0.000787362      40.8832    0.0150704 -0.000769727      40.8832    0.0144398   0.00110112      40.8869    0.0149797   0.00111876       40.887    0.0116475 -0.000598222      40.8834    0.0120505 -0.000584978      40.8835    0.0115785  0.000820546      40.8864    0.0119815  0.000833789      40.8864   0.00886905 -0.000430787      40.8837   0.00915269 -0.000421408      40.8837   0.00881931  0.000573847      40.8859   0.00910296  0.000583226      40.8859   0.00624601 -0.000286402      40.8839   0.00642858 -0.000280323      40.8839   0.00621304  0.000364147      40.8855   0.00639561  0.000370225      40.8855   0.00383416 -0.000165818      40.8842   0.00393482 -0.000162438      40.8842   0.00381527  0.000195203      40.8851   0.00391593  0.000198582      40.8851   0.00170121 -6.94763e-05      40.8844    0.0017402 -6.81514e-05      40.8844    0.0016935   7.1481e-05      40.8848   0.00173249  7.28059e-05      40.8848 -2.46685e-15 -1.78581e-14      40.8846 -6.40508e-15 -1.64073e-14      40.8846 -1.98703e-15 -2.93371e-14      40.8846 -5.92525e-15 -2.78863e-14      40.8846
Candidate var F_r: 
   0.0484618  -0.00298172      40.8819    0.0505608   -0.0030464      40.8818    0.0486283   0.00417404       40.893    0.0507273   0.00410936      40.8929    0.0446192  -0.00242451      40.8819    0.0465061  -0.00248209      40.8818    0.0447758    0.0039534      40.8921    0.0466627   0.00389582       40.892    0.0408304  -0.00210335      40.8821    0.0425112  -0.00215409       40.882    0.0409771    0.0035281      40.8912    0.0426579   0.00347735      40.8911    0.0370008  -0.00186634      40.8822    0.0384756  -0.00191064      40.8821    0.0371346   0.00305138      40.8904    0.0386094   0.00300708      40.8903    0.0331088  -0.00166075      40.8824    0.0343813  -0.00169892      40.8823    0.0332247   0.00257404      40.8896    0.0344972   0.00253587      40.8895    0.0291804   -0.0014555      40.8825      0.03026  -0.00148785      40.8825    0.0292781   0.00213114      40.8888    0.0303578   0.00209879      40.8888    0.0252555  -0.00123702      40.8827    0.0261531  -0.00126388      40.8827    0.0253358   0.00173992      40.8882    0.0262334   0.00171305      40.8881    0.0213776  -0.00101452      40.8829    0.0221055  -0.00103626      40.8829    0.0214417   0.00139496      40.8875    0.0221695   0.00137322      40.8875    0.0175921 -0.000802645      40.8832    0.0181637 -0.000819691      40.8831    0.0176414   0.00108597      40.8869     0.018213   0.00106893      40.8869    0.0139479 -0.000609704      40.8834    0.0143781 -0.000622511      40.8834     0.013984  0.000809158      40.8864    0.0144143  0.000796351      40.8863    0.0104982 -0.000438917      40.8837    0.0108036 -0.000447989      40.8836    0.0105231  0.000565779      40.8859    0.0108285  0.000556707      40.8859   0.00730126 -0.000291664      40.8839   0.00749956 -0.000297543      40.8839   0.00731683  0.000358918      40.8855   0.00751513  0.000353039      40.8854   0.00441997 -0.000168736      40.8842    0.0045304 -0.000172004      40.8842   0.00442823  0.000192296      40.8851   0.00453866  0.000189028      40.8851   0.00193002 -7.06151e-05      40.8844   0.00197334 -7.18949e-05      40.8844   0.00193306  7.03429e-05      40.8848   0.00197638  6.90631e-05      40.8848 -5.07208e-15  1.47808e-14      40.8846 -7.10291e-15  1.51462e-14      40.8846 -5.36256e-15  7.33664e-15      40.8846 -7.39338e-15  7.70198e-15      40.8846
--------------------------------------------- 
Time: 90 ms ------------------
Torque guess: 
    1.59955    -3.35018     2.39027     -15.599     5.66147  -0.0552096     1.50947     2.91937    -2.12674    -15.9242     5.63784  0.00903745   0.0102368    0.262457    -3.71816   -0.887113     1.19164    0.165911       -0.77 -0.00220973   -0.209383   0.0328056   -0.818355    -1.02537    -0.13115    -0.73648  0.00215763   -0.200709  -0.0236202
Torque candidate: 
    1.47618     -3.2384     2.33532    -15.6102     5.65913  -0.0450375     1.18686     2.92663    -2.13554    -15.9396     5.63953  0.00199898  -0.0633736      0.1628    -3.31822   -0.798225     1.11553    0.151083    -0.72147 -0.00201987   -0.195145   0.0289112   -0.655467    -1.07605    -0.14257   -0.666657  0.00195848   -0.181542  -0.0265496
Guess var F_l: 
   0.0368206  -0.00292437       40.882    0.0389672    -0.002857      40.8821    0.0364884   0.00423089      40.8931     0.038635   0.00429826      40.8932    0.0342553  -0.00237288      40.8821     0.036158  -0.00231285      40.8822    0.0339598   0.00400438      40.8922    0.0358625   0.00406441      40.8923     0.031688   -0.0020577      40.8822     0.033363  -0.00200474      40.8823    0.0314267   0.00357308      40.8913    0.0331017   0.00362604      40.8914    0.0290229  -0.00182648      40.8823    0.0304781   -0.0017803      40.8824    0.0287943   0.00309067      40.8905    0.0302496   0.00313684      40.8906    0.0262404  -0.00162644      40.8824    0.0274861  -0.00158675      40.8825    0.0260429   0.00260791      40.8897    0.0272886    0.0026476      40.8897    0.0233643  -0.00142647      40.8826    0.0244122  -0.00139289      40.8827    0.0231962   0.00215986      40.8889    0.0242441   0.00219343       40.889    0.0204289  -0.00121293      40.8828    0.0212923  -0.00118509      40.8828    0.0202885   0.00176377      40.8882    0.0211519   0.00179161      40.8883    0.0174715 -0.000995019       40.883    0.0181652 -0.000972506       40.883     0.017357   0.00141428      40.8875    0.0180507   0.00143679      40.8876    0.0145304 -0.000787362      40.8832    0.0150704 -0.000769727      40.8832    0.0144398   0.00110112      40.8869    0.0149797   0.00111876       40.887    0.0116475 -0.000598222      40.8834    0.0120505 -0.000584978      40.8835    0.0115785  0.000820546      40.8864    0.0119815  0.000833789      40.8864   0.00886905 -0.000430787      40.8837   0.00915269 -0.000421408      40.8837   0.00881931  0.000573847      40.8859   0.00910296  0.000583226      40.8859   0.00624601 -0.000286402      40.8839   0.00642858 -0.000280323      40.8839   0.00621304  0.000364147      40.8855   0.00639561  0.000370225      40.8855   0.00383416 -0.000165818      40.8842   0.00393482 -0.000162438      40.8842   0.00381527  0.000195203      40.8851   0.00391593  0.000198582      40.8851   0.00170121 -6.94763e-05      40.8844    0.0017402 -6.81514e-05      40.8844    0.0016935   7.1481e-05      40.8848   0.00173249  7.28059e-05      40.8848 -2.46685e-15 -1.78581e-14      40.8846 -6.40508e-15 -1.64073e-14      40.8846 -1.98703e-15 -2.93371e-14      40.8846 -5.92525e-15 -2.78863e-14      40.8846
Guess var F_r: 
   0.0484618  -0.00298172      40.8819    0.0505608   -0.0030464      40.8818    0.0486283   0.00417404       40.893    0.0507273   0.00410936      40.8929    0.0446192  -0.00242451      40.8819    0.0465061  -0.00248209      40.8818    0.0447758    0.0039534      40.8921    0.0466627   0.00389582       40.892    0.0408304  -0.00210335      40.8821    0.0425112  -0.00215409       40.882    0.0409771    0.0035281      40.8912    0.0426579   0.00347735      40.8911    0.0370008  -0.00186634      40.8822    0.0384756  -0.00191064      40.8821    0.0371346   0.00305138      40.8904    0.0386094   0.00300708      40.8903    0.0331088  -0.00166075      40.8824    0.0343813  -0.00169892      40.8823    0.0332247   0.00257404      40.8896    0.0344972   0.00253587      40.8895    0.0291804   -0.0014555      40.8825      0.03026  -0.00148785      40.8825    0.0292781   0.00213114      40.8888    0.0303578   0.00209879      40.8888    0.0252555  -0.00123702      40.8827    0.0261531  -0.00126388      40.8827    0.0253358   0.00173992      40.8882    0.0262334   0.00171305      40.8881    0.0213776  -0.00101452      40.8829    0.0221055  -0.00103626      40.8829    0.0214417   0.00139496      40.8875    0.0221695   0.00137322      40.8875    0.0175921 -0.000802645      40.8832    0.0181637 -0.000819691      40.8831    0.0176414   0.00108597      40.8869     0.018213   0.00106893      40.8869    0.0139479 -0.000609704      40.8834    0.0143781 -0.000622511      40.8834     0.013984  0.000809158      40.8864    0.0144143  0.000796351      40.8863    0.0104982 -0.000438917      40.8837    0.0108036 -0.000447989      40.8836    0.0105231  0.000565779      40.8859    0.0108285  0.000556707      40.8859   0.00730126 -0.000291664      40.8839   0.00749956 -0.000297543      40.8839   0.00731683  0.000358918      40.8855   0.00751513  0.000353039      40.8854   0.00441997 -0.000168736      40.8842    0.0045304 -0.000172004      40.8842   0.00442823  0.000192296      40.8851   0.00453866  0.000189028      40.8851   0.00193002 -7.06151e-05      40.8844   0.00197334 -7.18949e-05      40.8844   0.00193306  7.03429e-05      40.8848   0.00197638  6.90631e-05      40.8848 -5.07208e-15  1.47808e-14      40.8846 -7.10291e-15  1.51462e-14      40.8846 -5.36256e-15  7.33664e-15      40.8846 -7.39338e-15  7.70198e-15      40.8846
Candidate var F_l: 
   0.0365532  -0.00318202      40.8817    0.0386858  -0.00311511      40.8818    0.0362237   0.00395328      40.8928    0.0383563   0.00402019      40.8929    0.0340086  -0.00265517      40.8819    0.0358955  -0.00259567       40.882    0.0337166   0.00368821      40.8919    0.0356034   0.00374771       40.892    0.0314685  -0.00236241       40.882    0.0331261  -0.00230996      40.8821    0.0312122   0.00323237      40.8911    0.0328698   0.00328482      40.8912    0.0288229  -0.00213457      40.8821    0.0302581  -0.00208885      40.8822    0.0286012   0.00274538      40.8903    0.0300365    0.0027911      40.8903    0.0260612  -0.00189556      40.8823    0.0272854  -0.00185622      40.8824    0.0258721   0.00230284      40.8895    0.0270963   0.00234217      40.8896     0.023214  -0.00162686      40.8825    0.0242409  -0.00159357      40.8825    0.0230552   0.00192529      40.8888    0.0240821   0.00195858      40.8888     0.020311   -0.0013565      40.8827    0.0211564  -0.00132889      40.8827      0.02018   0.00158806      40.8881    0.0210254   0.00161566      40.8881    0.0173838  -0.00110037      40.8829    0.0180636  -0.00107806       40.883    0.0172779   0.00127963      40.8874    0.0179577   0.00130195      40.8875    0.0144695 -0.000864582      40.8831    0.0149995 -0.000847112      40.8832    0.0143861  0.000998291      40.8869    0.0149161   0.00101576      40.8869    0.0116098 -0.000652324      40.8834    0.0120058 -0.000639218      40.8834    0.0115466  0.000745073      40.8863    0.0119426  0.000758178      40.8864   0.00885025 -0.000465661      40.8836   0.00912912 -0.000456394      40.8837   0.00880489  0.000522125      40.8859   0.00908375  0.000531392      40.8859   0.00624094 -0.000306062      40.8839   0.00642033 -0.000300069      40.8839   0.00621102  0.000332224      40.8854   0.00639041  0.000338216      40.8855   0.00383684 -0.000174507      40.8842   0.00393557 -0.000171186      40.8842   0.00381981   0.00017871      40.8851   0.00391853  0.000182031      40.8851   0.00170522 -7.15734e-05      40.8844   0.00174332 -7.02784e-05      40.8844   0.00169833   6.5736e-05      40.8848   0.00173643   6.7031e-05      40.8848 -3.67339e-15 -3.06265e-15      40.8846 -8.75802e-15 -2.30563e-15      40.8846 -3.10853e-15 -1.93795e-14      40.8846 -8.19316e-15 -1.86224e-14      40.8846
Candidate var F_r: 
   0.0481532  -0.00323936      40.8817    0.0502508  -0.00330386      40.8816    0.0483238   0.00389615      40.8928    0.0504214   0.00383166      40.8927    0.0443093  -0.00270644      40.8818    0.0461894   -0.0027638      40.8817    0.0444729   0.00363726      40.8919     0.046353   0.00357991      40.8918    0.0405441  -0.00240759      40.8819    0.0422148   -0.0024582      40.8819    0.0407004   0.00318745       40.891     0.042371   0.00313683       40.891    0.0367338  -0.00217392      40.8821    0.0381956  -0.00221811       40.882    0.0368759   0.00270617      40.8902    0.0383377   0.00266197      40.8902    0.0328649  -0.00192937      40.8823    0.0341249  -0.00196743      40.8822    0.0329884   0.00226907      40.8895    0.0342484   0.00223101      40.8894    0.0289695  -0.00165546      40.8825    0.0300374  -0.00168767      40.8824    0.0290738   0.00189671      40.8888    0.0301417    0.0018645      40.8887    0.0250823  -0.00138021      40.8827     0.025969  -0.00140692      40.8826    0.0251681   0.00156436      40.8881    0.0260548   0.00153766       40.888    0.0212412  -0.00111955      40.8829    0.0219591  -0.00114114      40.8829    0.0213098   0.00126048      40.8874    0.0220277   0.00123889      40.8874    0.0174898   -0.0008796      40.8831    0.0180528 -0.000896494      40.8831    0.0175427  0.000983295      40.8869    0.0181056  0.000966401      40.8868    0.0138762 -0.000663595      40.8834    0.0142994 -0.000676268      40.8834    0.0139152  0.000733819      40.8863    0.0143384  0.000721146      40.8863    0.0104531 -0.000473632      40.8836    0.0107529 -0.000482592      40.8836      0.01048  0.000514166      40.8859    0.0107798  0.000505206      40.8858   0.00727712 -0.000311214      40.8839    0.0074714 -0.000317006      40.8839   0.00729409  0.000327077      40.8854   0.00748836  0.000321285      40.8854   0.00441054 -0.000177359      40.8842   0.00451843 -0.000180568      40.8841   0.00441963  0.000175858      40.8851   0.00452752  0.000172649      40.8851   0.00192837 -7.26824e-05      40.8844   0.00197052 -7.39328e-05      40.8844   0.00193176  6.46242e-05      40.8848    0.0019739  6.33738e-05      40.8848  -1.4242e-14  1.73417e-14      40.8846 -1.75374e-14  1.77078e-14      40.8846 -1.47088e-14  5.31947e-15      40.8846 -1.80043e-14  5.68562e-15      40.8846
--------------------------------------------- 
Time: 95 ms ------------------
Torque guess: 
    1.47618     -3.2384     2.33532    -15.6102     5.65913  -0.0450375     1.18686     2.92663    -2.13554    -15.9396     5.63953  0.00199898  -0.0633736      0.1628    -3.31822   -0.798225     1.11553    0.151083    -0.72147 -0.00201987   -0.195145   0.0289112   -0.655467    -1.07605    -0.14257   -0.666657  0.00195848   -0.181542  -0.0265496
Torque candidate: 
    1.47617    -3.23839     2.33531    -15.6102     5.65913  -0.0450365     1.18682     2.92663    -2.13554    -15.9396     5.63953  0.00199826  -0.0633846    0.162792    -3.31817   -0.798216     1.11552    0.151081   -0.721464 -0.00201984   -0.195143   0.0289108   -0.655447    -1.07606   -0.142571   -0.666649  0.00195846    -0.18154  -0.0265499
Guess var F_l: 
   0.0365532  -0.00318202      40.8817    0.0386858  -0.00311511      40.8818    0.0362237   0.00395328      40.8928    0.0383563   0.00402019      40.8929    0.0340086  -0.00265517      40.8819    0.0358955  -0.00259567       40.882    0.0337166   0.00368821      40.8919    0.0356034   0.00374771       40.892    0.0314685  -0.00236241       40.882    0.0331261  -0.00230996      40.8821    0.0312122   0.00323237      40.8911    0.0328698   0.00328482      40.8912    0.0288229  -0.00213457      40.8821    0.0302581  -0.00208885      40.8822    0.0286012   0.00274538      40.8903    0.0300365    0.0027911      40.8903    0.0260612  -0.00189556      40.8823    0.0272854  -0.00185622      40.8824    0.0258721   0.00230284      40.8895    0.0270963   0.00234217      40.8896     0.023214  -0.00162686      40.8825    0.0242409  -0.00159357      40.8825    0.0230552   0.00192529      40.8888    0.0240821   0.00195858      40.8888     0.020311   -0.0013565      40.8827    0.0211564  -0.00132889      40.8827      0.02018   0.00158806      40.8881    0.0210254   0.00161566      40.8881    0.0173838  -0.00110037      40.8829    0.0180636  -0.00107806       40.883    0.0172779   0.00127963      40.8874    0.0179577   0.00130195      40.8875    0.0144695 -0.000864582      40.8831    0.0149995 -0.000847112      40.8832    0.0143861  0.000998291      40.8869    0.0149161   0.00101576      40.8869    0.0116098 -0.000652324      40.8834    0.0120058 -0.000639218      40.8834    0.0115466  0.000745073      40.8863    0.0119426  0.000758178      40.8864   0.00885025 -0.000465661      40.8836   0.00912912 -0.000456394      40.8837   0.00880489  0.000522125      40.8859   0.00908375  0.000531392      40.8859   0.00624094 -0.000306062      40.8839   0.00642033 -0.000300069      40.8839   0.00621102  0.000332224      40.8854   0.00639041  0.000338216      40.8855   0.00383684 -0.000174507      40.8842   0.00393557 -0.000171186      40.8842   0.00381981   0.00017871      40.8851   0.00391853  0.000182031      40.8851   0.00170522 -7.15734e-05      40.8844   0.00174332 -7.02784e-05      40.8844   0.00169833   6.5736e-05      40.8848   0.00173643   6.7031e-05      40.8848 -3.67339e-15 -3.06265e-15      40.8846 -8.75802e-15 -2.30563e-15      40.8846 -3.10853e-15 -1.93795e-14      40.8846 -8.19316e-15 -1.86224e-14      40.8846
Guess var F_r: 
   0.0481532  -0.00323936      40.8817    0.0502508  -0.00330386      40.8816    0.0483238   0.00389615      40.8928    0.0504214   0.00383166      40.8927    0.0443093  -0.00270644      40.8818    0.0461894   -0.0027638      40.8817    0.0444729   0.00363726      40.8919     0.046353   0.00357991      40.8918    0.0405441  -0.00240759      40.8819    0.0422148   -0.0024582      40.8819    0.0407004   0.00318745       40.891     0.042371   0.00313683       40.891    0.0367338  -0.00217392      40.8821    0.0381956  -0.00221811       40.882    0.0368759   0.00270617      40.8902    0.0383377   0.00266197      40.8902    0.0328649  -0.00192937      40.8823    0.0341249  -0.00196743      40.8822    0.0329884   0.00226907      40.8895    0.0342484   0.00223101      40.8894    0.0289695  -0.00165546      40.8825    0.0300374  -0.00168767      40.8824    0.0290738   0.00189671      40.8888    0.0301417    0.0018645      40.8887    0.0250823  -0.00138021      40.8827     0.025969  -0.00140692      40.8826    0.0251681   0.00156436      40.8881    0.0260548   0.00153766       40.888    0.0212412  -0.00111955      40.8829    0.0219591  -0.00114114      40.8829    0.0213098   0.00126048      40.8874    0.0220277   0.00123889      40.8874    0.0174898   -0.0008796      40.8831    0.0180528 -0.000896494      40.8831    0.0175427  0.000983295      40.8869    0.0181056  0.000966401      40.8868    0.0138762 -0.000663595      40.8834    0.0142994 -0.000676268      40.8834    0.0139152  0.000733819      40.8863    0.0143384  0.000721146      40.8863    0.0104531 -0.000473632      40.8836    0.0107529 -0.000482592      40.8836      0.01048  0.000514166      40.8859    0.0107798  0.000505206      40.8858   0.00727712 -0.000311214      40.8839    0.0074714 -0.000317006      40.8839   0.00729409  0.000327077      40.8854   0.00748836  0.000321285      40.8854   0.00441054 -0.000177359      40.8842   0.00451843 -0.000180568      40.8841   0.00441963  0.000175858      40.8851   0.00452752  0.000172649      40.8851   0.00192837 -7.26824e-05      40.8844   0.00197052 -7.39328e-05      40.8844   0.00193176  6.46242e-05      40.8848    0.0019739  6.33738e-05      40.8848  -1.4242e-14  1.73417e-14      40.8846 -1.75374e-14  1.77078e-14      40.8846 -1.47088e-14  5.31947e-15      40.8846 -1.80043e-14  5.68562e-15      40.8846
Candidate var F_l: 
   0.0365533  -0.00318206      40.8817    0.0386859  -0.00311515      40.8818    0.0362237   0.00395325      40.8928    0.0383564   0.00402016      40.8929    0.0340087  -0.00265522      40.8819    0.0358955  -0.00259572       40.882    0.0337167   0.00368818      40.8919    0.0356035   0.00374768       40.892    0.0314685  -0.00236246       40.882    0.0331261  -0.00231001      40.8821    0.0312122   0.00323234      40.8911    0.0328699   0.00328479      40.8912    0.0288229  -0.00213461      40.8821    0.0302582  -0.00208889      40.8822    0.0286013   0.00274535      40.8903    0.0300365   0.00279107      40.8903    0.0260613  -0.00189559      40.8823    0.0272854  -0.00185625      40.8824    0.0258721   0.00230281      40.8895    0.0270963   0.00234215      40.8896    0.0232141  -0.00162688      40.8825     0.024241  -0.00159359      40.8825    0.0230553   0.00192527      40.8888    0.0240822   0.00195857      40.8888     0.020311  -0.00135652      40.8827    0.0211564  -0.00132891      40.8827    0.0201801   0.00158804      40.8881    0.0210254   0.00161565      40.8881    0.0173838  -0.00110039      40.8829    0.0180636  -0.00107807       40.883    0.0172779   0.00127962      40.8874    0.0179577   0.00130194      40.8875    0.0144696 -0.000864594      40.8831    0.0149995 -0.000847125      40.8832    0.0143862  0.000998284      40.8869    0.0149162   0.00101575      40.8869    0.0116098 -0.000652333      40.8834    0.0120059 -0.000639227      40.8834    0.0115466  0.000745067      40.8863    0.0119427  0.000758173      40.8864   0.00885027 -0.000465667      40.8836   0.00912914   -0.0004564      40.8837   0.00880491  0.000522121      40.8859   0.00908377  0.000531388      40.8859   0.00624096 -0.000306065      40.8839   0.00642034 -0.000300073      40.8839   0.00621104  0.000332222      40.8854   0.00639042  0.000338214      40.8855   0.00383685 -0.000174509      40.8842   0.00393558 -0.000171188      40.8842   0.00381982  0.000178709      40.8851   0.00391854   0.00018203      40.8851   0.00170523 -7.15741e-05      40.8844   0.00174333 -7.02791e-05      40.8844   0.00169833  6.57356e-05      40.8848   0.00173643  6.70306e-05      40.8848 -3.67315e-15 -3.06442e-15      40.8846 -8.75696e-15 -2.30741e-15      40.8846 -3.10839e-15 -1.93785e-14      40.8846  -8.1922e-15 -1.86215e-14      40.8846
Candidate var F_r: 
   0.0481533  -0.00323941      40.8817    0.0502508   -0.0033039      40.8816    0.0483239   0.00389612      40.8928    0.0504215   0.00383163      40.8927    0.0443093  -0.00270649      40.8818    0.0461895  -0.00276384      40.8817     0.044473   0.00363723      40.8919    0.0463531   0.00357988      40.8918    0.0405441  -0.00240764      40.8819    0.0422148  -0.00245825      40.8819    0.0407004   0.00318741       40.891    0.0423711    0.0031368       40.891    0.0367339  -0.00217396      40.8821    0.0381957  -0.00221815       40.882    0.0368759   0.00270614      40.8902    0.0383378   0.00266194      40.8902     0.032865   -0.0019294      40.8823     0.034125  -0.00196746      40.8822    0.0329885   0.00226905      40.8895    0.0342485   0.00223099      40.8894    0.0289696  -0.00165548      40.8825    0.0300374   -0.0016877      40.8824    0.0290739    0.0018967      40.8888    0.0301418   0.00186448      40.8887    0.0250823  -0.00138023      40.8827     0.025969  -0.00140694      40.8826    0.0251682   0.00156435      40.8881    0.0260549   0.00153765       40.888    0.0212412  -0.00111957      40.8829    0.0219592  -0.00114115      40.8829    0.0213098   0.00126047      40.8874    0.0220277   0.00123888      40.8874    0.0174898 -0.000879612      40.8831    0.0180528 -0.000896507      40.8831    0.0175427  0.000983288      40.8869    0.0181057  0.000966393      40.8868    0.0138763 -0.000663604      40.8834    0.0142994 -0.000676277      40.8834    0.0139152  0.000733814      40.8863    0.0143384  0.000721141      40.8863    0.0104531 -0.000473638      40.8836    0.0107529 -0.000482598      40.8836      0.01048  0.000514162      40.8859    0.0107798  0.000505203      40.8858   0.00727714 -0.000311218      40.8839   0.00747141  -0.00031701      40.8839    0.0072941  0.000327075      40.8854   0.00748837  0.000321282      40.8854   0.00441055 -0.000177361      40.8842   0.00451844  -0.00018057      40.8841   0.00441964  0.000175857      40.8851   0.00452753  0.000172648      40.8851   0.00192838  -7.2683e-05      40.8844   0.00197052 -7.39335e-05      40.8844   0.00193177  6.46238e-05      40.8848   0.00197391  6.33734e-05      40.8848 -1.42395e-14  1.73395e-14      40.8846 -1.75343e-14  1.77056e-14      40.8846 -1.47062e-14  5.31956e-15      40.8846 -1.80011e-14  5.68567e-15      40.8846
--------------------------------------------- 
Time: 100 ms ------------------
Torque guess: 
    1.47618     -3.2384     2.33532    -15.6102     5.65913  -0.0450375     1.18686     2.92663    -2.13554    -15.9396     5.63953  0.00199898  -0.0633736      0.1628    -3.31822   -0.798225     1.11553    0.151083    -0.72147 -0.00201987   -0.195145   0.0289112   -0.655467    -1.07605    -0.14257   -0.666657  0.00195848   -0.181542  -0.0265496
Torque candidate: 
    1.47163     -3.2362      2.3342    -15.6104     5.65905  -0.0447834     1.18352      2.9266    -2.13575    -15.9394     5.63939  0.00183028  -0.0622411     0.16095    -3.31197   -0.796052     1.11437    0.150869   -0.720426 -0.00201756   -0.194853   0.0288551   -0.655123    -1.07649   -0.142665   -0.666337  0.00195546   -0.181439  -0.0265763
Guess var F_l: 
   0.0365532  -0.00318202      40.8817    0.0386858  -0.00311511      40.8818    0.0362237   0.00395328      40.8928    0.0383563   0.00402019      40.8929    0.0340086  -0.00265517      40.8819    0.0358955  -0.00259567       40.882    0.0337166   0.00368821      40.8919    0.0356034   0.00374771       40.892    0.0314685  -0.00236241       40.882    0.0331261  -0.00230996      40.8821    0.0312122   0.00323237      40.8911    0.0328698   0.00328482      40.8912    0.0288229  -0.00213457      40.8821    0.0302581  -0.00208885      40.8822    0.0286012   0.00274538      40.8903    0.0300365    0.0027911      40.8903    0.0260612  -0.00189556      40.8823    0.0272854  -0.00185622      40.8824    0.0258721   0.00230284      40.8895    0.0270963   0.00234217      40.8896     0.023214  -0.00162686      40.8825    0.0242409  -0.00159357      40.8825    0.0230552   0.00192529      40.8888    0.0240821   0.00195858      40.8888     0.020311   -0.0013565      40.8827    0.0211564  -0.00132889      40.8827      0.02018   0.00158806      40.8881    0.0210254   0.00161566      40.8881    0.0173838  -0.00110037      40.8829    0.0180636  -0.00107806       40.883    0.0172779   0.00127963      40.8874    0.0179577   0.00130195      40.8875    0.0144695 -0.000864582      40.8831    0.0149995 -0.000847112      40.8832    0.0143861  0.000998291      40.8869    0.0149161   0.00101576      40.8869    0.0116098 -0.000652324      40.8834    0.0120058 -0.000639218      40.8834    0.0115466  0.000745073      40.8863    0.0119426  0.000758178      40.8864   0.00885025 -0.000465661      40.8836   0.00912912 -0.000456394      40.8837   0.00880489  0.000522125      40.8859   0.00908375  0.000531392      40.8859   0.00624094 -0.000306062      40.8839   0.00642033 -0.000300069      40.8839   0.00621102  0.000332224      40.8854   0.00639041  0.000338216      40.8855   0.00383684 -0.000174507      40.8842   0.00393557 -0.000171186      40.8842   0.00381981   0.00017871      40.8851   0.00391853  0.000182031      40.8851   0.00170522 -7.15734e-05      40.8844   0.00174332 -7.02784e-05      40.8844   0.00169833   6.5736e-05      40.8848   0.00173643   6.7031e-05      40.8848 -3.67339e-15 -3.06265e-15      40.8846 -8.75802e-15 -2.30563e-15      40.8846 -3.10853e-15 -1.93795e-14      40.8846 -8.19316e-15 -1.86224e-14      40.8846
Guess var F_r: 
   0.0481532  -0.00323936      40.8817    0.0502508  -0.00330386      40.8816    0.0483238   0.00389615      40.8928    0.0504214   0.00383166      40.8927    0.0443093  -0.00270644      40.8818    0.0461894   -0.0027638      40.8817    0.0444729   0.00363726      40.8919     0.046353   0.00357991      40.8918    0.0405441  -0.00240759      40.8819    0.0422148   -0.0024582      40.8819    0.0407004   0.00318745       40.891     0.042371   0.00313683       40.891    0.0367338  -0.00217392      40.8821    0.0381956  -0.00221811       40.882    0.0368759   0.00270617      40.8902    0.0383377   0.00266197      40.8902    0.0328649  -0.00192937      40.8823    0.0341249  -0.00196743      40.8822    0.0329884   0.00226907      40.8895    0.0342484   0.00223101      40.8894    0.0289695  -0.00165546      40.8825    0.0300374  -0.00168767      40.8824    0.0290738   0.00189671      40.8888    0.0301417    0.0018645      40.8887    0.0250823  -0.00138021      40.8827     0.025969  -0.00140692      40.8826    0.0251681   0.00156436      40.8881    0.0260548   0.00153766       40.888    0.0212412  -0.00111955      40.8829    0.0219591  -0.00114114      40.8829    0.0213098   0.00126048      40.8874    0.0220277   0.00123889      40.8874    0.0174898   -0.0008796      40.8831    0.0180528 -0.000896494      40.8831    0.0175427  0.000983295      40.8869    0.0181056  0.000966401      40.8868    0.0138762 -0.000663595      40.8834    0.0142994 -0.000676268      40.8834    0.0139152  0.000733819      40.8863    0.0143384  0.000721146      40.8863    0.0104531 -0.000473632      40.8836    0.0107529 -0.000482592      40.8836      0.01048  0.000514166      40.8859    0.0107798  0.000505206      40.8858   0.00727712 -0.000311214      40.8839    0.0074714 -0.000317006      40.8839   0.00729409  0.000327077      40.8854   0.00748836  0.000321285      40.8854   0.00441054 -0.000177359      40.8842   0.00451843 -0.000180568      40.8841   0.00441963  0.000175858      40.8851   0.00452752  0.000172649      40.8851   0.00192837 -7.26824e-05      40.8844   0.00197052 -7.39328e-05      40.8844   0.00193176  6.46242e-05      40.8848    0.0019739  6.33738e-05      40.8848  -1.4242e-14  1.73417e-14      40.8846 -1.75374e-14  1.77078e-14      40.8846 -1.47088e-14  5.31947e-15      40.8846 -1.80043e-14  5.68562e-15      40.8846
Candidate var F_l: 
   0.0365562  -0.00319446      40.8817    0.0386897  -0.00312752      40.8818    0.0362266   0.00394435      40.8928    0.0383601   0.00401129      40.8929    0.0340134  -0.00266717      40.8819     0.035901  -0.00260765       40.882    0.0337213   0.00367931      40.8919    0.0356089   0.00373884       40.892    0.0314738  -0.00237326       40.882    0.0331321  -0.00232078      40.8821    0.0312175   0.00322418      40.8911    0.0328758   0.00327665      40.8912    0.0288285  -0.00214372      40.8821    0.0302643  -0.00209798      40.8822    0.0286069   0.00273848      40.8902    0.0300427   0.00278422      40.8903    0.0260671  -0.00190278      40.8823    0.0272917  -0.00186342      40.8824     0.025878   0.00229747      40.8895    0.0271025   0.00233682      40.8896    0.0232199  -0.00163266      40.8825    0.0242472  -0.00159935      40.8825    0.0230611   0.00192097      40.8887    0.0240884   0.00195428      40.8888    0.0203166  -0.00136117      40.8827    0.0211623  -0.00133355      40.8827    0.0201857   0.00158454      40.8881    0.0210314   0.00161217      40.8881     0.017389  -0.00110405      40.8829    0.0180691  -0.00108173      40.8829    0.0172831   0.00127683      40.8874    0.0179632   0.00129916      40.8875    0.0144742 -0.000867379      40.8831    0.0150044 -0.000849902      40.8832    0.0143908  0.000996135      40.8869     0.014921   0.00101361      40.8869    0.0116138 -0.000654345      40.8834      0.01201 -0.000641234      40.8834    0.0115506  0.000743489      40.8863    0.0119468  0.000756601      40.8864   0.00885356 -0.000467021      40.8836   0.00913251 -0.000457751      40.8837   0.00880819  0.000521038      40.8859   0.00908715  0.000530308      40.8859   0.00624343 -0.000306883      40.8839   0.00642286 -0.000300889      40.8839   0.00621351  0.000331549      40.8854   0.00639294  0.000337543      40.8855   0.00383847 -0.000174919      40.8842   0.00393722 -0.000171598      40.8842   0.00382144  0.000178357      40.8851   0.00392019  0.000181679      40.8851     0.001706 -7.17109e-05      40.8844   0.00174411 -7.04157e-05      40.8844   0.00169911  6.56098e-05      40.8848   0.00173721   6.6905e-05      40.8848 -3.60634e-15 -3.12201e-15      40.8846 -8.61406e-15 -2.37142e-15      40.8846 -3.04989e-15 -1.91864e-14      40.8846 -8.05762e-15 -1.84358e-14      40.8846
Candidate var F_r: 
   0.0481618  -0.00325184      40.8817    0.0502604  -0.00331636      40.8816    0.0483326   0.00388718      40.8928    0.0504313   0.00382266      40.8927    0.0443189  -0.00271847      40.8818       0.0462  -0.00277585      40.8817    0.0444828   0.00362833      40.8919    0.0463638   0.00357095      40.8918    0.0405536  -0.00241845      40.8819    0.0422251  -0.00246909      40.8819    0.0407102   0.00317923       40.891    0.0423816   0.00312859       40.891     0.036743  -0.00218308      40.8821    0.0382054   -0.0022273       40.882    0.0368853   0.00269924      40.8902    0.0383477   0.00265502      40.8902    0.0328737   -0.0019366      40.8823    0.0341342  -0.00197468      40.8822    0.0329974   0.00226368      40.8895    0.0342579    0.0022256      40.8894    0.0289777  -0.00166127      40.8825     0.030046   -0.0016935      40.8824    0.0290822   0.00189238      40.8887    0.0301505   0.00186015      40.8887    0.0250898  -0.00138489      40.8827    0.0259768  -0.00141161      40.8826    0.0251757   0.00156084      40.8881    0.0260628   0.00153412       40.888    0.0212479  -0.00112324      40.8829    0.0219661  -0.00114483      40.8829    0.0213165   0.00125767      40.8874    0.0220347   0.00123608      40.8874    0.0174956 -0.000882402      40.8831    0.0180587 -0.000899304      40.8831    0.0175485  0.000981132      40.8869    0.0181116  0.000964231      40.8868     0.013881  -0.00066562      40.8834    0.0143043 -0.000678298      40.8834      0.01392  0.000732231      40.8863    0.0143433  0.000719553      40.8863    0.0104568 -0.000474994      40.8836    0.0107567 -0.000483957      40.8836    0.0104838  0.000513076      40.8859    0.0107837  0.000504113      40.8858   0.00727987 -0.000312037      40.8839   0.00747418 -0.000317831      40.8839   0.00729682    0.0003264      40.8854   0.00749113  0.000320606      40.8854   0.00441228 -0.000177772      40.8842   0.00452018 -0.000180982      40.8841   0.00442136  0.000175504      40.8851   0.00452927  0.000172294      40.8851   0.00192918   -7.282e-05      40.8844   0.00197132 -7.40707e-05      40.8844   0.00193256  6.44979e-05      40.8848    0.0019747  6.32472e-05      40.8848 -1.40079e-14  1.71209e-14      40.8846 -1.72513e-14  1.74833e-14      40.8846 -1.44667e-14  5.28952e-15      40.8846 -1.77101e-14  5.65193e-15      40.8846
--------------------------------------------- 
Time: 105 ms ------------------
Torque guess: 
    1.47163     -3.2362      2.3342    -15.6104     5.65905  -0.0447834     1.18352      2.9266    -2.13575    -15.9394     5.63939  0.00183028  -0.0622411     0.16095    -3.31197   -0.796052     1.11437    0.150869   -0.720426 -0.00201756   -0.194853   0.0288551   -0.655123    -1.07649   -0.142665   -0.666337  0.00195546   -0.181439  -0.0265763
Torque candidate: 
    1.35522    -3.18457     2.30783    -15.6133       5.657  -0.0392981     1.13365     2.91803    -2.13692    -15.9339     5.63511 -0.00174856  -0.0171125    0.124878    -3.18778   -0.744533     1.09159    0.146825   -0.696687 -0.00197859   -0.188332   0.0277958   -0.669147    -1.08069    -0.14355   -0.667172   0.0018966   -0.181222  -0.0268693
Guess var F_l: 
   0.0365562  -0.00319446      40.8817    0.0386897  -0.00312752      40.8818    0.0362266   0.00394435      40.8928    0.0383601   0.00401129      40.8929    0.0340134  -0.00266717      40.8819     0.035901  -0.00260765       40.882    0.0337213   0.00367931      40.8919    0.0356089   0.00373884       40.892    0.0314738  -0.00237326       40.882    0.0331321  -0.00232078      40.8821    0.0312175   0.00322418      40.8911    0.0328758   0.00327665      40.8912    0.0288285  -0.00214372      40.8821    0.0302643  -0.00209798      40.8822    0.0286069   0.00273848      40.8902    0.0300427   0.00278422      40.8903    0.0260671  -0.00190278      40.8823    0.0272917  -0.00186342      40.8824     0.025878   0.00229747      40.8895    0.0271025   0.00233682      40.8896    0.0232199  -0.00163266      40.8825    0.0242472  -0.00159935      40.8825    0.0230611   0.00192097      40.8887    0.0240884   0.00195428      40.8888    0.0203166  -0.00136117      40.8827    0.0211623  -0.00133355      40.8827    0.0201857   0.00158454      40.8881    0.0210314   0.00161217      40.8881     0.017389  -0.00110405      40.8829    0.0180691  -0.00108173      40.8829    0.0172831   0.00127683      40.8874    0.0179632   0.00129916      40.8875    0.0144742 -0.000867379      40.8831    0.0150044 -0.000849902      40.8832    0.0143908  0.000996135      40.8869     0.014921   0.00101361      40.8869    0.0116138 -0.000654345      40.8834      0.01201 -0.000641234      40.8834    0.0115506  0.000743489      40.8863    0.0119468  0.000756601      40.8864   0.00885356 -0.000467021      40.8836   0.00913251 -0.000457751      40.8837   0.00880819  0.000521038      40.8859   0.00908715  0.000530308      40.8859   0.00624343 -0.000306883      40.8839   0.00642286 -0.000300889      40.8839   0.00621351  0.000331549      40.8854   0.00639294  0.000337543      40.8855   0.00383847 -0.000174919      40.8842   0.00393722 -0.000171598      40.8842   0.00382144  0.000178357      40.8851   0.00392019  0.000181679      40.8851     0.001706 -7.17109e-05      40.8844   0.00174411 -7.04157e-05      40.8844   0.00169911  6.56098e-05      40.8848   0.00173721   6.6905e-05      40.8848 -3.60634e-15 -3.12201e-15      40.8846 -8.61406e-15 -2.37142e-15      40.8846 -3.04989e-15 -1.91864e-14      40.8846 -8.05762e-15 -1.84358e-14      40.8846
Guess var F_r: 
   0.0481618  -0.00325184      40.8817    0.0502604  -0.00331636      40.8816    0.0483326   0.00388718      40.8928    0.0504313   0.00382266      40.8927    0.0443189  -0.00271847      40.8818       0.0462  -0.00277585      40.8817    0.0444828   0.00362833      40.8919    0.0463638   0.00357095      40.8918    0.0405536  -0.00241845      40.8819    0.0422251  -0.00246909      40.8819    0.0407102   0.00317923       40.891    0.0423816   0.00312859       40.891     0.036743  -0.00218308      40.8821    0.0382054   -0.0022273       40.882    0.0368853   0.00269924      40.8902    0.0383477   0.00265502      40.8902    0.0328737   -0.0019366      40.8823    0.0341342  -0.00197468      40.8822    0.0329974   0.00226368      40.8895    0.0342579    0.0022256      40.8894    0.0289777  -0.00166127      40.8825     0.030046   -0.0016935      40.8824    0.0290822   0.00189238      40.8887    0.0301505   0.00186015      40.8887    0.0250898  -0.00138489      40.8827    0.0259768  -0.00141161      40.8826    0.0251757   0.00156084      40.8881    0.0260628   0.00153412       40.888    0.0212479  -0.00112324      40.8829    0.0219661  -0.00114483      40.8829    0.0213165   0.00125767      40.8874    0.0220347   0.00123608      40.8874    0.0174956 -0.000882402      40.8831    0.0180587 -0.000899304      40.8831    0.0175485  0.000981132      40.8869    0.0181116  0.000964231      40.8868     0.013881  -0.00066562      40.8834    0.0143043 -0.000678298      40.8834      0.01392  0.000732231      40.8863    0.0143433  0.000719553      40.8863    0.0104568 -0.000474994      40.8836    0.0107567 -0.000483957      40.8836    0.0104838  0.000513076      40.8859    0.0107837  0.000504113      40.8858   0.00727987 -0.000312037      40.8839   0.00747418 -0.000317831      40.8839   0.00729682    0.0003264      40.8854   0.00749113  0.000320606      40.8854   0.00441228 -0.000177772      40.8842   0.00452018 -0.000180982      40.8841   0.00442136  0.000175504      40.8851   0.00452927  0.000172294      40.8851   0.00192918   -7.282e-05      40.8844   0.00197132 -7.40707e-05      40.8844   0.00193256  6.44979e-05      40.8848    0.0019747  6.32472e-05      40.8848 -1.40079e-14  1.71209e-14      40.8846 -1.72513e-14  1.74833e-14      40.8846 -1.44667e-14  5.28952e-15      40.8846 -1.77101e-14  5.65193e-15      40.8846
Candidate var F_l: 
   0.0365423  -0.00346871      40.8815    0.0386917  -0.00340124      40.8816    0.0362112   0.00373849      40.8926    0.0383607   0.00380596      40.8928    0.0340534  -0.00292755      40.8817    0.0359579  -0.00286754      40.8818    0.0337593   0.00348069      40.8918    0.0356639    0.0035407      40.8919    0.0315359  -0.00260409      40.8818    0.0332082  -0.00255116      40.8819    0.0312782   0.00304598      40.8909    0.0329504    0.0030989       40.891    0.0289051  -0.00233661       40.882     0.030352  -0.00229043      40.8821    0.0286826   0.00258969      40.8901    0.0301295   0.00263587      40.8902    0.0261547  -0.00205783      40.8821    0.0273881  -0.00201807      40.8822    0.0259651   0.00217843      40.8894    0.0271986   0.00221818      40.8895    0.0233136   -0.0017589      40.8824    0.0243484  -0.00172524      40.8824    0.0231546   0.00182333      40.8887    0.0241894   0.00185698      40.8887    0.0204117  -0.00146322      40.8826    0.0212638  -0.00143532      40.8826    0.0202806   0.00150461       40.888    0.0211327   0.00153251      40.8881    0.0174815  -0.00118454      40.8828    0.0181666    -0.001162      40.8829    0.0173754   0.00121286      40.8874    0.0180606    0.0012354      40.8874    0.0145604 -0.000928586      40.8831    0.0150944 -0.000910952      40.8831    0.0144769  0.000946683      40.8868    0.0150109  0.000964317      40.8869    0.0116906 -0.000698609      40.8833    0.0120894  -0.00068539      40.8834    0.0116273  0.000707036      40.8863    0.0120261  0.000720256      40.8863   0.00891816  -0.00049685      40.8836   0.00919871 -0.000487511      40.8836   0.00887278  0.000495888      40.8858   0.00915332  0.000505228      40.8859   0.00629359  -0.00032495      40.8839   0.00647388 -0.000318918      40.8839   0.00626367  0.000315835      40.8854   0.00644396  0.000321867      40.8854   0.00387245 -0.000184028      40.8841   0.00397154 -0.000180691      40.8842   0.00385542  0.000170064      40.8851   0.00395451  0.000173401      40.8851   0.00172269 -7.47655e-05      40.8844   0.00176086 -7.34671e-05      40.8844   0.00171581  6.26041e-05      40.8848   0.00175397  6.39024e-05      40.8848 -2.55245e-15 -3.11988e-15      40.8846 -6.40741e-15   -2.507e-15      40.8846 -2.11849e-15 -1.54578e-14      40.8846 -5.97344e-15  -1.4845e-14      40.8846
Candidate var F_r: 
   0.0482543  -0.00352658      40.8816    0.0503753  -0.00359178      40.8815    0.0484298   0.00368054      40.8927    0.0505507   0.00361534      40.8927    0.0444573  -0.00297921      40.8817    0.0463565  -0.00303722      40.8816    0.0446247   0.00342904      40.8918    0.0465239   0.00337103      40.8917    0.0406992  -0.00264955      40.8818    0.0423855  -0.00270077      40.8818    0.0408598   0.00300044       40.891     0.042546   0.00294921      40.8909    0.0368895  -0.00237617       40.882    0.0383642  -0.00242089      40.8819    0.0370353   0.00254997      40.8902      0.03851   0.00250525      40.8901    0.0330185  -0.00209181      40.8822    0.0342891  -0.00213031      40.8821    0.0331451   0.00214427      40.8894    0.0344156   0.00210577      40.8894    0.0291173  -0.00178764      40.8824    0.0301936   -0.0018202      40.8823     0.029224   0.00179445      40.8887    0.0303003   0.00176188      40.8887    0.0252207  -0.00148705      40.8826    0.0261139  -0.00151403      40.8826    0.0253083   0.00148068       40.888    0.0262015   0.00145369       40.888    0.0213673  -0.00120381      40.8828    0.0220901  -0.00122561      40.8828    0.0214371   0.00119352      40.8874    0.0221599   0.00117172      40.8874    0.0176012 -0.000943678      40.8831    0.0181676 -0.000960729      40.8831    0.0176547  0.000931552      40.8868    0.0182212  0.000914501      40.8868    0.0139709 -0.000709934      40.8834    0.0143963 -0.000722715      40.8833    0.0140101   0.00069569      40.8863    0.0144356   0.00068291      40.8863    0.0105294 -0.000504856      40.8836    0.0108306 -0.000513883      40.8836    0.0105564  0.000487871      40.8858    0.0108576  0.000478844      40.8858   0.00733416 -0.000330122      40.8839   0.00752912 -0.000335951      40.8839   0.00735102  0.000310656      40.8854   0.00754599  0.000304827      40.8854    0.0044478 -0.000186888      40.8841   0.00455592 -0.000190112      40.8841   0.00445675  0.000167198      40.8851   0.00456487  0.000163974      40.8851   0.00194606 -7.58761e-05      40.8844   0.00198821 -7.71295e-05      40.8844   0.00194935  6.14894e-05      40.8848    0.0019915  6.02359e-05      40.8848 -1.06629e-14  1.36603e-14      40.8846 -1.31698e-14  1.39583e-14      40.8846 -1.10094e-14  4.53603e-15      40.8846 -1.35163e-14  4.83396e-15      40.8846
--------------------------------------------- 
Time: 110 ms ------------------
Torque guess: 
    1.35522    -3.18457     2.30783    -15.6133       5.657  -0.0392981     1.13365     2.91803    -2.13692    -15.9339     5.63511 -0.00174856  -0.0171125    0.124878    -3.18778   -0.744533     1.09159    0.146825   -0.696687 -0.00197859   -0.188332   0.0277958   -0.669147    -1.08069    -0.14355   -0.667172   0.0018966   -0.181222  -0.0268693
Torque candidate: 
    1.09926    -3.06836     2.24842    -15.6175      5.6524  -0.0288176     1.08354      2.8817    -2.13095    -15.9163     5.62399 -0.00848986    0.107548   0.0576685     -2.9739   -0.638725     1.05116    0.139898   -0.649678 -0.00192986   -0.175618   0.0259812   -0.736511      -1.084   -0.144044    -0.68352  0.00179038   -0.184626  -0.0271558
Guess var F_l: 
   0.0365423  -0.00346871      40.8815    0.0386917  -0.00340124      40.8816    0.0362112   0.00373849      40.8926    0.0383607   0.00380596      40.8928    0.0340534  -0.00292755      40.8817    0.0359579  -0.00286754      40.8818    0.0337593   0.00348069      40.8918    0.0356639    0.0035407      40.8919    0.0315359  -0.00260409      40.8818    0.0332082  -0.00255116      40.8819    0.0312782   0.00304598      40.8909    0.0329504    0.0030989       40.891    0.0289051  -0.00233661       40.882     0.030352  -0.00229043      40.8821    0.0286826   0.00258969      40.8901    0.0301295   0.00263587      40.8902    0.0261547  -0.00205783      40.8821    0.0273881  -0.00201807      40.8822    0.0259651   0.00217843      40.8894    0.0271986   0.00221818      40.8895    0.0233136   -0.0017589      40.8824    0.0243484  -0.00172524      40.8824    0.0231546   0.00182333      40.8887    0.0241894   0.00185698      40.8887    0.0204117  -0.00146322      40.8826    0.0212638  -0.00143532      40.8826    0.0202806   0.00150461       40.888    0.0211327   0.00153251      40.8881    0.0174815  -0.00118454      40.8828    0.0181666    -0.001162      40.8829    0.0173754   0.00121286      40.8874    0.0180606    0.0012354      40.8874    0.0145604 -0.000928586      40.8831    0.0150944 -0.000910952      40.8831    0.0144769  0.000946683      40.8868    0.0150109  0.000964317      40.8869    0.0116906 -0.000698609      40.8833    0.0120894  -0.00068539      40.8834    0.0116273  0.000707036      40.8863    0.0120261  0.000720256      40.8863   0.00891816  -0.00049685      40.8836   0.00919871 -0.000487511      40.8836   0.00887278  0.000495888      40.8858   0.00915332  0.000505228      40.8859   0.00629359  -0.00032495      40.8839   0.00647388 -0.000318918      40.8839   0.00626367  0.000315835      40.8854   0.00644396  0.000321867      40.8854   0.00387245 -0.000184028      40.8841   0.00397154 -0.000180691      40.8842   0.00385542  0.000170064      40.8851   0.00395451  0.000173401      40.8851   0.00172269 -7.47655e-05      40.8844   0.00176086 -7.34671e-05      40.8844   0.00171581  6.26041e-05      40.8848   0.00175397  6.39024e-05      40.8848 -2.55245e-15 -3.11988e-15      40.8846 -6.40741e-15   -2.507e-15      40.8846 -2.11849e-15 -1.54578e-14      40.8846 -5.97344e-15  -1.4845e-14      40.8846
Guess var F_r: 
   0.0482543  -0.00352658      40.8816    0.0503753  -0.00359178      40.8815    0.0484298   0.00368054      40.8927    0.0505507   0.00361534      40.8927    0.0444573  -0.00297921      40.8817    0.0463565  -0.00303722      40.8816    0.0446247   0.00342904      40.8918    0.0465239   0.00337103      40.8917    0.0406992  -0.00264955      40.8818    0.0423855  -0.00270077      40.8818    0.0408598   0.00300044       40.891     0.042546   0.00294921      40.8909    0.0368895  -0.00237617       40.882    0.0383642  -0.00242089      40.8819    0.0370353   0.00254997      40.8902      0.03851   0.00250525      40.8901    0.0330185  -0.00209181      40.8822    0.0342891  -0.00213031      40.8821    0.0331451   0.00214427      40.8894    0.0344156   0.00210577      40.8894    0.0291173  -0.00178764      40.8824    0.0301936   -0.0018202      40.8823     0.029224   0.00179445      40.8887    0.0303003   0.00176188      40.8887    0.0252207  -0.00148705      40.8826    0.0261139  -0.00151403      40.8826    0.0253083   0.00148068       40.888    0.0262015   0.00145369       40.888    0.0213673  -0.00120381      40.8828    0.0220901  -0.00122561      40.8828    0.0214371   0.00119352      40.8874    0.0221599   0.00117172      40.8874    0.0176012 -0.000943678      40.8831    0.0181676 -0.000960729      40.8831    0.0176547  0.000931552      40.8868    0.0182212  0.000914501      40.8868    0.0139709 -0.000709934      40.8834    0.0143963 -0.000722715      40.8833    0.0140101   0.00069569      40.8863    0.0144356   0.00068291      40.8863    0.0105294 -0.000504856      40.8836    0.0108306 -0.000513883      40.8836    0.0105564  0.000487871      40.8858    0.0108576  0.000478844      40.8858   0.00733416 -0.000330122      40.8839   0.00752912 -0.000335951      40.8839   0.00735102  0.000310656      40.8854   0.00754599  0.000304827      40.8854    0.0044478 -0.000186888      40.8841   0.00455592 -0.000190112      40.8841   0.00445675  0.000167198      40.8851   0.00456487  0.000163974      40.8851   0.00194606 -7.58761e-05      40.8844   0.00198821 -7.71295e-05      40.8844   0.00194935  6.14894e-05      40.8848    0.0019915  6.02359e-05      40.8848 -1.06629e-14  1.36603e-14      40.8846 -1.31698e-14  1.39583e-14      40.8846 -1.10094e-14  4.53603e-15      40.8846 -1.35163e-14  4.83396e-15      40.8846
Candidate var F_l: 
   0.0362706  -0.00402512      40.8811    0.0384486  -0.00395668      40.8812    0.0359374   0.00330699      40.8922    0.0381155   0.00337543      40.8924    0.0339295   -0.0034576      40.8813     0.035865  -0.00339667      40.8814    0.0336324   0.00306629      40.8914    0.0355679   0.00312721      40.8916    0.0314826  -0.00306753      40.8815    0.0331807  -0.00301377      40.8816    0.0312223   0.00268002      40.8906    0.0329204   0.00273378      40.8907    0.0289061  -0.00271816      40.8817     0.030374  -0.00267119      40.8818    0.0286817   0.00228848      40.8899    0.0301496   0.00233544        40.89    0.0262011  -0.00236532      40.8819    0.0274518  -0.00232486       40.882    0.0260104   0.00193517      40.8892    0.0272611   0.00197563      40.8893    0.0233945  -0.00200899      40.8821    0.0244438  -0.00197475      40.8822    0.0232347   0.00162307      40.8885     0.024284    0.0016573      40.8886    0.0205164  -0.00166465      40.8824    0.0213804   -0.0016363      40.8825    0.0203845   0.00134062      40.8879    0.0212485   0.00136897      40.8879    0.0176001  -0.00134273      40.8827    0.0182944  -0.00131985      40.8827    0.0174933   0.00108165      40.8873    0.0181877   0.00110454      40.8873    0.0146839  -0.00104833       40.883    0.0152245  -0.00103045       40.883    0.0145999   0.00084526      40.8867    0.0151405  0.000863142      40.8868    0.0118104   -0.0007848      40.8833    0.0122136 -0.000771416      40.8833    0.0117468   0.00063224      40.8862      0.01215  0.000645624      40.8863   0.00902639 -0.000554642      40.8835   0.00930959 -0.000545205      40.8836   0.00898082  0.000444225      40.8858   0.00926402  0.000453662      40.8858    0.0063829 -0.000359748      40.8838   0.00656452 -0.000353668      40.8839   0.00635289  0.000283486      40.8854   0.00653451  0.000289565      40.8854   0.00393624 -0.000201428      40.8841   0.00403578 -0.000198076      40.8841   0.00391919  0.000152932      40.8851   0.00401873  0.000156284      40.8851   0.00175554 -8.05052e-05      40.8844   0.00179372 -7.92076e-05      40.8844   0.00174865   5.6361e-05      40.8848   0.00178683  5.76586e-05      40.8848 -1.00105e-15  7.98608e-16      40.8846 -4.40165e-15  1.14837e-15      40.8846 -6.23458e-16 -1.02616e-14      40.8846 -4.02406e-15  -9.9118e-15      40.8846
Candidate var F_r: 
   0.0481767  -0.00408386      40.8813    0.0503385  -0.00415032      40.8813    0.0483611   0.00324756      40.8925    0.0505229   0.00318111      40.8925    0.0445176  -0.00350994      40.8815    0.0464507  -0.00356914      40.8814    0.0446914   0.00301334      40.8916    0.0466244   0.00295414      40.8916    0.0408016  -0.00311348      40.8816    0.0425147  -0.00316578      40.8816    0.0409684   0.00263334      40.8908    0.0426815   0.00258104      40.8908     0.037019   -0.0027581      40.8818    0.0385154  -0.00280373      40.8818    0.0371702   0.00224782        40.89    0.0386665   0.00220219        40.89    0.0331682  -0.00239961       40.882     0.034456  -0.00243885       40.882    0.0332994   0.00190027      40.8893    0.0345871   0.00186103      40.8893     0.029279  -0.00203798      40.8822    0.0303685  -0.00207114      40.8822    0.0293895    0.0015936      40.8886     0.030479   0.00156044      40.8886    0.0253866  -0.00168868      40.8825    0.0262897  -0.00171612      40.8825    0.0254771   0.00131624       40.888    0.0263802   0.00128879      40.8879    0.0215304  -0.00136216      40.8827    0.0222602   -0.0013843      40.8827    0.0216024   0.00106198      40.8874    0.0223322   0.00103983      40.8873    0.0177551  -0.00106353       40.883    0.0183262  -0.00108083       40.883    0.0178102  0.000829888      40.8868    0.0183813  0.000812594      40.8868    0.0141099 -0.000796199      40.8833    0.0145382 -0.000809141      40.8833    0.0141501  0.000620731      40.8863    0.0145784   0.00060779      40.8863    0.0106482 -0.000562692      40.8836    0.0109508 -0.000571815      40.8836    0.0106757  0.000436108      40.8858    0.0109783  0.000426986      40.8858   0.00742795 -0.000364941      40.8839   0.00762337 -0.000370816      40.8838   0.00744505  0.000278254      40.8854   0.00764047  0.000272379      40.8854   0.00451238 -0.000204294      40.8841   0.00462042 -0.000207533      40.8841   0.00452137  0.000150045      40.8851   0.00462942  0.000146806      40.8851   0.00197825 -8.16141e-05      40.8844   0.00202019 -8.28671e-05      40.8844   0.00198151  5.52433e-05      40.8848   0.00202346  5.39903e-05      40.8848 -9.89572e-15  1.17192e-14      40.8846 -1.22608e-14  1.19558e-14      40.8846 -1.02229e-14   3.1757e-15      40.8846  -1.2588e-14  3.41224e-15      40.8846
--------------------------------------------- 
Time: 115 ms ------------------
Torque guess: 
    1.09926    -3.06836     2.24842    -15.6175      5.6524  -0.0288176     1.08354      2.8817    -2.13095    -15.9163     5.62399 -0.00848986    0.107548   0.0576685     -2.9739   -0.638725     1.05116    0.139898   -0.649678 -0.00192986   -0.175618   0.0259812   -0.736511      -1.084   -0.144044    -0.68352  0.00179038   -0.184626  -0.0271558
Torque candidate: 
    1.09921    -3.06834     2.24841    -15.6175      5.6524  -0.0288159     1.08357     2.88169    -2.13095    -15.9163     5.62399 -0.00849096    0.107582   0.0576494    -2.97388   -0.638709     1.05115    0.139896   -0.649671 -0.00192988   -0.175616   0.0259809   -0.736539      -1.084   -0.144044   -0.683529  0.00179036   -0.184628  -0.0271559
Guess var F_l: 
   0.0362706  -0.00402512      40.8811    0.0384486  -0.00395668      40.8812    0.0359374   0.00330699      40.8922    0.0381155   0.00337543      40.8924    0.0339295   -0.0034576      40.8813     0.035865  -0.00339667      40.8814    0.0336324   0.00306629      40.8914    0.0355679   0.00312721      40.8916    0.0314826  -0.00306753      40.8815    0.0331807  -0.00301377      40.8816    0.0312223   0.00268002      40.8906    0.0329204   0.00273378      40.8907    0.0289061  -0.00271816      40.8817     0.030374  -0.00267119      40.8818    0.0286817   0.00228848      40.8899    0.0301496   0.00233544        40.89    0.0262011  -0.00236532      40.8819    0.0274518  -0.00232486       40.882    0.0260104   0.00193517      40.8892    0.0272611   0.00197563      40.8893    0.0233945  -0.00200899      40.8821    0.0244438  -0.00197475      40.8822    0.0232347   0.00162307      40.8885     0.024284    0.0016573      40.8886    0.0205164  -0.00166465      40.8824    0.0213804   -0.0016363      40.8825    0.0203845   0.00134062      40.8879    0.0212485   0.00136897      40.8879    0.0176001  -0.00134273      40.8827    0.0182944  -0.00131985      40.8827    0.0174933   0.00108165      40.8873    0.0181877   0.00110454      40.8873    0.0146839  -0.00104833       40.883    0.0152245  -0.00103045       40.883    0.0145999   0.00084526      40.8867    0.0151405  0.000863142      40.8868    0.0118104   -0.0007848      40.8833    0.0122136 -0.000771416      40.8833    0.0117468   0.00063224      40.8862      0.01215  0.000645624      40.8863   0.00902639 -0.000554642      40.8835   0.00930959 -0.000545205      40.8836   0.00898082  0.000444225      40.8858   0.00926402  0.000453662      40.8858    0.0063829 -0.000359748      40.8838   0.00656452 -0.000353668      40.8839   0.00635289  0.000283486      40.8854   0.00653451  0.000289565      40.8854   0.00393624 -0.000201428      40.8841   0.00403578 -0.000198076      40.8841   0.00391919  0.000152932      40.8851   0.00401873  0.000156284      40.8851   0.00175554 -8.05052e-05      40.8844   0.00179372 -7.92076e-05      40.8844   0.00174865   5.6361e-05      40.8848   0.00178683  5.76586e-05      40.8848 -1.00105e-15  7.98608e-16      40.8846 -4.40165e-15  1.14837e-15      40.8846 -6.23458e-16 -1.02616e-14      40.8846 -4.02406e-15  -9.9118e-15      40.8846
Guess var F_r: 
   0.0481767  -0.00408386      40.8813    0.0503385  -0.00415032      40.8813    0.0483611   0.00324756      40.8925    0.0505229   0.00318111      40.8925    0.0445176  -0.00350994      40.8815    0.0464507  -0.00356914      40.8814    0.0446914   0.00301334      40.8916    0.0466244   0.00295414      40.8916    0.0408016  -0.00311348      40.8816    0.0425147  -0.00316578      40.8816    0.0409684   0.00263334      40.8908    0.0426815   0.00258104      40.8908     0.037019   -0.0027581      40.8818    0.0385154  -0.00280373      40.8818    0.0371702   0.00224782        40.89    0.0386665   0.00220219        40.89    0.0331682  -0.00239961       40.882     0.034456  -0.00243885       40.882    0.0332994   0.00190027      40.8893    0.0345871   0.00186103      40.8893     0.029279  -0.00203798      40.8822    0.0303685  -0.00207114      40.8822    0.0293895    0.0015936      40.8886     0.030479   0.00156044      40.8886    0.0253866  -0.00168868      40.8825    0.0262897  -0.00171612      40.8825    0.0254771   0.00131624       40.888    0.0263802   0.00128879      40.8879    0.0215304  -0.00136216      40.8827    0.0222602   -0.0013843      40.8827    0.0216024   0.00106198      40.8874    0.0223322   0.00103983      40.8873    0.0177551  -0.00106353       40.883    0.0183262  -0.00108083       40.883    0.0178102  0.000829888      40.8868    0.0183813  0.000812594      40.8868    0.0141099 -0.000796199      40.8833    0.0145382 -0.000809141      40.8833    0.0141501  0.000620731      40.8863    0.0145784   0.00060779      40.8863    0.0106482 -0.000562692      40.8836    0.0109508 -0.000571815      40.8836    0.0106757  0.000436108      40.8858    0.0109783  0.000426986      40.8858   0.00742795 -0.000364941      40.8839   0.00762337 -0.000370816      40.8838   0.00744505  0.000278254      40.8854   0.00764047  0.000272379      40.8854   0.00451238 -0.000204294      40.8841   0.00462042 -0.000207533      40.8841   0.00452137  0.000150045      40.8851   0.00462942  0.000146806      40.8851   0.00197825 -8.16141e-05      40.8844   0.00202019 -8.28671e-05      40.8844   0.00198151  5.52433e-05      40.8848   0.00202346  5.39903e-05      40.8848 -9.89572e-15  1.17192e-14      40.8846 -1.22608e-14  1.19558e-14      40.8846 -1.02229e-14   3.1757e-15      40.8846  -1.2588e-14  3.41224e-15      40.8846
Candidate var F_l: 
   0.0362705  -0.00402522      40.8811    0.0384485  -0.00395678      40.8812    0.0359373   0.00330692      40.8922    0.0381154   0.00337536      40.8924    0.0339294  -0.00345769      40.8813     0.035865  -0.00339676      40.8814    0.0336323   0.00306621      40.8914    0.0355678   0.00312714      40.8916    0.0314826  -0.00306761      40.8815    0.0331807  -0.00301385      40.8816    0.0312223   0.00267995      40.8906    0.0329204   0.00273372      40.8907    0.0289061  -0.00271822      40.8817    0.0303739  -0.00267126      40.8818    0.0286817   0.00228843      40.8899    0.0301496   0.00233539        40.89    0.0262011  -0.00236537      40.8819    0.0274518  -0.00232491       40.882    0.0260104   0.00193513      40.8892    0.0272611   0.00197559      40.8893    0.0233946  -0.00200903      40.8821    0.0244438  -0.00197479      40.8822    0.0232347   0.00162303      40.8885     0.024284   0.00165727      40.8886    0.0205164  -0.00166468      40.8824    0.0213804  -0.00163633      40.8825    0.0203845   0.00134059      40.8879    0.0212485   0.00136895      40.8879    0.0176001  -0.00134276      40.8827    0.0182945  -0.00131987      40.8827    0.0174934   0.00108163      40.8873    0.0181878   0.00110452      40.8873    0.0146839  -0.00104835       40.883    0.0152245  -0.00103047       40.883    0.0145999  0.000845245      40.8867    0.0151405  0.000863126      40.8868    0.0118104 -0.000784813      40.8833    0.0122136 -0.000771429      40.8833    0.0117469  0.000632228      40.8862    0.0121501  0.000645613      40.8863   0.00902642 -0.000554651      40.8835   0.00930961 -0.000545214      40.8836   0.00898085  0.000444218      40.8858   0.00926404  0.000453654      40.8858   0.00638292 -0.000359753      40.8838   0.00656454 -0.000353673      40.8839   0.00635291  0.000283481      40.8854   0.00653453   0.00028956      40.8854   0.00393626 -0.000201431      40.8841    0.0040358 -0.000198078      40.8841    0.0039192  0.000152929      40.8851   0.00401874  0.000156281      40.8851   0.00175555  -8.0506e-05      40.8844   0.00179373 -7.92084e-05      40.8844   0.00174866  5.63601e-05      40.8848   0.00178684  5.76577e-05      40.8848 -1.00069e-15  7.99039e-16      40.8846 -4.40125e-15  1.14877e-15      40.8846 -6.23117e-16  -1.0261e-14      40.8846 -4.02368e-15 -9.91128e-15      40.8846
Candidate var F_r: 
   0.0481766  -0.00408396      40.8813    0.0503384  -0.00415041      40.8813     0.048361   0.00324749      40.8925    0.0505228   0.00318103      40.8925    0.0445176  -0.00351003      40.8815    0.0464507  -0.00356924      40.8814    0.0446914   0.00301326      40.8916    0.0466244   0.00295406      40.8916    0.0408016  -0.00311356      40.8816    0.0425147  -0.00316586      40.8816    0.0409684   0.00263327      40.8908    0.0426815   0.00258097      40.8908     0.037019  -0.00275816      40.8818    0.0385154   -0.0028038      40.8818    0.0371702   0.00224777        40.89    0.0386666   0.00220214        40.89    0.0331683  -0.00239966       40.882     0.034456   -0.0024389       40.882    0.0332994   0.00190023      40.8893    0.0345871   0.00186099      40.8893     0.029279  -0.00203802      40.8822    0.0303686  -0.00207118      40.8822    0.0293895   0.00159357      40.8886     0.030479   0.00156041      40.8886    0.0253866  -0.00168871      40.8825    0.0262897  -0.00171616      40.8825    0.0254772   0.00131621       40.888    0.0263802   0.00128877      40.8879    0.0215304  -0.00136218      40.8827    0.0222602  -0.00138432      40.8827    0.0216024   0.00106196      40.8874    0.0223322   0.00103981      40.8873    0.0177551  -0.00106355       40.883    0.0183263  -0.00108085       40.883    0.0178103  0.000829873      40.8868    0.0183814  0.000812578      40.8868    0.0141099 -0.000796213      40.8833    0.0145382 -0.000809154      40.8833    0.0141502   0.00062072      40.8863    0.0145784  0.000607779      40.8863    0.0106482 -0.000562701      40.8836    0.0109508 -0.000571824      40.8836    0.0106758  0.000436101      40.8858    0.0109784  0.000426978      40.8858   0.00742797 -0.000364946      40.8839   0.00762339 -0.000370822      40.8838   0.00744507  0.000278249      40.8854   0.00764049  0.000272374      40.8854   0.00451239 -0.000204297      40.8841   0.00462044 -0.000207536      40.8841   0.00452138  0.000150043      40.8851   0.00462943  0.000146804      40.8851   0.00197826 -8.16149e-05      40.8844    0.0020202 -8.28679e-05      40.8844   0.00198152  5.52424e-05      40.8848   0.00202346  5.39894e-05      40.8848 -9.89566e-15   1.1719e-14      40.8846 -1.22607e-14  1.19556e-14      40.8846 -1.02228e-14  3.17563e-15      40.8846 -1.25879e-14  3.41216e-15      40.8846
--------------------------------------------- 
Time: 120 ms ------------------
Torque guess: 
    1.09926    -3.06836     2.24842    -15.6175      5.6524  -0.0288176     1.08354      2.8817    -2.13095    -15.9163     5.62399 -0.00848986    0.107548   0.0576685     -2.9739   -0.638725     1.05116    0.139898   -0.649678 -0.00192986   -0.175618   0.0259812   -0.736511      -1.084   -0.144044    -0.68352  0.00179038   -0.184626  -0.0271558
Torque candidate: 
     1.0992    -3.06833     2.24841    -15.6175      5.6524  -0.0288156     1.08353     2.88169    -2.13095    -15.9163     5.62399 -0.00849115    0.107574   0.0576554    -2.97384   -0.638698     1.05115    0.139896   -0.649666 -0.00192985   -0.175615   0.0259809   -0.736518      -1.084   -0.144044    -0.68352  0.00179034   -0.184626  -0.0271558
Guess var F_l: 
   0.0362706  -0.00402512      40.8811    0.0384486  -0.00395668      40.8812    0.0359374   0.00330699      40.8922    0.0381155   0.00337543      40.8924    0.0339295   -0.0034576      40.8813     0.035865  -0.00339667      40.8814    0.0336324   0.00306629      40.8914    0.0355679   0.00312721      40.8916    0.0314826  -0.00306753      40.8815    0.0331807  -0.00301377      40.8816    0.0312223   0.00268002      40.8906    0.0329204   0.00273378      40.8907    0.0289061  -0.00271816      40.8817     0.030374  -0.00267119      40.8818    0.0286817   0.00228848      40.8899    0.0301496   0.00233544        40.89    0.0262011  -0.00236532      40.8819    0.0274518  -0.00232486       40.882    0.0260104   0.00193517      40.8892    0.0272611   0.00197563      40.8893    0.0233945  -0.00200899      40.8821    0.0244438  -0.00197475      40.8822    0.0232347   0.00162307      40.8885     0.024284    0.0016573      40.8886    0.0205164  -0.00166465      40.8824    0.0213804   -0.0016363      40.8825    0.0203845   0.00134062      40.8879    0.0212485   0.00136897      40.8879    0.0176001  -0.00134273      40.8827    0.0182944  -0.00131985      40.8827    0.0174933   0.00108165      40.8873    0.0181877   0.00110454      40.8873    0.0146839  -0.00104833       40.883    0.0152245  -0.00103045       40.883    0.0145999   0.00084526      40.8867    0.0151405  0.000863142      40.8868    0.0118104   -0.0007848      40.8833    0.0122136 -0.000771416      40.8833    0.0117468   0.00063224      40.8862      0.01215  0.000645624      40.8863   0.00902639 -0.000554642      40.8835   0.00930959 -0.000545205      40.8836   0.00898082  0.000444225      40.8858   0.00926402  0.000453662      40.8858    0.0063829 -0.000359748      40.8838   0.00656452 -0.000353668      40.8839   0.00635289  0.000283486      40.8854   0.00653451  0.000289565      40.8854   0.00393624 -0.000201428      40.8841   0.00403578 -0.000198076      40.8841   0.00391919  0.000152932      40.8851   0.00401873  0.000156284      40.8851   0.00175554 -8.05052e-05      40.8844   0.00179372 -7.92076e-05      40.8844   0.00174865   5.6361e-05      40.8848   0.00178683  5.76586e-05      40.8848 -1.00105e-15  7.98608e-16      40.8846 -4.40165e-15  1.14837e-15      40.8846 -6.23458e-16 -1.02616e-14      40.8846 -4.02406e-15  -9.9118e-15      40.8846
Guess var F_r: 
   0.0481767  -0.00408386      40.8813    0.0503385  -0.00415032      40.8813    0.0483611   0.00324756      40.8925    0.0505229   0.00318111      40.8925    0.0445176  -0.00350994      40.8815    0.0464507  -0.00356914      40.8814    0.0446914   0.00301334      40.8916    0.0466244   0.00295414      40.8916    0.0408016  -0.00311348      40.8816    0.0425147  -0.00316578      40.8816    0.0409684   0.00263334      40.8908    0.0426815   0.00258104      40.8908     0.037019   -0.0027581      40.8818    0.0385154  -0.00280373      40.8818    0.0371702   0.00224782        40.89    0.0386665   0.00220219        40.89    0.0331682  -0.00239961       40.882     0.034456  -0.00243885       40.882    0.0332994   0.00190027      40.8893    0.0345871   0.00186103      40.8893     0.029279  -0.00203798      40.8822    0.0303685  -0.00207114      40.8822    0.0293895    0.0015936      40.8886     0.030479   0.00156044      40.8886    0.0253866  -0.00168868      40.8825    0.0262897  -0.00171612      40.8825    0.0254771   0.00131624       40.888    0.0263802   0.00128879      40.8879    0.0215304  -0.00136216      40.8827    0.0222602   -0.0013843      40.8827    0.0216024   0.00106198      40.8874    0.0223322   0.00103983      40.8873    0.0177551  -0.00106353       40.883    0.0183262  -0.00108083       40.883    0.0178102  0.000829888      40.8868    0.0183813  0.000812594      40.8868    0.0141099 -0.000796199      40.8833    0.0145382 -0.000809141      40.8833    0.0141501  0.000620731      40.8863    0.0145784   0.00060779      40.8863    0.0106482 -0.000562692      40.8836    0.0109508 -0.000571815      40.8836    0.0106757  0.000436108      40.8858    0.0109783  0.000426986      40.8858   0.00742795 -0.000364941      40.8839   0.00762337 -0.000370816      40.8838   0.00744505  0.000278254      40.8854   0.00764047  0.000272379      40.8854   0.00451238 -0.000204294      40.8841   0.00462042 -0.000207533      40.8841   0.00452137  0.000150045      40.8851   0.00462942  0.000146806      40.8851   0.00197825 -8.16141e-05      40.8844   0.00202019 -8.28671e-05      40.8844   0.00198151  5.52433e-05      40.8848   0.00202346  5.39903e-05      40.8848 -9.89572e-15  1.17192e-14      40.8846 -1.22608e-14  1.19558e-14      40.8846 -1.02229e-14   3.1757e-15      40.8846  -1.2588e-14  3.41224e-15      40.8846
Candidate var F_l: 
   0.0362705  -0.00402523      40.8811    0.0384486  -0.00395679      40.8812    0.0359374   0.00330691      40.8922    0.0381155   0.00337535      40.8924    0.0339295   -0.0034577      40.8813     0.035865  -0.00339677      40.8814    0.0336324   0.00306621      40.8914    0.0355679   0.00312714      40.8916    0.0314827  -0.00306761      40.8815    0.0331808  -0.00301385      40.8816    0.0312224   0.00267995      40.8906    0.0329205   0.00273371      40.8907    0.0289061  -0.00271823      40.8817     0.030374  -0.00267126      40.8818    0.0286817   0.00228842      40.8899    0.0301496   0.00233539        40.89    0.0262012  -0.00236537      40.8819    0.0274518  -0.00232492       40.882    0.0260105   0.00193513      40.8892    0.0272611   0.00197558      40.8893    0.0233946  -0.00200903      40.8821    0.0244439   -0.0019748      40.8822    0.0232348   0.00162303      40.8885     0.024284   0.00165727      40.8886    0.0205164  -0.00166469      40.8824    0.0213804  -0.00163633      40.8825    0.0203845   0.00134059      40.8879    0.0212485   0.00136894      40.8879    0.0176001  -0.00134276      40.8827    0.0182945  -0.00131987      40.8827    0.0174934   0.00108163      40.8873    0.0181878   0.00110451      40.8873    0.0146839  -0.00104835       40.883    0.0152245  -0.00103047       40.883       0.0146  0.000845242      40.8867    0.0151405  0.000863124      40.8868    0.0118105 -0.000784815      40.8833    0.0122137 -0.000771431      40.8833    0.0117469  0.000632227      40.8862    0.0121501  0.000645611      40.8863   0.00902643 -0.000554652      40.8835   0.00930963 -0.000545215      40.8836   0.00898087  0.000444216      40.8858   0.00926406  0.000453653      40.8858   0.00638294 -0.000359754      40.8838   0.00656455 -0.000353674      40.8839   0.00635292   0.00028348      40.8854   0.00653454  0.000289559      40.8854   0.00393626 -0.000201431      40.8841    0.0040358 -0.000198079      40.8841   0.00391921  0.000152928      40.8851   0.00401875  0.000156281      40.8851   0.00175555 -8.05062e-05      40.8844   0.00179373 -7.92085e-05      40.8844   0.00174866  5.63599e-05      40.8848   0.00178684  5.76575e-05      40.8848 -1.00096e-15  7.98416e-16      40.8846 -4.40123e-15  1.14815e-15      40.8846 -6.23413e-16 -1.02607e-14      40.8846 -4.02368e-15 -9.91094e-15      40.8846
Candidate var F_r: 
   0.0481767  -0.00408397      40.8813    0.0503385  -0.00415042      40.8813    0.0483611   0.00324748      40.8925    0.0505229   0.00318103      40.8925    0.0445177  -0.00351004      40.8815    0.0464507  -0.00356924      40.8814    0.0446914   0.00301326      40.8916    0.0466245   0.00295406      40.8916    0.0408017  -0.00311357      40.8816    0.0425148  -0.00316587      40.8816    0.0409685   0.00263327      40.8908    0.0426815   0.00258097      40.8908    0.0370191  -0.00275817      40.8818    0.0385155   -0.0028038      40.8818    0.0371702   0.00224777        40.89    0.0386666   0.00220213        40.89    0.0331683  -0.00239966       40.882    0.0344561   -0.0024389       40.882    0.0332994   0.00190023      40.8893    0.0345872   0.00186099      40.8893    0.0292791  -0.00203802      40.8822    0.0303686  -0.00207118      40.8822    0.0293896   0.00159357      40.8886    0.0304791   0.00156041      40.8886    0.0253867  -0.00168872      40.8825    0.0262897  -0.00171616      40.8825    0.0254772   0.00131621       40.888    0.0263803   0.00128876      40.8879    0.0215305  -0.00136218      40.8827    0.0222603  -0.00138433      40.8827    0.0216024   0.00106195      40.8874    0.0223322   0.00103981      40.8873    0.0177552  -0.00106355       40.883    0.0183263  -0.00108085       40.883    0.0178103   0.00082987      40.8868    0.0183814  0.000812576      40.8868      0.01411 -0.000796215      40.8833    0.0145382 -0.000809156      40.8833    0.0141502  0.000620718      40.8863    0.0145785  0.000607777      40.8863    0.0106483 -0.000562703      40.8836    0.0109509 -0.000571825      40.8836    0.0106758  0.000436099      40.8858    0.0109784  0.000426977      40.8858   0.00742798 -0.000364947      40.8839    0.0076234 -0.000370823      40.8838   0.00744508  0.000278248      40.8854    0.0076405  0.000272373      40.8854    0.0045124 -0.000204297      40.8841   0.00462045 -0.000207536      40.8841   0.00452139  0.000150042      40.8851   0.00462944  0.000146803      40.8851   0.00197826  -8.1615e-05      40.8844    0.0020202 -8.28681e-05      40.8844   0.00198153  5.52422e-05      40.8848   0.00202347  5.39892e-05      40.8848 -9.89482e-15  1.17182e-14      40.8846 -1.22596e-14  1.19547e-14      40.8846  -1.0222e-14  3.17559e-15      40.8846 -1.25868e-14  3.41212e-15      40.8846
--------------------------------------------- 
Time: 125 ms ------------------
Torque guess: 
    1.09926    -3.06836     2.24842    -15.6175      5.6524  -0.0288176     1.08354      2.8817    -2.13095    -15.9163     5.62399 -0.00848986    0.107548   0.0576685     -2.9739   -0.638725     1.05116    0.139898   -0.649678 -0.00192986   -0.175618   0.0259812   -0.736511      -1.084   -0.144044    -0.68352  0.00179038   -0.184626  -0.0271558
Torque candidate: 
    1.09919    -3.06833      2.2484    -15.6175      5.6524  -0.0288154     1.08351     2.88169    -2.13095    -15.9163     5.62399 -0.00849129    0.107572   0.0576604    -2.97381   -0.638688     1.05115    0.139897   -0.649661 -0.00192982   -0.175613    0.025981   -0.736505      -1.084   -0.144043   -0.683514  0.00179033   -0.184624  -0.0271556
Guess var F_l: 
   0.0362706  -0.00402512      40.8811    0.0384486  -0.00395668      40.8812    0.0359374   0.00330699      40.8922    0.0381155   0.00337543      40.8924    0.0339295   -0.0034576      40.8813     0.035865  -0.00339667      40.8814    0.0336324   0.00306629      40.8914    0.0355679   0.00312721      40.8916    0.0314826  -0.00306753      40.8815    0.0331807  -0.00301377      40.8816    0.0312223   0.00268002      40.8906    0.0329204   0.00273378      40.8907    0.0289061  -0.00271816      40.8817     0.030374  -0.00267119      40.8818    0.0286817   0.00228848      40.8899    0.0301496   0.00233544        40.89    0.0262011  -0.00236532      40.8819    0.0274518  -0.00232486       40.882    0.0260104   0.00193517      40.8892    0.0272611   0.00197563      40.8893    0.0233945  -0.00200899      40.8821    0.0244438  -0.00197475      40.8822    0.0232347   0.00162307      40.8885     0.024284    0.0016573      40.8886    0.0205164  -0.00166465      40.8824    0.0213804   -0.0016363      40.8825    0.0203845   0.00134062      40.8879    0.0212485   0.00136897      40.8879    0.0176001  -0.00134273      40.8827    0.0182944  -0.00131985      40.8827    0.0174933   0.00108165      40.8873    0.0181877   0.00110454      40.8873    0.0146839  -0.00104833       40.883    0.0152245  -0.00103045       40.883    0.0145999   0.00084526      40.8867    0.0151405  0.000863142      40.8868    0.0118104   -0.0007848      40.8833    0.0122136 -0.000771416      40.8833    0.0117468   0.00063224      40.8862      0.01215  0.000645624      40.8863   0.00902639 -0.000554642      40.8835   0.00930959 -0.000545205      40.8836   0.00898082  0.000444225      40.8858   0.00926402  0.000453662      40.8858    0.0063829 -0.000359748      40.8838   0.00656452 -0.000353668      40.8839   0.00635289  0.000283486      40.8854   0.00653451  0.000289565      40.8854   0.00393624 -0.000201428      40.8841   0.00403578 -0.000198076      40.8841   0.00391919  0.000152932      40.8851   0.00401873  0.000156284      40.8851   0.00175554 -8.05052e-05      40.8844   0.00179372 -7.92076e-05      40.8844   0.00174865   5.6361e-05      40.8848   0.00178683  5.76586e-05      40.8848 -1.00105e-15  7.98608e-16      40.8846 -4.40165e-15  1.14837e-15      40.8846 -6.23458e-16 -1.02616e-14      40.8846 -4.02406e-15  -9.9118e-15      40.8846
Guess var F_r: 
   0.0481767  -0.00408386      40.8813    0.0503385  -0.00415032      40.8813    0.0483611   0.00324756      40.8925    0.0505229   0.00318111      40.8925    0.0445176  -0.00350994      40.8815    0.0464507  -0.00356914      40.8814    0.0446914   0.00301334      40.8916    0.0466244   0.00295414      40.8916    0.0408016  -0.00311348      40.8816    0.0425147  -0.00316578      40.8816    0.0409684   0.00263334      40.8908    0.0426815   0.00258104      40.8908     0.037019   -0.0027581      40.8818    0.0385154  -0.00280373      40.8818    0.0371702   0.00224782        40.89    0.0386665   0.00220219        40.89    0.0331682  -0.00239961       40.882     0.034456  -0.00243885       40.882    0.0332994   0.00190027      40.8893    0.0345871   0.00186103      40.8893     0.029279  -0.00203798      40.8822    0.0303685  -0.00207114      40.8822    0.0293895    0.0015936      40.8886     0.030479   0.00156044      40.8886    0.0253866  -0.00168868      40.8825    0.0262897  -0.00171612      40.8825    0.0254771   0.00131624       40.888    0.0263802   0.00128879      40.8879    0.0215304  -0.00136216      40.8827    0.0222602   -0.0013843      40.8827    0.0216024   0.00106198      40.8874    0.0223322   0.00103983      40.8873    0.0177551  -0.00106353       40.883    0.0183262  -0.00108083       40.883    0.0178102  0.000829888      40.8868    0.0183813  0.000812594      40.8868    0.0141099 -0.000796199      40.8833    0.0145382 -0.000809141      40.8833    0.0141501  0.000620731      40.8863    0.0145784   0.00060779      40.8863    0.0106482 -0.000562692      40.8836    0.0109508 -0.000571815      40.8836    0.0106757  0.000436108      40.8858    0.0109783  0.000426986      40.8858   0.00742795 -0.000364941      40.8839   0.00762337 -0.000370816      40.8838   0.00744505  0.000278254      40.8854   0.00764047  0.000272379      40.8854   0.00451238 -0.000204294      40.8841   0.00462042 -0.000207533      40.8841   0.00452137  0.000150045      40.8851   0.00462942  0.000146806      40.8851   0.00197825 -8.16141e-05      40.8844   0.00202019 -8.28671e-05      40.8844   0.00198151  5.52433e-05      40.8848   0.00202346  5.39903e-05      40.8848 -9.89572e-15  1.17192e-14      40.8846 -1.22608e-14  1.19558e-14      40.8846 -1.02229e-14   3.1757e-15      40.8846  -1.2588e-14  3.41224e-15      40.8846
Candidate var F_l: 
   0.0362706  -0.00402524      40.8811    0.0384486  -0.00395679      40.8812    0.0359374    0.0033069      40.8922    0.0381155   0.00337535      40.8924    0.0339295   -0.0034577      40.8813     0.035865  -0.00339677      40.8814    0.0336324   0.00306621      40.8914    0.0355679   0.00312714      40.8916    0.0314827  -0.00306762      40.8815    0.0331808  -0.00301386      40.8816    0.0312224   0.00267995      40.8906    0.0329205   0.00273371      40.8907    0.0289061  -0.00271823      40.8817     0.030374  -0.00267127      40.8818    0.0286818   0.00228842      40.8899    0.0301497   0.00233538        40.89    0.0262012  -0.00236538      40.8819    0.0274519  -0.00232492       40.882    0.0260105   0.00193512      40.8892    0.0272611   0.00197558      40.8893    0.0233946  -0.00200904      40.8821    0.0244439   -0.0019748      40.8822    0.0232348   0.00162303      40.8885    0.0242841   0.00165726      40.8886    0.0205165  -0.00166469      40.8824    0.0213805  -0.00163633      40.8825    0.0203845   0.00134059      40.8879    0.0212485   0.00136894      40.8879    0.0176001  -0.00134276      40.8827    0.0182945  -0.00131988      40.8827    0.0174934   0.00108162      40.8873    0.0181878   0.00110451      40.8873     0.014684  -0.00104835       40.883    0.0152245  -0.00103047       40.883       0.0146  0.000845241      40.8867    0.0151405  0.000863122      40.8868    0.0118105 -0.000784816      40.8833    0.0122137 -0.000771432      40.8833    0.0117469  0.000632225      40.8862    0.0121501   0.00064561      40.8863   0.00902645 -0.000554652      40.8835   0.00930965 -0.000545216      40.8836   0.00898088  0.000444215      40.8858   0.00926408  0.000453652      40.8858   0.00638295 -0.000359754      40.8838   0.00656456 -0.000353674      40.8839   0.00635293  0.000283479      40.8854   0.00653455  0.000289559      40.8854   0.00393627 -0.000201431      40.8841   0.00403581 -0.000198079      40.8841   0.00391922  0.000152928      40.8851   0.00401876  0.000156281      40.8851   0.00175555 -8.05062e-05      40.8844   0.00179373 -7.92085e-05      40.8844   0.00174867  5.63597e-05      40.8848   0.00178685  5.76573e-05      40.8848 -1.00099e-15  7.98383e-16      40.8846  -4.4012e-15  1.14811e-15      40.8846  -6.2344e-16 -1.02605e-14      40.8846 -4.02365e-15  -9.9108e-15      40.8846
Candidate var F_r: 
   0.0481767  -0.00408398      40.8813    0.0503385  -0.00415043      40.8813    0.0483611   0.00324747      40.8925    0.0505229   0.00318102      40.8925    0.0445177  -0.00351004      40.8815    0.0464508  -0.00356925      40.8814    0.0446915   0.00301326      40.8916    0.0466245   0.00295406      40.8916    0.0408017  -0.00311357      40.8816    0.0425148  -0.00316587      40.8816    0.0409685   0.00263327      40.8908    0.0426816   0.00258097      40.8908    0.0370191  -0.00275817      40.8818    0.0385155   -0.0028038      40.8818    0.0371703   0.00224777        40.89    0.0386666   0.00220213        40.89    0.0331683  -0.00239967       40.882    0.0344561  -0.00243891       40.882    0.0332995   0.00190023      40.8893    0.0345872   0.00186099      40.8893    0.0292791  -0.00203802      40.8822    0.0303686  -0.00207118      40.8822    0.0293896   0.00159357      40.8886    0.0304791   0.00156041      40.8886    0.0253867  -0.00168872      40.8825    0.0262898  -0.00171616      40.8825    0.0254772   0.00131621       40.888    0.0263803   0.00128876      40.8879    0.0215305  -0.00136219      40.8827    0.0222603  -0.00138433      40.8827    0.0216025   0.00106195      40.8874    0.0223323   0.00103981      40.8873    0.0177552  -0.00106356       40.883    0.0183263  -0.00108085       40.883    0.0178103  0.000829869      40.8868    0.0183814  0.000812574      40.8868      0.01411 -0.000796215      40.8833    0.0145382 -0.000809157      40.8833    0.0141502  0.000620717      40.8863    0.0145785  0.000607776      40.8863    0.0106483 -0.000562703      40.8836    0.0109509 -0.000571825      40.8836    0.0106758  0.000436098      40.8858    0.0109784  0.000426976      40.8858   0.00742799 -0.000364947      40.8839   0.00762341 -0.000370823      40.8838   0.00744509  0.000278248      40.8854   0.00764051  0.000272372      40.8854   0.00451241 -0.000204297      40.8841   0.00462045 -0.000207536      40.8841    0.0045214  0.000150042      40.8851   0.00462945  0.000146803      40.8851   0.00197827  -8.1615e-05      40.8844   0.00202021 -8.28681e-05      40.8844   0.00198153   5.5242e-05      40.8848   0.00202347   5.3989e-05      40.8848 -9.89464e-15   1.1718e-14      40.8846 -1.22594e-14  1.19545e-14      40.8846 -1.02218e-14  3.17551e-15      40.8846 -1.25866e-14  3.41203e-15      40.8846
--------------------------------------------- 
Time: 130 ms ------------------
Torque guess: 
    1.09926    -3.06836     2.24842    -15.6175      5.6524  -0.0288176     1.08354      2.8817    -2.13095    -15.9163     5.62399 -0.00848986    0.107548   0.0576685     -2.9739   -0.638725     1.05116    0.139898   -0.649678 -0.00192986   -0.175618   0.0259812   -0.736511      -1.084   -0.144044    -0.68352  0.00179038   -0.184626  -0.0271558
Torque candidate: 
   0.415556    -2.76503     2.09231    -15.6102      5.6414 -0.00889868    0.617235     2.73055    -2.08478    -15.8828     5.60435  -0.0209516     0.30514   0.0295775    -1.99588   -0.253412     1.00972    0.134557   -0.475324  -0.0014444   -0.127114    0.024348   -0.607149     -1.0127   -0.131303   -0.602071  0.00133002   -0.160243  -0.0240612
Guess var F_l: 
   0.0362706  -0.00402512      40.8811    0.0384486  -0.00395668      40.8812    0.0359374   0.00330699      40.8922    0.0381155   0.00337543      40.8924    0.0339295   -0.0034576      40.8813     0.035865  -0.00339667      40.8814    0.0336324   0.00306629      40.8914    0.0355679   0.00312721      40.8916    0.0314826  -0.00306753      40.8815    0.0331807  -0.00301377      40.8816    0.0312223   0.00268002      40.8906    0.0329204   0.00273378      40.8907    0.0289061  -0.00271816      40.8817     0.030374  -0.00267119      40.8818    0.0286817   0.00228848      40.8899    0.0301496   0.00233544        40.89    0.0262011  -0.00236532      40.8819    0.0274518  -0.00232486       40.882    0.0260104   0.00193517      40.8892    0.0272611   0.00197563      40.8893    0.0233945  -0.00200899      40.8821    0.0244438  -0.00197475      40.8822    0.0232347   0.00162307      40.8885     0.024284    0.0016573      40.8886    0.0205164  -0.00166465      40.8824    0.0213804   -0.0016363      40.8825    0.0203845   0.00134062      40.8879    0.0212485   0.00136897      40.8879    0.0176001  -0.00134273      40.8827    0.0182944  -0.00131985      40.8827    0.0174933   0.00108165      40.8873    0.0181877   0.00110454      40.8873    0.0146839  -0.00104833       40.883    0.0152245  -0.00103045       40.883    0.0145999   0.00084526      40.8867    0.0151405  0.000863142      40.8868    0.0118104   -0.0007848      40.8833    0.0122136 -0.000771416      40.8833    0.0117468   0.00063224      40.8862      0.01215  0.000645624      40.8863   0.00902639 -0.000554642      40.8835   0.00930959 -0.000545205      40.8836   0.00898082  0.000444225      40.8858   0.00926402  0.000453662      40.8858    0.0063829 -0.000359748      40.8838   0.00656452 -0.000353668      40.8839   0.00635289  0.000283486      40.8854   0.00653451  0.000289565      40.8854   0.00393624 -0.000201428      40.8841   0.00403578 -0.000198076      40.8841   0.00391919  0.000152932      40.8851   0.00401873  0.000156284      40.8851   0.00175554 -8.05052e-05      40.8844   0.00179372 -7.92076e-05      40.8844   0.00174865   5.6361e-05      40.8848   0.00178683  5.76586e-05      40.8848 -1.00105e-15  7.98608e-16      40.8846 -4.40165e-15  1.14837e-15      40.8846 -6.23458e-16 -1.02616e-14      40.8846 -4.02406e-15  -9.9118e-15      40.8846
Guess var F_r: 
   0.0481767  -0.00408386      40.8813    0.0503385  -0.00415032      40.8813    0.0483611   0.00324756      40.8925    0.0505229   0.00318111      40.8925    0.0445176  -0.00350994      40.8815    0.0464507  -0.00356914      40.8814    0.0446914   0.00301334      40.8916    0.0466244   0.00295414      40.8916    0.0408016  -0.00311348      40.8816    0.0425147  -0.00316578      40.8816    0.0409684   0.00263334      40.8908    0.0426815   0.00258104      40.8908     0.037019   -0.0027581      40.8818    0.0385154  -0.00280373      40.8818    0.0371702   0.00224782        40.89    0.0386665   0.00220219        40.89    0.0331682  -0.00239961       40.882     0.034456  -0.00243885       40.882    0.0332994   0.00190027      40.8893    0.0345871   0.00186103      40.8893     0.029279  -0.00203798      40.8822    0.0303685  -0.00207114      40.8822    0.0293895    0.0015936      40.8886     0.030479   0.00156044      40.8886    0.0253866  -0.00168868      40.8825    0.0262897  -0.00171612      40.8825    0.0254771   0.00131624       40.888    0.0263802   0.00128879      40.8879    0.0215304  -0.00136216      40.8827    0.0222602   -0.0013843      40.8827    0.0216024   0.00106198      40.8874    0.0223322   0.00103983      40.8873    0.0177551  -0.00106353       40.883    0.0183262  -0.00108083       40.883    0.0178102  0.000829888      40.8868    0.0183813  0.000812594      40.8868    0.0141099 -0.000796199      40.8833    0.0145382 -0.000809141      40.8833    0.0141501  0.000620731      40.8863    0.0145784   0.00060779      40.8863    0.0106482 -0.000562692      40.8836    0.0109508 -0.000571815      40.8836    0.0106757  0.000436108      40.8858    0.0109783  0.000426986      40.8858   0.00742795 -0.000364941      40.8839   0.00762337 -0.000370816      40.8838   0.00744505  0.000278254      40.8854   0.00764047  0.000272379      40.8854   0.00451238 -0.000204294      40.8841   0.00462042 -0.000207533      40.8841   0.00452137  0.000150045      40.8851   0.00462942  0.000146806      40.8851   0.00197825 -8.16141e-05      40.8844   0.00202019 -8.28671e-05      40.8844   0.00198151  5.52433e-05      40.8848   0.00202346  5.39903e-05      40.8848 -9.89572e-15  1.17192e-14      40.8846 -1.22608e-14  1.19558e-14      40.8846 -1.02229e-14   3.1757e-15      40.8846  -1.2588e-14  3.41224e-15      40.8846
Candidate var F_l: 
   0.0363936  -0.00503016      40.8797     0.038629   -0.0049596      40.8799    0.0360553    0.0025506       40.891    0.0382907   0.00262116      40.8913    0.0343644  -0.00434643        40.88      0.03636  -0.00428356      40.8802    0.0340596   0.00240563      40.8904    0.0360552    0.0024685      40.8906     0.032078  -0.00383051      40.8803    0.0338266  -0.00377508      40.8805    0.0318103    0.0021053      40.8898    0.0335588   0.00216073      40.8899    0.0296038   -0.0033379      40.8807    0.0311139  -0.00328954      40.8808    0.0293722   0.00181841      40.8891    0.0308823   0.00186677      40.8893    0.0269677  -0.00286762       40.881    0.0282535  -0.00282604      40.8811      0.02677    0.0015476      40.8885    0.0280558   0.00158917      40.8887    0.0241974  -0.00241682      40.8814    0.0252753  -0.00238173      40.8815    0.0240309   0.00129983       40.888    0.0251088   0.00133492      40.8881     0.021324  -0.00199114      40.8818    0.0222101  -0.00196217      40.8819    0.0211861   0.00107344      40.8875    0.0220722   0.00110241      40.8876    0.0183831  -0.00159692      40.8822    0.0190934  -0.00157362      40.8822    0.0182712  0.000866028       40.887    0.0189815   0.00088933      40.8871    0.0154145  -0.00123864      40.8826    0.0159655   -0.0012205      40.8826    0.0153264  0.000677021      40.8865    0.0158774  0.000695155      40.8866    0.0124627 -0.000919861      40.8829    0.0128719 -0.000906352       40.883     0.012396   0.00050677      40.8861    0.0128052   0.00052028      40.8862   0.00957711 -0.000643494      40.8833   0.00986305 -0.000634024      40.8834   0.00952931  0.000356317      40.8857   0.00981525  0.000365787      40.8858   0.00681206 -0.000411784      40.8837    0.0069942 -0.000405728      40.8837   0.00678059  0.000227374      40.8854   0.00696273   0.00023343      40.8854   0.00422785 -0.000226295       40.884   0.00432677  -0.00022299      40.8841   0.00420998  0.000122389      40.8851   0.00430889  0.000125695      40.8851   0.00189919 -8.79987e-05      40.8844   0.00193661 -8.67387e-05      40.8844   0.00189198    4.476e-05      40.8848    0.0019294    4.602e-05      40.8848 -3.08993e-16 -7.93881e-16      40.8846 -4.37045e-16 -7.57035e-16      40.8846 -2.87782e-16 -1.16632e-15      40.8846 -4.15834e-16 -1.12947e-15      40.8846
Candidate var F_r: 
   0.0486866  -0.00509092      40.8802    0.0509297     -0.00516      40.8802    0.0488887   0.00248798      40.8916    0.0511318   0.00241891      40.8916    0.0453176  -0.00440031      40.8804    0.0473174  -0.00446181      40.8804    0.0454993   0.00235021      40.8909    0.0474992   0.00228871      40.8909    0.0417026  -0.00387776      40.8807    0.0434669    -0.003932      40.8807    0.0418728   0.00205646      40.8902    0.0436371   0.00200223      40.8901    0.0379611  -0.00337887       40.881    0.0394972  -0.00342608       40.881    0.0381149   0.00177597      40.8895     0.039651   0.00172877      40.8895    0.0341233  -0.00290272      40.8813     0.035441  -0.00294318      40.8813    0.0342569   0.00151126      40.8888    0.0355747   0.00147079      40.8888    0.0302218  -0.00244643      40.8816     0.031333  -0.00248052      40.8816    0.0303346   0.00126923      40.8882    0.0314458   0.00123514      40.8882    0.0262932  -0.00201562       40.882     0.027211  -0.00204375      40.8819    0.0263857   0.00104819      40.8877    0.0273036   0.00102007      40.8877    0.0223784  -0.00161666      40.8823    0.0231173  -0.00163927      40.8823     0.022452  0.000845716      40.8871    0.0231909  0.000823107      40.8871    0.0185235  -0.00125404      40.8827    0.0190994  -0.00127163      40.8827    0.0185798   0.00066121      40.8866    0.0191557  0.000643623      40.8866    0.0147794 -0.000931367       40.883    0.0152091 -0.000944465       40.883    0.0148204  0.000494987      40.8862    0.0152501  0.000481889      40.8862    0.0112018 -0.000651582      40.8834    0.0115037 -0.000660761      40.8834    0.0112297  0.000348052      40.8858    0.0115316  0.000338873      40.8858   0.00785147  -0.00041697      40.8837   0.00804506 -0.000422838      40.8837   0.00786861  0.000222085      40.8854    0.0080622  0.000216217      40.8854   0.00479542 -0.000229133      40.8841   0.00490144 -0.000232335      40.8841   0.00480429  0.000119499      40.8851   0.00491031  0.000116297      40.8851   0.00211554 -8.90825e-05      40.8844   0.00215613 -9.03029e-05      40.8844   0.00211867  4.36561e-05      40.8848   0.00215926  4.24356e-05      40.8848 -4.86142e-16  1.30547e-15      40.8846 -5.16508e-16  1.34436e-15      40.8846 -4.93147e-16  1.15966e-15      40.8846 -5.23513e-16  1.19855e-15      40.8846
--------------------------------------------- 
Time: 135 ms ------------------
Torque guess: 
   0.415556    -2.76503     2.09231    -15.6102      5.6414 -0.00889868    0.617235     2.73055    -2.08478    -15.8828     5.60435  -0.0209516     0.30514   0.0295775    -1.99588   -0.253412     1.00972    0.134557   -0.475324  -0.0014444   -0.127114    0.024348   -0.607149     -1.0127   -0.131303   -0.602071  0.00133002   -0.160243  -0.0240612
Torque candidate: 
   0.415548    -2.76502     2.09231    -15.6102      5.6414 -0.00889857    0.617275     2.73054    -2.08478    -15.8828     5.60435  -0.0209516    0.305154   0.0295655    -1.99592    -0.25342     1.00972    0.134557   -0.475328 -0.00144444   -0.127116   0.0243481   -0.607169    -1.01271   -0.131304   -0.602079  0.00133001   -0.160245  -0.0240615
Guess var F_l: 
   0.0363936  -0.00503016      40.8797     0.038629   -0.0049596      40.8799    0.0360553    0.0025506       40.891    0.0382907   0.00262116      40.8913    0.0343644  -0.00434643        40.88      0.03636  -0.00428356      40.8802    0.0340596   0.00240563      40.8904    0.0360552    0.0024685      40.8906     0.032078  -0.00383051      40.8803    0.0338266  -0.00377508      40.8805    0.0318103    0.0021053      40.8898    0.0335588   0.00216073      40.8899    0.0296038   -0.0033379      40.8807    0.0311139  -0.00328954      40.8808    0.0293722   0.00181841      40.8891    0.0308823   0.00186677      40.8893    0.0269677  -0.00286762       40.881    0.0282535  -0.00282604      40.8811      0.02677    0.0015476      40.8885    0.0280558   0.00158917      40.8887    0.0241974  -0.00241682      40.8814    0.0252753  -0.00238173      40.8815    0.0240309   0.00129983       40.888    0.0251088   0.00133492      40.8881     0.021324  -0.00199114      40.8818    0.0222101  -0.00196217      40.8819    0.0211861   0.00107344      40.8875    0.0220722   0.00110241      40.8876    0.0183831  -0.00159692      40.8822    0.0190934  -0.00157362      40.8822    0.0182712  0.000866028       40.887    0.0189815   0.00088933      40.8871    0.0154145  -0.00123864      40.8826    0.0159655   -0.0012205      40.8826    0.0153264  0.000677021      40.8865    0.0158774  0.000695155      40.8866    0.0124627 -0.000919861      40.8829    0.0128719 -0.000906352       40.883     0.012396   0.00050677      40.8861    0.0128052   0.00052028      40.8862   0.00957711 -0.000643494      40.8833   0.00986305 -0.000634024      40.8834   0.00952931  0.000356317      40.8857   0.00981525  0.000365787      40.8858   0.00681206 -0.000411784      40.8837    0.0069942 -0.000405728      40.8837   0.00678059  0.000227374      40.8854   0.00696273   0.00023343      40.8854   0.00422785 -0.000226295       40.884   0.00432677  -0.00022299      40.8841   0.00420998  0.000122389      40.8851   0.00430889  0.000125695      40.8851   0.00189919 -8.79987e-05      40.8844   0.00193661 -8.67387e-05      40.8844   0.00189198    4.476e-05      40.8848    0.0019294    4.602e-05      40.8848 -3.08993e-16 -7.93881e-16      40.8846 -4.37045e-16 -7.57035e-16      40.8846 -2.87782e-16 -1.16632e-15      40.8846 -4.15834e-16 -1.12947e-15      40.8846
Guess var F_r: 
   0.0486866  -0.00509092      40.8802    0.0509297     -0.00516      40.8802    0.0488887   0.00248798      40.8916    0.0511318   0.00241891      40.8916    0.0453176  -0.00440031      40.8804    0.0473174  -0.00446181      40.8804    0.0454993   0.00235021      40.8909    0.0474992   0.00228871      40.8909    0.0417026  -0.00387776      40.8807    0.0434669    -0.003932      40.8807    0.0418728   0.00205646      40.8902    0.0436371   0.00200223      40.8901    0.0379611  -0.00337887       40.881    0.0394972  -0.00342608       40.881    0.0381149   0.00177597      40.8895     0.039651   0.00172877      40.8895    0.0341233  -0.00290272      40.8813     0.035441  -0.00294318      40.8813    0.0342569   0.00151126      40.8888    0.0355747   0.00147079      40.8888    0.0302218  -0.00244643      40.8816     0.031333  -0.00248052      40.8816    0.0303346   0.00126923      40.8882    0.0314458   0.00123514      40.8882    0.0262932  -0.00201562       40.882     0.027211  -0.00204375      40.8819    0.0263857   0.00104819      40.8877    0.0273036   0.00102007      40.8877    0.0223784  -0.00161666      40.8823    0.0231173  -0.00163927      40.8823     0.022452  0.000845716      40.8871    0.0231909  0.000823107      40.8871    0.0185235  -0.00125404      40.8827    0.0190994  -0.00127163      40.8827    0.0185798   0.00066121      40.8866    0.0191557  0.000643623      40.8866    0.0147794 -0.000931367       40.883    0.0152091 -0.000944465       40.883    0.0148204  0.000494987      40.8862    0.0152501  0.000481889      40.8862    0.0112018 -0.000651582      40.8834    0.0115037 -0.000660761      40.8834    0.0112297  0.000348052      40.8858    0.0115316  0.000338873      40.8858   0.00785147  -0.00041697      40.8837   0.00804506 -0.000422838      40.8837   0.00786861  0.000222085      40.8854    0.0080622  0.000216217      40.8854   0.00479542 -0.000229133      40.8841   0.00490144 -0.000232335      40.8841   0.00480429  0.000119499      40.8851   0.00491031  0.000116297      40.8851   0.00211554 -8.90825e-05      40.8844   0.00215613 -9.03029e-05      40.8844   0.00211867  4.36561e-05      40.8848   0.00215926  4.24356e-05      40.8848 -4.86142e-16  1.30547e-15      40.8846 -5.16508e-16  1.34436e-15      40.8846 -4.93147e-16  1.15966e-15      40.8846 -5.23513e-16  1.19855e-15      40.8846
Candidate var F_l: 
   0.0363934  -0.00503018      40.8797    0.0386289  -0.00495961      40.8799    0.0360552   0.00255059       40.891    0.0382906   0.00262115      40.8913    0.0343643  -0.00434646        40.88    0.0363599  -0.00428358      40.8802    0.0340595    0.0024056      40.8904    0.0360551   0.00246847      40.8906    0.0320779  -0.00383053      40.8803    0.0338265   -0.0037751      40.8805    0.0318102   0.00210528      40.8898    0.0335588   0.00216071      40.8899    0.0296038  -0.00333791      40.8807    0.0311138  -0.00328954      40.8808    0.0293722    0.0018184      40.8891    0.0308822   0.00186676      40.8893    0.0269677  -0.00286762       40.881    0.0282535  -0.00282604      40.8811      0.02677   0.00154759      40.8885    0.0280558   0.00158917      40.8887    0.0241973  -0.00241682      40.8814    0.0252752  -0.00238173      40.8815    0.0240308   0.00129983       40.888    0.0251087   0.00133492      40.8881     0.021324  -0.00199114      40.8818    0.0222101  -0.00196217      40.8819    0.0211861   0.00107345      40.8875    0.0220722   0.00110242      40.8876    0.0183831  -0.00159692      40.8822    0.0190934  -0.00157362      40.8822    0.0182712  0.000866031       40.887    0.0189815  0.000889333      40.8871    0.0154145  -0.00123863      40.8826    0.0159655   -0.0012205      40.8826    0.0153263  0.000677024      40.8865    0.0158774  0.000695158      40.8866    0.0124627 -0.000919856      40.8829    0.0128719 -0.000906347       40.883     0.012396  0.000506773      40.8861    0.0128052  0.000520282      40.8862   0.00957711 -0.000643489      40.8833   0.00986305 -0.000634019      40.8834    0.0095293  0.000356318      40.8857   0.00981524  0.000365788      40.8858   0.00681206  -0.00041178      40.8837    0.0069942 -0.000405725      40.8837   0.00678059  0.000227375      40.8854   0.00696273  0.000233431      40.8854   0.00422785 -0.000226293       40.884   0.00432677 -0.000222988      40.8841   0.00420998   0.00012239      40.8851   0.00430889  0.000125695      40.8851   0.00189919 -8.79976e-05      40.8844   0.00193661 -8.67376e-05      40.8844   0.00189198  4.47602e-05      40.8848    0.0019294  4.60202e-05      40.8848 -3.08475e-16 -7.91983e-16      40.8846  -4.3734e-16 -7.55159e-16      40.8846 -2.87227e-16 -1.16712e-15      40.8846 -4.16092e-16 -1.13029e-15      40.8846
Candidate var F_r: 
   0.0486864  -0.00509094      40.8802    0.0509296  -0.00516001      40.8802    0.0488885   0.00248796      40.8916    0.0511317   0.00241889      40.8916    0.0453174  -0.00440034      40.8804    0.0473173  -0.00446184      40.8804    0.0454992   0.00235017      40.8909    0.0474991   0.00228868      40.8909    0.0417025  -0.00387778      40.8807    0.0434668  -0.00393202      40.8807    0.0418727   0.00205644      40.8902     0.043637   0.00200221      40.8901     0.037961  -0.00337888       40.881    0.0394971  -0.00342608       40.881    0.0381148   0.00177596      40.8895     0.039651   0.00172876      40.8895    0.0341232  -0.00290272      40.8813     0.035441  -0.00294318      40.8813    0.0342569   0.00151125      40.8888    0.0355746   0.00147079      40.8888    0.0302218  -0.00244642      40.8816    0.0313329  -0.00248051      40.8816    0.0303346   0.00126923      40.8882    0.0314458   0.00123514      40.8882    0.0262931  -0.00201562       40.882    0.0272109  -0.00204374      40.8819    0.0263857   0.00104819      40.8877    0.0273035   0.00102007      40.8877    0.0223783  -0.00161665      40.8823    0.0231173  -0.00163926      40.8823     0.022452  0.000845719      40.8871    0.0231909   0.00082311      40.8871    0.0185235  -0.00125403      40.8827    0.0190993  -0.00127162      40.8827    0.0185798  0.000661213      40.8866    0.0191556  0.000643626      40.8866    0.0147794 -0.000931362       40.883    0.0152091 -0.000944459       40.883    0.0148204  0.000494989      40.8862    0.0152501  0.000481892      40.8862    0.0112018 -0.000651578      40.8834    0.0115037 -0.000660756      40.8834    0.0112296  0.000348054      40.8858    0.0115316  0.000338875      40.8858   0.00785146 -0.000416966      40.8837   0.00804505 -0.000422834      40.8837   0.00786861  0.000222086      40.8854    0.0080622  0.000216218      40.8854   0.00479541 -0.000229131      40.8841   0.00490143 -0.000232333      40.8841   0.00480429    0.0001195      40.8851   0.00491031  0.000116298      40.8851   0.00211554 -8.90814e-05      40.8844   0.00215612 -9.03019e-05      40.8844   0.00211867  4.36563e-05      40.8848   0.00215925  4.24359e-05      40.8848 -4.89068e-16  1.30746e-15      40.8846 -5.20006e-16  1.34637e-15      40.8846 -4.96143e-16  1.15966e-15      40.8846 -5.27082e-16  1.19856e-15      40.8846
--------------------------------------------- 
Time: 140 ms ------------------
Torque guess: 
   0.415556    -2.76503     2.09231    -15.6102      5.6414 -0.00889868    0.617235     2.73055    -2.08478    -15.8828     5.60435  -0.0209516     0.30514   0.0295775    -1.99588   -0.253412     1.00972    0.134557   -0.475324  -0.0014444   -0.127114    0.024348   -0.607149     -1.0127   -0.131303   -0.602071  0.00133002   -0.160243  -0.0240612
Torque candidate: 
    0.41555    -2.76502     2.09231    -15.6102      5.6414 -0.00889848    0.617236     2.73055    -2.08478    -15.8828     5.60435  -0.0209517    0.305133   0.0295614    -1.99587   -0.253413     1.00972    0.134557   -0.475324 -0.00144441   -0.127114    0.024348   -0.607135    -1.01271   -0.131305   -0.602065  0.00132999   -0.160241  -0.0240616
Guess var F_l: 
   0.0363936  -0.00503016      40.8797     0.038629   -0.0049596      40.8799    0.0360553    0.0025506       40.891    0.0382907   0.00262116      40.8913    0.0343644  -0.00434643        40.88      0.03636  -0.00428356      40.8802    0.0340596   0.00240563      40.8904    0.0360552    0.0024685      40.8906     0.032078  -0.00383051      40.8803    0.0338266  -0.00377508      40.8805    0.0318103    0.0021053      40.8898    0.0335588   0.00216073      40.8899    0.0296038   -0.0033379      40.8807    0.0311139  -0.00328954      40.8808    0.0293722   0.00181841      40.8891    0.0308823   0.00186677      40.8893    0.0269677  -0.00286762       40.881    0.0282535  -0.00282604      40.8811      0.02677    0.0015476      40.8885    0.0280558   0.00158917      40.8887    0.0241974  -0.00241682      40.8814    0.0252753  -0.00238173      40.8815    0.0240309   0.00129983       40.888    0.0251088   0.00133492      40.8881     0.021324  -0.00199114      40.8818    0.0222101  -0.00196217      40.8819    0.0211861   0.00107344      40.8875    0.0220722   0.00110241      40.8876    0.0183831  -0.00159692      40.8822    0.0190934  -0.00157362      40.8822    0.0182712  0.000866028       40.887    0.0189815   0.00088933      40.8871    0.0154145  -0.00123864      40.8826    0.0159655   -0.0012205      40.8826    0.0153264  0.000677021      40.8865    0.0158774  0.000695155      40.8866    0.0124627 -0.000919861      40.8829    0.0128719 -0.000906352       40.883     0.012396   0.00050677      40.8861    0.0128052   0.00052028      40.8862   0.00957711 -0.000643494      40.8833   0.00986305 -0.000634024      40.8834   0.00952931  0.000356317      40.8857   0.00981525  0.000365787      40.8858   0.00681206 -0.000411784      40.8837    0.0069942 -0.000405728      40.8837   0.00678059  0.000227374      40.8854   0.00696273   0.00023343      40.8854   0.00422785 -0.000226295       40.884   0.00432677  -0.00022299      40.8841   0.00420998  0.000122389      40.8851   0.00430889  0.000125695      40.8851   0.00189919 -8.79987e-05      40.8844   0.00193661 -8.67387e-05      40.8844   0.00189198    4.476e-05      40.8848    0.0019294    4.602e-05      40.8848 -3.08993e-16 -7.93881e-16      40.8846 -4.37045e-16 -7.57035e-16      40.8846 -2.87782e-16 -1.16632e-15      40.8846 -4.15834e-16 -1.12947e-15      40.8846
Guess var F_r: 
   0.0486866  -0.00509092      40.8802    0.0509297     -0.00516      40.8802    0.0488887   0.00248798      40.8916    0.0511318   0.00241891      40.8916    0.0453176  -0.00440031      40.8804    0.0473174  -0.00446181      40.8804    0.0454993   0.00235021      40.8909    0.0474992   0.00228871      40.8909    0.0417026  -0.00387776      40.8807    0.0434669    -0.003932      40.8807    0.0418728   0.00205646      40.8902    0.0436371   0.00200223      40.8901    0.0379611  -0.00337887       40.881    0.0394972  -0.00342608       40.881    0.0381149   0.00177597      40.8895     0.039651   0.00172877      40.8895    0.0341233  -0.00290272      40.8813     0.035441  -0.00294318      40.8813    0.0342569   0.00151126      40.8888    0.0355747   0.00147079      40.8888    0.0302218  -0.00244643      40.8816     0.031333  -0.00248052      40.8816    0.0303346   0.00126923      40.8882    0.0314458   0.00123514      40.8882    0.0262932  -0.00201562       40.882     0.027211  -0.00204375      40.8819    0.0263857   0.00104819      40.8877    0.0273036   0.00102007      40.8877    0.0223784  -0.00161666      40.8823    0.0231173  -0.00163927      40.8823     0.022452  0.000845716      40.8871    0.0231909  0.000823107      40.8871    0.0185235  -0.00125404      40.8827    0.0190994  -0.00127163      40.8827    0.0185798   0.00066121      40.8866    0.0191557  0.000643623      40.8866    0.0147794 -0.000931367       40.883    0.0152091 -0.000944465       40.883    0.0148204  0.000494987      40.8862    0.0152501  0.000481889      40.8862    0.0112018 -0.000651582      40.8834    0.0115037 -0.000660761      40.8834    0.0112297  0.000348052      40.8858    0.0115316  0.000338873      40.8858   0.00785147  -0.00041697      40.8837   0.00804506 -0.000422838      40.8837   0.00786861  0.000222085      40.8854    0.0080622  0.000216217      40.8854   0.00479542 -0.000229133      40.8841   0.00490144 -0.000232335      40.8841   0.00480429  0.000119499      40.8851   0.00491031  0.000116297      40.8851   0.00211554 -8.90825e-05      40.8844   0.00215613 -9.03029e-05      40.8844   0.00211867  4.36561e-05      40.8848   0.00215926  4.24356e-05      40.8848 -4.86142e-16  1.30547e-15      40.8846 -5.16508e-16  1.34436e-15      40.8846 -4.93147e-16  1.15966e-15      40.8846 -5.23513e-16  1.19855e-15      40.8846
Candidate var F_l: 
   0.0363937  -0.00503016      40.8797    0.0386291   -0.0049596      40.8799    0.0360554    0.0025506       40.891    0.0382908   0.00262116      40.8913    0.0343645  -0.00434644        40.88    0.0363601  -0.00428357      40.8802    0.0340597   0.00240561      40.8904    0.0360552   0.00246848      40.8906    0.0320781  -0.00383051      40.8803    0.0338267  -0.00377509      40.8805    0.0318104   0.00210529      40.8898    0.0335589   0.00216072      40.8899    0.0296039   -0.0033379      40.8807     0.031114  -0.00328953      40.8808    0.0293723   0.00181841      40.8891    0.0308824   0.00186677      40.8893    0.0269678  -0.00286761       40.881    0.0282536  -0.00282603      40.8811    0.0267701    0.0015476      40.8885    0.0280559   0.00158917      40.8887    0.0241974  -0.00241681      40.8814    0.0252753  -0.00238173      40.8815     0.024031   0.00129984       40.888    0.0251089   0.00133492      40.8881    0.0213241  -0.00199113      40.8818    0.0222102  -0.00196216      40.8819    0.0211862   0.00107345      40.8875    0.0220723   0.00110242      40.8876    0.0183832  -0.00159692      40.8822    0.0190934  -0.00157361      40.8822    0.0182713  0.000866033       40.887    0.0189816  0.000889335      40.8871    0.0154145  -0.00123863      40.8826    0.0159656   -0.0012205      40.8826    0.0153264  0.000677025      40.8865    0.0158774  0.000695159      40.8866    0.0124627 -0.000919855      40.8829     0.012872 -0.000906346       40.883     0.012396  0.000506774      40.8861    0.0128053  0.000520283      40.8862   0.00957715 -0.000643489      40.8833   0.00986309 -0.000634019      40.8834   0.00952935  0.000356319      40.8857   0.00981529  0.000365789      40.8858   0.00681209  -0.00041178      40.8837   0.00699423 -0.000405724      40.8837   0.00678062  0.000227376      40.8854   0.00696276  0.000233431      40.8854   0.00422787 -0.000226293       40.884   0.00432678 -0.000222988      40.8841      0.00421   0.00012239      40.8851   0.00430891  0.000125696      40.8851    0.0018992 -8.79977e-05      40.8844   0.00193662 -8.67377e-05      40.8844   0.00189199  4.47604e-05      40.8848   0.00192941  4.60204e-05      40.8848 -3.08873e-16 -7.93044e-16      40.8846 -4.37306e-16 -7.56209e-16      40.8846 -2.87647e-16 -1.16674e-15      40.8846  -4.1608e-16 -1.12991e-15      40.8846
Candidate var F_r: 
   0.0486866  -0.00509092      40.8802    0.0509298     -0.00516      40.8802    0.0488887   0.00248798      40.8916    0.0511319    0.0024189      40.8916    0.0453176  -0.00440033      40.8804    0.0473175  -0.00446183      40.8804    0.0454994   0.00235019      40.8909    0.0474993   0.00228869      40.8909    0.0417026  -0.00387777      40.8807    0.0434669    -0.003932      40.8807    0.0418729   0.00205645      40.8902    0.0436372   0.00200222      40.8901    0.0379612  -0.00337887       40.881    0.0394973  -0.00342607       40.881     0.038115   0.00177597      40.8895    0.0396511   0.00172876      40.8895    0.0341234  -0.00290271      40.8813    0.0354411  -0.00294318      40.8813     0.034257   0.00151126      40.8888    0.0355748   0.00147079      40.8888    0.0302219  -0.00244642      40.8816    0.0313331  -0.00248051      40.8816    0.0303347   0.00126923      40.8882    0.0314459   0.00123514      40.8882    0.0262932  -0.00201562       40.882     0.027211  -0.00204374      40.8819    0.0263858    0.0010482      40.8877    0.0273036   0.00102007      40.8877    0.0223784  -0.00161665      40.8823    0.0231174  -0.00163926      40.8823     0.022452  0.000845721      40.8871     0.023191  0.000823112      40.8871    0.0185235  -0.00125403      40.8827    0.0190994  -0.00127162      40.8827    0.0185799  0.000661215      40.8866    0.0191557  0.000643627      40.8866    0.0147794 -0.000931361       40.883    0.0152092 -0.000944458       40.883    0.0148204  0.000494991      40.8862    0.0152502  0.000481893      40.8862    0.0112018 -0.000651577      40.8834    0.0115037 -0.000660756      40.8834    0.0112297  0.000348055      40.8858    0.0115316  0.000338876      40.8858   0.00785149 -0.000416966      40.8837   0.00804508 -0.000422834      40.8837   0.00786864  0.000222087      40.8854   0.00806223  0.000216219      40.8854   0.00479543 -0.000229131      40.8841   0.00490145 -0.000232333      40.8841   0.00480431    0.0001195      40.8851   0.00491033  0.000116298      40.8851   0.00211555 -8.90815e-05      40.8844   0.00215613 -9.03019e-05      40.8844   0.00211868  4.36565e-05      40.8848   0.00215926  4.24361e-05      40.8848 -4.87576e-16  1.30644e-15      40.8846 -5.18187e-16  1.34534e-15      40.8846 -4.94613e-16  1.15977e-15      40.8846 -5.25224e-16  1.19867e-15      40.8846
--------------------------------------------- 
Time: 145 ms ------------------
Torque guess: 
   0.415556    -2.76503     2.09231    -15.6102      5.6414 -0.00889868    0.617235     2.73055    -2.08478    -15.8828     5.60435  -0.0209516     0.30514   0.0295775    -1.99588   -0.253412     1.00972    0.134557   -0.475324  -0.0014444   -0.127114    0.024348   -0.607149     -1.0127   -0.131303   -0.602071  0.00133002   -0.160243  -0.0240612
Torque candidate: 
   0.415549    -2.76502     2.09231    -15.6102      5.6414 -0.00889845    0.617214     2.73055    -2.08478    -15.8828     5.60435  -0.0209517    0.305119   0.0295541    -1.99584   -0.253408     1.00972    0.134556   -0.475321 -0.00144439   -0.127114   0.0243479    -0.60711    -1.01271   -0.131305   -0.602056  0.00132997   -0.160239  -0.0240617
Guess var F_l: 
   0.0363936  -0.00503016      40.8797     0.038629   -0.0049596      40.8799    0.0360553    0.0025506       40.891    0.0382907   0.00262116      40.8913    0.0343644  -0.00434643        40.88      0.03636  -0.00428356      40.8802    0.0340596   0.00240563      40.8904    0.0360552    0.0024685      40.8906     0.032078  -0.00383051      40.8803    0.0338266  -0.00377508      40.8805    0.0318103    0.0021053      40.8898    0.0335588   0.00216073      40.8899    0.0296038   -0.0033379      40.8807    0.0311139  -0.00328954      40.8808    0.0293722   0.00181841      40.8891    0.0308823   0.00186677      40.8893    0.0269677  -0.00286762       40.881    0.0282535  -0.00282604      40.8811      0.02677    0.0015476      40.8885    0.0280558   0.00158917      40.8887    0.0241974  -0.00241682      40.8814    0.0252753  -0.00238173      40.8815    0.0240309   0.00129983       40.888    0.0251088   0.00133492      40.8881     0.021324  -0.00199114      40.8818    0.0222101  -0.00196217      40.8819    0.0211861   0.00107344      40.8875    0.0220722   0.00110241      40.8876    0.0183831  -0.00159692      40.8822    0.0190934  -0.00157362      40.8822    0.0182712  0.000866028       40.887    0.0189815   0.00088933      40.8871    0.0154145  -0.00123864      40.8826    0.0159655   -0.0012205      40.8826    0.0153264  0.000677021      40.8865    0.0158774  0.000695155      40.8866    0.0124627 -0.000919861      40.8829    0.0128719 -0.000906352       40.883     0.012396   0.00050677      40.8861    0.0128052   0.00052028      40.8862   0.00957711 -0.000643494      40.8833   0.00986305 -0.000634024      40.8834   0.00952931  0.000356317      40.8857   0.00981525  0.000365787      40.8858   0.00681206 -0.000411784      40.8837    0.0069942 -0.000405728      40.8837   0.00678059  0.000227374      40.8854   0.00696273   0.00023343      40.8854   0.00422785 -0.000226295       40.884   0.00432677  -0.00022299      40.8841   0.00420998  0.000122389      40.8851   0.00430889  0.000125695      40.8851   0.00189919 -8.79987e-05      40.8844   0.00193661 -8.67387e-05      40.8844   0.00189198    4.476e-05      40.8848    0.0019294    4.602e-05      40.8848 -3.08993e-16 -7.93881e-16      40.8846 -4.37045e-16 -7.57035e-16      40.8846 -2.87782e-16 -1.16632e-15      40.8846 -4.15834e-16 -1.12947e-15      40.8846
Guess var F_r: 
   0.0486866  -0.00509092      40.8802    0.0509297     -0.00516      40.8802    0.0488887   0.00248798      40.8916    0.0511318   0.00241891      40.8916    0.0453176  -0.00440031      40.8804    0.0473174  -0.00446181      40.8804    0.0454993   0.00235021      40.8909    0.0474992   0.00228871      40.8909    0.0417026  -0.00387776      40.8807    0.0434669    -0.003932      40.8807    0.0418728   0.00205646      40.8902    0.0436371   0.00200223      40.8901    0.0379611  -0.00337887       40.881    0.0394972  -0.00342608       40.881    0.0381149   0.00177597      40.8895     0.039651   0.00172877      40.8895    0.0341233  -0.00290272      40.8813     0.035441  -0.00294318      40.8813    0.0342569   0.00151126      40.8888    0.0355747   0.00147079      40.8888    0.0302218  -0.00244643      40.8816     0.031333  -0.00248052      40.8816    0.0303346   0.00126923      40.8882    0.0314458   0.00123514      40.8882    0.0262932  -0.00201562       40.882     0.027211  -0.00204375      40.8819    0.0263857   0.00104819      40.8877    0.0273036   0.00102007      40.8877    0.0223784  -0.00161666      40.8823    0.0231173  -0.00163927      40.8823     0.022452  0.000845716      40.8871    0.0231909  0.000823107      40.8871    0.0185235  -0.00125404      40.8827    0.0190994  -0.00127163      40.8827    0.0185798   0.00066121      40.8866    0.0191557  0.000643623      40.8866    0.0147794 -0.000931367       40.883    0.0152091 -0.000944465       40.883    0.0148204  0.000494987      40.8862    0.0152501  0.000481889      40.8862    0.0112018 -0.000651582      40.8834    0.0115037 -0.000660761      40.8834    0.0112297  0.000348052      40.8858    0.0115316  0.000338873      40.8858   0.00785147  -0.00041697      40.8837   0.00804506 -0.000422838      40.8837   0.00786861  0.000222085      40.8854    0.0080622  0.000216217      40.8854   0.00479542 -0.000229133      40.8841   0.00490144 -0.000232335      40.8841   0.00480429  0.000119499      40.8851   0.00491031  0.000116297      40.8851   0.00211554 -8.90825e-05      40.8844   0.00215613 -9.03029e-05      40.8844   0.00211867  4.36561e-05      40.8848   0.00215926  4.24356e-05      40.8848 -4.86142e-16  1.30547e-15      40.8846 -5.16508e-16  1.34436e-15      40.8846 -4.93147e-16  1.15966e-15      40.8846 -5.23513e-16  1.19855e-15      40.8846
Candidate var F_l: 
   0.0363938  -0.00503015      40.8797    0.0386292  -0.00495958      40.8799    0.0360556   0.00255061       40.891     0.038291   0.00262117      40.8913    0.0343646  -0.00434642        40.88    0.0363602  -0.00428355      40.8802    0.0340598   0.00240563      40.8904    0.0360554    0.0024685      40.8906    0.0320782   -0.0038305      40.8803    0.0338268  -0.00377507      40.8805    0.0318105   0.00210531      40.8898     0.033559   0.00216073      40.8899     0.029604  -0.00333789      40.8807    0.0311141  -0.00328952      40.8808    0.0293724   0.00181842      40.8891    0.0308825   0.00186678      40.8893    0.0269679   -0.0028676       40.881    0.0282537  -0.00282602      40.8811    0.0267702   0.00154761      40.8885     0.028056   0.00158918      40.8887    0.0241975   -0.0024168      40.8814    0.0252754  -0.00238172      40.8815    0.0240311   0.00129984       40.888     0.025109   0.00133493      40.8881    0.0213242  -0.00199113      40.8818    0.0222103  -0.00196216      40.8819    0.0211862   0.00107345      40.8875    0.0220723   0.00110242      40.8876    0.0183832  -0.00159691      40.8822    0.0190935  -0.00157361      40.8822    0.0182714  0.000866036       40.887    0.0189817  0.000889339      40.8871    0.0154146  -0.00123863      40.8826    0.0159656  -0.00122049      40.8826    0.0153265  0.000677028      40.8865    0.0158775  0.000695162      40.8866    0.0124628 -0.000919852      40.8829     0.012872 -0.000906343       40.883    0.0123961  0.000506776      40.8861    0.0128053  0.000520285      40.8862   0.00957718 -0.000643487      40.8833   0.00986312 -0.000634017      40.8834   0.00952938  0.000356321      40.8857   0.00981532   0.00036579      40.8858   0.00681211 -0.000411779      40.8837   0.00699425 -0.000405723      40.8837   0.00678064  0.000227377      40.8854   0.00696278  0.000233432      40.8854   0.00422788 -0.000226292       40.884    0.0043268 -0.000222987      40.8841   0.00421001  0.000122391      40.8851   0.00430892  0.000125696      40.8851    0.0018992 -8.79975e-05      40.8844   0.00193662 -8.67375e-05      40.8844   0.00189199  4.47606e-05      40.8848   0.00192941  4.60206e-05      40.8848 -3.09073e-16 -7.93398e-16      40.8846 -4.37342e-16  -7.5656e-16      40.8846 -2.87851e-16 -1.16655e-15      40.8846 -4.16121e-16 -1.12972e-15      40.8846
Candidate var F_r: 
   0.0486868  -0.00509091      40.8802    0.0509299  -0.00515998      40.8802    0.0488889   0.00248799      40.8916     0.051132   0.00241892      40.8916    0.0453178  -0.00440031      40.8804    0.0473176  -0.00446181      40.8804    0.0454995    0.0023502      40.8909    0.0474994   0.00228871      40.8909    0.0417028  -0.00387775      40.8807    0.0434671  -0.00393199      40.8807     0.041873   0.00205647      40.8902    0.0436373   0.00200223      40.8901    0.0379613  -0.00337886       40.881    0.0394974  -0.00342606       40.881    0.0381151   0.00177598      40.8895    0.0396512   0.00172877      40.8895    0.0341235   -0.0029027      40.8813    0.0354412  -0.00294317      40.8813    0.0342571   0.00151127      40.8888    0.0355748    0.0014708      40.8888     0.030222  -0.00244641      40.8816    0.0313331   -0.0024805      40.8816    0.0303348   0.00126924      40.8882     0.031446   0.00123515      40.8882    0.0262933  -0.00201561       40.882    0.0272111  -0.00204373      40.8819    0.0263859    0.0010482      40.8877    0.0273037   0.00102008      40.8877    0.0223785  -0.00161665      40.8823    0.0231174  -0.00163926      40.8823    0.0224521  0.000845725      40.8871    0.0231911  0.000823116      40.8871    0.0185236  -0.00125403      40.8827    0.0190995  -0.00127161      40.8827    0.0185799  0.000661217      40.8866    0.0191558   0.00064363      40.8866    0.0147795 -0.000931358       40.883    0.0152092 -0.000944456       40.883    0.0148205  0.000494993      40.8862    0.0152502  0.000481895      40.8862    0.0112018 -0.000651575      40.8834    0.0115038 -0.000660754      40.8834    0.0112297  0.000348056      40.8858    0.0115316  0.000338877      40.8858   0.00785151 -0.000416965      40.8837    0.0080451 -0.000422833      40.8837   0.00786866  0.000222087      40.8854   0.00806225   0.00021622      40.8854   0.00479544  -0.00022913      40.8841   0.00490146 -0.000232332      40.8841   0.00480432    0.0001195      40.8851   0.00491034  0.000116298      40.8851   0.00211555 -8.90812e-05      40.8844   0.00215614 -9.03017e-05      40.8844   0.00211868  4.36567e-05      40.8848   0.00215927  4.24362e-05      40.8848 -4.87004e-16  1.30604e-15      40.8846 -5.17502e-16  1.34493e-15      40.8846 -4.94028e-16  1.15977e-15      40.8846 -5.24526e-16  1.19866e-15      40.8846
--------------------------------------------- 
Time: 150 ms ------------------
Torque guess: 
   0.415556    -2.76503     2.09231    -15.6102      5.6414 -0.00889868    0.617235     2.73055    -2.08478    -15.8828     5.60435  -0.0209516     0.30514   0.0295775    -1.99588   -0.253412     1.00972    0.134557   -0.475324  -0.0014444   -0.127114    0.024348   -0.607149     -1.0127   -0.131303   -0.602071  0.00133002   -0.160243  -0.0240612
Torque candidate: 
   0.415546    -2.76502      2.0923    -15.6102      5.6414 -0.00889844      0.6172     2.73055    -2.08478    -15.8828     5.60435  -0.0209517    0.305107   0.0295441    -1.99582   -0.253404     1.00971    0.134556   -0.475319 -0.00144438   -0.127113   0.0243478   -0.607089    -1.01271   -0.131306   -0.602048  0.00132994   -0.160237  -0.0240618
Guess var F_l: 
   0.0363936  -0.00503016      40.8797     0.038629   -0.0049596      40.8799    0.0360553    0.0025506       40.891    0.0382907   0.00262116      40.8913    0.0343644  -0.00434643        40.88      0.03636  -0.00428356      40.8802    0.0340596   0.00240563      40.8904    0.0360552    0.0024685      40.8906     0.032078  -0.00383051      40.8803    0.0338266  -0.00377508      40.8805    0.0318103    0.0021053      40.8898    0.0335588   0.00216073      40.8899    0.0296038   -0.0033379      40.8807    0.0311139  -0.00328954      40.8808    0.0293722   0.00181841      40.8891    0.0308823   0.00186677      40.8893    0.0269677  -0.00286762       40.881    0.0282535  -0.00282604      40.8811      0.02677    0.0015476      40.8885    0.0280558   0.00158917      40.8887    0.0241974  -0.00241682      40.8814    0.0252753  -0.00238173      40.8815    0.0240309   0.00129983       40.888    0.0251088   0.00133492      40.8881     0.021324  -0.00199114      40.8818    0.0222101  -0.00196217      40.8819    0.0211861   0.00107344      40.8875    0.0220722   0.00110241      40.8876    0.0183831  -0.00159692      40.8822    0.0190934  -0.00157362      40.8822    0.0182712  0.000866028       40.887    0.0189815   0.00088933      40.8871    0.0154145  -0.00123864      40.8826    0.0159655   -0.0012205      40.8826    0.0153264  0.000677021      40.8865    0.0158774  0.000695155      40.8866    0.0124627 -0.000919861      40.8829    0.0128719 -0.000906352       40.883     0.012396   0.00050677      40.8861    0.0128052   0.00052028      40.8862   0.00957711 -0.000643494      40.8833   0.00986305 -0.000634024      40.8834   0.00952931  0.000356317      40.8857   0.00981525  0.000365787      40.8858   0.00681206 -0.000411784      40.8837    0.0069942 -0.000405728      40.8837   0.00678059  0.000227374      40.8854   0.00696273   0.00023343      40.8854   0.00422785 -0.000226295       40.884   0.00432677  -0.00022299      40.8841   0.00420998  0.000122389      40.8851   0.00430889  0.000125695      40.8851   0.00189919 -8.79987e-05      40.8844   0.00193661 -8.67387e-05      40.8844   0.00189198    4.476e-05      40.8848    0.0019294    4.602e-05      40.8848 -3.08993e-16 -7.93881e-16      40.8846 -4.37045e-16 -7.57035e-16      40.8846 -2.87782e-16 -1.16632e-15      40.8846 -4.15834e-16 -1.12947e-15      40.8846
Guess var F_r: 
   0.0486866  -0.00509092      40.8802    0.0509297     -0.00516      40.8802    0.0488887   0.00248798      40.8916    0.0511318   0.00241891      40.8916    0.0453176  -0.00440031      40.8804    0.0473174  -0.00446181      40.8804    0.0454993   0.00235021      40.8909    0.0474992   0.00228871      40.8909    0.0417026  -0.00387776      40.8807    0.0434669    -0.003932      40.8807    0.0418728   0.00205646      40.8902    0.0436371   0.00200223      40.8901    0.0379611  -0.00337887       40.881    0.0394972  -0.00342608       40.881    0.0381149   0.00177597      40.8895     0.039651   0.00172877      40.8895    0.0341233  -0.00290272      40.8813     0.035441  -0.00294318      40.8813    0.0342569   0.00151126      40.8888    0.0355747   0.00147079      40.8888    0.0302218  -0.00244643      40.8816     0.031333  -0.00248052      40.8816    0.0303346   0.00126923      40.8882    0.0314458   0.00123514      40.8882    0.0262932  -0.00201562       40.882     0.027211  -0.00204375      40.8819    0.0263857   0.00104819      40.8877    0.0273036   0.00102007      40.8877    0.0223784  -0.00161666      40.8823    0.0231173  -0.00163927      40.8823     0.022452  0.000845716      40.8871    0.0231909  0.000823107      40.8871    0.0185235  -0.00125404      40.8827    0.0190994  -0.00127163      40.8827    0.0185798   0.00066121      40.8866    0.0191557  0.000643623      40.8866    0.0147794 -0.000931367       40.883    0.0152091 -0.000944465       40.883    0.0148204  0.000494987      40.8862    0.0152501  0.000481889      40.8862    0.0112018 -0.000651582      40.8834    0.0115037 -0.000660761      40.8834    0.0112297  0.000348052      40.8858    0.0115316  0.000338873      40.8858   0.00785147  -0.00041697      40.8837   0.00804506 -0.000422838      40.8837   0.00786861  0.000222085      40.8854    0.0080622  0.000216217      40.8854   0.00479542 -0.000229133      40.8841   0.00490144 -0.000232335      40.8841   0.00480429  0.000119499      40.8851   0.00491031  0.000116297      40.8851   0.00211554 -8.90825e-05      40.8844   0.00215613 -9.03029e-05      40.8844   0.00211867  4.36561e-05      40.8848   0.00215926  4.24356e-05      40.8848 -4.86142e-16  1.30547e-15      40.8846 -5.16508e-16  1.34436e-15      40.8846 -4.93147e-16  1.15966e-15      40.8846 -5.23513e-16  1.19855e-15      40.8846
Candidate var F_l: 
   0.0363939  -0.00503013      40.8797    0.0386293  -0.00495957      40.8799    0.0360557   0.00255063       40.891    0.0382911   0.00262119      40.8913    0.0343647   -0.0043464        40.88    0.0363603  -0.00428353      40.8802    0.0340599   0.00240564      40.8904    0.0360555   0.00246852      40.8906    0.0320783  -0.00383048      40.8803    0.0338269  -0.00377506      40.8805    0.0318106   0.00210532      40.8898    0.0335592   0.00216075      40.8899    0.0296041  -0.00333787      40.8807    0.0311142  -0.00328951      40.8808    0.0293725   0.00181843      40.8891    0.0308826   0.00186679      40.8893     0.026968  -0.00286759       40.881    0.0282538  -0.00282601      40.8811    0.0267703   0.00154762      40.8885    0.0280561   0.00158919      40.8887    0.0241976   -0.0024168      40.8814    0.0252755  -0.00238171      40.8815    0.0240311   0.00129985       40.888     0.025109   0.00133493      40.8881    0.0213242  -0.00199112      40.8818    0.0222103  -0.00196215      40.8819    0.0211863   0.00107346      40.8875    0.0220724   0.00110243      40.8876    0.0183833   -0.0015969      40.8822    0.0190936   -0.0015736      40.8822    0.0182714  0.000866041       40.887    0.0189817  0.000889343      40.8871    0.0154146  -0.00123862      40.8826    0.0159657  -0.00122049      40.8826    0.0153265  0.000677031      40.8865    0.0158775  0.000695165      40.8866    0.0124628 -0.000919849      40.8829    0.0128721  -0.00090634       40.883    0.0123961  0.000506778      40.8861    0.0128053  0.000520287      40.8862   0.00957721 -0.000643484      40.8833   0.00986315 -0.000634015      40.8834   0.00952941  0.000356322      40.8857   0.00981535  0.000365792      40.8858   0.00681213 -0.000411777      40.8837   0.00699427 -0.000405722      40.8837   0.00678066  0.000227377      40.8854    0.0069628  0.000233433      40.8854    0.0042279 -0.000226292       40.884   0.00432681 -0.000222986      40.8841   0.00421002  0.000122391      40.8851   0.00430894  0.000125696      40.8851   0.00189921 -8.79971e-05      40.8844   0.00193663 -8.67371e-05      40.8844     0.001892  4.47607e-05      40.8848   0.00192942  4.60207e-05      40.8848 -3.09086e-16 -7.93526e-16      40.8846 -4.37287e-16 -7.56687e-16      40.8846 -2.87866e-16 -1.16646e-15      40.8846 -4.16066e-16 -1.12962e-15      40.8846
Candidate var F_r: 
   0.0486869  -0.00509089      40.8802      0.05093  -0.00515997      40.8802     0.048889   0.00248801      40.8916    0.0511321   0.00241894      40.8916    0.0453179  -0.00440029      40.8804    0.0473177  -0.00446179      40.8804    0.0454996   0.00235022      40.8909    0.0474995   0.00228872      40.8909    0.0417029  -0.00387774      40.8807    0.0434672  -0.00393197      40.8807    0.0418731   0.00205648      40.8902    0.0436374   0.00200225      40.8901    0.0379614  -0.00337885       40.881    0.0394975  -0.00342605       40.881    0.0381152   0.00177599      40.8895    0.0396513   0.00172879      40.8895    0.0341235  -0.00290269      40.8813    0.0354413  -0.00294316      40.8813    0.0342572   0.00151127      40.8888    0.0355749   0.00147081      40.8888     0.030222   -0.0024464      40.8816    0.0313332  -0.00248049      40.8816    0.0303349   0.00126925      40.8882     0.031446   0.00123516      40.8882    0.0262934   -0.0020156       40.882    0.0272112  -0.00204373      40.8819    0.0263859   0.00104821      40.8877    0.0273038   0.00102008      40.8877    0.0223785  -0.00161664      40.8823    0.0231175  -0.00163925      40.8823    0.0224522  0.000845729      40.8871    0.0231911   0.00082312      40.8871    0.0185236  -0.00125402      40.8827    0.0190995  -0.00127161      40.8827      0.01858  0.000661221      40.8866    0.0191558  0.000643633      40.8866    0.0147795 -0.000931355       40.883    0.0152093 -0.000944452       40.883    0.0148205  0.000494995      40.8862    0.0152503  0.000481897      40.8862    0.0112019 -0.000651573      40.8834    0.0115038 -0.000660751      40.8834    0.0112297  0.000348057      40.8858    0.0115317  0.000338879      40.8858   0.00785153 -0.000416963      40.8837   0.00804512 -0.000422831      40.8837   0.00786868  0.000222088      40.8854   0.00806227  0.000216221      40.8854   0.00479546 -0.000229129      40.8841   0.00490147 -0.000232331      40.8841   0.00480433  0.000119501      40.8851   0.00491035  0.000116299      40.8851   0.00211556 -8.90809e-05      40.8844   0.00215614 -9.03014e-05      40.8844   0.00211869  4.36568e-05      40.8848   0.00215927  4.24364e-05      40.8848 -4.86717e-16  1.30587e-15      40.8846 -5.17171e-16  1.34475e-15      40.8846 -4.93735e-16  1.15974e-15      40.8846 -5.24189e-16  1.19863e-15      40.8846
--------------------------------------------- 
Time: 155 ms ------------------
Torque guess: 
   0.415556    -2.76503     2.09231    -15.6102      5.6414 -0.00889868    0.617235     2.73055    -2.08478    -15.8828     5.60435  -0.0209516     0.30514   0.0295775    -1.99588   -0.253412     1.00972    0.134557   -0.475324  -0.0014444   -0.127114    0.024348   -0.607149     -1.0127   -0.131303   -0.602071  0.00133002   -0.160243  -0.0240612
Torque candidate: 
   0.415542    -2.76501      2.0923    -15.6102      5.6414 -0.00889843    0.617188     2.73055    -2.08478    -15.8828     5.60435  -0.0209518    0.305096   0.0295318    -1.99579     -0.2534     1.00971    0.134555   -0.475316 -0.00144437   -0.127112   0.0243476   -0.607068    -1.01271   -0.131306    -0.60204  0.00132992   -0.160234   -0.024062
Guess var F_l: 
   0.0363936  -0.00503016      40.8797     0.038629   -0.0049596      40.8799    0.0360553    0.0025506       40.891    0.0382907   0.00262116      40.8913    0.0343644  -0.00434643        40.88      0.03636  -0.00428356      40.8802    0.0340596   0.00240563      40.8904    0.0360552    0.0024685      40.8906     0.032078  -0.00383051      40.8803    0.0338266  -0.00377508      40.8805    0.0318103    0.0021053      40.8898    0.0335588   0.00216073      40.8899    0.0296038   -0.0033379      40.8807    0.0311139  -0.00328954      40.8808    0.0293722   0.00181841      40.8891    0.0308823   0.00186677      40.8893    0.0269677  -0.00286762       40.881    0.0282535  -0.00282604      40.8811      0.02677    0.0015476      40.8885    0.0280558   0.00158917      40.8887    0.0241974  -0.00241682      40.8814    0.0252753  -0.00238173      40.8815    0.0240309   0.00129983       40.888    0.0251088   0.00133492      40.8881     0.021324  -0.00199114      40.8818    0.0222101  -0.00196217      40.8819    0.0211861   0.00107344      40.8875    0.0220722   0.00110241      40.8876    0.0183831  -0.00159692      40.8822    0.0190934  -0.00157362      40.8822    0.0182712  0.000866028       40.887    0.0189815   0.00088933      40.8871    0.0154145  -0.00123864      40.8826    0.0159655   -0.0012205      40.8826    0.0153264  0.000677021      40.8865    0.0158774  0.000695155      40.8866    0.0124627 -0.000919861      40.8829    0.0128719 -0.000906352       40.883     0.012396   0.00050677      40.8861    0.0128052   0.00052028      40.8862   0.00957711 -0.000643494      40.8833   0.00986305 -0.000634024      40.8834   0.00952931  0.000356317      40.8857   0.00981525  0.000365787      40.8858   0.00681206 -0.000411784      40.8837    0.0069942 -0.000405728      40.8837   0.00678059  0.000227374      40.8854   0.00696273   0.00023343      40.8854   0.00422785 -0.000226295       40.884   0.00432677  -0.00022299      40.8841   0.00420998  0.000122389      40.8851   0.00430889  0.000125695      40.8851   0.00189919 -8.79987e-05      40.8844   0.00193661 -8.67387e-05      40.8844   0.00189198    4.476e-05      40.8848    0.0019294    4.602e-05      40.8848 -3.08993e-16 -7.93881e-16      40.8846 -4.37045e-16 -7.57035e-16      40.8846 -2.87782e-16 -1.16632e-15      40.8846 -4.15834e-16 -1.12947e-15      40.8846
Guess var F_r: 
   0.0486866  -0.00509092      40.8802    0.0509297     -0.00516      40.8802    0.0488887   0.00248798      40.8916    0.0511318   0.00241891      40.8916    0.0453176  -0.00440031      40.8804    0.0473174  -0.00446181      40.8804    0.0454993   0.00235021      40.8909    0.0474992   0.00228871      40.8909    0.0417026  -0.00387776      40.8807    0.0434669    -0.003932      40.8807    0.0418728   0.00205646      40.8902    0.0436371   0.00200223      40.8901    0.0379611  -0.00337887       40.881    0.0394972  -0.00342608       40.881    0.0381149   0.00177597      40.8895     0.039651   0.00172877      40.8895    0.0341233  -0.00290272      40.8813     0.035441  -0.00294318      40.8813    0.0342569   0.00151126      40.8888    0.0355747   0.00147079      40.8888    0.0302218  -0.00244643      40.8816     0.031333  -0.00248052      40.8816    0.0303346   0.00126923      40.8882    0.0314458   0.00123514      40.8882    0.0262932  -0.00201562       40.882     0.027211  -0.00204375      40.8819    0.0263857   0.00104819      40.8877    0.0273036   0.00102007      40.8877    0.0223784  -0.00161666      40.8823    0.0231173  -0.00163927      40.8823     0.022452  0.000845716      40.8871    0.0231909  0.000823107      40.8871    0.0185235  -0.00125404      40.8827    0.0190994  -0.00127163      40.8827    0.0185798   0.00066121      40.8866    0.0191557  0.000643623      40.8866    0.0147794 -0.000931367       40.883    0.0152091 -0.000944465       40.883    0.0148204  0.000494987      40.8862    0.0152501  0.000481889      40.8862    0.0112018 -0.000651582      40.8834    0.0115037 -0.000660761      40.8834    0.0112297  0.000348052      40.8858    0.0115316  0.000338873      40.8858   0.00785147  -0.00041697      40.8837   0.00804506 -0.000422838      40.8837   0.00786861  0.000222085      40.8854    0.0080622  0.000216217      40.8854   0.00479542 -0.000229133      40.8841   0.00490144 -0.000232335      40.8841   0.00480429  0.000119499      40.8851   0.00491031  0.000116297      40.8851   0.00211554 -8.90825e-05      40.8844   0.00215613 -9.03029e-05      40.8844   0.00211867  4.36561e-05      40.8848   0.00215926  4.24356e-05      40.8848 -4.86142e-16  1.30547e-15      40.8846 -5.16508e-16  1.34436e-15      40.8846 -4.93147e-16  1.15966e-15      40.8846 -5.23513e-16  1.19855e-15      40.8846
Candidate var F_l: 
   0.0363941  -0.00503012      40.8797    0.0386295  -0.00495955      40.8799    0.0360558   0.00255065       40.891    0.0382912   0.00262121      40.8913    0.0343649  -0.00434639        40.88    0.0363604  -0.00428352      40.8802      0.03406   0.00240566      40.8904    0.0360556   0.00246853      40.8906    0.0320784  -0.00383047      40.8803     0.033827  -0.00377504      40.8805    0.0318107   0.00210534      40.8898    0.0335593   0.00216076      40.8899    0.0296042  -0.00333786      40.8807    0.0311143   -0.0032895      40.8808    0.0293726   0.00181844      40.8891    0.0308827    0.0018668      40.8893    0.0269681  -0.00286758       40.881    0.0282539    -0.002826      40.8811    0.0267704   0.00154762      40.8885    0.0280562    0.0015892      40.8887    0.0241977  -0.00241679      40.8814    0.0252756   -0.0023817      40.8815    0.0240312   0.00129986       40.888    0.0251091   0.00133494      40.8881    0.0213243  -0.00199111      40.8818    0.0222104  -0.00196214      40.8819    0.0211864   0.00107346      40.8875    0.0220725   0.00110243      40.8876    0.0183833   -0.0015969      40.8822    0.0190936   -0.0015736      40.8822    0.0182715  0.000866046       40.887    0.0189818  0.000889348      40.8871    0.0154147  -0.00123862      40.8826    0.0159657  -0.00122048      40.8826    0.0153266  0.000677035      40.8865    0.0158776  0.000695169      40.8866    0.0124629 -0.000919846      40.8829    0.0128721 -0.000906336       40.883    0.0123961  0.000506781      40.8861    0.0128054   0.00052029      40.8862   0.00957724 -0.000643482      40.8833   0.00986318 -0.000634012      40.8834   0.00952943  0.000356324      40.8857   0.00981537  0.000365794      40.8858   0.00681215 -0.000411776      40.8837   0.00699429  -0.00040572      40.8837   0.00678068  0.000227379      40.8854   0.00696282  0.000233434      40.8854   0.00422791 -0.000226291       40.884   0.00432682 -0.000222986      40.8841   0.00421003  0.000122392      40.8851   0.00430895  0.000125697      40.8851   0.00189921 -8.79968e-05      40.8844   0.00193663 -8.67368e-05      40.8844     0.001892  4.47609e-05      40.8848   0.00192942  4.60209e-05      40.8848 -3.09088e-16 -7.93593e-16      40.8846 -4.37251e-16 -7.56753e-16      40.8846  -2.8787e-16  -1.1664e-15      40.8846 -4.16032e-16 -1.12956e-15      40.8846
Candidate var F_r: 
    0.048687  -0.00509088      40.8802    0.0509302  -0.00515995      40.8802    0.0488891   0.00248803      40.8916    0.0511323   0.00241895      40.8916     0.045318  -0.00440028      40.8804    0.0473179  -0.00446177      40.8804    0.0454997   0.00235024      40.8909    0.0474996   0.00228874      40.8909     0.041703  -0.00387772      40.8807    0.0434673  -0.00393196      40.8807    0.0418732    0.0020565      40.8902    0.0436375   0.00200226      40.8901    0.0379614  -0.00337884       40.881    0.0394976  -0.00342604       40.881    0.0381153     0.001776      40.8895    0.0396514    0.0017288      40.8895    0.0341236  -0.00290268      40.8813    0.0354414  -0.00294315      40.8813    0.0342573   0.00151128      40.8888     0.035575   0.00147082      40.8888    0.0302221  -0.00244639      40.8816    0.0313333  -0.00248048      40.8816    0.0303349   0.00126925      40.8882    0.0314461   0.00123516      40.8882    0.0262934   -0.0020156       40.882    0.0272112  -0.00204372      40.8819     0.026386   0.00104821      40.8877    0.0273038   0.00102009      40.8877    0.0223786  -0.00161664      40.8823    0.0231176  -0.00163925      40.8823    0.0224522  0.000845734      40.8871    0.0231912  0.000823125      40.8871    0.0185237  -0.00125402      40.8827    0.0190995  -0.00127161      40.8827      0.01858  0.000661224      40.8866    0.0191559  0.000643637      40.8866    0.0147795 -0.000931351       40.883    0.0152093 -0.000944449       40.883    0.0148205  0.000494998      40.8862    0.0152503    0.0004819      40.8862    0.0112019  -0.00065157      40.8834    0.0115038 -0.000660749      40.8834    0.0112298  0.000348059      40.8858    0.0115317  0.000338881      40.8858   0.00785155 -0.000416962      40.8837   0.00804514  -0.00042283      40.8837    0.0078687   0.00022209      40.8854   0.00806229  0.000216222      40.8854   0.00479547 -0.000229128      40.8841   0.00490149  -0.00023233      40.8841   0.00480434  0.000119502      40.8851   0.00491036  0.000116299      40.8851   0.00211556 -8.90805e-05      40.8844   0.00215615  -9.0301e-05      40.8844   0.00211869   4.3657e-05      40.8848   0.00215928  4.24366e-05      40.8848 -4.86568e-16  1.30575e-15      40.8846 -5.16997e-16  1.34464e-15      40.8846 -4.93583e-16  1.15972e-15      40.8846 -5.24013e-16   1.1986e-15      40.8846
--------------------------------------------- 
Time: 160 ms ------------------
Torque guess: 
   0.415556    -2.76503     2.09231    -15.6102      5.6414 -0.00889868    0.617235     2.73055    -2.08478    -15.8828     5.60435  -0.0209516     0.30514   0.0295775    -1.99588   -0.253412     1.00972    0.134557   -0.475324  -0.0014444   -0.127114    0.024348   -0.607149     -1.0127   -0.131303   -0.602071  0.00133002   -0.160243  -0.0240612
Torque candidate: 
   0.415537    -2.76501      2.0923    -15.6102      5.6414 -0.00889844    0.617177     2.73055    -2.08478    -15.8828     5.60435  -0.0209518    0.305084   0.0295174    -1.99577   -0.253396     1.00971    0.134555   -0.475314 -0.00144436   -0.127112   0.0243474   -0.607046    -1.01272   -0.131307   -0.602031  0.00132989   -0.160232  -0.0240622
Guess var F_l: 
   0.0363936  -0.00503016      40.8797     0.038629   -0.0049596      40.8799    0.0360553    0.0025506       40.891    0.0382907   0.00262116      40.8913    0.0343644  -0.00434643        40.88      0.03636  -0.00428356      40.8802    0.0340596   0.00240563      40.8904    0.0360552    0.0024685      40.8906     0.032078  -0.00383051      40.8803    0.0338266  -0.00377508      40.8805    0.0318103    0.0021053      40.8898    0.0335588   0.00216073      40.8899    0.0296038   -0.0033379      40.8807    0.0311139  -0.00328954      40.8808    0.0293722   0.00181841      40.8891    0.0308823   0.00186677      40.8893    0.0269677  -0.00286762       40.881    0.0282535  -0.00282604      40.8811      0.02677    0.0015476      40.8885    0.0280558   0.00158917      40.8887    0.0241974  -0.00241682      40.8814    0.0252753  -0.00238173      40.8815    0.0240309   0.00129983       40.888    0.0251088   0.00133492      40.8881     0.021324  -0.00199114      40.8818    0.0222101  -0.00196217      40.8819    0.0211861   0.00107344      40.8875    0.0220722   0.00110241      40.8876    0.0183831  -0.00159692      40.8822    0.0190934  -0.00157362      40.8822    0.0182712  0.000866028       40.887    0.0189815   0.00088933      40.8871    0.0154145  -0.00123864      40.8826    0.0159655   -0.0012205      40.8826    0.0153264  0.000677021      40.8865    0.0158774  0.000695155      40.8866    0.0124627 -0.000919861      40.8829    0.0128719 -0.000906352       40.883     0.012396   0.00050677      40.8861    0.0128052   0.00052028      40.8862   0.00957711 -0.000643494      40.8833   0.00986305 -0.000634024      40.8834   0.00952931  0.000356317      40.8857   0.00981525  0.000365787      40.8858   0.00681206 -0.000411784      40.8837    0.0069942 -0.000405728      40.8837   0.00678059  0.000227374      40.8854   0.00696273   0.00023343      40.8854   0.00422785 -0.000226295       40.884   0.00432677  -0.00022299      40.8841   0.00420998  0.000122389      40.8851   0.00430889  0.000125695      40.8851   0.00189919 -8.79987e-05      40.8844   0.00193661 -8.67387e-05      40.8844   0.00189198    4.476e-05      40.8848    0.0019294    4.602e-05      40.8848 -3.08993e-16 -7.93881e-16      40.8846 -4.37045e-16 -7.57035e-16      40.8846 -2.87782e-16 -1.16632e-15      40.8846 -4.15834e-16 -1.12947e-15      40.8846
Guess var F_r: 
   0.0486866  -0.00509092      40.8802    0.0509297     -0.00516      40.8802    0.0488887   0.00248798      40.8916    0.0511318   0.00241891      40.8916    0.0453176  -0.00440031      40.8804    0.0473174  -0.00446181      40.8804    0.0454993   0.00235021      40.8909    0.0474992   0.00228871      40.8909    0.0417026  -0.00387776      40.8807    0.0434669    -0.003932      40.8807    0.0418728   0.00205646      40.8902    0.0436371   0.00200223      40.8901    0.0379611  -0.00337887       40.881    0.0394972  -0.00342608       40.881    0.0381149   0.00177597      40.8895     0.039651   0.00172877      40.8895    0.0341233  -0.00290272      40.8813     0.035441  -0.00294318      40.8813    0.0342569   0.00151126      40.8888    0.0355747   0.00147079      40.8888    0.0302218  -0.00244643      40.8816     0.031333  -0.00248052      40.8816    0.0303346   0.00126923      40.8882    0.0314458   0.00123514      40.8882    0.0262932  -0.00201562       40.882     0.027211  -0.00204375      40.8819    0.0263857   0.00104819      40.8877    0.0273036   0.00102007      40.8877    0.0223784  -0.00161666      40.8823    0.0231173  -0.00163927      40.8823     0.022452  0.000845716      40.8871    0.0231909  0.000823107      40.8871    0.0185235  -0.00125404      40.8827    0.0190994  -0.00127163      40.8827    0.0185798   0.00066121      40.8866    0.0191557  0.000643623      40.8866    0.0147794 -0.000931367       40.883    0.0152091 -0.000944465       40.883    0.0148204  0.000494987      40.8862    0.0152501  0.000481889      40.8862    0.0112018 -0.000651582      40.8834    0.0115037 -0.000660761      40.8834    0.0112297  0.000348052      40.8858    0.0115316  0.000338873      40.8858   0.00785147  -0.00041697      40.8837   0.00804506 -0.000422838      40.8837   0.00786861  0.000222085      40.8854    0.0080622  0.000216217      40.8854   0.00479542 -0.000229133      40.8841   0.00490144 -0.000232335      40.8841   0.00480429  0.000119499      40.8851   0.00491031  0.000116297      40.8851   0.00211554 -8.90825e-05      40.8844   0.00215613 -9.03029e-05      40.8844   0.00211867  4.36561e-05      40.8848   0.00215926  4.24356e-05      40.8848 -4.86142e-16  1.30547e-15      40.8846 -5.16508e-16  1.34436e-15      40.8846 -4.93147e-16  1.15966e-15      40.8846 -5.23513e-16  1.19855e-15      40.8846
Candidate var F_l: 
   0.0363942   -0.0050301      40.8797    0.0386296  -0.00495954      40.8799    0.0360559   0.00255066       40.891    0.0382913   0.00262123      40.8913     0.034365  -0.00434637        40.88    0.0363605   -0.0042835      40.8802    0.0340601   0.00240568      40.8904    0.0360557   0.00246855      40.8906    0.0320785  -0.00383045      40.8803    0.0338271  -0.00377503      40.8805    0.0318108   0.00210535      40.8898    0.0335594   0.00216078      40.8899    0.0296043  -0.00333785      40.8807    0.0311144  -0.00328948      40.8808    0.0293727   0.00181845      40.8891    0.0308828   0.00186682      40.8893    0.0269682  -0.00286757       40.881     0.028254  -0.00282599      40.8811    0.0267705   0.00154763      40.8885    0.0280563   0.00158921      40.8887    0.0241978  -0.00241678      40.8814    0.0252757  -0.00238169      40.8815    0.0240313   0.00129987       40.888    0.0251092   0.00133495      40.8881    0.0213244  -0.00199111      40.8818    0.0222105  -0.00196213      40.8819    0.0211864   0.00107347      40.8875    0.0220725   0.00110244      40.8876    0.0183834  -0.00159689      40.8822    0.0190937  -0.00157359      40.8822    0.0182715  0.000866051       40.887    0.0189818  0.000889353      40.8871    0.0154147  -0.00123861      40.8826    0.0159657  -0.00122048      40.8826    0.0153266  0.000677039      40.8865    0.0158776  0.000695173      40.8866    0.0124629 -0.000919842      40.8829    0.0128721 -0.000906332       40.883    0.0123962  0.000506784      40.8861    0.0128054  0.000520293      40.8862   0.00957727 -0.000643479      40.8833   0.00986321 -0.000634009      40.8834   0.00952946  0.000356326      40.8857    0.0098154  0.000365796      40.8858   0.00681217 -0.000411774      40.8837   0.00699431 -0.000405718      40.8837    0.0067807   0.00022738      40.8854   0.00696284  0.000233435      40.8854   0.00422792  -0.00022629       40.884   0.00432683 -0.000222984      40.8841   0.00421005  0.000122392      40.8851   0.00430896  0.000125698      40.8851   0.00189922 -8.79964e-05      40.8844   0.00193664 -8.67364e-05      40.8844   0.00189201  4.47611e-05      40.8848   0.00192943  4.60211e-05      40.8848 -3.09087e-16 -7.93624e-16      40.8846 -4.37227e-16 -7.56784e-16      40.8846  -2.8787e-16 -1.16636e-15      40.8846  -4.1601e-16 -1.12952e-15      40.8846
Candidate var F_r: 
   0.0486872  -0.00509086      40.8802    0.0509303  -0.00515993      40.8802    0.0488893   0.00248804      40.8916    0.0511324   0.00241897      40.8916    0.0453181  -0.00440026      40.8804     0.047318  -0.00446175      40.8804    0.0454999   0.00235026      40.8909    0.0474997   0.00228876      40.8909    0.0417031  -0.00387771      40.8807    0.0434674  -0.00393194      40.8807    0.0418733   0.00205651      40.8902    0.0436376   0.00200228      40.8901    0.0379615  -0.00337882       40.881    0.0394977  -0.00342602       40.881    0.0381154   0.00177601      40.8895    0.0396515   0.00172881      40.8895    0.0341237  -0.00290267      40.8813    0.0354415  -0.00294314      40.8813    0.0342574   0.00151129      40.8888    0.0355751   0.00147083      40.8888    0.0302222  -0.00244638      40.8816    0.0313334  -0.00248047      40.8816     0.030335   0.00126926      40.8882    0.0314462   0.00123517      40.8882    0.0262935  -0.00201559       40.882    0.0272113  -0.00204371      40.8819    0.0263861   0.00104822      40.8877    0.0273039    0.0010201      40.8877    0.0223787  -0.00161663      40.8823    0.0231176  -0.00163924      40.8823    0.0224523  0.000845739      40.8871    0.0231912   0.00082313      40.8871    0.0185237  -0.00125401      40.8827    0.0190996   -0.0012716      40.8827      0.01858  0.000661228      40.8866    0.0191559  0.000643641      40.8866    0.0147796 -0.000931347       40.883    0.0152093 -0.000944445       40.883    0.0148206     0.000495      40.8862    0.0152503  0.000481903      40.8862    0.0112019 -0.000651568      40.8834    0.0115038 -0.000660746      40.8834    0.0112298  0.000348061      40.8858    0.0115317  0.000338883      40.8858   0.00785157  -0.00041696      40.8837   0.00804516 -0.000422828      40.8837   0.00786872  0.000222091      40.8854    0.0080623  0.000216223      40.8854   0.00479548 -0.000229127      40.8841    0.0049015 -0.000232329      40.8841   0.00480435  0.000119502      40.8851   0.00491037    0.0001163      40.8851   0.00211557 -8.90801e-05      40.8844   0.00215615 -9.03006e-05      40.8844    0.0021187  4.36572e-05      40.8848   0.00215928  4.24368e-05      40.8848  -4.8649e-16  1.30568e-15      40.8846 -5.16905e-16  1.34456e-15      40.8846 -4.93503e-16  1.15969e-15      40.8846 -5.23918e-16  1.19858e-15      40.8846
--------------------------------------------- 
Time: 165 ms ------------------
Torque guess: 
   0.415556    -2.76503     2.09231    -15.6102      5.6414 -0.00889868    0.617235     2.73055    -2.08478    -15.8828     5.60435  -0.0209516     0.30514   0.0295775    -1.99588   -0.253412     1.00972    0.134557   -0.475324  -0.0014444   -0.127114    0.024348   -0.607149     -1.0127   -0.131303   -0.602071  0.00133002   -0.160243  -0.0240612
Torque candidate: 
   0.415532    -2.76501      2.0923    -15.6102      5.6414 -0.00889845    0.617166     2.73055    -2.08478    -15.8828     5.60435  -0.0209518     0.30507    0.029501    -1.99574   -0.253392      1.0097    0.134554   -0.475312 -0.00144435   -0.127111   0.0243472   -0.607021    -1.01272   -0.131308   -0.602021  0.00132986    -0.16023  -0.0240624
Guess var F_l: 
   0.0363936  -0.00503016      40.8797     0.038629   -0.0049596      40.8799    0.0360553    0.0025506       40.891    0.0382907   0.00262116      40.8913    0.0343644  -0.00434643        40.88      0.03636  -0.00428356      40.8802    0.0340596   0.00240563      40.8904    0.0360552    0.0024685      40.8906     0.032078  -0.00383051      40.8803    0.0338266  -0.00377508      40.8805    0.0318103    0.0021053      40.8898    0.0335588   0.00216073      40.8899    0.0296038   -0.0033379      40.8807    0.0311139  -0.00328954      40.8808    0.0293722   0.00181841      40.8891    0.0308823   0.00186677      40.8893    0.0269677  -0.00286762       40.881    0.0282535  -0.00282604      40.8811      0.02677    0.0015476      40.8885    0.0280558   0.00158917      40.8887    0.0241974  -0.00241682      40.8814    0.0252753  -0.00238173      40.8815    0.0240309   0.00129983       40.888    0.0251088   0.00133492      40.8881     0.021324  -0.00199114      40.8818    0.0222101  -0.00196217      40.8819    0.0211861   0.00107344      40.8875    0.0220722   0.00110241      40.8876    0.0183831  -0.00159692      40.8822    0.0190934  -0.00157362      40.8822    0.0182712  0.000866028       40.887    0.0189815   0.00088933      40.8871    0.0154145  -0.00123864      40.8826    0.0159655   -0.0012205      40.8826    0.0153264  0.000677021      40.8865    0.0158774  0.000695155      40.8866    0.0124627 -0.000919861      40.8829    0.0128719 -0.000906352       40.883     0.012396   0.00050677      40.8861    0.0128052   0.00052028      40.8862   0.00957711 -0.000643494      40.8833   0.00986305 -0.000634024      40.8834   0.00952931  0.000356317      40.8857   0.00981525  0.000365787      40.8858   0.00681206 -0.000411784      40.8837    0.0069942 -0.000405728      40.8837   0.00678059  0.000227374      40.8854   0.00696273   0.00023343      40.8854   0.00422785 -0.000226295       40.884   0.00432677  -0.00022299      40.8841   0.00420998  0.000122389      40.8851   0.00430889  0.000125695      40.8851   0.00189919 -8.79987e-05      40.8844   0.00193661 -8.67387e-05      40.8844   0.00189198    4.476e-05      40.8848    0.0019294    4.602e-05      40.8848 -3.08993e-16 -7.93881e-16      40.8846 -4.37045e-16 -7.57035e-16      40.8846 -2.87782e-16 -1.16632e-15      40.8846 -4.15834e-16 -1.12947e-15      40.8846
Guess var F_r: 
   0.0486866  -0.00509092      40.8802    0.0509297     -0.00516      40.8802    0.0488887   0.00248798      40.8916    0.0511318   0.00241891      40.8916    0.0453176  -0.00440031      40.8804    0.0473174  -0.00446181      40.8804    0.0454993   0.00235021      40.8909    0.0474992   0.00228871      40.8909    0.0417026  -0.00387776      40.8807    0.0434669    -0.003932      40.8807    0.0418728   0.00205646      40.8902    0.0436371   0.00200223      40.8901    0.0379611  -0.00337887       40.881    0.0394972  -0.00342608       40.881    0.0381149   0.00177597      40.8895     0.039651   0.00172877      40.8895    0.0341233  -0.00290272      40.8813     0.035441  -0.00294318      40.8813    0.0342569   0.00151126      40.8888    0.0355747   0.00147079      40.8888    0.0302218  -0.00244643      40.8816     0.031333  -0.00248052      40.8816    0.0303346   0.00126923      40.8882    0.0314458   0.00123514      40.8882    0.0262932  -0.00201562       40.882     0.027211  -0.00204375      40.8819    0.0263857   0.00104819      40.8877    0.0273036   0.00102007      40.8877    0.0223784  -0.00161666      40.8823    0.0231173  -0.00163927      40.8823     0.022452  0.000845716      40.8871    0.0231909  0.000823107      40.8871    0.0185235  -0.00125404      40.8827    0.0190994  -0.00127163      40.8827    0.0185798   0.00066121      40.8866    0.0191557  0.000643623      40.8866    0.0147794 -0.000931367       40.883    0.0152091 -0.000944465       40.883    0.0148204  0.000494987      40.8862    0.0152501  0.000481889      40.8862    0.0112018 -0.000651582      40.8834    0.0115037 -0.000660761      40.8834    0.0112297  0.000348052      40.8858    0.0115316  0.000338873      40.8858   0.00785147  -0.00041697      40.8837   0.00804506 -0.000422838      40.8837   0.00786861  0.000222085      40.8854    0.0080622  0.000216217      40.8854   0.00479542 -0.000229133      40.8841   0.00490144 -0.000232335      40.8841   0.00480429  0.000119499      40.8851   0.00491031  0.000116297      40.8851   0.00211554 -8.90825e-05      40.8844   0.00215613 -9.03029e-05      40.8844   0.00211867  4.36561e-05      40.8848   0.00215926  4.24356e-05      40.8848 -4.86142e-16  1.30547e-15      40.8846 -5.16508e-16  1.34436e-15      40.8846 -4.93147e-16  1.15966e-15      40.8846 -5.23513e-16  1.19855e-15      40.8846
Candidate var F_l: 
   0.0363943  -0.00503008      40.8797    0.0386297  -0.00495952      40.8799    0.0360561   0.00255068       40.891    0.0382915   0.00262125      40.8913    0.0343651  -0.00434635        40.88    0.0363607  -0.00428348      40.8802    0.0340603    0.0024057      40.8904    0.0360558   0.00246857      40.8906    0.0320787  -0.00383044      40.8803    0.0338272  -0.00377501      40.8805    0.0318109   0.00210537      40.8898    0.0335595   0.00216079      40.8899    0.0296044  -0.00333783      40.8807    0.0311145  -0.00328947      40.8808    0.0293728   0.00181847      40.8891    0.0308828   0.00186683      40.8893    0.0269683  -0.00286756       40.881    0.0282541  -0.00282598      40.8811    0.0267706   0.00154765      40.8885    0.0280564   0.00158922      40.8887    0.0241978  -0.00241677      40.8814    0.0252757  -0.00238168      40.8815    0.0240314   0.00129987       40.888    0.0251093   0.00133496      40.8881    0.0213244   -0.0019911      40.8818    0.0222105  -0.00196213      40.8819    0.0211865   0.00107348      40.8875    0.0220726   0.00110245      40.8876    0.0183834  -0.00159689      40.8822    0.0190937  -0.00157358      40.8822    0.0182716  0.000866057       40.887    0.0189819  0.000889359      40.8871    0.0154148  -0.00123861      40.8826    0.0159658  -0.00122047      40.8826    0.0153267  0.000677043      40.8865    0.0158777  0.000695177      40.8866    0.0124629 -0.000919838      40.8829    0.0128722 -0.000906328       40.883    0.0123962  0.000506787      40.8861    0.0128055  0.000520296      40.8862   0.00957729 -0.000643476      40.8833   0.00986323 -0.000634006      40.8834   0.00952949  0.000356328      40.8857   0.00981543  0.000365798      40.8858   0.00681219 -0.000411772      40.8837   0.00699433 -0.000405716      40.8837   0.00678072  0.000227381      40.8854   0.00696286  0.000233437      40.8854   0.00422793 -0.000226289       40.884   0.00432684 -0.000222983      40.8841   0.00421006  0.000122393      40.8851   0.00430897  0.000125698      40.8851   0.00189922 -8.79959e-05      40.8844   0.00193664 -8.67359e-05      40.8844   0.00189201  4.47613e-05      40.8848   0.00192943  4.60213e-05      40.8848 -3.09083e-16 -7.93635e-16      40.8846 -4.37211e-16 -7.56795e-16      40.8846 -2.87868e-16 -1.16633e-15      40.8846 -4.15996e-16 -1.12949e-15      40.8846
Candidate var F_r: 
   0.0486873  -0.00509084      40.8802    0.0509304  -0.00515992      40.8802    0.0488894   0.00248806      40.8916    0.0511325   0.00241899      40.8916    0.0453182  -0.00440024      40.8804    0.0473181  -0.00446174      40.8804       0.0455   0.00235027      40.8909    0.0474998   0.00228878      40.8909    0.0417032  -0.00387769      40.8807    0.0434675  -0.00393193      40.8807    0.0418734   0.00205653      40.8902    0.0436377   0.00200229      40.8901    0.0379616  -0.00337881       40.881    0.0394978  -0.00342601       40.881    0.0381155   0.00177602      40.8895    0.0396516   0.00172882      40.8895    0.0341238  -0.00290266      40.8813    0.0354415  -0.00294312      40.8813    0.0342574   0.00151131      40.8888    0.0355752   0.00147084      40.8888    0.0302223  -0.00244637      40.8816    0.0313334  -0.00248046      40.8816    0.0303351   0.00126927      40.8882    0.0314463   0.00123518      40.8882    0.0262936  -0.00201558       40.882    0.0272114   -0.0020437      40.8819    0.0263861   0.00104823      40.8877    0.0273039    0.0010201      40.8877    0.0223787  -0.00161662      40.8823    0.0231177  -0.00163923      40.8823    0.0224523  0.000845745      40.8871    0.0231913  0.000823136      40.8871    0.0185238  -0.00125401      40.8827    0.0190996   -0.0012716      40.8827    0.0185801  0.000661233      40.8866    0.0191559  0.000643646      40.8866    0.0147796 -0.000931343       40.883    0.0152094 -0.000944441       40.883    0.0148206  0.000495004      40.8862    0.0152504  0.000481906      40.8862    0.0112019 -0.000651565      40.8834    0.0115039 -0.000660743      40.8834    0.0112298  0.000348063      40.8858    0.0115317  0.000338885      40.8858   0.00785159 -0.000416958      40.8837   0.00804518 -0.000422826      40.8837   0.00786873  0.000222092      40.8854   0.00806232  0.000216224      40.8854   0.00479549 -0.000229126      40.8841   0.00490151 -0.000232328      40.8841   0.00480436  0.000119503      40.8851   0.00491038  0.000116301      40.8851   0.00211557 -8.90797e-05      40.8844   0.00215616 -9.03001e-05      40.8844    0.0021187  4.36574e-05      40.8848   0.00215929   4.2437e-05      40.8848 -4.86448e-16  1.30563e-15      40.8846 -5.16855e-16  1.34451e-15      40.8846  -4.9346e-16  1.15967e-15      40.8846 -5.23867e-16  1.19855e-15      40.8846
--------------------------------------------- 
Time: 170 ms ------------------
Torque guess: 
   0.415556    -2.76503     2.09231    -15.6102      5.6414 -0.00889868    0.617235     2.73055    -2.08478    -15.8828     5.60435  -0.0209516     0.30514   0.0295775    -1.99588   -0.253412     1.00972    0.134557   -0.475324  -0.0014444   -0.127114    0.024348   -0.607149     -1.0127   -0.131303   -0.602071  0.00133002   -0.160243  -0.0240612
Torque candidate: 
   0.415527    -2.76501      2.0923    -15.6102      5.6414 -0.00889845    0.617155     2.73055    -2.08478    -15.8828     5.60435  -0.0209518    0.305056   0.0294824    -1.99571   -0.253387      1.0097    0.134553   -0.475309 -0.00144434    -0.12711    0.024347   -0.606995    -1.01273   -0.131309   -0.602011  0.00132983   -0.160227  -0.0240627
Guess var F_l: 
   0.0363936  -0.00503016      40.8797     0.038629   -0.0049596      40.8799    0.0360553    0.0025506       40.891    0.0382907   0.00262116      40.8913    0.0343644  -0.00434643        40.88      0.03636  -0.00428356      40.8802    0.0340596   0.00240563      40.8904    0.0360552    0.0024685      40.8906     0.032078  -0.00383051      40.8803    0.0338266  -0.00377508      40.8805    0.0318103    0.0021053      40.8898    0.0335588   0.00216073      40.8899    0.0296038   -0.0033379      40.8807    0.0311139  -0.00328954      40.8808    0.0293722   0.00181841      40.8891    0.0308823   0.00186677      40.8893    0.0269677  -0.00286762       40.881    0.0282535  -0.00282604      40.8811      0.02677    0.0015476      40.8885    0.0280558   0.00158917      40.8887    0.0241974  -0.00241682      40.8814    0.0252753  -0.00238173      40.8815    0.0240309   0.00129983       40.888    0.0251088   0.00133492      40.8881     0.021324  -0.00199114      40.8818    0.0222101  -0.00196217      40.8819    0.0211861   0.00107344      40.8875    0.0220722   0.00110241      40.8876    0.0183831  -0.00159692      40.8822    0.0190934  -0.00157362      40.8822    0.0182712  0.000866028       40.887    0.0189815   0.00088933      40.8871    0.0154145  -0.00123864      40.8826    0.0159655   -0.0012205      40.8826    0.0153264  0.000677021      40.8865    0.0158774  0.000695155      40.8866    0.0124627 -0.000919861      40.8829    0.0128719 -0.000906352       40.883     0.012396   0.00050677      40.8861    0.0128052   0.00052028      40.8862   0.00957711 -0.000643494      40.8833   0.00986305 -0.000634024      40.8834   0.00952931  0.000356317      40.8857   0.00981525  0.000365787      40.8858   0.00681206 -0.000411784      40.8837    0.0069942 -0.000405728      40.8837   0.00678059  0.000227374      40.8854   0.00696273   0.00023343      40.8854   0.00422785 -0.000226295       40.884   0.00432677  -0.00022299      40.8841   0.00420998  0.000122389      40.8851   0.00430889  0.000125695      40.8851   0.00189919 -8.79987e-05      40.8844   0.00193661 -8.67387e-05      40.8844   0.00189198    4.476e-05      40.8848    0.0019294    4.602e-05      40.8848 -3.08993e-16 -7.93881e-16      40.8846 -4.37045e-16 -7.57035e-16      40.8846 -2.87782e-16 -1.16632e-15      40.8846 -4.15834e-16 -1.12947e-15      40.8846
Guess var F_r: 
   0.0486866  -0.00509092      40.8802    0.0509297     -0.00516      40.8802    0.0488887   0.00248798      40.8916    0.0511318   0.00241891      40.8916    0.0453176  -0.00440031      40.8804    0.0473174  -0.00446181      40.8804    0.0454993   0.00235021      40.8909    0.0474992   0.00228871      40.8909    0.0417026  -0.00387776      40.8807    0.0434669    -0.003932      40.8807    0.0418728   0.00205646      40.8902    0.0436371   0.00200223      40.8901    0.0379611  -0.00337887       40.881    0.0394972  -0.00342608       40.881    0.0381149   0.00177597      40.8895     0.039651   0.00172877      40.8895    0.0341233  -0.00290272      40.8813     0.035441  -0.00294318      40.8813    0.0342569   0.00151126      40.8888    0.0355747   0.00147079      40.8888    0.0302218  -0.00244643      40.8816     0.031333  -0.00248052      40.8816    0.0303346   0.00126923      40.8882    0.0314458   0.00123514      40.8882    0.0262932  -0.00201562       40.882     0.027211  -0.00204375      40.8819    0.0263857   0.00104819      40.8877    0.0273036   0.00102007      40.8877    0.0223784  -0.00161666      40.8823    0.0231173  -0.00163927      40.8823     0.022452  0.000845716      40.8871    0.0231909  0.000823107      40.8871    0.0185235  -0.00125404      40.8827    0.0190994  -0.00127163      40.8827    0.0185798   0.00066121      40.8866    0.0191557  0.000643623      40.8866    0.0147794 -0.000931367       40.883    0.0152091 -0.000944465       40.883    0.0148204  0.000494987      40.8862    0.0152501  0.000481889      40.8862    0.0112018 -0.000651582      40.8834    0.0115037 -0.000660761      40.8834    0.0112297  0.000348052      40.8858    0.0115316  0.000338873      40.8858   0.00785147  -0.00041697      40.8837   0.00804506 -0.000422838      40.8837   0.00786861  0.000222085      40.8854    0.0080622  0.000216217      40.8854   0.00479542 -0.000229133      40.8841   0.00490144 -0.000232335      40.8841   0.00480429  0.000119499      40.8851   0.00491031  0.000116297      40.8851   0.00211554 -8.90825e-05      40.8844   0.00215613 -9.03029e-05      40.8844   0.00211867  4.36561e-05      40.8848   0.00215926  4.24356e-05      40.8848 -4.86142e-16  1.30547e-15      40.8846 -5.16508e-16  1.34436e-15      40.8846 -4.93147e-16  1.15966e-15      40.8846 -5.23513e-16  1.19855e-15      40.8846
Candidate var F_l: 
   0.0363944  -0.00503006      40.8797    0.0386299   -0.0049595      40.8799    0.0360562    0.0025507       40.891    0.0382916   0.00262127      40.8913    0.0343652  -0.00434633        40.88    0.0363608  -0.00428346      40.8802    0.0340604   0.00240572      40.8904    0.0360559   0.00246859      40.8906    0.0320788  -0.00383042      40.8803    0.0338273  -0.00377499      40.8805     0.031811   0.00210538      40.8898    0.0335596   0.00216081      40.8899    0.0296045  -0.00333782      40.8807    0.0311146  -0.00328946      40.8808    0.0293729   0.00181848      40.8891    0.0308829   0.00186684      40.8893    0.0269684  -0.00286754       40.881    0.0282542  -0.00282597      40.8811    0.0267706   0.00154766      40.8885    0.0280564   0.00158923      40.8887    0.0241979  -0.00241676      40.8814    0.0252758  -0.00238167      40.8815    0.0240314   0.00129988       40.888    0.0251093   0.00133497      40.8881    0.0213245  -0.00199109      40.8818    0.0222106  -0.00196212      40.8819    0.0211866   0.00107349      40.8875    0.0220727   0.00110246      40.8876    0.0183835  -0.00159688      40.8822    0.0190938  -0.00157358      40.8822    0.0182716  0.000866063       40.887    0.0189819  0.000889365      40.8871    0.0154148   -0.0012386      40.8826    0.0159658  -0.00122047      40.8826    0.0153267  0.000677048      40.8865    0.0158777  0.000695182      40.8866     0.012463 -0.000919833      40.8829    0.0128722 -0.000906324       40.883    0.0123962   0.00050679      40.8861    0.0128055  0.000520299      40.8862   0.00957732 -0.000643473      40.8833   0.00986326 -0.000634003      40.8834   0.00952952   0.00035633      40.8857   0.00981546    0.0003658      40.8858   0.00681221  -0.00041177      40.8837   0.00699435 -0.000405714      40.8837   0.00678074  0.000227382      40.8854   0.00696288  0.000233438      40.8854   0.00422794 -0.000226287       40.884   0.00432686 -0.000222982      40.8841   0.00421007  0.000122394      40.8851   0.00430898  0.000125699      40.8851   0.00189923 -8.79955e-05      40.8844   0.00193665 -8.67355e-05      40.8844   0.00189202  4.47616e-05      40.8848   0.00192944  4.60215e-05      40.8848 -3.09079e-16 -7.93635e-16      40.8846   -4.372e-16 -7.56795e-16      40.8846 -2.87865e-16 -1.16631e-15      40.8846 -4.15985e-16 -1.12947e-15      40.8846
Candidate var F_r: 
   0.0486874  -0.00509083      40.8802    0.0509306   -0.0051599      40.8802    0.0488895   0.00248808      40.8916    0.0511327   0.00241901      40.8916    0.0453183  -0.00440022      40.8804    0.0473182  -0.00446172      40.8804    0.0455001   0.00235029      40.8909       0.0475    0.0022888      40.8909    0.0417033  -0.00387767      40.8807    0.0434676  -0.00393191      40.8807    0.0418735   0.00205654      40.8902    0.0436378   0.00200231      40.8901    0.0379617   -0.0033788       40.881    0.0394979    -0.003426       40.881    0.0381156   0.00177604      40.8895    0.0396517   0.00172884      40.8895    0.0341239  -0.00290265      40.8813    0.0354416  -0.00294311      40.8813    0.0342575   0.00151132      40.8888    0.0355753   0.00147085      40.8888    0.0302223  -0.00244636      40.8816    0.0313335  -0.00248045      40.8816    0.0303352   0.00126928      40.8882    0.0314463   0.00123519      40.8882    0.0262936  -0.00201557       40.882    0.0272114  -0.00204369      40.8819    0.0263862   0.00104823      40.8877     0.027304   0.00102011      40.8877    0.0223788  -0.00161662      40.8823    0.0231177  -0.00163922      40.8823    0.0224524  0.000845751      40.8871    0.0231913  0.000823142      40.8871    0.0185238    -0.001254      40.8827    0.0190997  -0.00127159      40.8827    0.0185801  0.000661237      40.8866     0.019156   0.00064365      40.8866    0.0147796 -0.000931339       40.883    0.0152094 -0.000944436       40.883    0.0148206  0.000495007      40.8862    0.0152504  0.000481909      40.8862     0.011202 -0.000651561      40.8834    0.0115039  -0.00066074      40.8834    0.0112299  0.000348066      40.8858    0.0115318  0.000338887      40.8858    0.0078516 -0.000416956      40.8837   0.00804519 -0.000422824      40.8837   0.00786875  0.000222093      40.8854   0.00806234  0.000216226      40.8854    0.0047955 -0.000229125      40.8841   0.00490152 -0.000232327      40.8841   0.00480438  0.000119503      40.8851   0.00491039  0.000116301      40.8851   0.00211558 -8.90792e-05      40.8844   0.00215616 -9.02997e-05      40.8844   0.00211871  4.36577e-05      40.8848   0.00215929  4.24372e-05      40.8848 -4.86427e-16   1.3056e-15      40.8846  -5.1683e-16  1.34448e-15      40.8846 -4.93439e-16  1.15965e-15      40.8846 -5.23842e-16  1.19853e-15      40.8846
--------------------------------------------- 
Time: 175 ms ------------------
Torque guess: 
   0.415556    -2.76503     2.09231    -15.6102      5.6414 -0.00889868    0.617235     2.73055    -2.08478    -15.8828     5.60435  -0.0209516     0.30514   0.0295775    -1.99588   -0.253412     1.00972    0.134557   -0.475324  -0.0014444   -0.127114    0.024348   -0.607149     -1.0127   -0.131303   -0.602071  0.00133002   -0.160243  -0.0240612
Torque candidate: 
    0.41552      -2.765      2.0923    -15.6102      5.6414 -0.00889846    0.617143     2.73055    -2.08478    -15.8828     5.60435  -0.0209518    0.305041   0.0294618    -1.99568   -0.253381     1.00969    0.134552   -0.475306 -0.00144433   -0.127109   0.0243467   -0.606966    -1.01273    -0.13131      -0.602  0.00132979   -0.160224   -0.024063
Guess var F_l: 
   0.0363936  -0.00503016      40.8797     0.038629   -0.0049596      40.8799    0.0360553    0.0025506       40.891    0.0382907   0.00262116      40.8913    0.0343644  -0.00434643        40.88      0.03636  -0.00428356      40.8802    0.0340596   0.00240563      40.8904    0.0360552    0.0024685      40.8906     0.032078  -0.00383051      40.8803    0.0338266  -0.00377508      40.8805    0.0318103    0.0021053      40.8898    0.0335588   0.00216073      40.8899    0.0296038   -0.0033379      40.8807    0.0311139  -0.00328954      40.8808    0.0293722   0.00181841      40.8891    0.0308823   0.00186677      40.8893    0.0269677  -0.00286762       40.881    0.0282535  -0.00282604      40.8811      0.02677    0.0015476      40.8885    0.0280558   0.00158917      40.8887    0.0241974  -0.00241682      40.8814    0.0252753  -0.00238173      40.8815    0.0240309   0.00129983       40.888    0.0251088   0.00133492      40.8881     0.021324  -0.00199114      40.8818    0.0222101  -0.00196217      40.8819    0.0211861   0.00107344      40.8875    0.0220722   0.00110241      40.8876    0.0183831  -0.00159692      40.8822    0.0190934  -0.00157362      40.8822    0.0182712  0.000866028       40.887    0.0189815   0.00088933      40.8871    0.0154145  -0.00123864      40.8826    0.0159655   -0.0012205      40.8826    0.0153264  0.000677021      40.8865    0.0158774  0.000695155      40.8866    0.0124627 -0.000919861      40.8829    0.0128719 -0.000906352       40.883     0.012396   0.00050677      40.8861    0.0128052   0.00052028      40.8862   0.00957711 -0.000643494      40.8833   0.00986305 -0.000634024      40.8834   0.00952931  0.000356317      40.8857   0.00981525  0.000365787      40.8858   0.00681206 -0.000411784      40.8837    0.0069942 -0.000405728      40.8837   0.00678059  0.000227374      40.8854   0.00696273   0.00023343      40.8854   0.00422785 -0.000226295       40.884   0.00432677  -0.00022299      40.8841   0.00420998  0.000122389      40.8851   0.00430889  0.000125695      40.8851   0.00189919 -8.79987e-05      40.8844   0.00193661 -8.67387e-05      40.8844   0.00189198    4.476e-05      40.8848    0.0019294    4.602e-05      40.8848 -3.08993e-16 -7.93881e-16      40.8846 -4.37045e-16 -7.57035e-16      40.8846 -2.87782e-16 -1.16632e-15      40.8846 -4.15834e-16 -1.12947e-15      40.8846
Guess var F_r: 
   0.0486866  -0.00509092      40.8802    0.0509297     -0.00516      40.8802    0.0488887   0.00248798      40.8916    0.0511318   0.00241891      40.8916    0.0453176  -0.00440031      40.8804    0.0473174  -0.00446181      40.8804    0.0454993   0.00235021      40.8909    0.0474992   0.00228871      40.8909    0.0417026  -0.00387776      40.8807    0.0434669    -0.003932      40.8807    0.0418728   0.00205646      40.8902    0.0436371   0.00200223      40.8901    0.0379611  -0.00337887       40.881    0.0394972  -0.00342608       40.881    0.0381149   0.00177597      40.8895     0.039651   0.00172877      40.8895    0.0341233  -0.00290272      40.8813     0.035441  -0.00294318      40.8813    0.0342569   0.00151126      40.8888    0.0355747   0.00147079      40.8888    0.0302218  -0.00244643      40.8816     0.031333  -0.00248052      40.8816    0.0303346   0.00126923      40.8882    0.0314458   0.00123514      40.8882    0.0262932  -0.00201562       40.882     0.027211  -0.00204375      40.8819    0.0263857   0.00104819      40.8877    0.0273036   0.00102007      40.8877    0.0223784  -0.00161666      40.8823    0.0231173  -0.00163927      40.8823     0.022452  0.000845716      40.8871    0.0231909  0.000823107      40.8871    0.0185235  -0.00125404      40.8827    0.0190994  -0.00127163      40.8827    0.0185798   0.00066121      40.8866    0.0191557  0.000643623      40.8866    0.0147794 -0.000931367       40.883    0.0152091 -0.000944465       40.883    0.0148204  0.000494987      40.8862    0.0152501  0.000481889      40.8862    0.0112018 -0.000651582      40.8834    0.0115037 -0.000660761      40.8834    0.0112297  0.000348052      40.8858    0.0115316  0.000338873      40.8858   0.00785147  -0.00041697      40.8837   0.00804506 -0.000422838      40.8837   0.00786861  0.000222085      40.8854    0.0080622  0.000216217      40.8854   0.00479542 -0.000229133      40.8841   0.00490144 -0.000232335      40.8841   0.00480429  0.000119499      40.8851   0.00491031  0.000116297      40.8851   0.00211554 -8.90825e-05      40.8844   0.00215613 -9.03029e-05      40.8844   0.00211867  4.36561e-05      40.8848   0.00215926  4.24356e-05      40.8848 -4.86142e-16  1.30547e-15      40.8846 -5.16508e-16  1.34436e-15      40.8846 -4.93147e-16  1.15966e-15      40.8846 -5.23513e-16  1.19855e-15      40.8846
Candidate var F_l: 
   0.0363946  -0.00503005      40.8797      0.03863  -0.00495948      40.8799    0.0360563   0.00255072       40.891    0.0382917   0.00262129      40.8913    0.0343653  -0.00434631        40.88    0.0363609  -0.00428344      40.8802    0.0340605   0.00240573      40.8904    0.0360561   0.00246861      40.8906    0.0320789   -0.0038304      40.8803    0.0338274  -0.00377498      40.8805    0.0318111    0.0021054      40.8898    0.0335597   0.00216082      40.8899    0.0296046   -0.0033378      40.8807    0.0311147  -0.00328944      40.8808     0.029373   0.00181849      40.8891     0.030883   0.00186686      40.8893    0.0269684  -0.00286753       40.881    0.0282542  -0.00282596      40.8811    0.0267707   0.00154767      40.8885    0.0280565   0.00158924      40.8887     0.024198  -0.00241674      40.8814    0.0252759  -0.00238166      40.8815    0.0240315   0.00129989       40.888    0.0251094   0.00133498      40.8881    0.0213246  -0.00199108      40.8818    0.0222107  -0.00196211      40.8819    0.0211866   0.00107349      40.8875    0.0220727   0.00110246      40.8876    0.0183836  -0.00159687      40.8822    0.0190938  -0.00157357      40.8822    0.0182717  0.000866069       40.887     0.018982  0.000889371      40.8871    0.0154149   -0.0012386      40.8826    0.0159659  -0.00122046      40.8826    0.0153267  0.000677053      40.8865    0.0158778  0.000695187      40.8866     0.012463 -0.000919828      40.8829    0.0128723 -0.000906319       40.883    0.0123963  0.000506794      40.8861    0.0128055  0.000520303      40.8862   0.00957735  -0.00064347      40.8833   0.00986329    -0.000634      40.8834   0.00952954  0.000356333      40.8857   0.00981548  0.000365803      40.8858   0.00681223 -0.000411768      40.8837   0.00699437 -0.000405712      40.8837   0.00678076  0.000227384      40.8854    0.0069629  0.000233439      40.8854   0.00422795 -0.000226286       40.884   0.00432687 -0.000222981      40.8841   0.00421008  0.000122394      40.8851   0.00430899    0.0001257      40.8851   0.00189923  -8.7995e-05      40.8844   0.00193665  -8.6735e-05      40.8844   0.00189202  4.47618e-05      40.8848   0.00192944  4.60218e-05      40.8848 -3.09075e-16 -7.93629e-16      40.8846 -4.37192e-16 -7.56789e-16      40.8846 -2.87861e-16 -1.16629e-15      40.8846 -4.15978e-16 -1.12945e-15      40.8846
Candidate var F_r: 
   0.0486876  -0.00509081      40.8802    0.0509307  -0.00515988      40.8802    0.0488897    0.0024881      40.8916    0.0511328   0.00241903      40.8916    0.0453184   -0.0044002      40.8804    0.0473183   -0.0044617      40.8804    0.0455002   0.00235031      40.8909    0.0475001   0.00228882      40.8909    0.0417034  -0.00387766      40.8807    0.0434677  -0.00393189      40.8807    0.0418736   0.00205656      40.8902    0.0436379   0.00200232      40.8901    0.0379618  -0.00337878       40.881     0.039498  -0.00342598       40.881    0.0381157   0.00177605      40.8895    0.0396518   0.00172885      40.8895     0.034124  -0.00290263      40.8813    0.0354417   -0.0029431      40.8813    0.0342576   0.00151133      40.8888    0.0355753   0.00147086      40.8888    0.0302224  -0.00244635      40.8816    0.0313336  -0.00248044      40.8816    0.0303352   0.00126929      40.8882    0.0314464    0.0012352      40.8882    0.0262937  -0.00201556       40.882    0.0272115  -0.00204368      40.8819    0.0263863   0.00104824      40.8877    0.0273041   0.00102012      40.8877    0.0223788  -0.00161661      40.8823    0.0231178  -0.00163922      40.8823    0.0224524  0.000845758      40.8871    0.0231914  0.000823149      40.8871    0.0185239    -0.001254      40.8827    0.0190997  -0.00127158      40.8827    0.0185802  0.000661242      40.8866     0.019156  0.000643655      40.8866    0.0147797 -0.000931334       40.883    0.0152094 -0.000944432       40.883    0.0148207  0.000495011      40.8862    0.0152504  0.000481913      40.8862     0.011202 -0.000651558      40.8834    0.0115039 -0.000660737      40.8834    0.0112299  0.000348068      40.8858    0.0115318  0.000338889      40.8858   0.00785162 -0.000416954      40.8837   0.00804521 -0.000422821      40.8837   0.00786877  0.000222095      40.8854   0.00806236  0.000216227      40.8854   0.00479551 -0.000229124      40.8841   0.00490153 -0.000232326      40.8841   0.00480439  0.000119504      40.8851    0.0049104  0.000116302      40.8851   0.00211558 -8.90787e-05      40.8844   0.00215617 -9.02992e-05      40.8844   0.00211871  4.36579e-05      40.8848    0.0021593  4.24375e-05      40.8848 -4.86418e-16  1.30557e-15      40.8846  -5.1682e-16  1.34446e-15      40.8846 -4.93429e-16  1.15964e-15      40.8846 -5.23831e-16  1.19852e-15      40.8846
--------------------------------------------- 
Time: 180 ms ------------------
Torque guess: 
   0.415556    -2.76503     2.09231    -15.6102      5.6414 -0.00889868    0.617235     2.73055    -2.08478    -15.8828     5.60435  -0.0209516     0.30514   0.0295775    -1.99588   -0.253412     1.00972    0.134557   -0.475324  -0.0014444   -0.127114    0.024348   -0.607149     -1.0127   -0.131303   -0.602071  0.00133002   -0.160243  -0.0240612
Torque candidate: 
   0.415514      -2.765      2.0923    -15.6102      5.6414 -0.00889847    0.617131     2.73056    -2.08478    -15.8828     5.60435  -0.0209518    0.305024   0.0294389    -1.99564   -0.253375     1.00969    0.134551   -0.475303 -0.00144431   -0.127108   0.0243464   -0.606935    -1.01274   -0.131312   -0.601988  0.00132975   -0.160221  -0.0240633
Guess var F_l: 
   0.0363936  -0.00503016      40.8797     0.038629   -0.0049596      40.8799    0.0360553    0.0025506       40.891    0.0382907   0.00262116      40.8913    0.0343644  -0.00434643        40.88      0.03636  -0.00428356      40.8802    0.0340596   0.00240563      40.8904    0.0360552    0.0024685      40.8906     0.032078  -0.00383051      40.8803    0.0338266  -0.00377508      40.8805    0.0318103    0.0021053      40.8898    0.0335588   0.00216073      40.8899    0.0296038   -0.0033379      40.8807    0.0311139  -0.00328954      40.8808    0.0293722   0.00181841      40.8891    0.0308823   0.00186677      40.8893    0.0269677  -0.00286762       40.881    0.0282535  -0.00282604      40.8811      0.02677    0.0015476      40.8885    0.0280558   0.00158917      40.8887    0.0241974  -0.00241682      40.8814    0.0252753  -0.00238173      40.8815    0.0240309   0.00129983       40.888    0.0251088   0.00133492      40.8881     0.021324  -0.00199114      40.8818    0.0222101  -0.00196217      40.8819    0.0211861   0.00107344      40.8875    0.0220722   0.00110241      40.8876    0.0183831  -0.00159692      40.8822    0.0190934  -0.00157362      40.8822    0.0182712  0.000866028       40.887    0.0189815   0.00088933      40.8871    0.0154145  -0.00123864      40.8826    0.0159655   -0.0012205      40.8826    0.0153264  0.000677021      40.8865    0.0158774  0.000695155      40.8866    0.0124627 -0.000919861      40.8829    0.0128719 -0.000906352       40.883     0.012396   0.00050677      40.8861    0.0128052   0.00052028      40.8862   0.00957711 -0.000643494      40.8833   0.00986305 -0.000634024      40.8834   0.00952931  0.000356317      40.8857   0.00981525  0.000365787      40.8858   0.00681206 -0.000411784      40.8837    0.0069942 -0.000405728      40.8837   0.00678059  0.000227374      40.8854   0.00696273   0.00023343      40.8854   0.00422785 -0.000226295       40.884   0.00432677  -0.00022299      40.8841   0.00420998  0.000122389      40.8851   0.00430889  0.000125695      40.8851   0.00189919 -8.79987e-05      40.8844   0.00193661 -8.67387e-05      40.8844   0.00189198    4.476e-05      40.8848    0.0019294    4.602e-05      40.8848 -3.08993e-16 -7.93881e-16      40.8846 -4.37045e-16 -7.57035e-16      40.8846 -2.87782e-16 -1.16632e-15      40.8846 -4.15834e-16 -1.12947e-15      40.8846
Guess var F_r: 
   0.0486866  -0.00509092      40.8802    0.0509297     -0.00516      40.8802    0.0488887   0.00248798      40.8916    0.0511318   0.00241891      40.8916    0.0453176  -0.00440031      40.8804    0.0473174  -0.00446181      40.8804    0.0454993   0.00235021      40.8909    0.0474992   0.00228871      40.8909    0.0417026  -0.00387776      40.8807    0.0434669    -0.003932      40.8807    0.0418728   0.00205646      40.8902    0.0436371   0.00200223      40.8901    0.0379611  -0.00337887       40.881    0.0394972  -0.00342608       40.881    0.0381149   0.00177597      40.8895     0.039651   0.00172877      40.8895    0.0341233  -0.00290272      40.8813     0.035441  -0.00294318      40.8813    0.0342569   0.00151126      40.8888    0.0355747   0.00147079      40.8888    0.0302218  -0.00244643      40.8816     0.031333  -0.00248052      40.8816    0.0303346   0.00126923      40.8882    0.0314458   0.00123514      40.8882    0.0262932  -0.00201562       40.882     0.027211  -0.00204375      40.8819    0.0263857   0.00104819      40.8877    0.0273036   0.00102007      40.8877    0.0223784  -0.00161666      40.8823    0.0231173  -0.00163927      40.8823     0.022452  0.000845716      40.8871    0.0231909  0.000823107      40.8871    0.0185235  -0.00125404      40.8827    0.0190994  -0.00127163      40.8827    0.0185798   0.00066121      40.8866    0.0191557  0.000643623      40.8866    0.0147794 -0.000931367       40.883    0.0152091 -0.000944465       40.883    0.0148204  0.000494987      40.8862    0.0152501  0.000481889      40.8862    0.0112018 -0.000651582      40.8834    0.0115037 -0.000660761      40.8834    0.0112297  0.000348052      40.8858    0.0115316  0.000338873      40.8858   0.00785147  -0.00041697      40.8837   0.00804506 -0.000422838      40.8837   0.00786861  0.000222085      40.8854    0.0080622  0.000216217      40.8854   0.00479542 -0.000229133      40.8841   0.00490144 -0.000232335      40.8841   0.00480429  0.000119499      40.8851   0.00491031  0.000116297      40.8851   0.00211554 -8.90825e-05      40.8844   0.00215613 -9.03029e-05      40.8844   0.00211867  4.36561e-05      40.8848   0.00215926  4.24356e-05      40.8848 -4.86142e-16  1.30547e-15      40.8846 -5.16508e-16  1.34436e-15      40.8846 -4.93147e-16  1.15966e-15      40.8846 -5.23513e-16  1.19855e-15      40.8846
Candidate var F_l: 
   0.0363947  -0.00503003      40.8797    0.0386301  -0.00495946      40.8799    0.0360565   0.00255075       40.891    0.0382919   0.00262131      40.8913    0.0343654  -0.00434629        40.88     0.036361  -0.00428342      40.8802    0.0340606   0.00240576      40.8904    0.0360562   0.00246863      40.8906     0.032079  -0.00383038      40.8803    0.0338275  -0.00377496      40.8805    0.0318112   0.00210542      40.8898    0.0335598   0.00216084      40.8899    0.0296047  -0.00333779      40.8807    0.0311148  -0.00328942      40.8808    0.0293731   0.00181851      40.8891    0.0308831   0.00186687      40.8893    0.0269685  -0.00286752       40.881    0.0282543  -0.00282594      40.8811    0.0267708   0.00154768      40.8885    0.0280566   0.00158926      40.8887    0.0241981  -0.00241673      40.8814     0.025276  -0.00238165      40.8815    0.0240316    0.0012999       40.888    0.0251095   0.00133499      40.8881    0.0213246  -0.00199107      40.8818    0.0222107   -0.0019621      40.8819    0.0211867    0.0010735      40.8875    0.0220728   0.00110247      40.8876    0.0183836  -0.00159686      40.8822    0.0190939  -0.00157356      40.8822    0.0182718  0.000866076       40.887     0.018982  0.000889378      40.8871    0.0154149  -0.00123859      40.8826    0.0159659  -0.00122046      40.8826    0.0153268  0.000677058      40.8865    0.0158778  0.000695192      40.8866     0.012463 -0.000919824      40.8829    0.0128723 -0.000906314       40.883    0.0123963  0.000506798      40.8861    0.0128056  0.000520307      40.8862   0.00957738 -0.000643466      40.8833   0.00986332 -0.000633996      40.8834   0.00952957  0.000356335      40.8857   0.00981551  0.000365805      40.8858   0.00681225 -0.000411765      40.8837   0.00699439  -0.00040571      40.8837   0.00678078  0.000227386      40.8854   0.00696292  0.000233441      40.8854   0.00422797 -0.000226285       40.884   0.00432688  -0.00022298      40.8841   0.00421009  0.000122395      40.8851   0.00430901  0.000125701      40.8851   0.00189924 -8.79945e-05      40.8844   0.00193666 -8.67345e-05      40.8844   0.00189203  4.47621e-05      40.8848   0.00192945  4.60221e-05      40.8848 -3.09072e-16  -7.9362e-16      40.8846 -4.37187e-16  -7.5678e-16      40.8846 -2.87858e-16 -1.16628e-15      40.8846 -4.15974e-16 -1.12944e-15      40.8846
Candidate var F_r: 
   0.0486877  -0.00509079      40.8802    0.0509308  -0.00515986      40.8802    0.0488898   0.00248813      40.8916    0.0511329   0.00241905      40.8916    0.0453186  -0.00440018      40.8804    0.0473184  -0.00446168      40.8804    0.0455003   0.00235033      40.8909    0.0475002   0.00228884      40.8909    0.0417035  -0.00387764      40.8807    0.0434678  -0.00393187      40.8807    0.0418737   0.00205658      40.8902     0.043638   0.00200234      40.8901    0.0379619  -0.00337876       40.881     0.039498  -0.00342596       40.881    0.0381158   0.00177607      40.8895    0.0396519   0.00172887      40.8895     0.034124  -0.00290262      40.8813    0.0354418  -0.00294308      40.8813    0.0342577   0.00151134      40.8888    0.0355754   0.00147088      40.8888    0.0302225  -0.00244634      40.8816    0.0313337  -0.00248043      40.8816    0.0303353    0.0012693      40.8882    0.0314465   0.00123521      40.8882    0.0262937  -0.00201555       40.882    0.0272116  -0.00204367      40.8819    0.0263863   0.00104825      40.8877    0.0273041   0.00102013      40.8877    0.0223789   -0.0016166      40.8823    0.0231178  -0.00163921      40.8823    0.0224525  0.000845765      40.8871    0.0231914  0.000823156      40.8871    0.0185239  -0.00125399      40.8827    0.0190998  -0.00127158      40.8827    0.0185802  0.000661248      40.8866    0.0191561  0.000643661      40.8866    0.0147797 -0.000931329       40.883    0.0152095 -0.000944427       40.883    0.0148207  0.000495014      40.8862    0.0152505  0.000481917      40.8862     0.011202 -0.000651555      40.8834    0.0115039 -0.000660733      40.8834    0.0112299  0.000348071      40.8858    0.0115318  0.000338892      40.8858   0.00785164 -0.000416951      40.8837   0.00804523 -0.000422819      40.8837   0.00786879  0.000222097      40.8854   0.00806238  0.000216229      40.8854   0.00479552 -0.000229122      40.8841   0.00490154 -0.000232325      40.8841    0.0048044  0.000119505      40.8851   0.00491041  0.000116303      40.8851   0.00211559 -8.90782e-05      40.8844   0.00215617 -9.02986e-05      40.8844   0.00211872  4.36582e-05      40.8848    0.0021593  4.24378e-05      40.8848 -4.86416e-16  1.30556e-15      40.8846 -5.16818e-16  1.34444e-15      40.8846 -4.93427e-16  1.15962e-15      40.8846 -5.23829e-16   1.1985e-15      40.8846
--------------------------------------------- 
Time: 185 ms ------------------
Torque guess: 
   0.415556    -2.76503     2.09231    -15.6102      5.6414 -0.00889868    0.617235     2.73055    -2.08478    -15.8828     5.60435  -0.0209516     0.30514   0.0295775    -1.99588   -0.253412     1.00972    0.134557   -0.475324  -0.0014444   -0.127114    0.024348   -0.607149     -1.0127   -0.131303   -0.602071  0.00133002   -0.160243  -0.0240612
Torque candidate: 
   0.415506      -2.765      2.0923    -15.6102      5.6414 -0.00889848    0.617117     2.73056    -2.08478    -15.8828     5.60435  -0.0209518    0.305006   0.0294137     -1.9956   -0.253369     1.00968     0.13455   -0.475299  -0.0014443   -0.127107    0.024346   -0.606901    -1.01275   -0.131313   -0.601975  0.00132971   -0.160217  -0.0240637
Guess var F_l: 
   0.0363936  -0.00503016      40.8797     0.038629   -0.0049596      40.8799    0.0360553    0.0025506       40.891    0.0382907   0.00262116      40.8913    0.0343644  -0.00434643        40.88      0.03636  -0.00428356      40.8802    0.0340596   0.00240563      40.8904    0.0360552    0.0024685      40.8906     0.032078  -0.00383051      40.8803    0.0338266  -0.00377508      40.8805    0.0318103    0.0021053      40.8898    0.0335588   0.00216073      40.8899    0.0296038   -0.0033379      40.8807    0.0311139  -0.00328954      40.8808    0.0293722   0.00181841      40.8891    0.0308823   0.00186677      40.8893    0.0269677  -0.00286762       40.881    0.0282535  -0.00282604      40.8811      0.02677    0.0015476      40.8885    0.0280558   0.00158917      40.8887    0.0241974  -0.00241682      40.8814    0.0252753  -0.00238173      40.8815    0.0240309   0.00129983       40.888    0.0251088   0.00133492      40.8881     0.021324  -0.00199114      40.8818    0.0222101  -0.00196217      40.8819    0.0211861   0.00107344      40.8875    0.0220722   0.00110241      40.8876    0.0183831  -0.00159692      40.8822    0.0190934  -0.00157362      40.8822    0.0182712  0.000866028       40.887    0.0189815   0.00088933      40.8871    0.0154145  -0.00123864      40.8826    0.0159655   -0.0012205      40.8826    0.0153264  0.000677021      40.8865    0.0158774  0.000695155      40.8866    0.0124627 -0.000919861      40.8829    0.0128719 -0.000906352       40.883     0.012396   0.00050677      40.8861    0.0128052   0.00052028      40.8862   0.00957711 -0.000643494      40.8833   0.00986305 -0.000634024      40.8834   0.00952931  0.000356317      40.8857   0.00981525  0.000365787      40.8858   0.00681206 -0.000411784      40.8837    0.0069942 -0.000405728      40.8837   0.00678059  0.000227374      40.8854   0.00696273   0.00023343      40.8854   0.00422785 -0.000226295       40.884   0.00432677  -0.00022299      40.8841   0.00420998  0.000122389      40.8851   0.00430889  0.000125695      40.8851   0.00189919 -8.79987e-05      40.8844   0.00193661 -8.67387e-05      40.8844   0.00189198    4.476e-05      40.8848    0.0019294    4.602e-05      40.8848 -3.08993e-16 -7.93881e-16      40.8846 -4.37045e-16 -7.57035e-16      40.8846 -2.87782e-16 -1.16632e-15      40.8846 -4.15834e-16 -1.12947e-15      40.8846
Guess var F_r: 
   0.0486866  -0.00509092      40.8802    0.0509297     -0.00516      40.8802    0.0488887   0.00248798      40.8916    0.0511318   0.00241891      40.8916    0.0453176  -0.00440031      40.8804    0.0473174  -0.00446181      40.8804    0.0454993   0.00235021      40.8909    0.0474992   0.00228871      40.8909    0.0417026  -0.00387776      40.8807    0.0434669    -0.003932      40.8807    0.0418728   0.00205646      40.8902    0.0436371   0.00200223      40.8901    0.0379611  -0.00337887       40.881    0.0394972  -0.00342608       40.881    0.0381149   0.00177597      40.8895     0.039651   0.00172877      40.8895    0.0341233  -0.00290272      40.8813     0.035441  -0.00294318      40.8813    0.0342569   0.00151126      40.8888    0.0355747   0.00147079      40.8888    0.0302218  -0.00244643      40.8816     0.031333  -0.00248052      40.8816    0.0303346   0.00126923      40.8882    0.0314458   0.00123514      40.8882    0.0262932  -0.00201562       40.882     0.027211  -0.00204375      40.8819    0.0263857   0.00104819      40.8877    0.0273036   0.00102007      40.8877    0.0223784  -0.00161666      40.8823    0.0231173  -0.00163927      40.8823     0.022452  0.000845716      40.8871    0.0231909  0.000823107      40.8871    0.0185235  -0.00125404      40.8827    0.0190994  -0.00127163      40.8827    0.0185798   0.00066121      40.8866    0.0191557  0.000643623      40.8866    0.0147794 -0.000931367       40.883    0.0152091 -0.000944465       40.883    0.0148204  0.000494987      40.8862    0.0152501  0.000481889      40.8862    0.0112018 -0.000651582      40.8834    0.0115037 -0.000660761      40.8834    0.0112297  0.000348052      40.8858    0.0115316  0.000338873      40.8858   0.00785147  -0.00041697      40.8837   0.00804506 -0.000422838      40.8837   0.00786861  0.000222085      40.8854    0.0080622  0.000216217      40.8854   0.00479542 -0.000229133      40.8841   0.00490144 -0.000232335      40.8841   0.00480429  0.000119499      40.8851   0.00491031  0.000116297      40.8851   0.00211554 -8.90825e-05      40.8844   0.00215613 -9.03029e-05      40.8844   0.00211867  4.36561e-05      40.8848   0.00215926  4.24356e-05      40.8848 -4.86142e-16  1.30547e-15      40.8846 -5.16508e-16  1.34436e-15      40.8846 -4.93147e-16  1.15966e-15      40.8846 -5.23513e-16  1.19855e-15      40.8846
Candidate var F_l: 
   0.0363948     -0.00503      40.8797    0.0386303  -0.00495944      40.8799    0.0360566   0.00255077       40.891     0.038292   0.00262133      40.8913    0.0343656  -0.00434627        40.88    0.0363611   -0.0042834      40.8802    0.0340607   0.00240578      40.8904    0.0360563   0.00246865      40.8906    0.0320791  -0.00383036      40.8803    0.0338276  -0.00377494      40.8805    0.0318113   0.00210544      40.8898    0.0335599   0.00216086      40.8899    0.0296048  -0.00333777      40.8807    0.0311149  -0.00328941      40.8808    0.0293732   0.00181852      40.8891    0.0308832   0.00186689      40.8893    0.0269686   -0.0028675       40.881    0.0282544  -0.00282593      40.8811    0.0267709    0.0015477      40.8885    0.0280567   0.00158927      40.8887    0.0241981  -0.00241672      40.8814     0.025276  -0.00238163      40.8815    0.0240317   0.00129992       40.888    0.0251096     0.001335      40.8881    0.0213247  -0.00199106      40.8818    0.0222108  -0.00196209      40.8819    0.0211868   0.00107351      40.8875    0.0220729   0.00110248      40.8876    0.0183837  -0.00159685      40.8822     0.019094  -0.00157355      40.8822    0.0182718  0.000866084       40.887    0.0189821  0.000889386      40.8871     0.015415  -0.00123858      40.8826     0.015966  -0.00122045      40.8826    0.0153268  0.000677064      40.8865    0.0158779  0.000695198      40.8866    0.0124631 -0.000919818      40.8829    0.0128723 -0.000906309       40.883    0.0123964  0.000506802      40.8861    0.0128056  0.000520311      40.8862   0.00957741 -0.000643463      40.8833   0.00986334 -0.000633993      40.8834    0.0095296  0.000356338      40.8857   0.00981554  0.000365808      40.8858   0.00681227 -0.000411763      40.8837   0.00699441 -0.000405707      40.8837    0.0067808  0.000227387      40.8854   0.00696294  0.000233443      40.8854   0.00422798 -0.000226284       40.884   0.00432689 -0.000222978      40.8841   0.00421011  0.000122396      40.8851   0.00430902  0.000125701      40.8851   0.00189924 -8.79939e-05      40.8844   0.00193666 -8.67339e-05      40.8844   0.00189203  4.47624e-05      40.8848   0.00192945  4.60224e-05      40.8848 -3.09069e-16 -7.93609e-16      40.8846 -4.37185e-16  -7.5677e-16      40.8846 -2.87856e-16 -1.16627e-15      40.8846 -4.15971e-16 -1.12943e-15      40.8846
Candidate var F_r: 
   0.0486878  -0.00509077      40.8802     0.050931  -0.00515984      40.8802    0.0488899   0.00248815      40.8916    0.0511331   0.00241908      40.8916    0.0453187  -0.00440016      40.8804    0.0473186  -0.00446166      40.8804    0.0455004   0.00235035      40.8909    0.0475003   0.00228886      40.8909    0.0417036  -0.00387762      40.8807    0.0434679  -0.00393185      40.8807    0.0418738    0.0020566      40.8902    0.0436381   0.00200236      40.8901     0.037962  -0.00337875       40.881    0.0394981  -0.00342595       40.881    0.0381159   0.00177608      40.8895     0.039652   0.00172888      40.8895    0.0341241   -0.0029026      40.8813    0.0354419  -0.00294307      40.8813    0.0342578   0.00151136      40.8888    0.0355755   0.00147089      40.8888    0.0302226  -0.00244633      40.8816    0.0313337  -0.00248042      40.8816    0.0303354   0.00126931      40.8882    0.0314466   0.00123522      40.8882    0.0262938  -0.00201554       40.882    0.0272116  -0.00204366      40.8819    0.0263864   0.00104826      40.8877    0.0273042   0.00102014      40.8877    0.0223789  -0.00161659      40.8823    0.0231179   -0.0016392      40.8823    0.0224525  0.000845772      40.8871    0.0231915  0.000823163      40.8871     0.018524  -0.00125398      40.8827    0.0190998  -0.00127157      40.8827    0.0185803  0.000661254      40.8866    0.0191561  0.000643666      40.8866    0.0147797 -0.000931324       40.883    0.0152095 -0.000944421       40.883    0.0148208  0.000495019      40.8862    0.0152505  0.000481921      40.8862     0.011202 -0.000651551      40.8834     0.011504 -0.000660729      40.8834    0.0112299  0.000348074      40.8858    0.0115319  0.000338895      40.8858   0.00785166 -0.000416949      40.8837   0.00804525 -0.000422817      40.8837   0.00786881  0.000222098      40.8854    0.0080624   0.00021623      40.8854   0.00479553 -0.000229121      40.8841   0.00490155 -0.000232323      40.8841   0.00480441  0.000119506      40.8851   0.00491043  0.000116304      40.8851   0.00211559 -8.90777e-05      40.8844   0.00215618 -9.02981e-05      40.8844   0.00211872  4.36585e-05      40.8848   0.00215931  4.24381e-05      40.8848 -4.86419e-16  1.30555e-15      40.8846 -5.16822e-16  1.34443e-15      40.8846  -4.9343e-16  1.15961e-15      40.8846 -5.23833e-16  1.19849e-15      40.8846
--------------------------------------------- 
Time: 190 ms ------------------
Torque guess: 
   0.415556    -2.76503     2.09231    -15.6102      5.6414 -0.00889868    0.617235     2.73055    -2.08478    -15.8828     5.60435  -0.0209516     0.30514   0.0295775    -1.99588   -0.253412     1.00972    0.134557   -0.475324  -0.0014444   -0.127114    0.024348   -0.607149     -1.0127   -0.131303   -0.602071  0.00133002   -0.160243  -0.0240612
Torque candidate: 
   0.415498      -2.765      2.0923    -15.6102      5.6414 -0.00889848    0.617103     2.73056    -2.08478    -15.8828     5.60435  -0.0209518    0.304987    0.029386    -1.99556   -0.253361     1.00968    0.134548   -0.475295 -0.00144429   -0.127106   0.0243457   -0.606864    -1.01275   -0.131315    -0.60196  0.00132966   -0.160213  -0.0240641
Guess var F_l: 
   0.0363936  -0.00503016      40.8797     0.038629   -0.0049596      40.8799    0.0360553    0.0025506       40.891    0.0382907   0.00262116      40.8913    0.0343644  -0.00434643        40.88      0.03636  -0.00428356      40.8802    0.0340596   0.00240563      40.8904    0.0360552    0.0024685      40.8906     0.032078  -0.00383051      40.8803    0.0338266  -0.00377508      40.8805    0.0318103    0.0021053      40.8898    0.0335588   0.00216073      40.8899    0.0296038   -0.0033379      40.8807    0.0311139  -0.00328954      40.8808    0.0293722   0.00181841      40.8891    0.0308823   0.00186677      40.8893    0.0269677  -0.00286762       40.881    0.0282535  -0.00282604      40.8811      0.02677    0.0015476      40.8885    0.0280558   0.00158917      40.8887    0.0241974  -0.00241682      40.8814    0.0252753  -0.00238173      40.8815    0.0240309   0.00129983       40.888    0.0251088   0.00133492      40.8881     0.021324  -0.00199114      40.8818    0.0222101  -0.00196217      40.8819    0.0211861   0.00107344      40.8875    0.0220722   0.00110241      40.8876    0.0183831  -0.00159692      40.8822    0.0190934  -0.00157362      40.8822    0.0182712  0.000866028       40.887    0.0189815   0.00088933      40.8871    0.0154145  -0.00123864      40.8826    0.0159655   -0.0012205      40.8826    0.0153264  0.000677021      40.8865    0.0158774  0.000695155      40.8866    0.0124627 -0.000919861      40.8829    0.0128719 -0.000906352       40.883     0.012396   0.00050677      40.8861    0.0128052   0.00052028      40.8862   0.00957711 -0.000643494      40.8833   0.00986305 -0.000634024      40.8834   0.00952931  0.000356317      40.8857   0.00981525  0.000365787      40.8858   0.00681206 -0.000411784      40.8837    0.0069942 -0.000405728      40.8837   0.00678059  0.000227374      40.8854   0.00696273   0.00023343      40.8854   0.00422785 -0.000226295       40.884   0.00432677  -0.00022299      40.8841   0.00420998  0.000122389      40.8851   0.00430889  0.000125695      40.8851   0.00189919 -8.79987e-05      40.8844   0.00193661 -8.67387e-05      40.8844   0.00189198    4.476e-05      40.8848    0.0019294    4.602e-05      40.8848 -3.08993e-16 -7.93881e-16      40.8846 -4.37045e-16 -7.57035e-16      40.8846 -2.87782e-16 -1.16632e-15      40.8846 -4.15834e-16 -1.12947e-15      40.8846
Guess var F_r: 
   0.0486866  -0.00509092      40.8802    0.0509297     -0.00516      40.8802    0.0488887   0.00248798      40.8916    0.0511318   0.00241891      40.8916    0.0453176  -0.00440031      40.8804    0.0473174  -0.00446181      40.8804    0.0454993   0.00235021      40.8909    0.0474992   0.00228871      40.8909    0.0417026  -0.00387776      40.8807    0.0434669    -0.003932      40.8807    0.0418728   0.00205646      40.8902    0.0436371   0.00200223      40.8901    0.0379611  -0.00337887       40.881    0.0394972  -0.00342608       40.881    0.0381149   0.00177597      40.8895     0.039651   0.00172877      40.8895    0.0341233  -0.00290272      40.8813     0.035441  -0.00294318      40.8813    0.0342569   0.00151126      40.8888    0.0355747   0.00147079      40.8888    0.0302218  -0.00244643      40.8816     0.031333  -0.00248052      40.8816    0.0303346   0.00126923      40.8882    0.0314458   0.00123514      40.8882    0.0262932  -0.00201562       40.882     0.027211  -0.00204375      40.8819    0.0263857   0.00104819      40.8877    0.0273036   0.00102007      40.8877    0.0223784  -0.00161666      40.8823    0.0231173  -0.00163927      40.8823     0.022452  0.000845716      40.8871    0.0231909  0.000823107      40.8871    0.0185235  -0.00125404      40.8827    0.0190994  -0.00127163      40.8827    0.0185798   0.00066121      40.8866    0.0191557  0.000643623      40.8866    0.0147794 -0.000931367       40.883    0.0152091 -0.000944465       40.883    0.0148204  0.000494987      40.8862    0.0152501  0.000481889      40.8862    0.0112018 -0.000651582      40.8834    0.0115037 -0.000660761      40.8834    0.0112297  0.000348052      40.8858    0.0115316  0.000338873      40.8858   0.00785147  -0.00041697      40.8837   0.00804506 -0.000422838      40.8837   0.00786861  0.000222085      40.8854    0.0080622  0.000216217      40.8854   0.00479542 -0.000229133      40.8841   0.00490144 -0.000232335      40.8841   0.00480429  0.000119499      40.8851   0.00491031  0.000116297      40.8851   0.00211554 -8.90825e-05      40.8844   0.00215613 -9.03029e-05      40.8844   0.00211867  4.36561e-05      40.8848   0.00215926  4.24356e-05      40.8848 -4.86142e-16  1.30547e-15      40.8846 -5.16508e-16  1.34436e-15      40.8846 -4.93147e-16  1.15966e-15      40.8846 -5.23513e-16  1.19855e-15      40.8846
Candidate var F_l: 
    0.036395  -0.00502998      40.8797    0.0386304  -0.00495942      40.8799    0.0360567    0.0025508       40.891    0.0382921   0.00262136      40.8913    0.0343657  -0.00434625        40.88    0.0363613  -0.00428338      40.8802    0.0340609    0.0024058      40.8904    0.0360564   0.00246867      40.8906    0.0320792  -0.00383034      40.8803    0.0338278  -0.00377492      40.8805    0.0318114   0.00210546      40.8898      0.03356   0.00216088      40.8899    0.0296049  -0.00333775      40.8807     0.031115  -0.00328939      40.8808    0.0293733   0.00181854      40.8891    0.0308833   0.00186691      40.8893    0.0269687  -0.00286749       40.881    0.0282545  -0.00282591      40.8811     0.026771   0.00154771      40.8885    0.0280568   0.00158929      40.8887    0.0241982  -0.00241671      40.8814    0.0252761  -0.00238162      40.8815    0.0240318   0.00129993       40.888    0.0251096   0.00133501      40.8881    0.0213248  -0.00199105      40.8818    0.0222109  -0.00196208      40.8819    0.0211868   0.00107352      40.8875    0.0220729   0.00110249      40.8876    0.0183837  -0.00159684      40.8822     0.019094  -0.00157354      40.8822    0.0182719  0.000866092       40.887    0.0189822  0.000889394      40.8871     0.015415  -0.00123857      40.8826     0.015966  -0.00122044      40.8826    0.0153269   0.00067707      40.8865    0.0158779  0.000695204      40.8866    0.0124631 -0.000919813      40.8829    0.0128724 -0.000906304       40.883    0.0123964  0.000506806      40.8861    0.0128056  0.000520316      40.8862   0.00957744 -0.000643459      40.8833   0.00986337 -0.000633989      40.8834   0.00952963  0.000356341      40.8857   0.00981557  0.000365811      40.8858   0.00681229  -0.00041176      40.8837   0.00699443 -0.000405705      40.8837   0.00678082  0.000227389      40.8854   0.00696296  0.000233445      40.8854   0.00422799 -0.000226282       40.884    0.0043269 -0.000222977      40.8841   0.00421012  0.000122397      40.8851   0.00430903  0.000125702      40.8851   0.00189925 -8.79933e-05      40.8844   0.00193667 -8.67334e-05      40.8844   0.00189204  4.47628e-05      40.8848   0.00192946  4.60227e-05      40.8848 -3.09067e-16 -7.93597e-16      40.8846 -4.37183e-16 -7.56758e-16      40.8846 -2.87854e-16 -1.16626e-15      40.8846  -4.1597e-16 -1.12942e-15      40.8846
Candidate var F_r: 
    0.048688  -0.00509074      40.8802    0.0509311  -0.00515982      40.8802    0.0488901   0.00248818      40.8916    0.0511332    0.0024191      40.8916    0.0453188  -0.00440014      40.8804    0.0473187  -0.00446163      40.8804    0.0455006   0.00235038      40.8909    0.0475004   0.00228888      40.8909    0.0417037   -0.0038776      40.8807     0.043468  -0.00393183      40.8807    0.0418739   0.00205662      40.8902    0.0436382   0.00200238      40.8901    0.0379621  -0.00337873       40.881    0.0394982  -0.00342593       40.881     0.038116    0.0017761      40.8895    0.0396521    0.0017289      40.8895    0.0341242  -0.00290259      40.8813     0.035442  -0.00294305      40.8813    0.0342579   0.00151137      40.8888    0.0355756   0.00147091      40.8888    0.0302226  -0.00244631      40.8816    0.0313338   -0.0024804      40.8816    0.0303355   0.00126933      40.8882    0.0314466   0.00123524      40.8882    0.0262939  -0.00201553       40.882    0.0272117  -0.00204365      40.8819    0.0263865   0.00104827      40.8877    0.0273043   0.00102015      40.8877     0.022379  -0.00161658      40.8823    0.0231179  -0.00163919      40.8823    0.0224526   0.00084578      40.8871    0.0231916  0.000823171      40.8871     0.018524  -0.00125398      40.8827    0.0190999  -0.00127156      40.8827    0.0185803   0.00066126      40.8866    0.0191562  0.000643673      40.8866    0.0147798 -0.000931318       40.883    0.0152095 -0.000944416       40.883    0.0148208  0.000495023      40.8862    0.0152506  0.000481926      40.8862    0.0112021 -0.000651547      40.8834     0.011504 -0.000660725      40.8834      0.01123  0.000348077      40.8858    0.0115319  0.000338898      40.8858   0.00785168 -0.000416946      40.8837   0.00804527 -0.000422814      40.8837   0.00786883    0.0002221      40.8854   0.00806241  0.000216232      40.8854   0.00479555  -0.00022912      40.8841   0.00490156 -0.000232322      40.8841   0.00480442  0.000119507      40.8851   0.00491044  0.000116305      40.8851    0.0021156 -8.90771e-05      40.8844   0.00215618 -9.02975e-05      40.8844   0.00211873  4.36589e-05      40.8848   0.00215931  4.24384e-05      40.8848 -4.86424e-16  1.30554e-15      40.8846 -5.16829e-16  1.34443e-15      40.8846 -4.93436e-16   1.1596e-15      40.8846  -5.2384e-16  1.19848e-15      40.8846
--------------------------------------------- 
Time: 195 ms ------------------
Torque guess: 
   0.415556    -2.76503     2.09231    -15.6102      5.6414 -0.00889868    0.617235     2.73055    -2.08478    -15.8828     5.60435  -0.0209516     0.30514   0.0295775    -1.99588   -0.253412     1.00972    0.134557   -0.475324  -0.0014444   -0.127114    0.024348   -0.607149     -1.0127   -0.131303   -0.602071  0.00133002   -0.160243  -0.0240612
Torque candidate: 
    -0.13868     -2.48597      2.00264     -15.4353      5.62954  -0.00729757    -0.590059      2.86449     -2.10265     -15.9499      5.60469   -0.0228919     -1.12306     -1.78658      1.07336     0.237058     0.600181    0.0512903    -0.202781 -0.000365499     -0.04816    0.0012726      2.05609     -1.52574    -0.242543     0.432278  -0.00207078     0.118256   -0.0509244
Guess var F_l: 
   0.0363936  -0.00503016      40.8797     0.038629   -0.0049596      40.8799    0.0360553    0.0025506       40.891    0.0382907   0.00262116      40.8913    0.0343644  -0.00434643        40.88      0.03636  -0.00428356      40.8802    0.0340596   0.00240563      40.8904    0.0360552    0.0024685      40.8906     0.032078  -0.00383051      40.8803    0.0338266  -0.00377508      40.8805    0.0318103    0.0021053      40.8898    0.0335588   0.00216073      40.8899    0.0296038   -0.0033379      40.8807    0.0311139  -0.00328954      40.8808    0.0293722   0.00181841      40.8891    0.0308823   0.00186677      40.8893    0.0269677  -0.00286762       40.881    0.0282535  -0.00282604      40.8811      0.02677    0.0015476      40.8885    0.0280558   0.00158917      40.8887    0.0241974  -0.00241682      40.8814    0.0252753  -0.00238173      40.8815    0.0240309   0.00129983       40.888    0.0251088   0.00133492      40.8881     0.021324  -0.00199114      40.8818    0.0222101  -0.00196217      40.8819    0.0211861   0.00107344      40.8875    0.0220722   0.00110241      40.8876    0.0183831  -0.00159692      40.8822    0.0190934  -0.00157362      40.8822    0.0182712  0.000866028       40.887    0.0189815   0.00088933      40.8871    0.0154145  -0.00123864      40.8826    0.0159655   -0.0012205      40.8826    0.0153264  0.000677021      40.8865    0.0158774  0.000695155      40.8866    0.0124627 -0.000919861      40.8829    0.0128719 -0.000906352       40.883     0.012396   0.00050677      40.8861    0.0128052   0.00052028      40.8862   0.00957711 -0.000643494      40.8833   0.00986305 -0.000634024      40.8834   0.00952931  0.000356317      40.8857   0.00981525  0.000365787      40.8858   0.00681206 -0.000411784      40.8837    0.0069942 -0.000405728      40.8837   0.00678059  0.000227374      40.8854   0.00696273   0.00023343      40.8854   0.00422785 -0.000226295       40.884   0.00432677  -0.00022299      40.8841   0.00420998  0.000122389      40.8851   0.00430889  0.000125695      40.8851   0.00189919 -8.79987e-05      40.8844   0.00193661 -8.67387e-05      40.8844   0.00189198    4.476e-05      40.8848    0.0019294    4.602e-05      40.8848 -3.08993e-16 -7.93881e-16      40.8846 -4.37045e-16 -7.57035e-16      40.8846 -2.87782e-16 -1.16632e-15      40.8846 -4.15834e-16 -1.12947e-15      40.8846
Guess var F_r: 
   0.0486866  -0.00509092      40.8802    0.0509297     -0.00516      40.8802    0.0488887   0.00248798      40.8916    0.0511318   0.00241891      40.8916    0.0453176  -0.00440031      40.8804    0.0473174  -0.00446181      40.8804    0.0454993   0.00235021      40.8909    0.0474992   0.00228871      40.8909    0.0417026  -0.00387776      40.8807    0.0434669    -0.003932      40.8807    0.0418728   0.00205646      40.8902    0.0436371   0.00200223      40.8901    0.0379611  -0.00337887       40.881    0.0394972  -0.00342608       40.881    0.0381149   0.00177597      40.8895     0.039651   0.00172877      40.8895    0.0341233  -0.00290272      40.8813     0.035441  -0.00294318      40.8813    0.0342569   0.00151126      40.8888    0.0355747   0.00147079      40.8888    0.0302218  -0.00244643      40.8816     0.031333  -0.00248052      40.8816    0.0303346   0.00126923      40.8882    0.0314458   0.00123514      40.8882    0.0262932  -0.00201562       40.882     0.027211  -0.00204375      40.8819    0.0263857   0.00104819      40.8877    0.0273036   0.00102007      40.8877    0.0223784  -0.00161666      40.8823    0.0231173  -0.00163927      40.8823     0.022452  0.000845716      40.8871    0.0231909  0.000823107      40.8871    0.0185235  -0.00125404      40.8827    0.0190994  -0.00127163      40.8827    0.0185798   0.00066121      40.8866    0.0191557  0.000643623      40.8866    0.0147794 -0.000931367       40.883    0.0152091 -0.000944465       40.883    0.0148204  0.000494987      40.8862    0.0152501  0.000481889      40.8862    0.0112018 -0.000651582      40.8834    0.0115037 -0.000660761      40.8834    0.0112297  0.000348052      40.8858    0.0115316  0.000338873      40.8858   0.00785147  -0.00041697      40.8837   0.00804506 -0.000422838      40.8837   0.00786861  0.000222085      40.8854    0.0080622  0.000216217      40.8854   0.00479542 -0.000229133      40.8841   0.00490144 -0.000232335      40.8841   0.00480429  0.000119499      40.8851   0.00491031  0.000116297      40.8851   0.00211554 -8.90825e-05      40.8844   0.00215613 -9.03029e-05      40.8844   0.00211867  4.36561e-05      40.8848   0.00215926  4.24356e-05      40.8848 -4.86142e-16  1.30547e-15      40.8846 -5.16508e-16  1.34436e-15      40.8846 -4.93147e-16  1.15966e-15      40.8846 -5.23513e-16  1.19855e-15      40.8846
Candidate var F_l: 
   0.0492142  -0.00335698      40.8765    0.0514981    -0.003285      40.8766    0.0488441   0.00438485      40.8913     0.051128   0.00445683      40.8914    0.0458236  -0.00267506      40.8772    0.0477971  -0.00261256      40.8773    0.0454976   0.00401916      40.8906    0.0474711   0.00408166      40.8907     0.042643  -0.00231706      40.8779    0.0443609  -0.00226259      40.8779    0.0423562   0.00351957        40.89    0.0440742   0.00357403      40.8901    0.0392745  -0.00197896      40.8785    0.0407523  -0.00193202      40.8786    0.0390251    0.0030547      40.8894    0.0405029   0.00310163      40.8894    0.0357026   -0.0016629      40.8791    0.0369555  -0.00162305      40.8792    0.0354885   0.00261513      40.8888    0.0367414   0.00265498      40.8889    0.0319618   -0.0013709      40.8798    0.0330056  -0.00133765      40.8798    0.0317808   0.00220176      40.8882    0.0328246   0.00223502      40.8883    0.0280965  -0.00110451      40.8804     0.028948  -0.00107734      40.8805    0.0279462   0.00181611      40.8877    0.0287977   0.00184327      40.8878    0.0241566 -0.000865383       40.881    0.0248331 -0.000843768      40.8811    0.0240347   0.00145958      40.8872    0.0247112    0.0014812      40.8873    0.0201972 -0.000654744      40.8817    0.0207167 -0.000638123      40.8817    0.0201012   0.00113406      40.8867    0.0206207   0.00115068      40.8868    0.0162787 -0.000473372      40.8823    0.0166599 -0.000461157      40.8823    0.0162061  0.000841849      40.8863    0.0165873  0.000854064      40.8863    0.0124673 -0.000321589      40.8828    0.0127296 -0.000313167      40.8829    0.0124153  0.000585759      40.8859    0.0126776  0.000594182      40.8859   0.00883471  -0.00019922      40.8834   0.00899857 -0.000193946      40.8834   0.00880055  0.000369103      40.8855   0.00896442  0.000374376      40.8855   0.00546016 -0.000105531      40.8839   0.00554671 -0.000102735      40.8839    0.0054408  0.000195785      40.8851   0.00552736   0.00019858      40.8852   0.00244065 -3.92302e-05      40.8843     0.002472 -3.82117e-05      40.8843   0.00243287  7.05114e-05      40.8848   0.00246422    7.153e-05      40.8848 -9.04223e-16  1.62513e-15      40.8846 -1.56853e-15  1.60574e-15      40.8846 -8.66272e-16 -6.02458e-16      40.8846 -1.53058e-15  -6.2185e-16      40.8846
Candidate var F_r: 
   0.0617617  -0.00342352      40.8762    0.0640596   -0.0034936      40.8761    0.0619617   0.00431909      40.8911    0.0642596   0.00424901      40.8909    0.0566744  -0.00273069       40.877    0.0586618  -0.00279116      40.8768     0.056846   0.00396451      40.8904    0.0588334   0.00390405      40.8902    0.0521097  -0.00236552      40.8776    0.0538454  -0.00241822      40.8775    0.0522619     0.003472      40.8897    0.0539976    0.0034193      40.8896    0.0474401  -0.00202074      40.8783      0.04894  -0.00206617      40.8781    0.0475751   0.00301373      40.8891     0.049075    0.0029683       40.889    0.0426446   -0.0016984      40.8789    0.0439216  -0.00173699      40.8788    0.0427614   0.00258036      40.8886    0.0440384   0.00254177      40.8885    0.0377615  -0.00140054      40.8796    0.0388298  -0.00143275      40.8795      0.03786   0.00217277      40.8881    0.0389283   0.00214055       40.888      0.03284  -0.00112872      40.8803    0.0337148  -0.00115504      40.8802    0.0329208   0.00179244      40.8876    0.0337956   0.00176612      40.8875    0.0279349 -0.000884641      40.8809    0.0286326 -0.000905583      40.8808     0.027999   0.00144078      40.8871    0.0286967   0.00141983       40.887     0.023106 -0.000669546      40.8816    0.0236439  -0.00068565      40.8815    0.0231551   0.00111961      40.8866     0.023693   0.00110351      40.8866    0.0184191 -0.000484243      40.8822    0.0188155 -0.000496077      40.8821    0.0184547  0.000831253      40.8862    0.0188511  0.000819419      40.8862    0.0139452  -0.00032908      40.8828    0.0142194  -0.00033724      40.8827    0.0139693  0.000578463      40.8858    0.0142435  0.000570303      40.8858   0.00976138 -0.000203905      40.8833   0.00993375 -0.000209014      40.8833   0.00977605  0.000364541      40.8855   0.00994843  0.000359431      40.8854   0.00595213 -0.000108012      40.8838   0.00604397 -0.000110721      40.8838   0.00595958  0.000193368      40.8851   0.00605141  0.000190659      40.8851   0.00262017 -4.01329e-05      40.8843   0.00265387   -4.112e-05      40.8843    0.0026227  6.96302e-05      40.8848   0.00265639  6.86432e-05      40.8848 -2.86516e-15  1.86826e-15      40.8846 -3.21688e-15  1.89562e-15      40.8846 -2.92497e-15  5.57633e-16      40.8846  -3.2767e-15  5.84993e-16      40.8846
--------------------------------------------- 
Time: 200 ms ------------------
Torque guess: 
    -0.13868     -2.48597      2.00264     -15.4353      5.62954  -0.00729757    -0.590059      2.86449     -2.10265     -15.9499      5.60469   -0.0228919     -1.12306     -1.78658      1.07336     0.237058     0.600181    0.0512903    -0.202781 -0.000365499     -0.04816    0.0012726      2.05609     -1.52574    -0.242543     0.432278  -0.00207078     0.118256   -0.0509244
Torque candidate: 
   -0.138666       -2.486      2.00265     -15.4353      5.62954  -0.00729735    -0.590023      2.86449     -2.10265     -15.9499      5.60469   -0.0228919     -1.12301     -1.78651      1.07327     0.237056      0.60021    0.0512959    -0.202784 -0.000365461   -0.0481606   0.00127406        2.056     -1.52572    -0.242539     0.432239   -0.0020706     0.118246   -0.0509234
Guess var F_l: 
   0.0492142  -0.00335698      40.8765    0.0514981    -0.003285      40.8766    0.0488441   0.00438485      40.8913     0.051128   0.00445683      40.8914    0.0458236  -0.00267506      40.8772    0.0477971  -0.00261256      40.8773    0.0454976   0.00401916      40.8906    0.0474711   0.00408166      40.8907     0.042643  -0.00231706      40.8779    0.0443609  -0.00226259      40.8779    0.0423562   0.00351957        40.89    0.0440742   0.00357403      40.8901    0.0392745  -0.00197896      40.8785    0.0407523  -0.00193202      40.8786    0.0390251    0.0030547      40.8894    0.0405029   0.00310163      40.8894    0.0357026   -0.0016629      40.8791    0.0369555  -0.00162305      40.8792    0.0354885   0.00261513      40.8888    0.0367414   0.00265498      40.8889    0.0319618   -0.0013709      40.8798    0.0330056  -0.00133765      40.8798    0.0317808   0.00220176      40.8882    0.0328246   0.00223502      40.8883    0.0280965  -0.00110451      40.8804     0.028948  -0.00107734      40.8805    0.0279462   0.00181611      40.8877    0.0287977   0.00184327      40.8878    0.0241566 -0.000865383       40.881    0.0248331 -0.000843768      40.8811    0.0240347   0.00145958      40.8872    0.0247112    0.0014812      40.8873    0.0201972 -0.000654744      40.8817    0.0207167 -0.000638123      40.8817    0.0201012   0.00113406      40.8867    0.0206207   0.00115068      40.8868    0.0162787 -0.000473372      40.8823    0.0166599 -0.000461157      40.8823    0.0162061  0.000841849      40.8863    0.0165873  0.000854064      40.8863    0.0124673 -0.000321589      40.8828    0.0127296 -0.000313167      40.8829    0.0124153  0.000585759      40.8859    0.0126776  0.000594182      40.8859   0.00883471  -0.00019922      40.8834   0.00899857 -0.000193946      40.8834   0.00880055  0.000369103      40.8855   0.00896442  0.000374376      40.8855   0.00546016 -0.000105531      40.8839   0.00554671 -0.000102735      40.8839    0.0054408  0.000195785      40.8851   0.00552736   0.00019858      40.8852   0.00244065 -3.92302e-05      40.8843     0.002472 -3.82117e-05      40.8843   0.00243287  7.05114e-05      40.8848   0.00246422    7.153e-05      40.8848 -9.04223e-16  1.62513e-15      40.8846 -1.56853e-15  1.60574e-15      40.8846 -8.66272e-16 -6.02458e-16      40.8846 -1.53058e-15  -6.2185e-16      40.8846
Guess var F_r: 
   0.0617617  -0.00342352      40.8762    0.0640596   -0.0034936      40.8761    0.0619617   0.00431909      40.8911    0.0642596   0.00424901      40.8909    0.0566744  -0.00273069       40.877    0.0586618  -0.00279116      40.8768     0.056846   0.00396451      40.8904    0.0588334   0.00390405      40.8902    0.0521097  -0.00236552      40.8776    0.0538454  -0.00241822      40.8775    0.0522619     0.003472      40.8897    0.0539976    0.0034193      40.8896    0.0474401  -0.00202074      40.8783      0.04894  -0.00206617      40.8781    0.0475751   0.00301373      40.8891     0.049075    0.0029683       40.889    0.0426446   -0.0016984      40.8789    0.0439216  -0.00173699      40.8788    0.0427614   0.00258036      40.8886    0.0440384   0.00254177      40.8885    0.0377615  -0.00140054      40.8796    0.0388298  -0.00143275      40.8795      0.03786   0.00217277      40.8881    0.0389283   0.00214055       40.888      0.03284  -0.00112872      40.8803    0.0337148  -0.00115504      40.8802    0.0329208   0.00179244      40.8876    0.0337956   0.00176612      40.8875    0.0279349 -0.000884641      40.8809    0.0286326 -0.000905583      40.8808     0.027999   0.00144078      40.8871    0.0286967   0.00141983       40.887     0.023106 -0.000669546      40.8816    0.0236439  -0.00068565      40.8815    0.0231551   0.00111961      40.8866     0.023693   0.00110351      40.8866    0.0184191 -0.000484243      40.8822    0.0188155 -0.000496077      40.8821    0.0184547  0.000831253      40.8862    0.0188511  0.000819419      40.8862    0.0139452  -0.00032908      40.8828    0.0142194  -0.00033724      40.8827    0.0139693  0.000578463      40.8858    0.0142435  0.000570303      40.8858   0.00976138 -0.000203905      40.8833   0.00993375 -0.000209014      40.8833   0.00977605  0.000364541      40.8855   0.00994843  0.000359431      40.8854   0.00595213 -0.000108012      40.8838   0.00604397 -0.000110721      40.8838   0.00595958  0.000193368      40.8851   0.00605141  0.000190659      40.8851   0.00262017 -4.01329e-05      40.8843   0.00265387   -4.112e-05      40.8843    0.0026227  6.96302e-05      40.8848   0.00265639  6.86432e-05      40.8848 -2.86516e-15  1.86826e-15      40.8846 -3.21688e-15  1.89562e-15      40.8846 -2.92497e-15  5.57633e-16      40.8846  -3.2767e-15  5.84993e-16      40.8846
Candidate var F_l: 
   0.0492144  -0.00335694      40.8765    0.0514983  -0.00328496      40.8766    0.0488444   0.00438487      40.8913    0.0511283   0.00445685      40.8914    0.0458238  -0.00267506      40.8772    0.0477973  -0.00261255      40.8773    0.0454978   0.00401916      40.8906    0.0474713   0.00408167      40.8907    0.0426432  -0.00231704      40.8779    0.0443612  -0.00226257      40.8779    0.0423564   0.00351958        40.89    0.0440744   0.00357405      40.8901    0.0392747  -0.00197893      40.8785    0.0407526  -0.00193199      40.8786    0.0390253   0.00305473      40.8894    0.0405032   0.00310166      40.8894    0.0357028  -0.00166287      40.8791    0.0369557  -0.00162301      40.8792    0.0354887   0.00261516      40.8888    0.0367416   0.00265502      40.8889     0.031962  -0.00137087      40.8798    0.0330058  -0.00133761      40.8798     0.031781    0.0022018      40.8882    0.0328248   0.00223506      40.8883    0.0280966  -0.00110448      40.8804    0.0289481  -0.00107731      40.8805    0.0279464   0.00181614      40.8877    0.0287979   0.00184331      40.8878    0.0241567 -0.000865354       40.881    0.0248332 -0.000843739      40.8811    0.0240348   0.00145961      40.8872    0.0247113   0.00148123      40.8873    0.0201973 -0.000654718      40.8817    0.0207168 -0.000638097      40.8817    0.0201013   0.00113408      40.8867    0.0206208    0.0011507      40.8868    0.0162788 -0.000473351      40.8823      0.01666 -0.000461137      40.8823    0.0162062   0.00084187      40.8863    0.0165874  0.000854084      40.8863    0.0124673 -0.000321574      40.8828    0.0127297 -0.000313151      40.8829    0.0124154  0.000585775      40.8859    0.0126777  0.000594197      40.8859   0.00883476 -0.000199209      40.8834   0.00899863 -0.000193935      40.8834    0.0088006  0.000369113      40.8855   0.00896446  0.000374387      40.8855   0.00546019 -0.000105525      40.8839   0.00554674 -0.000102729      40.8839   0.00544083  0.000195791      40.8851   0.00552739  0.000198587      40.8852   0.00244066 -3.92276e-05      40.8843   0.00247201 -3.82091e-05      40.8843   0.00243288   7.0514e-05      40.8848   0.00246423  7.15325e-05      40.8848 -9.04125e-16  1.61902e-15      40.8846 -1.56653e-15  1.59969e-15      40.8846  -8.6651e-16 -6.02071e-16      40.8846 -1.52891e-15 -6.21402e-16      40.8846
Candidate var F_r: 
    0.061762  -0.00342348      40.8762    0.0640599  -0.00349357      40.8761     0.061962   0.00431911      40.8911    0.0642599   0.00424903      40.8909    0.0566746  -0.00273068       40.877     0.058662  -0.00279115      40.8768    0.0568462   0.00396452      40.8904    0.0588336   0.00390405      40.8902      0.05211  -0.00236549      40.8776    0.0538456  -0.00241819      40.8775    0.0522621   0.00347202      40.8897    0.0539978   0.00341932      40.8896    0.0474403  -0.00202071      40.8783    0.0489402  -0.00206614      40.8781    0.0475753   0.00301376      40.8891    0.0490752   0.00296833       40.889    0.0426448  -0.00169837      40.8789    0.0439218  -0.00173696      40.8788    0.0427616   0.00258039      40.8886    0.0440386    0.0025418      40.8885    0.0377617   -0.0014005      40.8796      0.03883  -0.00143272      40.8795    0.0378602    0.0021728      40.8881    0.0389284   0.00214059       40.888    0.0328402  -0.00112869      40.8803     0.033715  -0.00115501      40.8802    0.0329209   0.00179247      40.8876    0.0337958   0.00176615      40.8875     0.027935 -0.000884611      40.8809    0.0286327 -0.000905553      40.8808    0.0279992   0.00144081      40.8871    0.0286969   0.00141986       40.887    0.0231062 -0.000669521      40.8816    0.0236441 -0.000685625      40.8815    0.0231552   0.00111964      40.8866    0.0236931   0.00110354      40.8866    0.0184192 -0.000484223      40.8822    0.0188156 -0.000496056      40.8821    0.0184548  0.000831273      40.8862    0.0188512  0.000819439      40.8862    0.0139452 -0.000329064      40.8828    0.0142195 -0.000337224      40.8827    0.0139693  0.000578479      40.8858    0.0142436  0.000570319      40.8858   0.00976143 -0.000203894      40.8833    0.0099338 -0.000209004      40.8833    0.0097761  0.000364551      40.8855   0.00994848  0.000359442      40.8854   0.00595216 -0.000108006      40.8838     0.006044 -0.000110714      40.8838   0.00595961  0.000193374      40.8851   0.00605144  0.000190666      40.8851   0.00262019 -4.01303e-05      40.8843   0.00265388 -4.11174e-05      40.8843   0.00262271  6.96328e-05      40.8848    0.0026564  6.86457e-05      40.8848  -2.8597e-15  1.86332e-15      40.8846 -3.20964e-15  1.89062e-15      40.8846 -2.91922e-15  5.58942e-16      40.8846 -3.26916e-15  5.86238e-16      40.8846
--------------------------------------------- 
Time: 205 ms ------------------
Torque guess: 
    -0.13868     -2.48597      2.00264     -15.4353      5.62954  -0.00729757    -0.590059      2.86449     -2.10265     -15.9499      5.60469   -0.0228919     -1.12306     -1.78658      1.07336     0.237058     0.600181    0.0512903    -0.202781 -0.000365499     -0.04816    0.0012726      2.05609     -1.52574    -0.242543     0.432278  -0.00207078     0.118256   -0.0509244
Torque candidate: 
  -0.0674661     -2.77704      2.11831     -15.4876      5.63547  -0.00535596    0.0295302      2.86464     -2.12256     -15.8509      5.60516   -0.0242769     -0.26662    -0.767488    -0.371767     0.138279     0.932326     0.117311    -0.268932 -0.000326797   -0.0667113    0.0187353     0.488664     -1.24339    -0.183399     -0.18004    0.0003512   -0.0473204   -0.0369523
Guess var F_l: 
   0.0492142  -0.00335698      40.8765    0.0514981    -0.003285      40.8766    0.0488441   0.00438485      40.8913     0.051128   0.00445683      40.8914    0.0458236  -0.00267506      40.8772    0.0477971  -0.00261256      40.8773    0.0454976   0.00401916      40.8906    0.0474711   0.00408166      40.8907     0.042643  -0.00231706      40.8779    0.0443609  -0.00226259      40.8779    0.0423562   0.00351957        40.89    0.0440742   0.00357403      40.8901    0.0392745  -0.00197896      40.8785    0.0407523  -0.00193202      40.8786    0.0390251    0.0030547      40.8894    0.0405029   0.00310163      40.8894    0.0357026   -0.0016629      40.8791    0.0369555  -0.00162305      40.8792    0.0354885   0.00261513      40.8888    0.0367414   0.00265498      40.8889    0.0319618   -0.0013709      40.8798    0.0330056  -0.00133765      40.8798    0.0317808   0.00220176      40.8882    0.0328246   0.00223502      40.8883    0.0280965  -0.00110451      40.8804     0.028948  -0.00107734      40.8805    0.0279462   0.00181611      40.8877    0.0287977   0.00184327      40.8878    0.0241566 -0.000865383       40.881    0.0248331 -0.000843768      40.8811    0.0240347   0.00145958      40.8872    0.0247112    0.0014812      40.8873    0.0201972 -0.000654744      40.8817    0.0207167 -0.000638123      40.8817    0.0201012   0.00113406      40.8867    0.0206207   0.00115068      40.8868    0.0162787 -0.000473372      40.8823    0.0166599 -0.000461157      40.8823    0.0162061  0.000841849      40.8863    0.0165873  0.000854064      40.8863    0.0124673 -0.000321589      40.8828    0.0127296 -0.000313167      40.8829    0.0124153  0.000585759      40.8859    0.0126776  0.000594182      40.8859   0.00883471  -0.00019922      40.8834   0.00899857 -0.000193946      40.8834   0.00880055  0.000369103      40.8855   0.00896442  0.000374376      40.8855   0.00546016 -0.000105531      40.8839   0.00554671 -0.000102735      40.8839    0.0054408  0.000195785      40.8851   0.00552736   0.00019858      40.8852   0.00244065 -3.92302e-05      40.8843     0.002472 -3.82117e-05      40.8843   0.00243287  7.05114e-05      40.8848   0.00246422    7.153e-05      40.8848 -9.04223e-16  1.62513e-15      40.8846 -1.56853e-15  1.60574e-15      40.8846 -8.66272e-16 -6.02458e-16      40.8846 -1.53058e-15  -6.2185e-16      40.8846
Guess var F_r: 
   0.0617617  -0.00342352      40.8762    0.0640596   -0.0034936      40.8761    0.0619617   0.00431909      40.8911    0.0642596   0.00424901      40.8909    0.0566744  -0.00273069       40.877    0.0586618  -0.00279116      40.8768     0.056846   0.00396451      40.8904    0.0588334   0.00390405      40.8902    0.0521097  -0.00236552      40.8776    0.0538454  -0.00241822      40.8775    0.0522619     0.003472      40.8897    0.0539976    0.0034193      40.8896    0.0474401  -0.00202074      40.8783      0.04894  -0.00206617      40.8781    0.0475751   0.00301373      40.8891     0.049075    0.0029683       40.889    0.0426446   -0.0016984      40.8789    0.0439216  -0.00173699      40.8788    0.0427614   0.00258036      40.8886    0.0440384   0.00254177      40.8885    0.0377615  -0.00140054      40.8796    0.0388298  -0.00143275      40.8795      0.03786   0.00217277      40.8881    0.0389283   0.00214055       40.888      0.03284  -0.00112872      40.8803    0.0337148  -0.00115504      40.8802    0.0329208   0.00179244      40.8876    0.0337956   0.00176612      40.8875    0.0279349 -0.000884641      40.8809    0.0286326 -0.000905583      40.8808     0.027999   0.00144078      40.8871    0.0286967   0.00141983       40.887     0.023106 -0.000669546      40.8816    0.0236439  -0.00068565      40.8815    0.0231551   0.00111961      40.8866     0.023693   0.00110351      40.8866    0.0184191 -0.000484243      40.8822    0.0188155 -0.000496077      40.8821    0.0184547  0.000831253      40.8862    0.0188511  0.000819419      40.8862    0.0139452  -0.00032908      40.8828    0.0142194  -0.00033724      40.8827    0.0139693  0.000578463      40.8858    0.0142435  0.000570303      40.8858   0.00976138 -0.000203905      40.8833   0.00993375 -0.000209014      40.8833   0.00977605  0.000364541      40.8855   0.00994843  0.000359431      40.8854   0.00595213 -0.000108012      40.8838   0.00604397 -0.000110721      40.8838   0.00595958  0.000193368      40.8851   0.00605141  0.000190659      40.8851   0.00262017 -4.01329e-05      40.8843   0.00265387   -4.112e-05      40.8843    0.0026227  6.96302e-05      40.8848   0.00265639  6.86432e-05      40.8848 -2.86516e-15  1.86826e-15      40.8846 -3.21688e-15  1.89562e-15      40.8846 -2.92497e-15  5.57633e-16      40.8846  -3.2767e-15  5.84993e-16      40.8846
Candidate var F_l: 
   0.0548339  -0.00271522      40.8759    0.0569991  -0.00264699       40.876    0.0544662   0.00461971       40.892    0.0566314   0.00468794       40.892    0.0510368  -0.00232318      40.8766    0.0529354  -0.00226342      40.8767    0.0507104   0.00409976      40.8912     0.052609   0.00415953      40.8912    0.0474263  -0.00189457      40.8773    0.0490771  -0.00184254      40.8774    0.0471379    0.0036993      40.8905    0.0487887   0.00375133      40.8906    0.0435693  -0.00152246       40.878    0.0449917  -0.00147762      40.8781    0.0433166   0.00329943      40.8898    0.0447391   0.00334427      40.8899    0.0394926  -0.00119506      40.8787       0.0407  -0.00115698      40.8788    0.0392741   0.00289952      40.8892    0.0404816   0.00293759      40.8892    0.0352447  -0.00091913      40.8794    0.0362513 -0.000887381      40.8795    0.0350586   0.00249591      40.8886    0.0360653   0.00252766      40.8886    0.0308798 -0.000690886      40.8801     0.031701 -0.000664984      40.8801    0.0307244   0.00209588       40.888    0.0315456   0.00212178       40.888    0.0264562  -0.00050332      40.8808    0.0271082 -0.000482753      40.8808    0.0263294   0.00170985      40.8875    0.0269814   0.00173042      40.8875    0.0220368 -0.000351881      40.8815    0.0225367 -0.000336109      40.8815    0.0219364   0.00134563      40.8869    0.0224363    0.0013614       40.887    0.0176896 -0.000232916      40.8821    0.0180555  -0.00022137      40.8821    0.0176133   0.00101005      40.8864    0.0179792    0.0010216      40.8865    0.0134881 -0.000143078      40.8827    0.0137391 -0.000135158      40.8827    0.0134332   0.00070964       40.886    0.0136842   0.00071756       40.886    0.0095115 -7.88964e-05      40.8833    0.0096674 -7.39756e-05      40.8833   0.00947527  0.000450987      40.8856   0.00963117  0.000455908      40.8856   0.00584603 -3.65116e-05      40.8838   0.00592768  -3.3934e-05      40.8838   0.00582542  0.000241079      40.8852   0.00590707  0.000243657      40.8852   0.00259629 -1.15562e-05      40.8843   0.00262544 -1.06359e-05      40.8843   0.00258798   8.7557e-05      40.8849   0.00261712  8.84773e-05      40.8849  1.24927e-14 -3.26441e-14      40.8846  2.57952e-14 -3.22265e-14      40.8846  1.08322e-14  1.21628e-14      40.8846  2.41347e-14  1.25805e-14      40.8846
Candidate var F_r: 
   0.0667166  -0.00277928      40.8754    0.0688969   -0.0028455      40.8752    0.0669008   0.00455725      40.8915    0.0690812   0.00449103      40.8913    0.0614743  -0.00237886      40.8762    0.0633872  -0.00243681       40.876    0.0616344   0.00404552      40.8907    0.0635473   0.00398758      40.8905    0.0565242  -0.00194299      40.8769    0.0581896  -0.00199344      40.8767    0.0566606   0.00365224      40.8901     0.058326   0.00360179      40.8899    0.0514183  -0.00156412      40.8776    0.0528558  -0.00160756      40.8774    0.0515317   0.00325901      40.8894    0.0529692   0.00321557      40.8893    0.0461632  -0.00123036      40.8783    0.0473854   -0.0012672      40.8782    0.0462552   0.00286532      40.8888    0.0474775   0.00282848      40.8887    0.0408129 -0.000948493      40.8791    0.0418337 -0.000979186       40.879    0.0408858    0.0024675      40.8882    0.0419066   0.00243681      40.8881    0.0354277 -0.000714778      40.8798    0.0362619 -0.000739795      40.8797    0.0354837   0.00207279      40.8877     0.036318   0.00204777      40.8876    0.0300715 -0.000522233      40.8806    0.0307351 -0.000542079      40.8805     0.030113   0.00169159      40.8872    0.0307766   0.00167174      40.8871    0.0248126 -0.000366337      40.8813    0.0253225 -0.000381541      40.8812    0.0248419   0.00133168      40.8867    0.0253518   0.00131648      40.8866    0.0197245 -0.000243462       40.882    0.0200986 -0.000254583      40.8819    0.0197438  0.000999892      40.8863    0.0201179  0.000988771      40.8862     0.014886 -0.000150285      40.8826    0.0151433 -0.000157905      40.8826    0.0148975  0.000702702      40.8859    0.0151548  0.000695081      40.8858    0.0103816 -8.33564e-05      40.8832    0.0105421  -8.8087e-05      40.8832    0.0103873  0.000446698      40.8855    0.0105478  0.000441967      40.8855   0.00630292 -3.88385e-05      40.8838   0.00638737 -4.13146e-05      40.8838   0.00630485  0.000238843      40.8851   0.00638929  0.000236367      40.8851   0.00275999  -1.2384e-05      40.8842   0.00279037 -1.32676e-05      40.8842   0.00276009  8.67616e-05      40.8848   0.00279046   8.5878e-05      40.8848  4.35746e-14 -3.67692e-14      40.8846  5.24552e-14 -3.73058e-14      40.8846  4.58127e-14 -4.24606e-15      40.8846  5.46933e-14 -4.78268e-15      40.8846
--------------------------------------------- 
Time: 210 ms ------------------
Torque guess: 
  -0.0674661     -2.77704      2.11831     -15.4876      5.63547  -0.00535596    0.0295302      2.86464     -2.12256     -15.8509      5.60516   -0.0242769     -0.26662    -0.767488    -0.371767     0.138279     0.932326     0.117311    -0.268932 -0.000326797   -0.0667113    0.0187353     0.488664     -1.24339    -0.183399     -0.18004    0.0003512   -0.0473204   -0.0369523
Torque candidate: 
   -0.152322      -2.8293      2.14086     -15.4981       5.6342  -0.00459278     0.373461      2.69207     -2.04267     -15.8133        5.595   -0.0222643    0.0706644    -0.358576    -0.844961    0.0318985      1.07743     0.148206    -0.334846 -0.000843649   -0.0868848    0.0271766    0.0384886     -1.08919    -0.149399    -0.341816  0.000566665    -0.089182   -0.0282607
Guess var F_l: 
   0.0548339  -0.00271522      40.8759    0.0569991  -0.00264699       40.876    0.0544662   0.00461971       40.892    0.0566314   0.00468794       40.892    0.0510368  -0.00232318      40.8766    0.0529354  -0.00226342      40.8767    0.0507104   0.00409976      40.8912     0.052609   0.00415953      40.8912    0.0474263  -0.00189457      40.8773    0.0490771  -0.00184254      40.8774    0.0471379    0.0036993      40.8905    0.0487887   0.00375133      40.8906    0.0435693  -0.00152246       40.878    0.0449917  -0.00147762      40.8781    0.0433166   0.00329943      40.8898    0.0447391   0.00334427      40.8899    0.0394926  -0.00119506      40.8787       0.0407  -0.00115698      40.8788    0.0392741   0.00289952      40.8892    0.0404816   0.00293759      40.8892    0.0352447  -0.00091913      40.8794    0.0362513 -0.000887381      40.8795    0.0350586   0.00249591      40.8886    0.0360653   0.00252766      40.8886    0.0308798 -0.000690886      40.8801     0.031701 -0.000664984      40.8801    0.0307244   0.00209588       40.888    0.0315456   0.00212178       40.888    0.0264562  -0.00050332      40.8808    0.0271082 -0.000482753      40.8808    0.0263294   0.00170985      40.8875    0.0269814   0.00173042      40.8875    0.0220368 -0.000351881      40.8815    0.0225367 -0.000336109      40.8815    0.0219364   0.00134563      40.8869    0.0224363    0.0013614       40.887    0.0176896 -0.000232916      40.8821    0.0180555  -0.00022137      40.8821    0.0176133   0.00101005      40.8864    0.0179792    0.0010216      40.8865    0.0134881 -0.000143078      40.8827    0.0137391 -0.000135158      40.8827    0.0134332   0.00070964       40.886    0.0136842   0.00071756       40.886    0.0095115 -7.88964e-05      40.8833    0.0096674 -7.39756e-05      40.8833   0.00947527  0.000450987      40.8856   0.00963117  0.000455908      40.8856   0.00584603 -3.65116e-05      40.8838   0.00592768  -3.3934e-05      40.8838   0.00582542  0.000241079      40.8852   0.00590707  0.000243657      40.8852   0.00259629 -1.15562e-05      40.8843   0.00262544 -1.06359e-05      40.8843   0.00258798   8.7557e-05      40.8849   0.00261712  8.84773e-05      40.8849  1.24927e-14 -3.26441e-14      40.8846  2.57952e-14 -3.22265e-14      40.8846  1.08322e-14  1.21628e-14      40.8846  2.41347e-14  1.25805e-14      40.8846
Guess var F_r: 
   0.0667166  -0.00277928      40.8754    0.0688969   -0.0028455      40.8752    0.0669008   0.00455725      40.8915    0.0690812   0.00449103      40.8913    0.0614743  -0.00237886      40.8762    0.0633872  -0.00243681       40.876    0.0616344   0.00404552      40.8907    0.0635473   0.00398758      40.8905    0.0565242  -0.00194299      40.8769    0.0581896  -0.00199344      40.8767    0.0566606   0.00365224      40.8901     0.058326   0.00360179      40.8899    0.0514183  -0.00156412      40.8776    0.0528558  -0.00160756      40.8774    0.0515317   0.00325901      40.8894    0.0529692   0.00321557      40.8893    0.0461632  -0.00123036      40.8783    0.0473854   -0.0012672      40.8782    0.0462552   0.00286532      40.8888    0.0474775   0.00282848      40.8887    0.0408129 -0.000948493      40.8791    0.0418337 -0.000979186       40.879    0.0408858    0.0024675      40.8882    0.0419066   0.00243681      40.8881    0.0354277 -0.000714778      40.8798    0.0362619 -0.000739795      40.8797    0.0354837   0.00207279      40.8877     0.036318   0.00204777      40.8876    0.0300715 -0.000522233      40.8806    0.0307351 -0.000542079      40.8805     0.030113   0.00169159      40.8872    0.0307766   0.00167174      40.8871    0.0248126 -0.000366337      40.8813    0.0253225 -0.000381541      40.8812    0.0248419   0.00133168      40.8867    0.0253518   0.00131648      40.8866    0.0197245 -0.000243462       40.882    0.0200986 -0.000254583      40.8819    0.0197438  0.000999892      40.8863    0.0201179  0.000988771      40.8862     0.014886 -0.000150285      40.8826    0.0151433 -0.000157905      40.8826    0.0148975  0.000702702      40.8859    0.0151548  0.000695081      40.8858    0.0103816 -8.33564e-05      40.8832    0.0105421  -8.8087e-05      40.8832    0.0103873  0.000446698      40.8855    0.0105478  0.000441967      40.8855   0.00630292 -3.88385e-05      40.8838   0.00638737 -4.13146e-05      40.8838   0.00630485  0.000238843      40.8851   0.00638929  0.000236367      40.8851   0.00275999  -1.2384e-05      40.8842   0.00279037 -1.32676e-05      40.8842   0.00276009  8.67616e-05      40.8848   0.00279046   8.5878e-05      40.8848  4.35746e-14 -3.67692e-14      40.8846  5.24552e-14 -3.73058e-14      40.8846  4.58127e-14 -4.24606e-15      40.8846  5.46933e-14 -4.78268e-15      40.8846
Candidate var F_l: 
   0.0515389  -0.00464325      40.8758    0.0534583  -0.00458294       40.876    0.0512044   0.00185973      40.8911    0.0531237   0.00192004      40.8913    0.0479575  -0.00401658      40.8766    0.0496332  -0.00396419      40.8767    0.0476623    0.0016372      40.8904    0.0493379   0.00168959      40.8906     0.044487  -0.00328061      40.8773    0.0459475  -0.00323528      40.8774    0.0442275   0.00160754      40.8898     0.045688   0.00165287        40.89    0.0407953  -0.00266804       40.878    0.0420569  -0.00262924      40.8781    0.0405692   0.00150787      40.8892    0.0418308   0.00154667      40.8894     0.036915  -0.00211385      40.8788     0.037984  -0.00208115      40.8789    0.0367207   0.00139361      40.8887    0.0377898   0.00142631      40.8888    0.0328871  -0.00161683      40.8795    0.0337734  -0.00158978      40.8796    0.0327228   0.00127173      40.8882    0.0336092   0.00129879      40.8882    0.0287642  -0.00118298      40.8802    0.0294802  -0.00116111      40.8803     0.028628   0.00113909      40.8876     0.029344   0.00116095      40.8877    0.0246029 -0.000816073      40.8809    0.0251635 -0.000798927       40.881    0.0244929     0.000995      40.8872    0.0250534   0.00101215      40.8872    0.0204635 -0.000517437      40.8816    0.0208856 -0.000504496      40.8816    0.0203773  0.000841204      40.8867    0.0207994  0.000854146      40.8867    0.0164083 -0.000286381      40.8822    0.0167102 -0.000277103      40.8822    0.0163436  0.000681059      40.8863    0.0166454  0.000690336      40.8863    0.0125017 -0.000120292      40.8828    0.0127025 -0.000114109      40.8828    0.0124559  0.000519303      40.8859    0.0126566  0.000525486      40.8859   0.00881111 -1.46871e-05      40.8834   0.00893049 -1.10056e-05      40.8834   0.00878142  0.000362089      40.8855    0.0089008  0.000365771      40.8855   0.00541047  3.63751e-05      40.8839   0.00546863  3.81691e-05      40.8839   0.00539403  0.000216895      40.8851   0.00545219  0.000218689      40.8851   0.00239467  3.95732e-05      40.8843   0.00241238  4.01187e-05      40.8843   0.00238834  9.24076e-05      40.8848   0.00240605   9.2953e-05      40.8848 -1.73574e-14  1.11822e-13      40.8846 -5.37665e-14  1.10743e-13      40.8846 -1.68643e-14 -1.78172e-14      40.8846 -5.32733e-14 -1.88964e-14      40.8846
Candidate var F_r: 
    0.062066  -0.00469911      40.8759    0.0639998  -0.00475822      40.8758    0.0622266   0.00180354      40.8912    0.0641604   0.00174443      40.8911    0.0571369  -0.00406555      40.8766    0.0588176  -0.00411694      40.8765    0.0572745   0.00158798      40.8905    0.0589551    0.0015366      40.8904    0.0524422  -0.00332306      40.8773    0.0538884  -0.00336741      40.8772    0.0525553   0.00156511      40.8898    0.0540014   0.00152075      40.8897    0.0476093   -0.0027043       40.878    0.0488403  -0.00274218      40.8779    0.0477005   0.00147177      40.8892    0.0489316   0.00143389      40.8891      0.04265  -0.00214424      40.8787     0.043681  -0.00217606      40.8786    0.0427251   0.00136349      40.8886    0.0437561   0.00133167      40.8885    0.0376174  -0.00164177      40.8794    0.0384644  -0.00166798      40.8793    0.0376799   0.00124716       40.888    0.0385269   0.00122094      40.8879    0.0325713  -0.00120293      40.8801    0.0332506  -0.00122402        40.88     0.032623   0.00111957      40.8875    0.0333024   0.00109848      40.8874    0.0275753 -0.000831551      40.8808    0.0281039 -0.000848027      40.8807    0.0276174  0.000980014       40.887     0.028146  0.000963539      40.8869    0.0226955 -0.000528978      40.8814    0.0230911  -0.00054136      40.8814    0.0227287  0.000830182      40.8865    0.0231243    0.0008178      40.8865    0.0179995 -0.000294539      40.8821    0.0182803 -0.000303378       40.882    0.0180245  0.000673408      40.8861    0.0183054  0.000664569      40.8861    0.0135553 -0.000125637      40.8827    0.0137403 -0.000131499      40.8827    0.0135728  0.000514415      40.8857    0.0137579  0.000508552      40.8857   0.00943314 -1.77962e-05      40.8833   0.00954161 -2.12659e-05      40.8833   0.00944417  0.000359349      40.8854   0.00955264  0.000355879      40.8854   0.00570967  3.49167e-05      40.8838   0.00576123  3.32418e-05      40.8838   0.00571535  0.000215689      40.8851   0.00576692  0.000214014      40.8851   0.00248306  3.91676e-05      40.8843   0.00249789  3.86693e-05      40.8843    0.0024849  9.21249e-05      40.8848   0.00249974  9.16265e-05      40.8848 -1.77435e-13  9.48519e-14      40.8846 -2.01956e-13  9.51964e-14      40.8846 -1.79648e-13  1.39802e-14      40.8846 -2.04169e-13  1.43247e-14      40.8846
--------------------------------------------- 
Time: 215 ms ------------------
Torque guess: 
   -0.152322      -2.8293      2.14086     -15.4981       5.6342  -0.00459278     0.373461      2.69207     -2.04267     -15.8133        5.595   -0.0222643    0.0706644    -0.358576    -0.844961    0.0318985      1.07743     0.148206    -0.334846 -0.000843649   -0.0868848    0.0271766    0.0384886     -1.08919    -0.149399    -0.341816  0.000566665    -0.089182   -0.0282607
Torque candidate: 
   -0.152314      -2.8293      2.14085     -15.4981       5.6342  -0.00459292      0.37345       2.6921     -2.04268     -15.8133        5.595   -0.0222648    0.0706609    -0.358606    -0.844974    0.0318912      1.07741     0.148201    -0.334848 -0.000843669   -0.0868854    0.0271754    0.0384787     -1.08921    -0.149402    -0.341821  0.000566673   -0.0891832   -0.0282616
Guess var F_l: 
   0.0515389  -0.00464325      40.8758    0.0534583  -0.00458294       40.876    0.0512044   0.00185973      40.8911    0.0531237   0.00192004      40.8913    0.0479575  -0.00401658      40.8766    0.0496332  -0.00396419      40.8767    0.0476623    0.0016372      40.8904    0.0493379   0.00168959      40.8906     0.044487  -0.00328061      40.8773    0.0459475  -0.00323528      40.8774    0.0442275   0.00160754      40.8898     0.045688   0.00165287        40.89    0.0407953  -0.00266804       40.878    0.0420569  -0.00262924      40.8781    0.0405692   0.00150787      40.8892    0.0418308   0.00154667      40.8894     0.036915  -0.00211385      40.8788     0.037984  -0.00208115      40.8789    0.0367207   0.00139361      40.8887    0.0377898   0.00142631      40.8888    0.0328871  -0.00161683      40.8795    0.0337734  -0.00158978      40.8796    0.0327228   0.00127173      40.8882    0.0336092   0.00129879      40.8882    0.0287642  -0.00118298      40.8802    0.0294802  -0.00116111      40.8803     0.028628   0.00113909      40.8876     0.029344   0.00116095      40.8877    0.0246029 -0.000816073      40.8809    0.0251635 -0.000798927       40.881    0.0244929     0.000995      40.8872    0.0250534   0.00101215      40.8872    0.0204635 -0.000517437      40.8816    0.0208856 -0.000504496      40.8816    0.0203773  0.000841204      40.8867    0.0207994  0.000854146      40.8867    0.0164083 -0.000286381      40.8822    0.0167102 -0.000277103      40.8822    0.0163436  0.000681059      40.8863    0.0166454  0.000690336      40.8863    0.0125017 -0.000120292      40.8828    0.0127025 -0.000114109      40.8828    0.0124559  0.000519303      40.8859    0.0126566  0.000525486      40.8859   0.00881111 -1.46871e-05      40.8834   0.00893049 -1.10056e-05      40.8834   0.00878142  0.000362089      40.8855    0.0089008  0.000365771      40.8855   0.00541047  3.63751e-05      40.8839   0.00546863  3.81691e-05      40.8839   0.00539403  0.000216895      40.8851   0.00545219  0.000218689      40.8851   0.00239467  3.95732e-05      40.8843   0.00241238  4.01187e-05      40.8843   0.00238834  9.24076e-05      40.8848   0.00240605   9.2953e-05      40.8848 -1.73574e-14  1.11822e-13      40.8846 -5.37665e-14  1.10743e-13      40.8846 -1.68643e-14 -1.78172e-14      40.8846 -5.32733e-14 -1.88964e-14      40.8846
Guess var F_r: 
    0.062066  -0.00469911      40.8759    0.0639998  -0.00475822      40.8758    0.0622266   0.00180354      40.8912    0.0641604   0.00174443      40.8911    0.0571369  -0.00406555      40.8766    0.0588176  -0.00411694      40.8765    0.0572745   0.00158798      40.8905    0.0589551    0.0015366      40.8904    0.0524422  -0.00332306      40.8773    0.0538884  -0.00336741      40.8772    0.0525553   0.00156511      40.8898    0.0540014   0.00152075      40.8897    0.0476093   -0.0027043       40.878    0.0488403  -0.00274218      40.8779    0.0477005   0.00147177      40.8892    0.0489316   0.00143389      40.8891      0.04265  -0.00214424      40.8787     0.043681  -0.00217606      40.8786    0.0427251   0.00136349      40.8886    0.0437561   0.00133167      40.8885    0.0376174  -0.00164177      40.8794    0.0384644  -0.00166798      40.8793    0.0376799   0.00124716       40.888    0.0385269   0.00122094      40.8879    0.0325713  -0.00120293      40.8801    0.0332506  -0.00122402        40.88     0.032623   0.00111957      40.8875    0.0333024   0.00109848      40.8874    0.0275753 -0.000831551      40.8808    0.0281039 -0.000848027      40.8807    0.0276174  0.000980014       40.887     0.028146  0.000963539      40.8869    0.0226955 -0.000528978      40.8814    0.0230911  -0.00054136      40.8814    0.0227287  0.000830182      40.8865    0.0231243    0.0008178      40.8865    0.0179995 -0.000294539      40.8821    0.0182803 -0.000303378       40.882    0.0180245  0.000673408      40.8861    0.0183054  0.000664569      40.8861    0.0135553 -0.000125637      40.8827    0.0137403 -0.000131499      40.8827    0.0135728  0.000514415      40.8857    0.0137579  0.000508552      40.8857   0.00943314 -1.77962e-05      40.8833   0.00954161 -2.12659e-05      40.8833   0.00944417  0.000359349      40.8854   0.00955264  0.000355879      40.8854   0.00570967  3.49167e-05      40.8838   0.00576123  3.32418e-05      40.8838   0.00571535  0.000215689      40.8851   0.00576692  0.000214014      40.8851   0.00248306  3.91676e-05      40.8843   0.00249789  3.86693e-05      40.8843    0.0024849  9.21249e-05      40.8848   0.00249974  9.16265e-05      40.8848 -1.77435e-13  9.48519e-14      40.8846 -2.01956e-13  9.51964e-14      40.8846 -1.79648e-13  1.39802e-14      40.8846 -2.04169e-13  1.43247e-14      40.8846
Candidate var F_l: 
   0.0515396  -0.00464311      40.8758    0.0534589   -0.0045828       40.876     0.051205   0.00185987      40.8911    0.0531244   0.00192019      40.8913    0.0479581  -0.00401648      40.8766    0.0496338  -0.00396408      40.8767    0.0476629   0.00163731      40.8904    0.0493385    0.0016897      40.8906    0.0444875  -0.00328054      40.8773     0.045948  -0.00323521      40.8774    0.0442281   0.00160761      40.8898    0.0456886   0.00165294        40.89    0.0407958  -0.00266799       40.878    0.0420574  -0.00262919      40.8781    0.0405697   0.00150793      40.8892    0.0418313   0.00154673      40.8894    0.0369154  -0.00211381      40.8788    0.0379845  -0.00208111      40.8789    0.0367211   0.00139366      40.8887    0.0377902   0.00142636      40.8888    0.0328875   -0.0016168      40.8795    0.0337738  -0.00158975      40.8796    0.0327232   0.00127177      40.8882    0.0336096   0.00129883      40.8882    0.0287645  -0.00118296      40.8802    0.0294805  -0.00116109      40.8803    0.0286284   0.00113912      40.8876    0.0293443   0.00116098      40.8877    0.0246032 -0.000816061      40.8809    0.0251638 -0.000798914       40.881    0.0244931  0.000995017      40.8872    0.0250537   0.00101216      40.8872    0.0204637 -0.000517431      40.8816    0.0208858  -0.00050449      40.8816    0.0203775  0.000841216      40.8867    0.0207996  0.000854157      40.8867    0.0164085 -0.000286379      40.8822    0.0167104 -0.000277102      40.8822    0.0163438  0.000681066      40.8863    0.0166456  0.000690343      40.8863    0.0125018 -0.000120293      40.8828    0.0127026  -0.00011411      40.8828     0.012456  0.000519307      40.8859    0.0126568   0.00052549      40.8859    0.0088112 -1.46895e-05      40.8834   0.00893058 -1.10079e-05      40.8834   0.00878151  0.000362091      40.8855   0.00890089  0.000365772      40.8855   0.00541052  3.63725e-05      40.8839   0.00546868  3.81666e-05      40.8839   0.00539408  0.000216895      40.8851   0.00545224  0.000218689      40.8851   0.00239469  3.95715e-05      40.8843   0.00241241   4.0117e-05      40.8843   0.00238836  9.24075e-05      40.8848   0.00240607  9.29529e-05      40.8848 -1.73548e-14  1.11816e-13      40.8846 -5.37585e-14  1.10737e-13      40.8846 -1.68617e-14 -1.78057e-14      40.8846 -5.32653e-14 -1.88844e-14      40.8846
Candidate var F_r: 
   0.0620666  -0.00469897      40.8759    0.0640004  -0.00475808      40.8758    0.0622272   0.00180368      40.8912     0.064161   0.00174457      40.8911    0.0571376  -0.00406544      40.8766    0.0588182  -0.00411683      40.8765    0.0572751   0.00158809      40.8905    0.0589557   0.00153671      40.8904    0.0524428  -0.00332299      40.8773    0.0538889  -0.00336734      40.8772    0.0525558   0.00156518      40.8898     0.054002   0.00152082      40.8897    0.0476098  -0.00270425       40.878    0.0488408  -0.00274213      40.8779    0.0477011   0.00147183      40.8892    0.0489321   0.00143395      40.8891    0.0426504   -0.0021442      40.8787    0.0436814  -0.00217602      40.8786    0.0427255   0.00136353      40.8886    0.0437565   0.00133171      40.8885    0.0376178  -0.00164174      40.8794    0.0384648  -0.00166795      40.8793    0.0376803   0.00124719       40.888    0.0385273   0.00122097      40.8879    0.0325717  -0.00120291      40.8801     0.033251    -0.001224        40.88    0.0326234    0.0011196      40.8875    0.0333027    0.0010985      40.8874    0.0275756 -0.000831539      40.8808    0.0281042 -0.000848015      40.8807    0.0276177  0.000980031       40.887    0.0281463  0.000963556      40.8869    0.0226958 -0.000528972      40.8814    0.0230913 -0.000541354      40.8814     0.022729  0.000830194      40.8865    0.0231246  0.000817811      40.8865    0.0179997 -0.000294538      40.8821    0.0182805 -0.000303376       40.882    0.0180247  0.000673415      40.8861    0.0183056  0.000664576      40.8861    0.0135554 -0.000125638      40.8827    0.0137404 -0.000131501      40.8827     0.013573  0.000514418      40.8857     0.013758  0.000508556      40.8857   0.00943324 -1.77987e-05      40.8833   0.00954171 -2.12683e-05      40.8833   0.00944426   0.00035935      40.8854   0.00955273   0.00035588      40.8854   0.00570973  3.49141e-05      40.8838   0.00576129  3.32393e-05      40.8838   0.00571541  0.000215689      40.8851   0.00576697  0.000214014      40.8851   0.00248309  3.91659e-05      40.8843   0.00249792  3.86676e-05      40.8843   0.00248493  9.21247e-05      40.8848   0.00249976  9.16263e-05      40.8848 -1.77412e-13  9.48359e-14      40.8846  -2.0193e-13  9.51801e-14      40.8846 -1.79625e-13  1.39738e-14      40.8846 -2.04143e-13   1.4318e-14      40.8846
--------------------------------------------- 
Time: 220 ms ------------------
Torque guess: 
   -0.152322      -2.8293      2.14086     -15.4981       5.6342  -0.00459278     0.373461      2.69207     -2.04267     -15.8133        5.595   -0.0222643    0.0706644    -0.358576    -0.844961    0.0318985      1.07743     0.148206    -0.334846 -0.000843649   -0.0868848    0.0271766    0.0384886     -1.08919    -0.149399    -0.341816  0.000566665    -0.089182   -0.0282607
Torque candidate: 
   -0.152308     -2.82929      2.14085     -15.4981       5.6342    -0.004593     0.373454      2.69208     -2.04267     -15.8133        5.595   -0.0222645    0.0706764    -0.358564    -0.845001     0.031888      1.07742     0.148204     -0.33485 -0.000843673    -0.086886     0.027176    0.0384544     -1.08919    -0.149399     -0.34183  0.000566714   -0.0891856   -0.0282609
Guess var F_l: 
   0.0515389  -0.00464325      40.8758    0.0534583  -0.00458294       40.876    0.0512044   0.00185973      40.8911    0.0531237   0.00192004      40.8913    0.0479575  -0.00401658      40.8766    0.0496332  -0.00396419      40.8767    0.0476623    0.0016372      40.8904    0.0493379   0.00168959      40.8906     0.044487  -0.00328061      40.8773    0.0459475  -0.00323528      40.8774    0.0442275   0.00160754      40.8898     0.045688   0.00165287        40.89    0.0407953  -0.00266804       40.878    0.0420569  -0.00262924      40.8781    0.0405692   0.00150787      40.8892    0.0418308   0.00154667      40.8894     0.036915  -0.00211385      40.8788     0.037984  -0.00208115      40.8789    0.0367207   0.00139361      40.8887    0.0377898   0.00142631      40.8888    0.0328871  -0.00161683      40.8795    0.0337734  -0.00158978      40.8796    0.0327228   0.00127173      40.8882    0.0336092   0.00129879      40.8882    0.0287642  -0.00118298      40.8802    0.0294802  -0.00116111      40.8803     0.028628   0.00113909      40.8876     0.029344   0.00116095      40.8877    0.0246029 -0.000816073      40.8809    0.0251635 -0.000798927       40.881    0.0244929     0.000995      40.8872    0.0250534   0.00101215      40.8872    0.0204635 -0.000517437      40.8816    0.0208856 -0.000504496      40.8816    0.0203773  0.000841204      40.8867    0.0207994  0.000854146      40.8867    0.0164083 -0.000286381      40.8822    0.0167102 -0.000277103      40.8822    0.0163436  0.000681059      40.8863    0.0166454  0.000690336      40.8863    0.0125017 -0.000120292      40.8828    0.0127025 -0.000114109      40.8828    0.0124559  0.000519303      40.8859    0.0126566  0.000525486      40.8859   0.00881111 -1.46871e-05      40.8834   0.00893049 -1.10056e-05      40.8834   0.00878142  0.000362089      40.8855    0.0089008  0.000365771      40.8855   0.00541047  3.63751e-05      40.8839   0.00546863  3.81691e-05      40.8839   0.00539403  0.000216895      40.8851   0.00545219  0.000218689      40.8851   0.00239467  3.95732e-05      40.8843   0.00241238  4.01187e-05      40.8843   0.00238834  9.24076e-05      40.8848   0.00240605   9.2953e-05      40.8848 -1.73574e-14  1.11822e-13      40.8846 -5.37665e-14  1.10743e-13      40.8846 -1.68643e-14 -1.78172e-14      40.8846 -5.32733e-14 -1.88964e-14      40.8846
Guess var F_r: 
    0.062066  -0.00469911      40.8759    0.0639998  -0.00475822      40.8758    0.0622266   0.00180354      40.8912    0.0641604   0.00174443      40.8911    0.0571369  -0.00406555      40.8766    0.0588176  -0.00411694      40.8765    0.0572745   0.00158798      40.8905    0.0589551    0.0015366      40.8904    0.0524422  -0.00332306      40.8773    0.0538884  -0.00336741      40.8772    0.0525553   0.00156511      40.8898    0.0540014   0.00152075      40.8897    0.0476093   -0.0027043       40.878    0.0488403  -0.00274218      40.8779    0.0477005   0.00147177      40.8892    0.0489316   0.00143389      40.8891      0.04265  -0.00214424      40.8787     0.043681  -0.00217606      40.8786    0.0427251   0.00136349      40.8886    0.0437561   0.00133167      40.8885    0.0376174  -0.00164177      40.8794    0.0384644  -0.00166798      40.8793    0.0376799   0.00124716       40.888    0.0385269   0.00122094      40.8879    0.0325713  -0.00120293      40.8801    0.0332506  -0.00122402        40.88     0.032623   0.00111957      40.8875    0.0333024   0.00109848      40.8874    0.0275753 -0.000831551      40.8808    0.0281039 -0.000848027      40.8807    0.0276174  0.000980014       40.887     0.028146  0.000963539      40.8869    0.0226955 -0.000528978      40.8814    0.0230911  -0.00054136      40.8814    0.0227287  0.000830182      40.8865    0.0231243    0.0008178      40.8865    0.0179995 -0.000294539      40.8821    0.0182803 -0.000303378       40.882    0.0180245  0.000673408      40.8861    0.0183054  0.000664569      40.8861    0.0135553 -0.000125637      40.8827    0.0137403 -0.000131499      40.8827    0.0135728  0.000514415      40.8857    0.0137579  0.000508552      40.8857   0.00943314 -1.77962e-05      40.8833   0.00954161 -2.12659e-05      40.8833   0.00944417  0.000359349      40.8854   0.00955264  0.000355879      40.8854   0.00570967  3.49167e-05      40.8838   0.00576123  3.32418e-05      40.8838   0.00571535  0.000215689      40.8851   0.00576692  0.000214014      40.8851   0.00248306  3.91676e-05      40.8843   0.00249789  3.86693e-05      40.8843    0.0024849  9.21249e-05      40.8848   0.00249974  9.16265e-05      40.8848 -1.77435e-13  9.48519e-14      40.8846 -2.01956e-13  9.51964e-14      40.8846 -1.79648e-13  1.39802e-14      40.8846 -2.04169e-13  1.43247e-14      40.8846
Candidate var F_l: 
   0.0515398    -0.004643      40.8758    0.0534591  -0.00458269       40.876    0.0512053   0.00185996      40.8911    0.0531246   0.00192027      40.8913    0.0479583  -0.00401636      40.8766     0.049634  -0.00396397      40.8767    0.0476631    0.0016374      40.8904    0.0493387    0.0016898      40.8906    0.0444877  -0.00328044      40.8773    0.0459482   -0.0032351      40.8774    0.0442283    0.0016077      40.8898    0.0456887   0.00165303        40.89    0.0407959   -0.0026679       40.878    0.0420576  -0.00262909      40.8781    0.0405699   0.00150801      40.8892    0.0418315   0.00154681      40.8894    0.0369156  -0.00211373      40.8788    0.0379846  -0.00208103      40.8789    0.0367213   0.00139372      40.8887    0.0377903   0.00142643      40.8888    0.0328876  -0.00161673      40.8795     0.033774  -0.00158968      40.8796    0.0327233   0.00127182      40.8882    0.0336097   0.00129888      40.8882    0.0287646   -0.0011829      40.8802    0.0294806  -0.00116104      40.8803    0.0286285   0.00113916      40.8876    0.0293444   0.00116102      40.8877    0.0246033 -0.000816018      40.8809    0.0251639 -0.000798871       40.881    0.0244932  0.000995052      40.8872    0.0250538    0.0010122      40.8872    0.0204638 -0.000517398      40.8816    0.0208859 -0.000504457      40.8816    0.0203776  0.000841242      40.8867    0.0207997  0.000854183      40.8867    0.0164085 -0.000286355      40.8822    0.0167104 -0.000277077      40.8822    0.0163438  0.000681084      40.8863    0.0166457  0.000690361      40.8863    0.0125019 -0.000120276      40.8828    0.0127027 -0.000114093      40.8828    0.0124561  0.000519319      40.8859    0.0126568  0.000525502      40.8859   0.00881123 -1.46795e-05      40.8834   0.00893061  -1.0998e-05      40.8834   0.00878154  0.000362098      40.8855   0.00890092  0.000365779      40.8855   0.00541054  3.63776e-05      40.8839    0.0054687  3.81716e-05      40.8839    0.0053941  0.000216898      40.8851   0.00545226  0.000218692      40.8851    0.0023947  3.95732e-05      40.8843   0.00241241  4.01187e-05      40.8843   0.00238837  9.24084e-05      40.8848   0.00240608  9.29539e-05      40.8848 -1.73552e-14  1.11811e-13      40.8846 -5.37594e-14  1.10732e-13      40.8846 -1.68622e-14 -1.78114e-14      40.8846 -5.32663e-14 -1.88903e-14      40.8846
Candidate var F_r: 
   0.0620668  -0.00469886      40.8759    0.0640006  -0.00475797      40.8758    0.0622274   0.00180377      40.8912    0.0641612   0.00174466      40.8911    0.0571377  -0.00406533      40.8766    0.0588184  -0.00411672      40.8765    0.0572753   0.00158818      40.8905    0.0589559    0.0015368      40.8904     0.052443  -0.00332288      40.8773    0.0538891  -0.00336724      40.8772     0.052556   0.00156527      40.8898    0.0540021   0.00152091      40.8897      0.04761  -0.00270415       40.878     0.048841  -0.00274203      40.8779    0.0477012   0.00147191      40.8892    0.0489322   0.00143403      40.8891    0.0426505  -0.00214412      40.8787    0.0436815  -0.00217594      40.8786    0.0427257    0.0013636      40.8886    0.0437567   0.00133178      40.8885    0.0376179  -0.00164167      40.8794    0.0384649  -0.00166789      40.8793    0.0376804   0.00124725       40.888    0.0385274   0.00122103      40.8879    0.0325717  -0.00120285      40.8801    0.0332511  -0.00122395        40.88    0.0326235   0.00111964      40.8875    0.0333028   0.00109855      40.8874    0.0275756 -0.000831496      40.8808    0.0281043 -0.000847971      40.8807    0.0276177  0.000980066       40.887    0.0281464  0.000963591      40.8869    0.0226958 -0.000528938      40.8814    0.0230914 -0.000541321      40.8814     0.022729   0.00083022      40.8865    0.0231246  0.000817838      40.8865    0.0179997 -0.000294514      40.8821    0.0182806 -0.000303352       40.882    0.0180247  0.000673433      40.8861    0.0183056  0.000664595      40.8861    0.0135554 -0.000125622      40.8827    0.0137405 -0.000131484      40.8827     0.013573   0.00051443      40.8857     0.013758  0.000508568      40.8857   0.00943326 -1.77887e-05      40.8833   0.00954173 -2.12582e-05      40.8833   0.00944428  0.000359357      40.8854   0.00955276  0.000355888      40.8854   0.00570974  3.49192e-05      40.8838   0.00576131  3.32444e-05      40.8838   0.00571542  0.000215692      40.8851   0.00576699  0.000214017      40.8851   0.00248309  3.91676e-05      40.8843   0.00249793  3.86693e-05      40.8843   0.00248493  9.21256e-05      40.8848   0.00249977  9.16273e-05      40.8848 -1.77413e-13  9.48393e-14      40.8846 -2.01931e-13  9.51837e-14      40.8846 -1.79626e-13  1.39779e-14      40.8846 -2.04144e-13  1.43224e-14      40.8846
--------------------------------------------- 
Time: 225 ms ------------------
Torque guess: 
   -0.152322      -2.8293      2.14086     -15.4981       5.6342  -0.00459278     0.373461      2.69207     -2.04267     -15.8133        5.595   -0.0222643    0.0706644    -0.358576    -0.844961    0.0318985      1.07743     0.148206    -0.334846 -0.000843649   -0.0868848    0.0271766    0.0384886     -1.08919    -0.149399    -0.341816  0.000566665    -0.089182   -0.0282607
Torque candidate: 
   -0.152303     -2.82929      2.14085     -15.4981       5.6342  -0.00459302     0.373464      2.69207     -2.04267     -15.8133      5.59501   -0.0222645    0.0706933    -0.358536    -0.845036    0.0318837      1.07743     0.148205    -0.334853 -0.000843685   -0.0868867    0.0271763    0.0384248     -1.08919    -0.149398    -0.341841  0.000566758   -0.0891887   -0.0282604
Guess var F_l: 
   0.0515389  -0.00464325      40.8758    0.0534583  -0.00458294       40.876    0.0512044   0.00185973      40.8911    0.0531237   0.00192004      40.8913    0.0479575  -0.00401658      40.8766    0.0496332  -0.00396419      40.8767    0.0476623    0.0016372      40.8904    0.0493379   0.00168959      40.8906     0.044487  -0.00328061      40.8773    0.0459475  -0.00323528      40.8774    0.0442275   0.00160754      40.8898     0.045688   0.00165287        40.89    0.0407953  -0.00266804       40.878    0.0420569  -0.00262924      40.8781    0.0405692   0.00150787      40.8892    0.0418308   0.00154667      40.8894     0.036915  -0.00211385      40.8788     0.037984  -0.00208115      40.8789    0.0367207   0.00139361      40.8887    0.0377898   0.00142631      40.8888    0.0328871  -0.00161683      40.8795    0.0337734  -0.00158978      40.8796    0.0327228   0.00127173      40.8882    0.0336092   0.00129879      40.8882    0.0287642  -0.00118298      40.8802    0.0294802  -0.00116111      40.8803     0.028628   0.00113909      40.8876     0.029344   0.00116095      40.8877    0.0246029 -0.000816073      40.8809    0.0251635 -0.000798927       40.881    0.0244929     0.000995      40.8872    0.0250534   0.00101215      40.8872    0.0204635 -0.000517437      40.8816    0.0208856 -0.000504496      40.8816    0.0203773  0.000841204      40.8867    0.0207994  0.000854146      40.8867    0.0164083 -0.000286381      40.8822    0.0167102 -0.000277103      40.8822    0.0163436  0.000681059      40.8863    0.0166454  0.000690336      40.8863    0.0125017 -0.000120292      40.8828    0.0127025 -0.000114109      40.8828    0.0124559  0.000519303      40.8859    0.0126566  0.000525486      40.8859   0.00881111 -1.46871e-05      40.8834   0.00893049 -1.10056e-05      40.8834   0.00878142  0.000362089      40.8855    0.0089008  0.000365771      40.8855   0.00541047  3.63751e-05      40.8839   0.00546863  3.81691e-05      40.8839   0.00539403  0.000216895      40.8851   0.00545219  0.000218689      40.8851   0.00239467  3.95732e-05      40.8843   0.00241238  4.01187e-05      40.8843   0.00238834  9.24076e-05      40.8848   0.00240605   9.2953e-05      40.8848 -1.73574e-14  1.11822e-13      40.8846 -5.37665e-14  1.10743e-13      40.8846 -1.68643e-14 -1.78172e-14      40.8846 -5.32733e-14 -1.88964e-14      40.8846
Guess var F_r: 
    0.062066  -0.00469911      40.8759    0.0639998  -0.00475822      40.8758    0.0622266   0.00180354      40.8912    0.0641604   0.00174443      40.8911    0.0571369  -0.00406555      40.8766    0.0588176  -0.00411694      40.8765    0.0572745   0.00158798      40.8905    0.0589551    0.0015366      40.8904    0.0524422  -0.00332306      40.8773    0.0538884  -0.00336741      40.8772    0.0525553   0.00156511      40.8898    0.0540014   0.00152075      40.8897    0.0476093   -0.0027043       40.878    0.0488403  -0.00274218      40.8779    0.0477005   0.00147177      40.8892    0.0489316   0.00143389      40.8891      0.04265  -0.00214424      40.8787     0.043681  -0.00217606      40.8786    0.0427251   0.00136349      40.8886    0.0437561   0.00133167      40.8885    0.0376174  -0.00164177      40.8794    0.0384644  -0.00166798      40.8793    0.0376799   0.00124716       40.888    0.0385269   0.00122094      40.8879    0.0325713  -0.00120293      40.8801    0.0332506  -0.00122402        40.88     0.032623   0.00111957      40.8875    0.0333024   0.00109848      40.8874    0.0275753 -0.000831551      40.8808    0.0281039 -0.000848027      40.8807    0.0276174  0.000980014       40.887     0.028146  0.000963539      40.8869    0.0226955 -0.000528978      40.8814    0.0230911  -0.00054136      40.8814    0.0227287  0.000830182      40.8865    0.0231243    0.0008178      40.8865    0.0179995 -0.000294539      40.8821    0.0182803 -0.000303378       40.882    0.0180245  0.000673408      40.8861    0.0183054  0.000664569      40.8861    0.0135553 -0.000125637      40.8827    0.0137403 -0.000131499      40.8827    0.0135728  0.000514415      40.8857    0.0137579  0.000508552      40.8857   0.00943314 -1.77962e-05      40.8833   0.00954161 -2.12659e-05      40.8833   0.00944417  0.000359349      40.8854   0.00955264  0.000355879      40.8854   0.00570967  3.49167e-05      40.8838   0.00576123  3.32418e-05      40.8838   0.00571535  0.000215689      40.8851   0.00576692  0.000214014      40.8851   0.00248306  3.91676e-05      40.8843   0.00249789  3.86693e-05      40.8843    0.0024849  9.21249e-05      40.8848   0.00249974  9.16265e-05      40.8848 -1.77435e-13  9.48519e-14      40.8846 -2.01956e-13  9.51964e-14      40.8846 -1.79648e-13  1.39802e-14      40.8846 -2.04169e-13  1.43247e-14      40.8846
Candidate var F_l: 
     0.05154  -0.00464292      40.8758    0.0534593  -0.00458261       40.876    0.0512055   0.00186001      40.8911    0.0531248   0.00192032      40.8913    0.0479586  -0.00401629      40.8766    0.0496342   -0.0039639      40.8767    0.0476633   0.00163745      40.8904    0.0493389   0.00168985      40.8906    0.0444879  -0.00328037      40.8773    0.0459484  -0.00323504      40.8774    0.0442285   0.00160775      40.8898    0.0456889   0.00165308        40.89    0.0407961  -0.00266784       40.878    0.0420577  -0.00262904      40.8781      0.04057   0.00150805      40.8892    0.0418317   0.00154685      40.8894    0.0369157  -0.00211368      40.8788    0.0379848  -0.00208098      40.8789    0.0367214   0.00139376      40.8887    0.0377905   0.00142646      40.8888    0.0328878  -0.00161669      40.8795    0.0337741  -0.00158964      40.8796    0.0327235   0.00127185      40.8882    0.0336098   0.00129891      40.8882    0.0287648  -0.00118287      40.8802    0.0294807    -0.001161      40.8803    0.0286286   0.00113918      40.8876    0.0293446   0.00116105      40.8877    0.0246034  -0.00081599      40.8809     0.025164 -0.000798843       40.881    0.0244933   0.00099507      40.8872    0.0250539   0.00101222      40.8872    0.0204639 -0.000517376      40.8816     0.020886 -0.000504435      40.8816    0.0203777  0.000841255      40.8867    0.0207998  0.000854196      40.8867    0.0164086 -0.000286339      40.8822    0.0167105 -0.000277062      40.8822    0.0163439  0.000681093      40.8863    0.0166457  0.000690371      40.8863    0.0125019 -0.000120266      40.8828    0.0127027 -0.000114083      40.8828    0.0124561  0.000519325      40.8859    0.0126569  0.000525508      40.8859   0.00881126 -1.46729e-05      40.8834   0.00893064 -1.09914e-05      40.8834   0.00878157  0.000362101      40.8855   0.00890095  0.000365783      40.8855   0.00541056   3.6381e-05      40.8839   0.00546872   3.8175e-05      40.8839   0.00539411    0.0002169      40.8851   0.00545227  0.000218694      40.8851   0.00239471  3.95744e-05      40.8843   0.00241242  4.01198e-05      40.8843   0.00238838  9.24088e-05      40.8848   0.00240609  9.29542e-05      40.8848 -1.73553e-14   1.1181e-13      40.8846 -5.37597e-14  1.10731e-13      40.8846 -1.68622e-14 -1.78135e-14      40.8846 -5.32666e-14 -1.88925e-14      40.8846
Candidate var F_r: 
    0.062067  -0.00469878      40.8759    0.0640008  -0.00475789      40.8758    0.0622276   0.00180382      40.8912    0.0641614   0.00174471      40.8911    0.0571379  -0.00406526      40.8766    0.0588185  -0.00411664      40.8765    0.0572754   0.00158824      40.8905    0.0589561   0.00153685      40.8904    0.0524431  -0.00332281      40.8773    0.0538893  -0.00336717      40.8772    0.0525562   0.00156531      40.8898    0.0540023   0.00152096      40.8897    0.0476101  -0.00270409       40.878    0.0488411  -0.00274197      40.8779    0.0477013   0.00147195      40.8892    0.0489324   0.00143407      40.8891    0.0426507  -0.00214407      40.8787    0.0436817  -0.00217589      40.8786    0.0427258   0.00136363      40.8886    0.0437568   0.00133182      40.8885     0.037618  -0.00164163      40.8794     0.038465  -0.00166784      40.8793    0.0376805   0.00124727       40.888    0.0385275   0.00122106      40.8879    0.0325718  -0.00120282      40.8801    0.0332512  -0.00122391        40.88    0.0326236   0.00111967      40.8875    0.0333029   0.00109857      40.8874    0.0275757 -0.000831468      40.8808    0.0281043 -0.000847943      40.8807    0.0276178  0.000980084       40.887    0.0281464  0.000963609      40.8869    0.0226959 -0.000528917      40.8814    0.0230915 -0.000541299      40.8814    0.0227291  0.000830233      40.8865    0.0231247  0.000817851      40.8865    0.0179998 -0.000294498      40.8821    0.0182806 -0.000303336       40.882    0.0180248  0.000673442      40.8861    0.0183057  0.000664604      40.8861    0.0135555 -0.000125611      40.8827    0.0137405 -0.000131473      40.8827     0.013573  0.000514436      40.8857    0.0137581  0.000508574      40.8857   0.00943329  -1.7782e-05      40.8833   0.00954176 -2.12516e-05      40.8833   0.00944431  0.000359361      40.8854   0.00955278  0.000355891      40.8854   0.00570976  3.49226e-05      40.8838   0.00576132  3.32478e-05      40.8838   0.00571544  0.000215694      40.8851     0.005767  0.000214019      40.8851    0.0024831  3.91688e-05      40.8843   0.00249793  3.86705e-05      40.8843   0.00248494   9.2126e-05      40.8848   0.00249977  9.16277e-05      40.8848 -1.77414e-13  9.48399e-14      40.8846 -2.01931e-13  9.51844e-14      40.8846 -1.79626e-13  1.39783e-14      40.8846 -2.04144e-13  1.43228e-14      40.8846
--------------------------------------------- 
Time: 230 ms ------------------
Torque guess: 
   -0.152322      -2.8293      2.14086     -15.4981       5.6342  -0.00459278     0.373461      2.69207     -2.04267     -15.8133        5.595   -0.0222643    0.0706644    -0.358576    -0.844961    0.0318985      1.07743     0.148206    -0.334846 -0.000843649   -0.0868848    0.0271766    0.0384886     -1.08919    -0.149399    -0.341816  0.000566665    -0.089182   -0.0282607
Torque candidate: 
  -0.152298     -2.8293     2.14085    -15.4981      5.6342 -0.00459304    0.373476     2.69206    -2.04267    -15.8133     5.59501  -0.0222645   0.0707114    -0.35851   -0.845078   0.0318779     1.07743    0.148205   -0.334856  -0.0008437  -0.0868877   0.0271766   0.0383912    -1.08918   -0.149396   -0.341854 0.000566806  -0.0891922  -0.0282601
Guess var F_l: 
   0.0515389  -0.00464325      40.8758    0.0534583  -0.00458294       40.876    0.0512044   0.00185973      40.8911    0.0531237   0.00192004      40.8913    0.0479575  -0.00401658      40.8766    0.0496332  -0.00396419      40.8767    0.0476623    0.0016372      40.8904    0.0493379   0.00168959      40.8906     0.044487  -0.00328061      40.8773    0.0459475  -0.00323528      40.8774    0.0442275   0.00160754      40.8898     0.045688   0.00165287        40.89    0.0407953  -0.00266804       40.878    0.0420569  -0.00262924      40.8781    0.0405692   0.00150787      40.8892    0.0418308   0.00154667      40.8894     0.036915  -0.00211385      40.8788     0.037984  -0.00208115      40.8789    0.0367207   0.00139361      40.8887    0.0377898   0.00142631      40.8888    0.0328871  -0.00161683      40.8795    0.0337734  -0.00158978      40.8796    0.0327228   0.00127173      40.8882    0.0336092   0.00129879      40.8882    0.0287642  -0.00118298      40.8802    0.0294802  -0.00116111      40.8803     0.028628   0.00113909      40.8876     0.029344   0.00116095      40.8877    0.0246029 -0.000816073      40.8809    0.0251635 -0.000798927       40.881    0.0244929     0.000995      40.8872    0.0250534   0.00101215      40.8872    0.0204635 -0.000517437      40.8816    0.0208856 -0.000504496      40.8816    0.0203773  0.000841204      40.8867    0.0207994  0.000854146      40.8867    0.0164083 -0.000286381      40.8822    0.0167102 -0.000277103      40.8822    0.0163436  0.000681059      40.8863    0.0166454  0.000690336      40.8863    0.0125017 -0.000120292      40.8828    0.0127025 -0.000114109      40.8828    0.0124559  0.000519303      40.8859    0.0126566  0.000525486      40.8859   0.00881111 -1.46871e-05      40.8834   0.00893049 -1.10056e-05      40.8834   0.00878142  0.000362089      40.8855    0.0089008  0.000365771      40.8855   0.00541047  3.63751e-05      40.8839   0.00546863  3.81691e-05      40.8839   0.00539403  0.000216895      40.8851   0.00545219  0.000218689      40.8851   0.00239467  3.95732e-05      40.8843   0.00241238  4.01187e-05      40.8843   0.00238834  9.24076e-05      40.8848   0.00240605   9.2953e-05      40.8848 -1.73574e-14  1.11822e-13      40.8846 -5.37665e-14  1.10743e-13      40.8846 -1.68643e-14 -1.78172e-14      40.8846 -5.32733e-14 -1.88964e-14      40.8846
Guess var F_r: 
    0.062066  -0.00469911      40.8759    0.0639998  -0.00475822      40.8758    0.0622266   0.00180354      40.8912    0.0641604   0.00174443      40.8911    0.0571369  -0.00406555      40.8766    0.0588176  -0.00411694      40.8765    0.0572745   0.00158798      40.8905    0.0589551    0.0015366      40.8904    0.0524422  -0.00332306      40.8773    0.0538884  -0.00336741      40.8772    0.0525553   0.00156511      40.8898    0.0540014   0.00152075      40.8897    0.0476093   -0.0027043       40.878    0.0488403  -0.00274218      40.8779    0.0477005   0.00147177      40.8892    0.0489316   0.00143389      40.8891      0.04265  -0.00214424      40.8787     0.043681  -0.00217606      40.8786    0.0427251   0.00136349      40.8886    0.0437561   0.00133167      40.8885    0.0376174  -0.00164177      40.8794    0.0384644  -0.00166798      40.8793    0.0376799   0.00124716       40.888    0.0385269   0.00122094      40.8879    0.0325713  -0.00120293      40.8801    0.0332506  -0.00122402        40.88     0.032623   0.00111957      40.8875    0.0333024   0.00109848      40.8874    0.0275753 -0.000831551      40.8808    0.0281039 -0.000848027      40.8807    0.0276174  0.000980014       40.887     0.028146  0.000963539      40.8869    0.0226955 -0.000528978      40.8814    0.0230911  -0.00054136      40.8814    0.0227287  0.000830182      40.8865    0.0231243    0.0008178      40.8865    0.0179995 -0.000294539      40.8821    0.0182803 -0.000303378       40.882    0.0180245  0.000673408      40.8861    0.0183054  0.000664569      40.8861    0.0135553 -0.000125637      40.8827    0.0137403 -0.000131499      40.8827    0.0135728  0.000514415      40.8857    0.0137579  0.000508552      40.8857   0.00943314 -1.77962e-05      40.8833   0.00954161 -2.12659e-05      40.8833   0.00944417  0.000359349      40.8854   0.00955264  0.000355879      40.8854   0.00570967  3.49167e-05      40.8838   0.00576123  3.32418e-05      40.8838   0.00571535  0.000215689      40.8851   0.00576692  0.000214014      40.8851   0.00248306  3.91676e-05      40.8843   0.00249789  3.86693e-05      40.8843    0.0024849  9.21249e-05      40.8848   0.00249974  9.16265e-05      40.8848 -1.77435e-13  9.48519e-14      40.8846 -2.01956e-13  9.51964e-14      40.8846 -1.79648e-13  1.39802e-14      40.8846 -2.04169e-13  1.43247e-14      40.8846
Candidate var F_l: 
   0.0515402  -0.00464286      40.8758    0.0534596  -0.00458255       40.876    0.0512057   0.00186004      40.8911    0.0531251   0.00192035      40.8913    0.0479588  -0.00401623      40.8766    0.0496344  -0.00396384      40.8767    0.0476635   0.00163748      40.8904    0.0493392   0.00168988      40.8906    0.0444881  -0.00328032      40.8773    0.0459486  -0.00323498      40.8774    0.0442287   0.00160778      40.8898    0.0456891   0.00165311        40.89    0.0407963  -0.00266779       40.878    0.0420579  -0.00262899      40.8781    0.0405702   0.00150807      40.8892    0.0418318   0.00154688      40.8894    0.0369159  -0.00211364      40.8788     0.037985  -0.00208094      40.8789    0.0367216   0.00139378      40.8887    0.0377907   0.00142648      40.8888    0.0328879  -0.00161666      40.8795    0.0337742  -0.00158961      40.8796    0.0327236   0.00127187      40.8882      0.03361   0.00129893      40.8882    0.0287649  -0.00118284      40.8802    0.0294808  -0.00116098      40.8803    0.0286287    0.0011392      40.8876    0.0293447   0.00116106      40.8877    0.0246035 -0.000815968      40.8809    0.0251641 -0.000798822       40.881    0.0244934  0.000995081      40.8872     0.025054   0.00101223      40.8872     0.020464  -0.00051736      40.8816     0.020886 -0.000504419      40.8816    0.0203778  0.000841263      40.8867    0.0207998  0.000854204      40.8867    0.0164087 -0.000286327      40.8822    0.0167105  -0.00027705      40.8822    0.0163439  0.000681099      40.8863    0.0166458  0.000690376      40.8863     0.012502 -0.000120257      40.8828    0.0127028 -0.000114074      40.8828    0.0124561  0.000519328      40.8859    0.0126569  0.000525512      40.8859   0.00881129 -1.46676e-05      40.8834   0.00893067 -1.09861e-05      40.8834   0.00878161  0.000362103      40.8855   0.00890098  0.000365785      40.8855   0.00541057  3.63838e-05      40.8839   0.00546873  3.81778e-05      40.8839   0.00539413  0.000216901      40.8851   0.00545229  0.000218695      40.8851   0.00239472  3.95754e-05      40.8843   0.00241243  4.01209e-05      40.8843   0.00238839   9.2409e-05      40.8848    0.0024061  9.29545e-05      40.8848 -1.73553e-14  1.11809e-13      40.8846 -5.37598e-14   1.1073e-13      40.8846 -1.68622e-14 -1.78144e-14      40.8846 -5.32667e-14 -1.88934e-14      40.8846
Candidate var F_r: 
   0.0620672  -0.00469872      40.8759    0.0640009  -0.00475783      40.8758    0.0622278   0.00180385      40.8912    0.0641616   0.00174473      40.8911    0.0571381   -0.0040652      40.8766    0.0588187  -0.00411659      40.8765    0.0572756   0.00158827      40.8905    0.0589562   0.00153688      40.8904    0.0524433  -0.00332276      40.8773    0.0538894  -0.00336711      40.8772    0.0525563   0.00156534      40.8898    0.0540024   0.00152099      40.8897    0.0476103  -0.00270405       40.878    0.0488413  -0.00274193      40.8779    0.0477015   0.00147197      40.8892    0.0489325    0.0014341      40.8891    0.0426508  -0.00214403      40.8787    0.0436818  -0.00217585      40.8786    0.0427259   0.00136365      40.8886    0.0437569   0.00133184      40.8885    0.0376181  -0.00164159      40.8794    0.0384651  -0.00166781      40.8793    0.0376806   0.00124729       40.888    0.0385276   0.00122108      40.8879     0.032572  -0.00120279      40.8801    0.0332513  -0.00122389        40.88    0.0326237   0.00111968      40.8875     0.033303   0.00109859      40.8874    0.0275758 -0.000831446      40.8808    0.0281044 -0.000847921      40.8807    0.0276179  0.000980095       40.887    0.0281465   0.00096362      40.8869     0.022696   -0.0005289      40.8814    0.0230915 -0.000541282      40.8814    0.0227292  0.000830241      40.8865    0.0231248  0.000817859      40.8865    0.0179998 -0.000294485      40.8821    0.0182807 -0.000303324       40.882    0.0180248  0.000673448      40.8861    0.0183057   0.00066461      40.8861    0.0135555 -0.000125602      40.8827    0.0137405 -0.000131465      40.8827    0.0135731   0.00051444      40.8857    0.0137581  0.000508578      40.8857   0.00943331 -1.77767e-05      40.8833   0.00954178 -2.12462e-05      40.8833   0.00944434  0.000359363      40.8854   0.00955281  0.000355893      40.8854   0.00570977  3.49255e-05      40.8838   0.00576134  3.32507e-05      40.8838   0.00571545  0.000215695      40.8851   0.00576702   0.00021402      40.8851    0.0024831  3.91698e-05      40.8843   0.00249794  3.86715e-05      40.8843   0.00248495  9.21263e-05      40.8848   0.00249978  9.16279e-05      40.8848 -1.77414e-13  9.48402e-14      40.8846 -2.01932e-13  9.51847e-14      40.8846 -1.79626e-13  1.39784e-14      40.8846 -2.04144e-13  1.43229e-14      40.8846
--------------------------------------------- 
Time: 235 ms ------------------
Torque guess: 
   -0.152322      -2.8293      2.14086     -15.4981       5.6342  -0.00459278     0.373461      2.69207     -2.04267     -15.8133        5.595   -0.0222643    0.0706644    -0.358576    -0.844961    0.0318985      1.07743     0.148206    -0.334846 -0.000843649   -0.0868848    0.0271766    0.0384886     -1.08919    -0.149399    -0.341816  0.000566665    -0.089182   -0.0282607
Torque candidate: 
  0.0991226    -2.80684     2.10367    -15.5168      5.6439 -0.00672571    0.613679     2.62458    -2.02405    -15.7374     5.60462  -0.0232697    0.614636    0.409575    -2.20216   -0.197063     1.09159    0.152783   -0.451278 -0.00140314   -0.119424   0.0293718    -1.06607   -0.926177   -0.114265   -0.773202  0.00216379     -0.2059  -0.0200325
Guess var F_l: 
   0.0515389  -0.00464325      40.8758    0.0534583  -0.00458294       40.876    0.0512044   0.00185973      40.8911    0.0531237   0.00192004      40.8913    0.0479575  -0.00401658      40.8766    0.0496332  -0.00396419      40.8767    0.0476623    0.0016372      40.8904    0.0493379   0.00168959      40.8906     0.044487  -0.00328061      40.8773    0.0459475  -0.00323528      40.8774    0.0442275   0.00160754      40.8898     0.045688   0.00165287        40.89    0.0407953  -0.00266804       40.878    0.0420569  -0.00262924      40.8781    0.0405692   0.00150787      40.8892    0.0418308   0.00154667      40.8894     0.036915  -0.00211385      40.8788     0.037984  -0.00208115      40.8789    0.0367207   0.00139361      40.8887    0.0377898   0.00142631      40.8888    0.0328871  -0.00161683      40.8795    0.0337734  -0.00158978      40.8796    0.0327228   0.00127173      40.8882    0.0336092   0.00129879      40.8882    0.0287642  -0.00118298      40.8802    0.0294802  -0.00116111      40.8803     0.028628   0.00113909      40.8876     0.029344   0.00116095      40.8877    0.0246029 -0.000816073      40.8809    0.0251635 -0.000798927       40.881    0.0244929     0.000995      40.8872    0.0250534   0.00101215      40.8872    0.0204635 -0.000517437      40.8816    0.0208856 -0.000504496      40.8816    0.0203773  0.000841204      40.8867    0.0207994  0.000854146      40.8867    0.0164083 -0.000286381      40.8822    0.0167102 -0.000277103      40.8822    0.0163436  0.000681059      40.8863    0.0166454  0.000690336      40.8863    0.0125017 -0.000120292      40.8828    0.0127025 -0.000114109      40.8828    0.0124559  0.000519303      40.8859    0.0126566  0.000525486      40.8859   0.00881111 -1.46871e-05      40.8834   0.00893049 -1.10056e-05      40.8834   0.00878142  0.000362089      40.8855    0.0089008  0.000365771      40.8855   0.00541047  3.63751e-05      40.8839   0.00546863  3.81691e-05      40.8839   0.00539403  0.000216895      40.8851   0.00545219  0.000218689      40.8851   0.00239467  3.95732e-05      40.8843   0.00241238  4.01187e-05      40.8843   0.00238834  9.24076e-05      40.8848   0.00240605   9.2953e-05      40.8848 -1.73574e-14  1.11822e-13      40.8846 -5.37665e-14  1.10743e-13      40.8846 -1.68643e-14 -1.78172e-14      40.8846 -5.32733e-14 -1.88964e-14      40.8846
Guess var F_r: 
    0.062066  -0.00469911      40.8759    0.0639998  -0.00475822      40.8758    0.0622266   0.00180354      40.8912    0.0641604   0.00174443      40.8911    0.0571369  -0.00406555      40.8766    0.0588176  -0.00411694      40.8765    0.0572745   0.00158798      40.8905    0.0589551    0.0015366      40.8904    0.0524422  -0.00332306      40.8773    0.0538884  -0.00336741      40.8772    0.0525553   0.00156511      40.8898    0.0540014   0.00152075      40.8897    0.0476093   -0.0027043       40.878    0.0488403  -0.00274218      40.8779    0.0477005   0.00147177      40.8892    0.0489316   0.00143389      40.8891      0.04265  -0.00214424      40.8787     0.043681  -0.00217606      40.8786    0.0427251   0.00136349      40.8886    0.0437561   0.00133167      40.8885    0.0376174  -0.00164177      40.8794    0.0384644  -0.00166798      40.8793    0.0376799   0.00124716       40.888    0.0385269   0.00122094      40.8879    0.0325713  -0.00120293      40.8801    0.0332506  -0.00122402        40.88     0.032623   0.00111957      40.8875    0.0333024   0.00109848      40.8874    0.0275753 -0.000831551      40.8808    0.0281039 -0.000848027      40.8807    0.0276174  0.000980014       40.887     0.028146  0.000963539      40.8869    0.0226955 -0.000528978      40.8814    0.0230911  -0.00054136      40.8814    0.0227287  0.000830182      40.8865    0.0231243    0.0008178      40.8865    0.0179995 -0.000294539      40.8821    0.0182803 -0.000303378       40.882    0.0180245  0.000673408      40.8861    0.0183054  0.000664569      40.8861    0.0135553 -0.000125637      40.8827    0.0137403 -0.000131499      40.8827    0.0135728  0.000514415      40.8857    0.0137579  0.000508552      40.8857   0.00943314 -1.77962e-05      40.8833   0.00954161 -2.12659e-05      40.8833   0.00944417  0.000359349      40.8854   0.00955264  0.000355879      40.8854   0.00570967  3.49167e-05      40.8838   0.00576123  3.32418e-05      40.8838   0.00571535  0.000215689      40.8851   0.00576692  0.000214014      40.8851   0.00248306  3.91676e-05      40.8843   0.00249789  3.86693e-05      40.8843    0.0024849  9.21249e-05      40.8848   0.00249974  9.16265e-05      40.8848 -1.77435e-13  9.48519e-14      40.8846 -2.01956e-13  9.51964e-14      40.8846 -1.79648e-13  1.39802e-14      40.8846 -2.04169e-13  1.43247e-14      40.8846
Candidate var F_l: 
   0.0645412  -0.00103265      40.8745    0.0661915 -0.000980679      40.8745    0.0642118   0.00454587      40.8927    0.0658621   0.00459785      40.8928    0.0602886 -0.000727395      40.8754    0.0617497 -0.000681328      40.8754    0.0599934   0.00417924       40.892    0.0614545   0.00422531       40.892    0.0557371 -0.000474782      40.8762    0.0570123 -0.000434561      40.8762     0.055476   0.00374108      40.8912    0.0567512    0.0037813      40.8912    0.0509011 -0.000269881       40.877    0.0520013 -0.000235152       40.877    0.0506683   0.00331472      40.8905    0.0517685   0.00334945      40.8905    0.0458718 -0.000102495      40.8779    0.0467955  -7.3316e-05      40.8779     0.045664   0.00289332      40.8897    0.0465878    0.0029225      40.8897    0.0406993  3.22216e-05      40.8787    0.0414586  5.62228e-05      40.8787    0.0405165   0.00248701       40.889    0.0412757   0.00251102       40.889    0.0354478  0.000133308      40.8795    0.0360567  0.000152571      40.8795    0.0352898   0.00209644      40.8884    0.0358988    0.0021157      40.8884    0.0301864   0.00020092      40.8804    0.0306601  0.000215913      40.8804     0.030053   0.00172357      40.8878    0.0305267   0.00173856      40.8878    0.0249887  0.000236613      40.8811     0.025343  0.000247829      40.8811    0.0248794   0.00137175      40.8872    0.0252337   0.00138297      40.8872    0.0199322  0.000243063      40.8819    0.0201835  0.000251018      40.8819    0.0198461   0.00104525      40.8866    0.0200974    0.0010532      40.8866    0.0150978  0.000223984      40.8826    0.0152632  0.000229216      40.8826    0.0150338    0.0007491      40.8861    0.0151992  0.000754332      40.8861    0.0105713  0.000184105      40.8832    0.0106682  0.000187165      40.8832    0.0105276  0.000489142      40.8857    0.0106245  0.000492203      40.8857   0.00644503  0.000129052      40.8838    0.0064912  0.000130506      40.8838   0.00641943  0.000272053      40.8852    0.0064656  0.000273507      40.8852   0.00283269  6.52446e-05      40.8842   0.00284625   6.5668e-05      40.8842   0.00282209  0.000105525      40.8849   0.00283565  0.000105949      40.8849  2.48089e-17  1.60577e-15      40.8846  3.35435e-16   1.6766e-15      40.8846  4.35366e-18  2.30977e-15      40.8846   3.1498e-16   2.3806e-15      40.8846
Candidate var F_r: 
   0.0735614  -0.00108385      40.8735     0.075229  -0.00113378      40.8732    0.0736862   0.00449792      40.8917    0.0753538   0.00444799      40.8914    0.0682554 -0.000771009      40.8744    0.0697264 -0.000814761      40.8741     0.068353   0.00413839       40.891    0.0698239   0.00409464      40.8907    0.0626087 -0.000511478      40.8753    0.0638813 -0.000548782      40.8751    0.0626684   0.00370628      40.8903     0.063941   0.00366898      40.8901    0.0567599 -0.000300627      40.8763    0.0578585 -0.000331803       40.876    0.0567902   0.00328532      40.8897    0.0578888   0.00325414      40.8894    0.0507731 -0.000128091      40.8772    0.0517078 -0.000153596       40.877    0.0507823   0.00286876       40.889     0.051717   0.00284326      40.8888     0.044719  1.13062e-05      40.8781    0.0454997 -9.08857e-06      40.8779    0.0447106   0.00246685      40.8884    0.0454912   0.00244646      40.8882    0.0386665  0.000116664       40.879    0.0393034  0.000100796      40.8789     0.038643   0.00208023      40.8878    0.0392799   0.00206436      40.8877    0.0326882  0.000188133      40.8799    0.0331927  0.000176201      40.8798    0.0326519   0.00171088      40.8873    0.0331564   0.00169895      40.8872    0.0268602  0.000227244      40.8808     0.027245  0.000218659      40.8807    0.0268141   0.00136215      40.8868    0.0271989   0.00135356      40.8867    0.0212619  0.000236639      40.8816     0.021541   0.00023082      40.8815    0.0212099   0.00103829      40.8863    0.0214889   0.00103248      40.8863    0.0159758  0.000219986      40.8823    0.0161642  0.000216369      40.8823    0.0159229  0.000744382      40.8859    0.0161113  0.000740765      40.8858    0.0110883  0.000181977       40.883    0.0112024  0.000180017       40.883    0.0110406  0.000486259      40.8855    0.0111547  0.000484299      40.8855   0.00669334  0.000128213      40.8837   0.00675036  0.000127392      40.8836   0.00665711  0.000270597      40.8852   0.00671413  0.000269776      40.8851   0.00290657  6.51083e-05      40.8842   0.00292492  6.49362e-05      40.8842   0.00288725  0.000105056      40.8848    0.0029056  0.000104884      40.8848  8.18257e-17 -5.65512e-16      40.8846  2.07583e-16 -5.69216e-16      40.8846  9.36608e-17 -1.39136e-16      40.8846  2.19418e-16 -1.42841e-16      40.8846
--------------------------------------------- 
Time: 240 ms ------------------
Torque guess: 
  0.0991226    -2.80684     2.10367    -15.5168      5.6439 -0.00672571    0.613679     2.62458    -2.02405    -15.7374     5.60462  -0.0232697    0.614636    0.409575    -2.20216   -0.197063     1.09159    0.152783   -0.451278 -0.00140314   -0.119424   0.0293718    -1.06607   -0.926177   -0.114265   -0.773202  0.00216379     -0.2059  -0.0200325
Torque candidate: 
  0.0991318    -2.80682     2.10365    -15.5168      5.6439 -0.00672604    0.613648     2.62456    -2.02404    -15.7374     5.60462  -0.0232696    0.614613     0.40956    -2.20213    -0.19708     1.09158    0.152781   -0.451285 -0.00140319   -0.119426   0.0293712    -1.06603   -0.926184   -0.114266   -0.773187  0.00216369   -0.205896  -0.0200328
Guess var F_l: 
   0.0645412  -0.00103265      40.8745    0.0661915 -0.000980679      40.8745    0.0642118   0.00454587      40.8927    0.0658621   0.00459785      40.8928    0.0602886 -0.000727395      40.8754    0.0617497 -0.000681328      40.8754    0.0599934   0.00417924       40.892    0.0614545   0.00422531       40.892    0.0557371 -0.000474782      40.8762    0.0570123 -0.000434561      40.8762     0.055476   0.00374108      40.8912    0.0567512    0.0037813      40.8912    0.0509011 -0.000269881       40.877    0.0520013 -0.000235152       40.877    0.0506683   0.00331472      40.8905    0.0517685   0.00334945      40.8905    0.0458718 -0.000102495      40.8779    0.0467955  -7.3316e-05      40.8779     0.045664   0.00289332      40.8897    0.0465878    0.0029225      40.8897    0.0406993  3.22216e-05      40.8787    0.0414586  5.62228e-05      40.8787    0.0405165   0.00248701       40.889    0.0412757   0.00251102       40.889    0.0354478  0.000133308      40.8795    0.0360567  0.000152571      40.8795    0.0352898   0.00209644      40.8884    0.0358988    0.0021157      40.8884    0.0301864   0.00020092      40.8804    0.0306601  0.000215913      40.8804     0.030053   0.00172357      40.8878    0.0305267   0.00173856      40.8878    0.0249887  0.000236613      40.8811     0.025343  0.000247829      40.8811    0.0248794   0.00137175      40.8872    0.0252337   0.00138297      40.8872    0.0199322  0.000243063      40.8819    0.0201835  0.000251018      40.8819    0.0198461   0.00104525      40.8866    0.0200974    0.0010532      40.8866    0.0150978  0.000223984      40.8826    0.0152632  0.000229216      40.8826    0.0150338    0.0007491      40.8861    0.0151992  0.000754332      40.8861    0.0105713  0.000184105      40.8832    0.0106682  0.000187165      40.8832    0.0105276  0.000489142      40.8857    0.0106245  0.000492203      40.8857   0.00644503  0.000129052      40.8838    0.0064912  0.000130506      40.8838   0.00641943  0.000272053      40.8852    0.0064656  0.000273507      40.8852   0.00283269  6.52446e-05      40.8842   0.00284625   6.5668e-05      40.8842   0.00282209  0.000105525      40.8849   0.00283565  0.000105949      40.8849  2.48089e-17  1.60577e-15      40.8846  3.35435e-16   1.6766e-15      40.8846  4.35366e-18  2.30977e-15      40.8846   3.1498e-16   2.3806e-15      40.8846
Guess var F_r: 
   0.0735614  -0.00108385      40.8735     0.075229  -0.00113378      40.8732    0.0736862   0.00449792      40.8917    0.0753538   0.00444799      40.8914    0.0682554 -0.000771009      40.8744    0.0697264 -0.000814761      40.8741     0.068353   0.00413839       40.891    0.0698239   0.00409464      40.8907    0.0626087 -0.000511478      40.8753    0.0638813 -0.000548782      40.8751    0.0626684   0.00370628      40.8903     0.063941   0.00366898      40.8901    0.0567599 -0.000300627      40.8763    0.0578585 -0.000331803       40.876    0.0567902   0.00328532      40.8897    0.0578888   0.00325414      40.8894    0.0507731 -0.000128091      40.8772    0.0517078 -0.000153596       40.877    0.0507823   0.00286876       40.889     0.051717   0.00284326      40.8888     0.044719  1.13062e-05      40.8781    0.0454997 -9.08857e-06      40.8779    0.0447106   0.00246685      40.8884    0.0454912   0.00244646      40.8882    0.0386665  0.000116664       40.879    0.0393034  0.000100796      40.8789     0.038643   0.00208023      40.8878    0.0392799   0.00206436      40.8877    0.0326882  0.000188133      40.8799    0.0331927  0.000176201      40.8798    0.0326519   0.00171088      40.8873    0.0331564   0.00169895      40.8872    0.0268602  0.000227244      40.8808     0.027245  0.000218659      40.8807    0.0268141   0.00136215      40.8868    0.0271989   0.00135356      40.8867    0.0212619  0.000236639      40.8816     0.021541   0.00023082      40.8815    0.0212099   0.00103829      40.8863    0.0214889   0.00103248      40.8863    0.0159758  0.000219986      40.8823    0.0161642  0.000216369      40.8823    0.0159229  0.000744382      40.8859    0.0161113  0.000740765      40.8858    0.0110883  0.000181977       40.883    0.0112024  0.000180017       40.883    0.0110406  0.000486259      40.8855    0.0111547  0.000484299      40.8855   0.00669334  0.000128213      40.8837   0.00675036  0.000127392      40.8836   0.00665711  0.000270597      40.8852   0.00671413  0.000269776      40.8851   0.00290657  6.51083e-05      40.8842   0.00292492  6.49362e-05      40.8842   0.00288725  0.000105056      40.8848    0.0029056  0.000104884      40.8848  8.18257e-17 -5.65512e-16      40.8846  2.07583e-16 -5.69216e-16      40.8846  9.36608e-17 -1.39136e-16      40.8846  2.19418e-16 -1.42841e-16      40.8846
Candidate var F_l: 
   0.0645415  -0.00103248      40.8745    0.0661919 -0.000980507      40.8745    0.0642122   0.00454606      40.8927    0.0658625   0.00459803      40.8928     0.060289 -0.000727245      40.8754    0.0617501 -0.000681178      40.8754    0.0599938   0.00417939       40.892    0.0614549   0.00422546       40.892    0.0557374 -0.000474656      40.8762    0.0570126 -0.000434436      40.8762    0.0554764   0.00374121      40.8912    0.0567516   0.00378143      40.8912    0.0509014  -0.00026977       40.877    0.0520016 -0.000235041       40.877    0.0506686   0.00331484      40.8905    0.0517688   0.00334957      40.8905     0.045872   -0.0001024      40.8779    0.0467958 -7.32204e-05      40.8779    0.0456643   0.00289342      40.8897    0.0465881    0.0029226      40.8897    0.0406995   3.2302e-05      40.8787    0.0414588  5.63032e-05      40.8787    0.0405167    0.0024871       40.889     0.041276    0.0025111       40.889     0.035448  0.000133373      40.8795     0.036057  0.000152637      40.8795      0.03529   0.00209651      40.8884     0.035899   0.00211577      40.8884    0.0301866  0.000200972      40.8804    0.0306603  0.000215965      40.8804    0.0300532   0.00172363      40.8878    0.0305269   0.00173862      40.8878    0.0249889  0.000236652      40.8811    0.0253431  0.000247868      40.8811    0.0248796    0.0013718      40.8872    0.0252339   0.00138301      40.8872    0.0199323  0.000243091      40.8819    0.0201836  0.000251046      40.8819    0.0198462   0.00104528      40.8866    0.0200975   0.00105324      40.8866    0.0150979  0.000224002      40.8826    0.0152633  0.000229234      40.8826    0.0150339  0.000749121      40.8861    0.0151993  0.000754354      40.8861    0.0105713  0.000184115      40.8832    0.0106682  0.000187176      40.8832    0.0105277  0.000489155      40.8857    0.0106246  0.000492216      40.8857   0.00644507  0.000129057      40.8838   0.00649124  0.000130511      40.8838   0.00641946   0.00027206      40.8852   0.00646564  0.000273513      40.8852   0.00283271  6.52458e-05      40.8842   0.00284626  6.56692e-05      40.8842   0.00282211  0.000105527      40.8849   0.00283567  0.000105951      40.8849  2.43089e-17  1.60394e-15      40.8846  3.35053e-16  1.67475e-15      40.8846  3.79071e-18  2.30847e-15      40.8846  3.14535e-16  2.37928e-15      40.8846
Candidate var F_r: 
   0.0735618  -0.00108368      40.8735    0.0752294  -0.00113361      40.8732    0.0736866   0.00449811      40.8917    0.0753542   0.00444818      40.8914    0.0682558  -0.00077086      40.8744    0.0697267 -0.000814612      40.8741    0.0683533   0.00413854       40.891    0.0698243   0.00409479      40.8907     0.062609 -0.000511353      40.8753    0.0638816 -0.000548657      40.8751    0.0626688   0.00370642      40.8903    0.0639413   0.00366911      40.8901    0.0567602 -0.000300516      40.8763    0.0578588 -0.000331693       40.876    0.0567905   0.00328543      40.8897    0.0578892   0.00325426      40.8894    0.0507734 -0.000127996      40.8772    0.0517081 -0.000153501       40.877    0.0507826   0.00286886       40.889    0.0517173   0.00284336      40.8888    0.0447193  1.13864e-05      40.8781    0.0454999 -9.00848e-06      40.8779    0.0447108   0.00246694      40.8884    0.0454915   0.00244654      40.8882    0.0386668  0.000116729       40.879    0.0393036  0.000100861      40.8789    0.0386432    0.0020803      40.8878    0.0392801   0.00206443      40.8877    0.0326884  0.000188185      40.8799    0.0331929  0.000176252      40.8798    0.0326521   0.00171094      40.8873    0.0331566   0.00169901      40.8872    0.0268604  0.000227283      40.8808    0.0272452  0.000218698      40.8807    0.0268143   0.00136219      40.8868    0.0271991    0.0013536      40.8867     0.021262  0.000236667      40.8816    0.0215411  0.000230848      40.8815      0.02121   0.00103833      40.8863    0.0214891   0.00103251      40.8863    0.0159758  0.000220005      40.8823    0.0161643  0.000216387      40.8823     0.015923  0.000744404      40.8859    0.0161114  0.000740786      40.8858    0.0110884  0.000181988       40.883    0.0112024  0.000180027       40.883    0.0110407  0.000486272      40.8855    0.0111548  0.000484312      40.8855   0.00669338  0.000128217      40.8837    0.0067504  0.000127397      40.8836   0.00665716  0.000270604      40.8852   0.00671417  0.000269783      40.8851   0.00290658  6.51094e-05      40.8842   0.00292494  6.49373e-05      40.8842   0.00288727  0.000105058      40.8848   0.00290562  0.000104886      40.8848  8.13695e-17 -5.63636e-16      40.8846  2.07623e-16 -5.67249e-16      40.8846  9.32392e-17 -1.35981e-16      40.8846  2.19493e-16 -1.39595e-16      40.8846
--------------------------------------------- 
Time: 245 ms ------------------
Torque guess: 
  0.0991226    -2.80684     2.10367    -15.5168      5.6439 -0.00672571    0.613679     2.62458    -2.02405    -15.7374     5.60462  -0.0232697    0.614636    0.409575    -2.20216   -0.197063     1.09159    0.152783   -0.451278 -0.00140314   -0.119424   0.0293718    -1.06607   -0.926177   -0.114265   -0.773202  0.00216379     -0.2059  -0.0200325
Torque candidate: 
  0.0991298    -2.80684     2.10366    -15.5168      5.6439  -0.0067258    0.613642     2.62458    -2.02405    -15.7374     5.60462  -0.0232697    0.614604    0.409556     -2.2021   -0.197068     1.09158    0.152781    -0.45128 -0.00140317   -0.119424   0.0293713    -1.06601   -0.926184   -0.114266   -0.773176  0.00216365   -0.205893  -0.0200327
Guess var F_l: 
   0.0645412  -0.00103265      40.8745    0.0661915 -0.000980679      40.8745    0.0642118   0.00454587      40.8927    0.0658621   0.00459785      40.8928    0.0602886 -0.000727395      40.8754    0.0617497 -0.000681328      40.8754    0.0599934   0.00417924       40.892    0.0614545   0.00422531       40.892    0.0557371 -0.000474782      40.8762    0.0570123 -0.000434561      40.8762     0.055476   0.00374108      40.8912    0.0567512    0.0037813      40.8912    0.0509011 -0.000269881       40.877    0.0520013 -0.000235152       40.877    0.0506683   0.00331472      40.8905    0.0517685   0.00334945      40.8905    0.0458718 -0.000102495      40.8779    0.0467955  -7.3316e-05      40.8779     0.045664   0.00289332      40.8897    0.0465878    0.0029225      40.8897    0.0406993  3.22216e-05      40.8787    0.0414586  5.62228e-05      40.8787    0.0405165   0.00248701       40.889    0.0412757   0.00251102       40.889    0.0354478  0.000133308      40.8795    0.0360567  0.000152571      40.8795    0.0352898   0.00209644      40.8884    0.0358988    0.0021157      40.8884    0.0301864   0.00020092      40.8804    0.0306601  0.000215913      40.8804     0.030053   0.00172357      40.8878    0.0305267   0.00173856      40.8878    0.0249887  0.000236613      40.8811     0.025343  0.000247829      40.8811    0.0248794   0.00137175      40.8872    0.0252337   0.00138297      40.8872    0.0199322  0.000243063      40.8819    0.0201835  0.000251018      40.8819    0.0198461   0.00104525      40.8866    0.0200974    0.0010532      40.8866    0.0150978  0.000223984      40.8826    0.0152632  0.000229216      40.8826    0.0150338    0.0007491      40.8861    0.0151992  0.000754332      40.8861    0.0105713  0.000184105      40.8832    0.0106682  0.000187165      40.8832    0.0105276  0.000489142      40.8857    0.0106245  0.000492203      40.8857   0.00644503  0.000129052      40.8838    0.0064912  0.000130506      40.8838   0.00641943  0.000272053      40.8852    0.0064656  0.000273507      40.8852   0.00283269  6.52446e-05      40.8842   0.00284625   6.5668e-05      40.8842   0.00282209  0.000105525      40.8849   0.00283565  0.000105949      40.8849  2.48089e-17  1.60577e-15      40.8846  3.35435e-16   1.6766e-15      40.8846  4.35366e-18  2.30977e-15      40.8846   3.1498e-16   2.3806e-15      40.8846
Guess var F_r: 
   0.0735614  -0.00108385      40.8735     0.075229  -0.00113378      40.8732    0.0736862   0.00449792      40.8917    0.0753538   0.00444799      40.8914    0.0682554 -0.000771009      40.8744    0.0697264 -0.000814761      40.8741     0.068353   0.00413839       40.891    0.0698239   0.00409464      40.8907    0.0626087 -0.000511478      40.8753    0.0638813 -0.000548782      40.8751    0.0626684   0.00370628      40.8903     0.063941   0.00366898      40.8901    0.0567599 -0.000300627      40.8763    0.0578585 -0.000331803       40.876    0.0567902   0.00328532      40.8897    0.0578888   0.00325414      40.8894    0.0507731 -0.000128091      40.8772    0.0517078 -0.000153596       40.877    0.0507823   0.00286876       40.889     0.051717   0.00284326      40.8888     0.044719  1.13062e-05      40.8781    0.0454997 -9.08857e-06      40.8779    0.0447106   0.00246685      40.8884    0.0454912   0.00244646      40.8882    0.0386665  0.000116664       40.879    0.0393034  0.000100796      40.8789     0.038643   0.00208023      40.8878    0.0392799   0.00206436      40.8877    0.0326882  0.000188133      40.8799    0.0331927  0.000176201      40.8798    0.0326519   0.00171088      40.8873    0.0331564   0.00169895      40.8872    0.0268602  0.000227244      40.8808     0.027245  0.000218659      40.8807    0.0268141   0.00136215      40.8868    0.0271989   0.00135356      40.8867    0.0212619  0.000236639      40.8816     0.021541   0.00023082      40.8815    0.0212099   0.00103829      40.8863    0.0214889   0.00103248      40.8863    0.0159758  0.000219986      40.8823    0.0161642  0.000216369      40.8823    0.0159229  0.000744382      40.8859    0.0161113  0.000740765      40.8858    0.0110883  0.000181977       40.883    0.0112024  0.000180017       40.883    0.0110406  0.000486259      40.8855    0.0111547  0.000484299      40.8855   0.00669334  0.000128213      40.8837   0.00675036  0.000127392      40.8836   0.00665711  0.000270597      40.8852   0.00671413  0.000269776      40.8851   0.00290657  6.51083e-05      40.8842   0.00292492  6.49362e-05      40.8842   0.00288725  0.000105056      40.8848    0.0029056  0.000104884      40.8848  8.18257e-17 -5.65512e-16      40.8846  2.07583e-16 -5.69216e-16      40.8846  9.36608e-17 -1.39136e-16      40.8846  2.19418e-16 -1.42841e-16      40.8846
Candidate var F_l: 
   0.0645418  -0.00103249      40.8745    0.0661921 -0.000980519      40.8745    0.0642124   0.00454603      40.8927    0.0658628   0.00459801      40.8928    0.0602892 -0.000727253      40.8754    0.0617503 -0.000681186      40.8754     0.059994   0.00417938       40.892    0.0614551   0.00422544       40.892    0.0557377 -0.000474662      40.8762    0.0570128 -0.000434442      40.8762    0.0554766    0.0037412      40.8912    0.0567518   0.00378142      40.8912    0.0509016 -0.000269778       40.877    0.0520018 -0.000235049       40.877    0.0506688   0.00331482      40.8905     0.051769   0.00334955      40.8905    0.0458722 -0.000102408      40.8779    0.0467959  -7.3229e-05      40.8779    0.0456645   0.00289341      40.8897    0.0465882   0.00292259      40.8897    0.0406997  3.22937e-05      40.8787     0.041459  5.62949e-05      40.8787    0.0405169   0.00248709       40.889    0.0412761   0.00251109       40.889    0.0354481  0.000133366      40.8795    0.0360571  0.000152629      40.8795    0.0352901   0.00209649      40.8884    0.0358991   0.00211576      40.8884    0.0301867  0.000200965      40.8804    0.0306604  0.000215958      40.8804    0.0300533   0.00172362      40.8878     0.030527   0.00173861      40.8878    0.0249889  0.000236646      40.8811    0.0253432  0.000247862      40.8811    0.0248797   0.00137179      40.8872    0.0252339     0.001383      40.8872    0.0199323  0.000243087      40.8819    0.0201836  0.000251042      40.8819    0.0198463   0.00104527      40.8866    0.0200976   0.00105323      40.8866    0.0150979  0.000223999      40.8826    0.0152633  0.000229231      40.8826    0.0150339  0.000749116      40.8861    0.0151993  0.000754348      40.8861    0.0105714  0.000184113      40.8832    0.0106682  0.000187174      40.8832    0.0105277  0.000489152      40.8857    0.0106246  0.000492212      40.8857   0.00644509  0.000129056      40.8838   0.00649126   0.00013051      40.8838   0.00641948  0.000272058      40.8852   0.00646565  0.000273511      40.8852   0.00283271  6.52453e-05      40.8842   0.00284627  6.56688e-05      40.8842   0.00282212  0.000105526      40.8849   0.00283568   0.00010595      40.8849  2.48865e-17  1.60593e-15      40.8846  3.35521e-16  1.67676e-15      40.8846  4.45687e-18  2.30998e-15      40.8846  3.15091e-16  2.38081e-15      40.8846
Candidate var F_r: 
   0.0735621  -0.00108369      40.8735    0.0752296  -0.00113362      40.8732    0.0736869   0.00449808      40.8917    0.0753544   0.00444815      40.8914     0.068256 -0.000770867      40.8744     0.069727 -0.000814619      40.8741    0.0683536   0.00413853       40.891    0.0698245   0.00409477      40.8907    0.0626093 -0.000511359      40.8753    0.0638818 -0.000548663      40.8751     0.062669    0.0037064      40.8903    0.0639415    0.0036691      40.8901    0.0567604 -0.000300524      40.8763     0.057859   -0.0003317       40.876    0.0567907   0.00328542      40.8897    0.0578893   0.00325424      40.8894    0.0507736 -0.000128004      40.8772    0.0517083 -0.000153509       40.877    0.0507828   0.00286885       40.889    0.0517175   0.00284334      40.8888    0.0447194  1.13782e-05      40.8781       0.0455 -9.01664e-06      40.8779     0.044711   0.00246692      40.8884    0.0454916   0.00244653      40.8882    0.0386669  0.000116722       40.879    0.0393037  0.000100854      40.8789    0.0386433   0.00208029      40.8878    0.0392802   0.00206442      40.8877    0.0326885  0.000188178      40.8799     0.033193  0.000176246      40.8798    0.0326522   0.00171093      40.8873    0.0331567     0.001699      40.8872    0.0268605  0.000227278      40.8808    0.0272452  0.000218693      40.8807    0.0268144   0.00136218      40.8868    0.0271992    0.0013536      40.8867    0.0212621  0.000236662      40.8816    0.0215411  0.000230844      40.8815    0.0212101   0.00103832      40.8863    0.0214891    0.0010325      40.8863    0.0159759  0.000220002      40.8823    0.0161643  0.000216384      40.8823     0.015923  0.000744399      40.8859    0.0161115  0.000740781      40.8858    0.0110884  0.000181986       40.883    0.0112025  0.000180025       40.883    0.0110407  0.000486269      40.8855    0.0111548  0.000484308      40.8855    0.0066934  0.000128216      40.8837   0.00675042  0.000127395      40.8836   0.00665717  0.000270602      40.8852   0.00671419  0.000269781      40.8851   0.00290659   6.5109e-05      40.8842   0.00292494  6.49369e-05      40.8842   0.00288727  0.000105057      40.8848   0.00290563  0.000104885      40.8848  8.20974e-17 -5.65684e-16      40.8846  2.07794e-16 -5.69397e-16      40.8846  9.39284e-17 -1.39474e-16      40.8846  2.19625e-16 -1.43188e-16      40.8846
--------------------------------------------- 
Time: 250 ms ------------------
Torque guess: 
  0.0991226    -2.80684     2.10367    -15.5168      5.6439 -0.00672571    0.613679     2.62458    -2.02405    -15.7374     5.60462  -0.0232697    0.614636    0.409575    -2.20216   -0.197063     1.09159    0.152783   -0.451278 -0.00140314   -0.119424   0.0293718    -1.06607   -0.926177   -0.114265   -0.773202  0.00216379     -0.2059  -0.0200325
Torque candidate: 
  0.0991311    -2.80684     2.10366    -15.5168      5.6439 -0.00672579    0.613629     2.62458    -2.02405    -15.7374     5.60462  -0.0232697    0.614588    0.409541    -2.20206   -0.197056     1.09158     0.15278   -0.451275 -0.00140314   -0.119423   0.0293711    -1.06597   -0.926189   -0.114267   -0.773162   0.0021636   -0.205889   -0.020033
Guess var F_l: 
   0.0645412  -0.00103265      40.8745    0.0661915 -0.000980679      40.8745    0.0642118   0.00454587      40.8927    0.0658621   0.00459785      40.8928    0.0602886 -0.000727395      40.8754    0.0617497 -0.000681328      40.8754    0.0599934   0.00417924       40.892    0.0614545   0.00422531       40.892    0.0557371 -0.000474782      40.8762    0.0570123 -0.000434561      40.8762     0.055476   0.00374108      40.8912    0.0567512    0.0037813      40.8912    0.0509011 -0.000269881       40.877    0.0520013 -0.000235152       40.877    0.0506683   0.00331472      40.8905    0.0517685   0.00334945      40.8905    0.0458718 -0.000102495      40.8779    0.0467955  -7.3316e-05      40.8779     0.045664   0.00289332      40.8897    0.0465878    0.0029225      40.8897    0.0406993  3.22216e-05      40.8787    0.0414586  5.62228e-05      40.8787    0.0405165   0.00248701       40.889    0.0412757   0.00251102       40.889    0.0354478  0.000133308      40.8795    0.0360567  0.000152571      40.8795    0.0352898   0.00209644      40.8884    0.0358988    0.0021157      40.8884    0.0301864   0.00020092      40.8804    0.0306601  0.000215913      40.8804     0.030053   0.00172357      40.8878    0.0305267   0.00173856      40.8878    0.0249887  0.000236613      40.8811     0.025343  0.000247829      40.8811    0.0248794   0.00137175      40.8872    0.0252337   0.00138297      40.8872    0.0199322  0.000243063      40.8819    0.0201835  0.000251018      40.8819    0.0198461   0.00104525      40.8866    0.0200974    0.0010532      40.8866    0.0150978  0.000223984      40.8826    0.0152632  0.000229216      40.8826    0.0150338    0.0007491      40.8861    0.0151992  0.000754332      40.8861    0.0105713  0.000184105      40.8832    0.0106682  0.000187165      40.8832    0.0105276  0.000489142      40.8857    0.0106245  0.000492203      40.8857   0.00644503  0.000129052      40.8838    0.0064912  0.000130506      40.8838   0.00641943  0.000272053      40.8852    0.0064656  0.000273507      40.8852   0.00283269  6.52446e-05      40.8842   0.00284625   6.5668e-05      40.8842   0.00282209  0.000105525      40.8849   0.00283565  0.000105949      40.8849  2.48089e-17  1.60577e-15      40.8846  3.35435e-16   1.6766e-15      40.8846  4.35366e-18  2.30977e-15      40.8846   3.1498e-16   2.3806e-15      40.8846
Guess var F_r: 
   0.0735614  -0.00108385      40.8735     0.075229  -0.00113378      40.8732    0.0736862   0.00449792      40.8917    0.0753538   0.00444799      40.8914    0.0682554 -0.000771009      40.8744    0.0697264 -0.000814761      40.8741     0.068353   0.00413839       40.891    0.0698239   0.00409464      40.8907    0.0626087 -0.000511478      40.8753    0.0638813 -0.000548782      40.8751    0.0626684   0.00370628      40.8903     0.063941   0.00366898      40.8901    0.0567599 -0.000300627      40.8763    0.0578585 -0.000331803       40.876    0.0567902   0.00328532      40.8897    0.0578888   0.00325414      40.8894    0.0507731 -0.000128091      40.8772    0.0517078 -0.000153596       40.877    0.0507823   0.00286876       40.889     0.051717   0.00284326      40.8888     0.044719  1.13062e-05      40.8781    0.0454997 -9.08857e-06      40.8779    0.0447106   0.00246685      40.8884    0.0454912   0.00244646      40.8882    0.0386665  0.000116664       40.879    0.0393034  0.000100796      40.8789     0.038643   0.00208023      40.8878    0.0392799   0.00206436      40.8877    0.0326882  0.000188133      40.8799    0.0331927  0.000176201      40.8798    0.0326519   0.00171088      40.8873    0.0331564   0.00169895      40.8872    0.0268602  0.000227244      40.8808     0.027245  0.000218659      40.8807    0.0268141   0.00136215      40.8868    0.0271989   0.00135356      40.8867    0.0212619  0.000236639      40.8816     0.021541   0.00023082      40.8815    0.0212099   0.00103829      40.8863    0.0214889   0.00103248      40.8863    0.0159758  0.000219986      40.8823    0.0161642  0.000216369      40.8823    0.0159229  0.000744382      40.8859    0.0161113  0.000740765      40.8858    0.0110883  0.000181977       40.883    0.0112024  0.000180017       40.883    0.0110406  0.000486259      40.8855    0.0111547  0.000484299      40.8855   0.00669334  0.000128213      40.8837   0.00675036  0.000127392      40.8836   0.00665711  0.000270597      40.8852   0.00671413  0.000269776      40.8851   0.00290657  6.51083e-05      40.8842   0.00292492  6.49362e-05      40.8842   0.00288725  0.000105056      40.8848    0.0029056  0.000104884      40.8848  8.18257e-17 -5.65512e-16      40.8846  2.07583e-16 -5.69216e-16      40.8846  9.36608e-17 -1.39136e-16      40.8846  2.19418e-16 -1.42841e-16      40.8846
Candidate var F_l: 
   0.0645421  -0.00103246      40.8745    0.0661924 -0.000980489      40.8745    0.0642127   0.00454605      40.8927     0.065863   0.00459803      40.8928    0.0602894 -0.000727225      40.8754    0.0617506 -0.000681158      40.8754    0.0599942    0.0041794       40.892    0.0614553   0.00422546       40.892    0.0557379 -0.000474637      40.8762     0.057013 -0.000434417      40.8762    0.0554768   0.00374121      40.8912     0.056752   0.00378143      40.8912    0.0509018 -0.000269757       40.877     0.052002 -0.000235027       40.877    0.0506689   0.00331484      40.8905    0.0517692   0.00334957      40.8905    0.0458724  -0.00010239      40.8779    0.0467961 -7.32108e-05      40.8779    0.0456646   0.00289342      40.8897    0.0465884    0.0029226      40.8897    0.0406998  3.23088e-05      40.8787    0.0414591  5.63099e-05      40.8787     0.040517    0.0024871       40.889    0.0412763    0.0025111       40.889    0.0354482  0.000133378      40.8795    0.0360572  0.000152641      40.8795    0.0352903    0.0020965      40.8884    0.0358992   0.00211576      40.8884    0.0301868  0.000200975      40.8804    0.0306605  0.000215968      40.8804    0.0300534   0.00172362      40.8878    0.0305271   0.00173861      40.8878     0.024989  0.000236654      40.8811    0.0253433  0.000247869      40.8811    0.0248797   0.00137179      40.8872     0.025234   0.00138301      40.8872    0.0199324  0.000243092      40.8819    0.0201837  0.000251047      40.8819    0.0198464   0.00104528      40.8866    0.0200977   0.00105323      40.8866     0.015098  0.000224003      40.8826    0.0152634  0.000229235      40.8826     0.015034  0.000749118      40.8861    0.0151994   0.00075435      40.8861    0.0105714  0.000184116      40.8832    0.0106683  0.000187176      40.8832    0.0105277  0.000489153      40.8857    0.0106246  0.000492213      40.8857   0.00644511  0.000129057      40.8838   0.00649128  0.000130511      40.8838    0.0064195  0.000272058      40.8852   0.00646567  0.000273512      40.8852   0.00283272  6.52458e-05      40.8842   0.00284628  6.56692e-05      40.8842   0.00282212  0.000105526      40.8849   0.00283568   0.00010595      40.8849  2.47781e-17  1.60578e-15      40.8846  3.35415e-16  1.67661e-15      40.8846  4.31739e-18  2.30983e-15      40.8846  3.14954e-16  2.38066e-15      40.8846
Candidate var F_r: 
   0.0735623  -0.00108366      40.8735    0.0752299  -0.00113359      40.8732    0.0736871    0.0044981      40.8917    0.0753547   0.00444818      40.8914    0.0682562 -0.000770839      40.8744    0.0697272 -0.000814591      40.8741    0.0683538   0.00413855       40.891    0.0698247   0.00409479      40.8907    0.0626094 -0.000511333      40.8753     0.063882 -0.000548638      40.8751    0.0626692   0.00370642      40.8903    0.0639417   0.00366911      40.8901    0.0567605 -0.000300502      40.8763    0.0578592 -0.000331678       40.876    0.0567909   0.00328543      40.8897    0.0578895   0.00325426      40.8894    0.0507737 -0.000127986      40.8772    0.0517084 -0.000153491       40.877    0.0507829   0.00286886       40.889    0.0517176   0.00284336      40.8888    0.0447195  1.13933e-05      40.8781    0.0455002 -9.00148e-06      40.8779    0.0447111   0.00246693      40.8884    0.0454917   0.00244654      40.8882     0.038667  0.000116734       40.879    0.0393039  0.000100866      40.8789    0.0386434   0.00208029      40.8878    0.0392803   0.00206443      40.8877    0.0326886  0.000188188      40.8799    0.0331931  0.000176256      40.8798    0.0326523   0.00171093      40.8873    0.0331568     0.001699      40.8872    0.0268605  0.000227285      40.8808    0.0272453    0.0002187      40.8807    0.0268144   0.00136219      40.8868    0.0271992    0.0013536      40.8867    0.0212622  0.000236668      40.8816    0.0215412  0.000230849      40.8815    0.0212101   0.00103832      40.8863    0.0214892    0.0010325      40.8863    0.0159759  0.000220005      40.8823    0.0161644  0.000216388      40.8823    0.0159231    0.0007444      40.8859    0.0161115  0.000740783      40.8858    0.0110884  0.000181988       40.883    0.0112025  0.000180028       40.883    0.0110407   0.00048627      40.8855    0.0111548  0.000484309      40.8855   0.00669341  0.000128217      40.8837   0.00675043  0.000127397      40.8836   0.00665719  0.000270602      40.8852   0.00671421  0.000269781      40.8851    0.0029066  6.51094e-05      40.8842   0.00292495  6.49374e-05      40.8842   0.00288728  0.000105057      40.8848   0.00290563  0.000104885      40.8848  8.18198e-17 -5.65546e-16      40.8846  2.07599e-16  -5.6925e-16      40.8846  9.36557e-17 -1.39103e-16      40.8846  2.19435e-16 -1.42807e-16      40.8846
--------------------------------------------- 
Time: 255 ms ------------------
Torque guess: 
  0.0991226    -2.80684     2.10367    -15.5168      5.6439 -0.00672571    0.613679     2.62458    -2.02405    -15.7374     5.60462  -0.0232697    0.614636    0.409575    -2.20216   -0.197063     1.09159    0.152783   -0.451278 -0.00140314   -0.119424   0.0293718    -1.06607   -0.926177   -0.114265   -0.773202  0.00216379     -0.2059  -0.0200325
Torque candidate: 
  0.0991312    -2.80683     2.10366    -15.5168      5.6439 -0.00672579    0.613615     2.62458    -2.02405    -15.7374     5.60462  -0.0232697    0.614569     0.40952    -2.20202   -0.197041     1.09157    0.152779   -0.451268 -0.00140311   -0.119421   0.0293708    -1.06593   -0.926196   -0.114269   -0.773145  0.00216354   -0.205884  -0.0200333
Guess var F_l: 
   0.0645412  -0.00103265      40.8745    0.0661915 -0.000980679      40.8745    0.0642118   0.00454587      40.8927    0.0658621   0.00459785      40.8928    0.0602886 -0.000727395      40.8754    0.0617497 -0.000681328      40.8754    0.0599934   0.00417924       40.892    0.0614545   0.00422531       40.892    0.0557371 -0.000474782      40.8762    0.0570123 -0.000434561      40.8762     0.055476   0.00374108      40.8912    0.0567512    0.0037813      40.8912    0.0509011 -0.000269881       40.877    0.0520013 -0.000235152       40.877    0.0506683   0.00331472      40.8905    0.0517685   0.00334945      40.8905    0.0458718 -0.000102495      40.8779    0.0467955  -7.3316e-05      40.8779     0.045664   0.00289332      40.8897    0.0465878    0.0029225      40.8897    0.0406993  3.22216e-05      40.8787    0.0414586  5.62228e-05      40.8787    0.0405165   0.00248701       40.889    0.0412757   0.00251102       40.889    0.0354478  0.000133308      40.8795    0.0360567  0.000152571      40.8795    0.0352898   0.00209644      40.8884    0.0358988    0.0021157      40.8884    0.0301864   0.00020092      40.8804    0.0306601  0.000215913      40.8804     0.030053   0.00172357      40.8878    0.0305267   0.00173856      40.8878    0.0249887  0.000236613      40.8811     0.025343  0.000247829      40.8811    0.0248794   0.00137175      40.8872    0.0252337   0.00138297      40.8872    0.0199322  0.000243063      40.8819    0.0201835  0.000251018      40.8819    0.0198461   0.00104525      40.8866    0.0200974    0.0010532      40.8866    0.0150978  0.000223984      40.8826    0.0152632  0.000229216      40.8826    0.0150338    0.0007491      40.8861    0.0151992  0.000754332      40.8861    0.0105713  0.000184105      40.8832    0.0106682  0.000187165      40.8832    0.0105276  0.000489142      40.8857    0.0106245  0.000492203      40.8857   0.00644503  0.000129052      40.8838    0.0064912  0.000130506      40.8838   0.00641943  0.000272053      40.8852    0.0064656  0.000273507      40.8852   0.00283269  6.52446e-05      40.8842   0.00284625   6.5668e-05      40.8842   0.00282209  0.000105525      40.8849   0.00283565  0.000105949      40.8849  2.48089e-17  1.60577e-15      40.8846  3.35435e-16   1.6766e-15      40.8846  4.35366e-18  2.30977e-15      40.8846   3.1498e-16   2.3806e-15      40.8846
Guess var F_r: 
   0.0735614  -0.00108385      40.8735     0.075229  -0.00113378      40.8732    0.0736862   0.00449792      40.8917    0.0753538   0.00444799      40.8914    0.0682554 -0.000771009      40.8744    0.0697264 -0.000814761      40.8741     0.068353   0.00413839       40.891    0.0698239   0.00409464      40.8907    0.0626087 -0.000511478      40.8753    0.0638813 -0.000548782      40.8751    0.0626684   0.00370628      40.8903     0.063941   0.00366898      40.8901    0.0567599 -0.000300627      40.8763    0.0578585 -0.000331803       40.876    0.0567902   0.00328532      40.8897    0.0578888   0.00325414      40.8894    0.0507731 -0.000128091      40.8772    0.0517078 -0.000153596       40.877    0.0507823   0.00286876       40.889     0.051717   0.00284326      40.8888     0.044719  1.13062e-05      40.8781    0.0454997 -9.08857e-06      40.8779    0.0447106   0.00246685      40.8884    0.0454912   0.00244646      40.8882    0.0386665  0.000116664       40.879    0.0393034  0.000100796      40.8789     0.038643   0.00208023      40.8878    0.0392799   0.00206436      40.8877    0.0326882  0.000188133      40.8799    0.0331927  0.000176201      40.8798    0.0326519   0.00171088      40.8873    0.0331564   0.00169895      40.8872    0.0268602  0.000227244      40.8808     0.027245  0.000218659      40.8807    0.0268141   0.00136215      40.8868    0.0271989   0.00135356      40.8867    0.0212619  0.000236639      40.8816     0.021541   0.00023082      40.8815    0.0212099   0.00103829      40.8863    0.0214889   0.00103248      40.8863    0.0159758  0.000219986      40.8823    0.0161642  0.000216369      40.8823    0.0159229  0.000744382      40.8859    0.0161113  0.000740765      40.8858    0.0110883  0.000181977       40.883    0.0112024  0.000180017       40.883    0.0110406  0.000486259      40.8855    0.0111547  0.000484299      40.8855   0.00669334  0.000128213      40.8837   0.00675036  0.000127392      40.8836   0.00665711  0.000270597      40.8852   0.00671413  0.000269776      40.8851   0.00290657  6.51083e-05      40.8842   0.00292492  6.49362e-05      40.8842   0.00288725  0.000105056      40.8848    0.0029056  0.000104884      40.8848  8.18257e-17 -5.65512e-16      40.8846  2.07583e-16 -5.69216e-16      40.8846  9.36608e-17 -1.39136e-16      40.8846  2.19418e-16 -1.42841e-16      40.8846
Candidate var F_l: 
   0.0645423  -0.00103243      40.8745    0.0661926 -0.000980459      40.8745     0.064213   0.00454607      40.8927    0.0658633   0.00459805      40.8928    0.0602897 -0.000727196      40.8754    0.0617508 -0.000681129      40.8754    0.0599944   0.00417942       40.892    0.0614556   0.00422548       40.892    0.0557381 -0.000474611      40.8762    0.0570132 -0.000434391      40.8762     0.055477   0.00374123      40.8912    0.0567522   0.00378145      40.8912    0.0509019 -0.000269735       40.877    0.0520022 -0.000235005       40.877    0.0506691   0.00331485      40.8905    0.0517694   0.00334958      40.8905    0.0458725 -0.000102371      40.8779    0.0467963 -7.31921e-05      40.8779    0.0456648   0.00289343      40.8897    0.0465885   0.00292261      40.8897       0.0407  3.23244e-05      40.8787    0.0414592  5.63254e-05      40.8787    0.0405171   0.00248711       40.889    0.0412764   0.00251111       40.889    0.0354483  0.000133391      40.8795    0.0360573  0.000152654      40.8795    0.0352904   0.00209651      40.8884    0.0358993   0.00211577      40.8884    0.0301869  0.000200985      40.8804    0.0306606  0.000215978      40.8804    0.0300535   0.00172363      40.8878    0.0305272   0.00173862      40.8878    0.0249891  0.000236661      40.8811    0.0253434  0.000247877      40.8811    0.0248798    0.0013718      40.8872    0.0252341   0.00138301      40.8872    0.0199325  0.000243097      40.8819    0.0201838  0.000251053      40.8819    0.0198464   0.00104528      40.8866    0.0200977   0.00105323      40.8866     0.015098  0.000224007      40.8826    0.0152634  0.000229239      40.8826     0.015034   0.00074912      40.8861    0.0151994  0.000754352      40.8861    0.0105714  0.000184118      40.8832    0.0106683  0.000187179      40.8832    0.0105278  0.000489154      40.8857    0.0106247  0.000492214      40.8857   0.00644512  0.000129059      40.8838   0.00649129  0.000130512      40.8838   0.00641952  0.000272059      40.8852   0.00646569  0.000273512      40.8852   0.00283273  6.52462e-05      40.8842   0.00284629  6.56697e-05      40.8842   0.00282213  0.000105527      40.8849   0.00283569   0.00010595      40.8849  2.47696e-17  1.60571e-15      40.8846  3.35395e-16  1.67653e-15      40.8846  4.30786e-18  2.30972e-15      40.8846  3.14933e-16  2.38055e-15      40.8846
Candidate var F_r: 
   0.0735626  -0.00108363      40.8735    0.0752301  -0.00113356      40.8732    0.0736874   0.00449812      40.8917    0.0753549    0.0044482      40.8914    0.0682564  -0.00077081      40.8744    0.0697274 -0.000814562      40.8741     0.068354   0.00413857       40.891    0.0698249   0.00409481      40.8907    0.0626096 -0.000511308      40.8753    0.0638822 -0.000548612      40.8751    0.0626694   0.00370644      40.8903    0.0639419   0.00366913      40.8901    0.0567607  -0.00030048      40.8763    0.0578594 -0.000331656       40.876     0.056791   0.00328545      40.8897    0.0578897   0.00325427      40.8894    0.0507739 -0.000127967      40.8772    0.0517086 -0.000153472       40.877    0.0507831   0.00286887       40.889    0.0517178   0.00284337      40.8888    0.0447197   1.1409e-05      40.8781    0.0455003 -8.98575e-06      40.8779    0.0447112   0.00246694      40.8884    0.0454919   0.00244655      40.8882    0.0386671  0.000116747       40.879     0.039304  0.000100879      40.8789    0.0386435    0.0020803      40.8878    0.0392804   0.00206443      40.8877    0.0326887  0.000188198      40.8799    0.0331932  0.000176266      40.8798    0.0326524   0.00171094      40.8873    0.0331569   0.00169901      40.8872    0.0268606  0.000227293      40.8808    0.0272454  0.000218708      40.8807    0.0268145   0.00136219      40.8868    0.0271993    0.0013536      40.8867    0.0212622  0.000236673      40.8816    0.0215413  0.000230855      40.8815    0.0212102   0.00103832      40.8863    0.0214892   0.00103251      40.8863     0.015976  0.000220009      40.8823    0.0161644  0.000216392      40.8823    0.0159231  0.000744402      40.8859    0.0161115  0.000740785      40.8858    0.0110885   0.00018199       40.883    0.0112025   0.00018003       40.883    0.0110408  0.000486271      40.8855    0.0111549   0.00048431      40.8855   0.00669343  0.000128219      40.8837   0.00675045  0.000127398      40.8836    0.0066572  0.000270602      40.8852   0.00671422  0.000269782      40.8851    0.0029066  6.51099e-05      40.8842   0.00292496  6.49378e-05      40.8842   0.00288729  0.000105058      40.8848   0.00290564  0.000104886      40.8848  8.18035e-17 -5.65522e-16      40.8846  2.07583e-16 -5.69226e-16      40.8846  9.36389e-17 -1.39082e-16      40.8846  2.19418e-16 -1.42785e-16      40.8846
--------------------------------------------- 
Time: 260 ms ------------------
Torque guess: 
  0.0991226    -2.80684     2.10367    -15.5168      5.6439 -0.00672571    0.613679     2.62458    -2.02405    -15.7374     5.60462  -0.0232697    0.614636    0.409575    -2.20216   -0.197063     1.09159    0.152783   -0.451278 -0.00140314   -0.119424   0.0293718    -1.06607   -0.926177   -0.114265   -0.773202  0.00216379     -0.2059  -0.0200325
Torque candidate: 
    0.160754     -2.69818      2.06661     -15.4303      5.64483  -0.00735977   -0.0506092      2.70421     -2.04068     -15.7701      5.60715   -0.0236679    -0.118436     -0.24258    -0.662088     0.130851     0.889668     0.112913    -0.305223 -0.000903886   -0.0807951     0.018589     0.542553     -1.14931    -0.159697    -0.142189 -0.000425364   -0.0360506    -0.029953
Guess var F_l: 
   0.0645412  -0.00103265      40.8745    0.0661915 -0.000980679      40.8745    0.0642118   0.00454587      40.8927    0.0658621   0.00459785      40.8928    0.0602886 -0.000727395      40.8754    0.0617497 -0.000681328      40.8754    0.0599934   0.00417924       40.892    0.0614545   0.00422531       40.892    0.0557371 -0.000474782      40.8762    0.0570123 -0.000434561      40.8762     0.055476   0.00374108      40.8912    0.0567512    0.0037813      40.8912    0.0509011 -0.000269881       40.877    0.0520013 -0.000235152       40.877    0.0506683   0.00331472      40.8905    0.0517685   0.00334945      40.8905    0.0458718 -0.000102495      40.8779    0.0467955  -7.3316e-05      40.8779     0.045664   0.00289332      40.8897    0.0465878    0.0029225      40.8897    0.0406993  3.22216e-05      40.8787    0.0414586  5.62228e-05      40.8787    0.0405165   0.00248701       40.889    0.0412757   0.00251102       40.889    0.0354478  0.000133308      40.8795    0.0360567  0.000152571      40.8795    0.0352898   0.00209644      40.8884    0.0358988    0.0021157      40.8884    0.0301864   0.00020092      40.8804    0.0306601  0.000215913      40.8804     0.030053   0.00172357      40.8878    0.0305267   0.00173856      40.8878    0.0249887  0.000236613      40.8811     0.025343  0.000247829      40.8811    0.0248794   0.00137175      40.8872    0.0252337   0.00138297      40.8872    0.0199322  0.000243063      40.8819    0.0201835  0.000251018      40.8819    0.0198461   0.00104525      40.8866    0.0200974    0.0010532      40.8866    0.0150978  0.000223984      40.8826    0.0152632  0.000229216      40.8826    0.0150338    0.0007491      40.8861    0.0151992  0.000754332      40.8861    0.0105713  0.000184105      40.8832    0.0106682  0.000187165      40.8832    0.0105276  0.000489142      40.8857    0.0106245  0.000492203      40.8857   0.00644503  0.000129052      40.8838    0.0064912  0.000130506      40.8838   0.00641943  0.000272053      40.8852    0.0064656  0.000273507      40.8852   0.00283269  6.52446e-05      40.8842   0.00284625   6.5668e-05      40.8842   0.00282209  0.000105525      40.8849   0.00283565  0.000105949      40.8849  2.48089e-17  1.60577e-15      40.8846  3.35435e-16   1.6766e-15      40.8846  4.35366e-18  2.30977e-15      40.8846   3.1498e-16   2.3806e-15      40.8846
Guess var F_r: 
   0.0735614  -0.00108385      40.8735     0.075229  -0.00113378      40.8732    0.0736862   0.00449792      40.8917    0.0753538   0.00444799      40.8914    0.0682554 -0.000771009      40.8744    0.0697264 -0.000814761      40.8741     0.068353   0.00413839       40.891    0.0698239   0.00409464      40.8907    0.0626087 -0.000511478      40.8753    0.0638813 -0.000548782      40.8751    0.0626684   0.00370628      40.8903     0.063941   0.00366898      40.8901    0.0567599 -0.000300627      40.8763    0.0578585 -0.000331803       40.876    0.0567902   0.00328532      40.8897    0.0578888   0.00325414      40.8894    0.0507731 -0.000128091      40.8772    0.0517078 -0.000153596       40.877    0.0507823   0.00286876       40.889     0.051717   0.00284326      40.8888     0.044719  1.13062e-05      40.8781    0.0454997 -9.08857e-06      40.8779    0.0447106   0.00246685      40.8884    0.0454912   0.00244646      40.8882    0.0386665  0.000116664       40.879    0.0393034  0.000100796      40.8789     0.038643   0.00208023      40.8878    0.0392799   0.00206436      40.8877    0.0326882  0.000188133      40.8799    0.0331927  0.000176201      40.8798    0.0326519   0.00171088      40.8873    0.0331564   0.00169895      40.8872    0.0268602  0.000227244      40.8808     0.027245  0.000218659      40.8807    0.0268141   0.00136215      40.8868    0.0271989   0.00135356      40.8867    0.0212619  0.000236639      40.8816     0.021541   0.00023082      40.8815    0.0212099   0.00103829      40.8863    0.0214889   0.00103248      40.8863    0.0159758  0.000219986      40.8823    0.0161642  0.000216369      40.8823    0.0159229  0.000744382      40.8859    0.0161113  0.000740765      40.8858    0.0110883  0.000181977       40.883    0.0112024  0.000180017       40.883    0.0110406  0.000486259      40.8855    0.0111547  0.000484299      40.8855   0.00669334  0.000128213      40.8837   0.00675036  0.000127392      40.8836   0.00665711  0.000270597      40.8852   0.00671413  0.000269776      40.8851   0.00290657  6.51083e-05      40.8842   0.00292492  6.49362e-05      40.8842   0.00288725  0.000105056      40.8848    0.0029056  0.000104884      40.8848  8.18257e-17 -5.65512e-16      40.8846  2.07583e-16 -5.69216e-16      40.8846  9.36608e-17 -1.39136e-16      40.8846  2.19418e-16 -1.42841e-16      40.8846
Candidate var F_l: 
   0.0762644   0.00103471      40.8728    0.0778492   0.00108467      40.8727    0.0759183     0.006383      40.8939    0.0775031   0.00643296      40.8938    0.0709278   0.00113952      40.8739    0.0723117   0.00118323      40.8738    0.0706206    0.0058026       40.893    0.0720044    0.0058463      40.8929     0.065384   0.00113041      40.8748     0.066579   0.00116827      40.8748     0.065116   0.00512597      40.8921     0.066311   0.00516383      40.8921    0.0595586   0.00111228      40.8758    0.0605809   0.00114476      40.8758    0.0593262   0.00450418      40.8913    0.0603485   0.00453666      40.8912    0.0535341   0.00106912      40.8768    0.0543896   0.00109634      40.8768    0.0533333   0.00389814      40.8904    0.0541888   0.00392536      40.8904    0.0473722   0.00100431      40.8778    0.0480736   0.00102664      40.8778    0.0472008    0.0033177      40.8896    0.0479023   0.00334003      40.8896    0.0411481  0.000919305      40.8788    0.0417093  0.000937174      40.8788    0.0410043   0.00276527      40.8889    0.0415655   0.00278314      40.8889    0.0349418  0.000816657      40.8797    0.0353772  0.000830523      40.8797    0.0348238   0.00224486      40.8882    0.0352592   0.00225873      40.8882    0.0288383   0.00069993      40.8806    0.0291629  0.000710266      40.8806    0.0287442   0.00176144      40.8875    0.0290688   0.00177178      40.8875    0.0229272  0.000573462      40.8815    0.0231565  0.000580761      40.8815    0.0228551   0.00132065      40.8869    0.0230844   0.00132795      40.8869    0.0173031  0.000442311      40.8823    0.0174531  0.000447082      40.8823    0.0172508  0.000928722      40.8863    0.0174008  0.000933493      40.8863    0.0120657  0.000312269       40.883    0.0121528  0.000315034       40.883    0.0120309  0.000592495      40.8858     0.012118   0.00059526      40.8858   0.00732227  0.000189855      40.8836   0.00736313  0.000191147      40.8836   0.00730239  0.000319492      40.8853   0.00734325  0.000320784      40.8853   0.00320214  8.24594e-05      40.8842   0.00321379   8.2825e-05      40.8842   0.00319413  0.000118166      40.8849   0.00320578  0.000118531      40.8849 -3.13919e-16  6.55941e-16      40.8846 -8.65092e-17  6.83569e-16      40.8846 -3.86247e-16  1.27011e-15      40.8846 -1.58837e-16  1.29774e-15      40.8846
Candidate var F_r: 
   0.0849045   0.00098315      40.8711    0.0865094  0.000935832      40.8707    0.0850151   0.00633704      40.8922    0.0866201   0.00628972      40.8917    0.0784673   0.00109519      40.8723    0.0798672   0.00105398      40.8719    0.0785595   0.00576326      40.8914    0.0799594   0.00572205       40.891    0.0718651   0.00109336      40.8735    0.0730687   0.00105822      40.8731    0.0719352   0.00509296      40.8907    0.0731388   0.00505781      40.8903    0.0650738    0.0010814      40.8746    0.0661027   0.00105187      40.8743    0.0651235   0.00447649        40.89    0.0661524   0.00444696      40.8897    0.0581416   0.00104367      40.8758    0.0590083    0.0010194      40.8755    0.0581746   0.00387526      40.8893    0.0590412   0.00385099       40.889    0.0511454  0.000983705      40.8769    0.0518621  0.000964193      40.8766    0.0511636   0.00329911      40.8887    0.0518804    0.0032796      40.8884    0.0441638  0.000903043       40.878    0.0447428  0.000887759      40.8778    0.0441691    0.0027505      40.8881     0.044748   0.00273522      40.8879    0.0372799   0.00080425      40.8791    0.0377338  0.000792657      40.8789    0.0372738   0.00223345      40.8875    0.0377277   0.00222186      40.8873     0.030581  0.000690883      40.8801    0.0309233  0.000682451        40.88    0.0305658   0.00175294       40.887    0.0309081    0.0017445      40.8868    0.0241589  0.000567267      40.8811     0.024404  0.000561473       40.881    0.0241371   0.00131462      40.8865    0.0243822   0.00130883      40.8864    0.0181098  0.000438439       40.882    0.0182727  0.000434774      40.8819    0.0180849  0.000924744       40.886    0.0182478  0.000921078      40.8859    0.0125349  0.000310176      40.8828    0.0126315  0.000308141      40.8828    0.0125109  0.000590156      40.8856    0.0126074  0.000588121      40.8855   0.00754301  0.000188989      40.8835   0.00758977    0.0001881      40.8835   0.00752391  0.000318377      40.8852   0.00757066  0.000317489      40.8852   0.00326535  8.22812e-05      40.8842   0.00327958  8.20683e-05      40.8841   0.00325483  0.000117844      40.8849   0.00326907  0.000117631      40.8849 -1.46711e-16  -5.4718e-16      40.8846  1.23298e-16 -5.41452e-16      40.8846  -1.3694e-16  3.03161e-16      40.8846   1.3307e-16  3.08889e-16      40.8846
--------------------------------------------- 
Time: 265 ms ------------------
Torque guess: 
    0.160754     -2.69818      2.06661     -15.4303      5.64483  -0.00735977   -0.0506092      2.70421     -2.04068     -15.7701      5.60715   -0.0236679    -0.118436     -0.24258    -0.662088     0.130851     0.889668     0.112913    -0.305223 -0.000903886   -0.0807951     0.018589     0.542553     -1.14931    -0.159697    -0.142189 -0.000425364   -0.0360506    -0.029953
Torque candidate: 
    0.160761     -2.69817      2.06661     -15.4303      5.64483  -0.00735987   -0.0505977      2.70421     -2.04067     -15.7701      5.60715   -0.0236679    -0.118429    -0.242574    -0.662115     0.130838     0.889664     0.112913    -0.305229  -0.00090393   -0.0807968    0.0185889     0.542537     -1.14931    -0.159696    -0.142194 -0.000425361   -0.0360521   -0.0299528
Guess var F_l: 
   0.0762644   0.00103471      40.8728    0.0778492   0.00108467      40.8727    0.0759183     0.006383      40.8939    0.0775031   0.00643296      40.8938    0.0709278   0.00113952      40.8739    0.0723117   0.00118323      40.8738    0.0706206    0.0058026       40.893    0.0720044    0.0058463      40.8929     0.065384   0.00113041      40.8748     0.066579   0.00116827      40.8748     0.065116   0.00512597      40.8921     0.066311   0.00516383      40.8921    0.0595586   0.00111228      40.8758    0.0605809   0.00114476      40.8758    0.0593262   0.00450418      40.8913    0.0603485   0.00453666      40.8912    0.0535341   0.00106912      40.8768    0.0543896   0.00109634      40.8768    0.0533333   0.00389814      40.8904    0.0541888   0.00392536      40.8904    0.0473722   0.00100431      40.8778    0.0480736   0.00102664      40.8778    0.0472008    0.0033177      40.8896    0.0479023   0.00334003      40.8896    0.0411481  0.000919305      40.8788    0.0417093  0.000937174      40.8788    0.0410043   0.00276527      40.8889    0.0415655   0.00278314      40.8889    0.0349418  0.000816657      40.8797    0.0353772  0.000830523      40.8797    0.0348238   0.00224486      40.8882    0.0352592   0.00225873      40.8882    0.0288383   0.00069993      40.8806    0.0291629  0.000710266      40.8806    0.0287442   0.00176144      40.8875    0.0290688   0.00177178      40.8875    0.0229272  0.000573462      40.8815    0.0231565  0.000580761      40.8815    0.0228551   0.00132065      40.8869    0.0230844   0.00132795      40.8869    0.0173031  0.000442311      40.8823    0.0174531  0.000447082      40.8823    0.0172508  0.000928722      40.8863    0.0174008  0.000933493      40.8863    0.0120657  0.000312269       40.883    0.0121528  0.000315034       40.883    0.0120309  0.000592495      40.8858     0.012118   0.00059526      40.8858   0.00732227  0.000189855      40.8836   0.00736313  0.000191147      40.8836   0.00730239  0.000319492      40.8853   0.00734325  0.000320784      40.8853   0.00320214  8.24594e-05      40.8842   0.00321379   8.2825e-05      40.8842   0.00319413  0.000118166      40.8849   0.00320578  0.000118531      40.8849 -3.13919e-16  6.55941e-16      40.8846 -8.65092e-17  6.83569e-16      40.8846 -3.86247e-16  1.27011e-15      40.8846 -1.58837e-16  1.29774e-15      40.8846
Guess var F_r: 
   0.0849045   0.00098315      40.8711    0.0865094  0.000935832      40.8707    0.0850151   0.00633704      40.8922    0.0866201   0.00628972      40.8917    0.0784673   0.00109519      40.8723    0.0798672   0.00105398      40.8719    0.0785595   0.00576326      40.8914    0.0799594   0.00572205       40.891    0.0718651   0.00109336      40.8735    0.0730687   0.00105822      40.8731    0.0719352   0.00509296      40.8907    0.0731388   0.00505781      40.8903    0.0650738    0.0010814      40.8746    0.0661027   0.00105187      40.8743    0.0651235   0.00447649        40.89    0.0661524   0.00444696      40.8897    0.0581416   0.00104367      40.8758    0.0590083    0.0010194      40.8755    0.0581746   0.00387526      40.8893    0.0590412   0.00385099       40.889    0.0511454  0.000983705      40.8769    0.0518621  0.000964193      40.8766    0.0511636   0.00329911      40.8887    0.0518804    0.0032796      40.8884    0.0441638  0.000903043       40.878    0.0447428  0.000887759      40.8778    0.0441691    0.0027505      40.8881     0.044748   0.00273522      40.8879    0.0372799   0.00080425      40.8791    0.0377338  0.000792657      40.8789    0.0372738   0.00223345      40.8875    0.0377277   0.00222186      40.8873     0.030581  0.000690883      40.8801    0.0309233  0.000682451        40.88    0.0305658   0.00175294       40.887    0.0309081    0.0017445      40.8868    0.0241589  0.000567267      40.8811     0.024404  0.000561473       40.881    0.0241371   0.00131462      40.8865    0.0243822   0.00130883      40.8864    0.0181098  0.000438439       40.882    0.0182727  0.000434774      40.8819    0.0180849  0.000924744       40.886    0.0182478  0.000921078      40.8859    0.0125349  0.000310176      40.8828    0.0126315  0.000308141      40.8828    0.0125109  0.000590156      40.8856    0.0126074  0.000588121      40.8855   0.00754301  0.000188989      40.8835   0.00758977    0.0001881      40.8835   0.00752391  0.000318377      40.8852   0.00757066  0.000317489      40.8852   0.00326535  8.22812e-05      40.8842   0.00327958  8.20683e-05      40.8841   0.00325483  0.000117844      40.8849   0.00326907  0.000117631      40.8849 -1.46711e-16  -5.4718e-16      40.8846  1.23298e-16 -5.41452e-16      40.8846  -1.3694e-16  3.03161e-16      40.8846   1.3307e-16  3.08889e-16      40.8846
Candidate var F_l: 
   0.0762648   0.00103472      40.8728    0.0778495   0.00108468      40.8727    0.0759187     0.006383      40.8939    0.0775035   0.00643297      40.8938    0.0709281   0.00113952      40.8739     0.072312   0.00118323      40.8738    0.0706209   0.00580259       40.893    0.0720047    0.0058463      40.8929    0.0653843   0.00113041      40.8748    0.0665793   0.00116827      40.8748    0.0651163   0.00512596      40.8921    0.0663113   0.00516382      40.8921    0.0595589   0.00111227      40.8758    0.0605811   0.00114476      40.8758    0.0593265   0.00450417      40.8913    0.0603488   0.00453666      40.8912    0.0535343   0.00106912      40.8768    0.0543898   0.00109634      40.8768    0.0533335   0.00389814      40.8904    0.0541891   0.00392536      40.8904    0.0473724   0.00100431      40.8778    0.0480739   0.00102664      40.8778    0.0472011    0.0033177      40.8896    0.0479025   0.00334003      40.8896    0.0411483  0.000919308      40.8788    0.0417095  0.000937177      40.8788    0.0410045   0.00276527      40.8889    0.0415657   0.00278314      40.8889     0.034942  0.000816661      40.8797    0.0353774  0.000830527      40.8797     0.034824   0.00224487      40.8882    0.0352594   0.00225873      40.8882    0.0288384  0.000699934      40.8806     0.029163   0.00071027      40.8806    0.0287443   0.00176145      40.8875    0.0290689   0.00177178      40.8875    0.0229273  0.000573465      40.8815    0.0231566  0.000580764      40.8815    0.0228552   0.00132066      40.8869    0.0230845   0.00132795      40.8869    0.0173031  0.000442314      40.8823    0.0174532  0.000447085      40.8823    0.0172508  0.000928726      40.8863    0.0174009  0.000933497      40.8863    0.0120657  0.000312271       40.883    0.0121528  0.000315036       40.883     0.012031  0.000592499      40.8858    0.0121181  0.000595264      40.8858   0.00732231  0.000189856      40.8836   0.00736316  0.000191148      40.8836   0.00730242  0.000319494      40.8853   0.00734328  0.000320786      40.8853   0.00320215  8.24598e-05      40.8842    0.0032138  8.28253e-05      40.8842   0.00319414  0.000118167      40.8849   0.00320579  0.000118532      40.8849 -3.15142e-16  6.53439e-16      40.8846 -8.69246e-17  6.81091e-16      40.8846 -3.87524e-16  1.27036e-15      40.8846 -1.59307e-16  1.29802e-15      40.8846
Candidate var F_r: 
   0.0849048  0.000983159      40.8711    0.0865097   0.00093584      40.8707    0.0850155   0.00633704      40.8922    0.0866204   0.00628972      40.8917    0.0784676   0.00109519      40.8723    0.0798675   0.00105399      40.8719    0.0785598   0.00576326      40.8914    0.0799597   0.00572205       40.891    0.0718654   0.00109336      40.8735     0.073069   0.00105821      40.8731    0.0719354   0.00509295      40.8907     0.073139    0.0050578      40.8903    0.0650741   0.00108139      40.8746    0.0661029   0.00105186      40.8743    0.0651238   0.00447649        40.89    0.0661526   0.00444696      40.8897    0.0581419   0.00104367      40.8758    0.0590085    0.0010194      40.8755    0.0581748   0.00387526      40.8893    0.0590414   0.00385099       40.889    0.0511456  0.000983707      40.8769    0.0518623  0.000964195      40.8766    0.0511639   0.00329912      40.8887    0.0518806    0.0032796      40.8884     0.044164  0.000903046       40.878     0.044743  0.000887762      40.8778    0.0441692    0.0027505      40.8881    0.0447482   0.00273522      40.8879      0.03728  0.000804253      40.8791    0.0377339  0.000792661      40.8789     0.037274   0.00223346      40.8875    0.0377279   0.00222186      40.8873    0.0305811  0.000690887      40.8801    0.0309235  0.000682455        40.88    0.0305659   0.00175294       40.887    0.0309082   0.00174451      40.8868     0.024159   0.00056727      40.8811    0.0244041  0.000561477       40.881    0.0241373   0.00131463      40.8865    0.0243823   0.00130883      40.8864    0.0181099  0.000438442       40.882    0.0182728  0.000434776      40.8819     0.018085  0.000924748       40.886    0.0182479  0.000921083      40.8859     0.012535  0.000310178      40.8828    0.0126315  0.000308142      40.8828    0.0125109   0.00059016      40.8856    0.0126075  0.000588124      40.8855   0.00754304   0.00018899      40.8835    0.0075898  0.000188101      40.8835   0.00752394  0.000318379      40.8852    0.0075707  0.000317491      40.8852   0.00326536  8.22815e-05      40.8842   0.00327959  8.20686e-05      40.8841   0.00325485  0.000117844      40.8849   0.00326908  0.000117632      40.8849 -1.44625e-16 -5.46736e-16      40.8846  1.26408e-16  -5.4095e-16      40.8846 -1.34792e-16  3.06729e-16      40.8846  1.36241e-16  3.12515e-16      40.8846
--------------------------------------------- 
Time: 270 ms ------------------
Torque guess: 
    0.160754     -2.69818      2.06661     -15.4303      5.64483  -0.00735977   -0.0506092      2.70421     -2.04068     -15.7701      5.60715   -0.0236679    -0.118436     -0.24258    -0.662088     0.130851     0.889668     0.112913    -0.305223 -0.000903886   -0.0807951     0.018589     0.542553     -1.14931    -0.159697    -0.142189 -0.000425364   -0.0360506    -0.029953
Torque candidate: 
    0.160762     -2.69818      2.06661     -15.4303      5.64483  -0.00735975   -0.0505896      2.70421     -2.04068     -15.7701      5.60715    -0.023668    -0.118421    -0.242564    -0.662135     0.130837     0.889669     0.112914    -0.305229 -0.000903924   -0.0807969    0.0185892     0.542518     -1.14931    -0.159695    -0.142202 -0.000425319   -0.0360542   -0.0299527
Guess var F_l: 
   0.0762644   0.00103471      40.8728    0.0778492   0.00108467      40.8727    0.0759183     0.006383      40.8939    0.0775031   0.00643296      40.8938    0.0709278   0.00113952      40.8739    0.0723117   0.00118323      40.8738    0.0706206    0.0058026       40.893    0.0720044    0.0058463      40.8929     0.065384   0.00113041      40.8748     0.066579   0.00116827      40.8748     0.065116   0.00512597      40.8921     0.066311   0.00516383      40.8921    0.0595586   0.00111228      40.8758    0.0605809   0.00114476      40.8758    0.0593262   0.00450418      40.8913    0.0603485   0.00453666      40.8912    0.0535341   0.00106912      40.8768    0.0543896   0.00109634      40.8768    0.0533333   0.00389814      40.8904    0.0541888   0.00392536      40.8904    0.0473722   0.00100431      40.8778    0.0480736   0.00102664      40.8778    0.0472008    0.0033177      40.8896    0.0479023   0.00334003      40.8896    0.0411481  0.000919305      40.8788    0.0417093  0.000937174      40.8788    0.0410043   0.00276527      40.8889    0.0415655   0.00278314      40.8889    0.0349418  0.000816657      40.8797    0.0353772  0.000830523      40.8797    0.0348238   0.00224486      40.8882    0.0352592   0.00225873      40.8882    0.0288383   0.00069993      40.8806    0.0291629  0.000710266      40.8806    0.0287442   0.00176144      40.8875    0.0290688   0.00177178      40.8875    0.0229272  0.000573462      40.8815    0.0231565  0.000580761      40.8815    0.0228551   0.00132065      40.8869    0.0230844   0.00132795      40.8869    0.0173031  0.000442311      40.8823    0.0174531  0.000447082      40.8823    0.0172508  0.000928722      40.8863    0.0174008  0.000933493      40.8863    0.0120657  0.000312269       40.883    0.0121528  0.000315034       40.883    0.0120309  0.000592495      40.8858     0.012118   0.00059526      40.8858   0.00732227  0.000189855      40.8836   0.00736313  0.000191147      40.8836   0.00730239  0.000319492      40.8853   0.00734325  0.000320784      40.8853   0.00320214  8.24594e-05      40.8842   0.00321379   8.2825e-05      40.8842   0.00319413  0.000118166      40.8849   0.00320578  0.000118531      40.8849 -3.13919e-16  6.55941e-16      40.8846 -8.65092e-17  6.83569e-16      40.8846 -3.86247e-16  1.27011e-15      40.8846 -1.58837e-16  1.29774e-15      40.8846
Guess var F_r: 
   0.0849045   0.00098315      40.8711    0.0865094  0.000935832      40.8707    0.0850151   0.00633704      40.8922    0.0866201   0.00628972      40.8917    0.0784673   0.00109519      40.8723    0.0798672   0.00105398      40.8719    0.0785595   0.00576326      40.8914    0.0799594   0.00572205       40.891    0.0718651   0.00109336      40.8735    0.0730687   0.00105822      40.8731    0.0719352   0.00509296      40.8907    0.0731388   0.00505781      40.8903    0.0650738    0.0010814      40.8746    0.0661027   0.00105187      40.8743    0.0651235   0.00447649        40.89    0.0661524   0.00444696      40.8897    0.0581416   0.00104367      40.8758    0.0590083    0.0010194      40.8755    0.0581746   0.00387526      40.8893    0.0590412   0.00385099       40.889    0.0511454  0.000983705      40.8769    0.0518621  0.000964193      40.8766    0.0511636   0.00329911      40.8887    0.0518804    0.0032796      40.8884    0.0441638  0.000903043       40.878    0.0447428  0.000887759      40.8778    0.0441691    0.0027505      40.8881     0.044748   0.00273522      40.8879    0.0372799   0.00080425      40.8791    0.0377338  0.000792657      40.8789    0.0372738   0.00223345      40.8875    0.0377277   0.00222186      40.8873     0.030581  0.000690883      40.8801    0.0309233  0.000682451        40.88    0.0305658   0.00175294       40.887    0.0309081    0.0017445      40.8868    0.0241589  0.000567267      40.8811     0.024404  0.000561473       40.881    0.0241371   0.00131462      40.8865    0.0243822   0.00130883      40.8864    0.0181098  0.000438439       40.882    0.0182727  0.000434774      40.8819    0.0180849  0.000924744       40.886    0.0182478  0.000921078      40.8859    0.0125349  0.000310176      40.8828    0.0126315  0.000308141      40.8828    0.0125109  0.000590156      40.8856    0.0126074  0.000588121      40.8855   0.00754301  0.000188989      40.8835   0.00758977    0.0001881      40.8835   0.00752391  0.000318377      40.8852   0.00757066  0.000317489      40.8852   0.00326535  8.22812e-05      40.8842   0.00327958  8.20683e-05      40.8841   0.00325483  0.000117844      40.8849   0.00326907  0.000117631      40.8849 -1.46711e-16  -5.4718e-16      40.8846  1.23298e-16 -5.41452e-16      40.8846  -1.3694e-16  3.03161e-16      40.8846   1.3307e-16  3.08889e-16      40.8846
Candidate var F_l: 
   0.0762651   0.00103475      40.8728    0.0778499   0.00108471      40.8727     0.075919   0.00638302      40.8939    0.0775038   0.00643298      40.8938    0.0709284   0.00113955      40.8739    0.0723123   0.00118325      40.8738    0.0706212   0.00580261       40.893     0.072005   0.00584632      40.8929    0.0653845   0.00113043      40.8748    0.0665795   0.00116829      40.8748    0.0651166   0.00512598      40.8921    0.0663116   0.00516384      40.8921    0.0595591    0.0011123      40.8758    0.0605814   0.00114478      40.8758    0.0593267   0.00450419      40.8913     0.060349   0.00453668      40.8912    0.0535345   0.00106914      40.8768      0.05439   0.00109635      40.8768    0.0533337   0.00389816      40.8904    0.0541893   0.00392537      40.8904    0.0473726   0.00100433      40.8778     0.048074   0.00102665      40.8778    0.0472012   0.00331771      40.8896    0.0479027   0.00334004      40.8896    0.0411484  0.000919318      40.8788    0.0417096  0.000937187      40.8788    0.0410047   0.00276528      40.8889    0.0415659   0.00278315      40.8889    0.0349421  0.000816668      40.8797    0.0353775  0.000830534      40.8797    0.0348241   0.00224487      40.8882    0.0352595   0.00225874      40.8882    0.0288385  0.000699939      40.8806    0.0291631  0.000710275      40.8806    0.0287444   0.00176145      40.8875     0.029069   0.00177178      40.8875    0.0229274  0.000573468      40.8815    0.0231567  0.000580767      40.8815    0.0228552   0.00132066      40.8869    0.0230845   0.00132796      40.8869    0.0173032  0.000442315      40.8823    0.0174532  0.000447086      40.8823    0.0172509  0.000928726      40.8863    0.0174009  0.000933497      40.8863    0.0120658  0.000312272       40.883    0.0121529  0.000315037       40.883     0.012031  0.000592498      40.8858    0.0121181  0.000595263      40.8858   0.00732232  0.000189856      40.8836   0.00736318  0.000191149      40.8836   0.00730244  0.000319493      40.8853    0.0073433  0.000320786      40.8853   0.00320216  8.24598e-05      40.8842   0.00321381  8.28253e-05      40.8842   0.00319415  0.000118166      40.8849    0.0032058  0.000118532      40.8849 -3.13783e-16  6.57279e-16      40.8846 -8.60262e-17  6.84934e-16      40.8846 -3.86093e-16  1.27246e-15      40.8846 -1.58337e-16  1.30011e-15      40.8846
Candidate var F_r: 
   0.0849051  0.000983183      40.8711      0.08651  0.000935865      40.8707    0.0850158   0.00633706      40.8922    0.0866207   0.00628974      40.8917    0.0784679   0.00109522      40.8723    0.0798678   0.00105401      40.8719    0.0785601   0.00576328      40.8914      0.07996   0.00572207       40.891    0.0718656   0.00109338      40.8735    0.0730692   0.00105824      40.8731    0.0719357   0.00509297      40.8907    0.0731393   0.00505783      40.8903    0.0650743   0.00108141      40.8746    0.0661031   0.00105188      40.8743     0.065124    0.0044765        40.89    0.0661529   0.00444697      40.8897     0.058142   0.00104369      40.8758    0.0590087   0.00101942      40.8755     0.058175   0.00387528      40.8893    0.0590416   0.00385101       40.889    0.0511458   0.00098372      40.8769    0.0518625  0.000964209      40.8766     0.051164   0.00329912      40.8887    0.0518807   0.00327961      40.8884    0.0441641  0.000903056       40.878    0.0447431  0.000887772      40.8778    0.0441694   0.00275051      40.8881    0.0447483   0.00273523      40.8879    0.0372801  0.000804261      40.8791     0.037734  0.000792668      40.8789    0.0372741   0.00223346      40.8875     0.037728   0.00222187      40.8873    0.0305812  0.000690892      40.8801    0.0309235   0.00068246        40.88     0.030566   0.00175294       40.887    0.0309083   0.00174451      40.8868    0.0241591  0.000567273      40.8811    0.0244041   0.00056148       40.881    0.0241373   0.00131463      40.8865    0.0243824   0.00130883      40.8864    0.0181099  0.000438444       40.882    0.0182728  0.000434778      40.8819     0.018085  0.000924748       40.886    0.0182479  0.000921083      40.8859     0.012535  0.000310179      40.8828    0.0126315  0.000308143      40.8828    0.0125109  0.000590159      40.8856    0.0126075  0.000588124      40.8855   0.00754306   0.00018899      40.8835   0.00758981  0.000188101      40.8835   0.00752396  0.000318379      40.8852   0.00757071   0.00031749      40.8852   0.00326537  8.22815e-05      40.8842    0.0032796  8.20687e-05      40.8841   0.00325485  0.000117844      40.8849   0.00326909  0.000117631      40.8849 -1.46293e-16 -5.46975e-16      40.8846  1.23874e-16 -5.41243e-16      40.8846 -1.36502e-16  3.03871e-16      40.8846  1.33665e-16  3.09604e-16      40.8846
--------------------------------------------- 
Time: 275 ms ------------------
Torque guess: 
    0.160754     -2.69818      2.06661     -15.4303      5.64483  -0.00735977   -0.0506092      2.70421     -2.04068     -15.7701      5.60715   -0.0236679    -0.118436     -0.24258    -0.662088     0.130851     0.889668     0.112913    -0.305223 -0.000903886   -0.0807951     0.018589     0.542553     -1.14931    -0.159697    -0.142189 -0.000425364   -0.0360506    -0.029953
Torque candidate: 
    0.160766     -2.69818      2.06661     -15.4303      5.64483  -0.00735976     -0.05058      2.70421     -2.04068     -15.7701      5.60715    -0.023668    -0.118412    -0.242555    -0.662162     0.130833     0.889674     0.112915    -0.305231 -0.000903922   -0.0807973    0.0185894     0.542495     -1.14931    -0.159695    -0.142211 -0.000425272   -0.0360568   -0.0299526
Guess var F_l: 
   0.0762644   0.00103471      40.8728    0.0778492   0.00108467      40.8727    0.0759183     0.006383      40.8939    0.0775031   0.00643296      40.8938    0.0709278   0.00113952      40.8739    0.0723117   0.00118323      40.8738    0.0706206    0.0058026       40.893    0.0720044    0.0058463      40.8929     0.065384   0.00113041      40.8748     0.066579   0.00116827      40.8748     0.065116   0.00512597      40.8921     0.066311   0.00516383      40.8921    0.0595586   0.00111228      40.8758    0.0605809   0.00114476      40.8758    0.0593262   0.00450418      40.8913    0.0603485   0.00453666      40.8912    0.0535341   0.00106912      40.8768    0.0543896   0.00109634      40.8768    0.0533333   0.00389814      40.8904    0.0541888   0.00392536      40.8904    0.0473722   0.00100431      40.8778    0.0480736   0.00102664      40.8778    0.0472008    0.0033177      40.8896    0.0479023   0.00334003      40.8896    0.0411481  0.000919305      40.8788    0.0417093  0.000937174      40.8788    0.0410043   0.00276527      40.8889    0.0415655   0.00278314      40.8889    0.0349418  0.000816657      40.8797    0.0353772  0.000830523      40.8797    0.0348238   0.00224486      40.8882    0.0352592   0.00225873      40.8882    0.0288383   0.00069993      40.8806    0.0291629  0.000710266      40.8806    0.0287442   0.00176144      40.8875    0.0290688   0.00177178      40.8875    0.0229272  0.000573462      40.8815    0.0231565  0.000580761      40.8815    0.0228551   0.00132065      40.8869    0.0230844   0.00132795      40.8869    0.0173031  0.000442311      40.8823    0.0174531  0.000447082      40.8823    0.0172508  0.000928722      40.8863    0.0174008  0.000933493      40.8863    0.0120657  0.000312269       40.883    0.0121528  0.000315034       40.883    0.0120309  0.000592495      40.8858     0.012118   0.00059526      40.8858   0.00732227  0.000189855      40.8836   0.00736313  0.000191147      40.8836   0.00730239  0.000319492      40.8853   0.00734325  0.000320784      40.8853   0.00320214  8.24594e-05      40.8842   0.00321379   8.2825e-05      40.8842   0.00319413  0.000118166      40.8849   0.00320578  0.000118531      40.8849 -3.13919e-16  6.55941e-16      40.8846 -8.65092e-17  6.83569e-16      40.8846 -3.86247e-16  1.27011e-15      40.8846 -1.58837e-16  1.29774e-15      40.8846
Guess var F_r: 
   0.0849045   0.00098315      40.8711    0.0865094  0.000935832      40.8707    0.0850151   0.00633704      40.8922    0.0866201   0.00628972      40.8917    0.0784673   0.00109519      40.8723    0.0798672   0.00105398      40.8719    0.0785595   0.00576326      40.8914    0.0799594   0.00572205       40.891    0.0718651   0.00109336      40.8735    0.0730687   0.00105822      40.8731    0.0719352   0.00509296      40.8907    0.0731388   0.00505781      40.8903    0.0650738    0.0010814      40.8746    0.0661027   0.00105187      40.8743    0.0651235   0.00447649        40.89    0.0661524   0.00444696      40.8897    0.0581416   0.00104367      40.8758    0.0590083    0.0010194      40.8755    0.0581746   0.00387526      40.8893    0.0590412   0.00385099       40.889    0.0511454  0.000983705      40.8769    0.0518621  0.000964193      40.8766    0.0511636   0.00329911      40.8887    0.0518804    0.0032796      40.8884    0.0441638  0.000903043       40.878    0.0447428  0.000887759      40.8778    0.0441691    0.0027505      40.8881     0.044748   0.00273522      40.8879    0.0372799   0.00080425      40.8791    0.0377338  0.000792657      40.8789    0.0372738   0.00223345      40.8875    0.0377277   0.00222186      40.8873     0.030581  0.000690883      40.8801    0.0309233  0.000682451        40.88    0.0305658   0.00175294       40.887    0.0309081    0.0017445      40.8868    0.0241589  0.000567267      40.8811     0.024404  0.000561473       40.881    0.0241371   0.00131462      40.8865    0.0243822   0.00130883      40.8864    0.0181098  0.000438439       40.882    0.0182727  0.000434774      40.8819    0.0180849  0.000924744       40.886    0.0182478  0.000921078      40.8859    0.0125349  0.000310176      40.8828    0.0126315  0.000308141      40.8828    0.0125109  0.000590156      40.8856    0.0126074  0.000588121      40.8855   0.00754301  0.000188989      40.8835   0.00758977    0.0001881      40.8835   0.00752391  0.000318377      40.8852   0.00757066  0.000317489      40.8852   0.00326535  8.22812e-05      40.8842   0.00327958  8.20683e-05      40.8841   0.00325483  0.000117844      40.8849   0.00326907  0.000117631      40.8849 -1.46711e-16  -5.4718e-16      40.8846  1.23298e-16 -5.41452e-16      40.8846  -1.3694e-16  3.03161e-16      40.8846   1.3307e-16  3.08889e-16      40.8846
Candidate var F_l: 
   0.0762654    0.0010348      40.8728    0.0778501   0.00108476      40.8727    0.0759193   0.00638307      40.8939     0.077504   0.00643303      40.8938    0.0709286   0.00113959      40.8739    0.0723125    0.0011833      40.8738    0.0706214   0.00580265       40.893    0.0720053   0.00584636      40.8929    0.0653848   0.00113048      40.8748    0.0665798   0.00116833      40.8748    0.0651168   0.00512602      40.8921    0.0663118   0.00516388      40.8921    0.0595593   0.00111233      40.8758    0.0605816   0.00114482      40.8758    0.0593269   0.00450422      40.8913    0.0603492   0.00453671      40.8912    0.0535347   0.00106917      40.8768    0.0543902   0.00109638      40.8768    0.0533339   0.00389818      40.8904    0.0541895    0.0039254      40.8904    0.0473727   0.00100435      40.8778    0.0480742   0.00102668      40.8778    0.0472014   0.00331773      40.8896    0.0479028   0.00334006      40.8896    0.0411486  0.000919338      40.8788    0.0417098  0.000937207      40.8788    0.0410048    0.0027653      40.8889     0.041566   0.00278317      40.8889    0.0349422  0.000816684      40.8797    0.0353776  0.000830549      40.8797    0.0348242   0.00224488      40.8882    0.0352596   0.00225875      40.8882    0.0288386   0.00069995      40.8806    0.0291632  0.000710286      40.8806    0.0287445   0.00176146      40.8875    0.0290691   0.00177179      40.8875    0.0229275  0.000573476      40.8815    0.0231568  0.000580775      40.8815    0.0228553   0.00132066      40.8869    0.0230846   0.00132796      40.8869    0.0173032  0.000442321      40.8823    0.0174533  0.000447091      40.8823    0.0172509   0.00092873      40.8863     0.017401  0.000933501      40.8863    0.0120658  0.000312275       40.883    0.0121529   0.00031504       40.883     0.012031    0.0005925      40.8858    0.0121181  0.000595265      40.8858   0.00732234  0.000189857      40.8836    0.0073632   0.00019115      40.8836   0.00730246  0.000319494      40.8853   0.00734332  0.000320787      40.8853   0.00320217  8.24602e-05      40.8842   0.00321382  8.28257e-05      40.8842   0.00319415  0.000118166      40.8849    0.0032058  0.000118532      40.8849 -3.14051e-16  6.56738e-16      40.8846 -8.63856e-17  6.84385e-16      40.8846 -3.86399e-16  1.27164e-15      40.8846 -1.58734e-16  1.29929e-15      40.8846
Candidate var F_r: 
   0.0849054  0.000983234      40.8711    0.0865103  0.000935916      40.8707    0.0850161    0.0063371      40.8922     0.086621   0.00628979      40.8917    0.0784682   0.00109526      40.8723    0.0798681   0.00105405      40.8719    0.0785603   0.00576332      40.8914    0.0799602   0.00572211       40.891    0.0718658   0.00109343      40.8735    0.0730694   0.00105828      40.8731    0.0719359   0.00509301      40.8907    0.0731395   0.00505786      40.8903    0.0650745   0.00108145      40.8746    0.0661033   0.00105192      40.8743    0.0651242   0.00447653        40.89     0.066153     0.004447      40.8897    0.0581422   0.00104372      40.8758    0.0590089   0.00101945      40.8755    0.0581752    0.0038753      40.8893    0.0590418   0.00385103       40.889    0.0511459  0.000983746      40.8769    0.0518626  0.000964234      40.8766    0.0511642   0.00329915      40.8887    0.0518809   0.00327963      40.8884    0.0441643  0.000903076       40.878    0.0447432  0.000887792      40.8778    0.0441695   0.00275053      40.8881    0.0447485   0.00273524      40.8879    0.0372802  0.000804276      40.8791    0.0377341  0.000792684      40.8789    0.0372742   0.00223347      40.8875    0.0377281   0.00222188      40.8873    0.0305813  0.000690903      40.8801    0.0309236  0.000682471        40.88    0.0305661   0.00175295       40.887    0.0309084   0.00174452      40.8868    0.0241591  0.000567281      40.8811    0.0244042  0.000561488       40.881    0.0241374   0.00131463      40.8865    0.0243825   0.00130884      40.8864    0.0181099  0.000438449       40.882    0.0182728  0.000434783      40.8819    0.0180851  0.000924752       40.886     0.018248  0.000921086      40.8859     0.012535  0.000310182      40.8828    0.0126316  0.000308146      40.8828     0.012511  0.000590161      40.8856    0.0126075  0.000588126      40.8855   0.00754308  0.000188991      40.8835   0.00758983  0.000188103      40.8835   0.00752398  0.000318379      40.8852   0.00757073  0.000317491      40.8852   0.00326538  8.22819e-05      40.8842   0.00327961  8.20691e-05      40.8841   0.00325486  0.000117844      40.8849   0.00326909  0.000117631      40.8849 -1.46479e-16  -5.4748e-16      40.8846  1.23721e-16  -5.4175e-16      40.8846 -1.36692e-16   3.0348e-16      40.8846  1.33509e-16   3.0921e-16      40.8846
--------------------------------------------- 
Time: 280 ms ------------------
Torque guess: 
    0.160754     -2.69818      2.06661     -15.4303      5.64483  -0.00735977   -0.0506092      2.70421     -2.04068     -15.7701      5.60715   -0.0236679    -0.118436     -0.24258    -0.662088     0.130851     0.889668     0.112913    -0.305223 -0.000903886   -0.0807951     0.018589     0.542553     -1.14931    -0.159697    -0.142189 -0.000425364   -0.0360506    -0.029953
Torque candidate: 
   0.297346    -2.75023     2.08333     -15.403     5.64887 -0.00732247    0.279933     2.65916    -2.01961    -15.7079     5.61041  -0.0238621    0.161513   0.0377493    -1.53968  -0.0517933    0.978403    0.130759   -0.388323 -0.00120497   -0.103372   0.0235922   -0.140631    -1.06659   -0.142524    -0.41695 0.000757219   -0.110646  -0.0261651
Guess var F_l: 
   0.0762644   0.00103471      40.8728    0.0778492   0.00108467      40.8727    0.0759183     0.006383      40.8939    0.0775031   0.00643296      40.8938    0.0709278   0.00113952      40.8739    0.0723117   0.00118323      40.8738    0.0706206    0.0058026       40.893    0.0720044    0.0058463      40.8929     0.065384   0.00113041      40.8748     0.066579   0.00116827      40.8748     0.065116   0.00512597      40.8921     0.066311   0.00516383      40.8921    0.0595586   0.00111228      40.8758    0.0605809   0.00114476      40.8758    0.0593262   0.00450418      40.8913    0.0603485   0.00453666      40.8912    0.0535341   0.00106912      40.8768    0.0543896   0.00109634      40.8768    0.0533333   0.00389814      40.8904    0.0541888   0.00392536      40.8904    0.0473722   0.00100431      40.8778    0.0480736   0.00102664      40.8778    0.0472008    0.0033177      40.8896    0.0479023   0.00334003      40.8896    0.0411481  0.000919305      40.8788    0.0417093  0.000937174      40.8788    0.0410043   0.00276527      40.8889    0.0415655   0.00278314      40.8889    0.0349418  0.000816657      40.8797    0.0353772  0.000830523      40.8797    0.0348238   0.00224486      40.8882    0.0352592   0.00225873      40.8882    0.0288383   0.00069993      40.8806    0.0291629  0.000710266      40.8806    0.0287442   0.00176144      40.8875    0.0290688   0.00177178      40.8875    0.0229272  0.000573462      40.8815    0.0231565  0.000580761      40.8815    0.0228551   0.00132065      40.8869    0.0230844   0.00132795      40.8869    0.0173031  0.000442311      40.8823    0.0174531  0.000447082      40.8823    0.0172508  0.000928722      40.8863    0.0174008  0.000933493      40.8863    0.0120657  0.000312269       40.883    0.0121528  0.000315034       40.883    0.0120309  0.000592495      40.8858     0.012118   0.00059526      40.8858   0.00732227  0.000189855      40.8836   0.00736313  0.000191147      40.8836   0.00730239  0.000319492      40.8853   0.00734325  0.000320784      40.8853   0.00320214  8.24594e-05      40.8842   0.00321379   8.2825e-05      40.8842   0.00319413  0.000118166      40.8849   0.00320578  0.000118531      40.8849 -3.13919e-16  6.55941e-16      40.8846 -8.65092e-17  6.83569e-16      40.8846 -3.86247e-16  1.27011e-15      40.8846 -1.58837e-16  1.29774e-15      40.8846
Guess var F_r: 
   0.0849045   0.00098315      40.8711    0.0865094  0.000935832      40.8707    0.0850151   0.00633704      40.8922    0.0866201   0.00628972      40.8917    0.0784673   0.00109519      40.8723    0.0798672   0.00105398      40.8719    0.0785595   0.00576326      40.8914    0.0799594   0.00572205       40.891    0.0718651   0.00109336      40.8735    0.0730687   0.00105822      40.8731    0.0719352   0.00509296      40.8907    0.0731388   0.00505781      40.8903    0.0650738    0.0010814      40.8746    0.0661027   0.00105187      40.8743    0.0651235   0.00447649        40.89    0.0661524   0.00444696      40.8897    0.0581416   0.00104367      40.8758    0.0590083    0.0010194      40.8755    0.0581746   0.00387526      40.8893    0.0590412   0.00385099       40.889    0.0511454  0.000983705      40.8769    0.0518621  0.000964193      40.8766    0.0511636   0.00329911      40.8887    0.0518804    0.0032796      40.8884    0.0441638  0.000903043       40.878    0.0447428  0.000887759      40.8778    0.0441691    0.0027505      40.8881     0.044748   0.00273522      40.8879    0.0372799   0.00080425      40.8791    0.0377338  0.000792657      40.8789    0.0372738   0.00223345      40.8875    0.0377277   0.00222186      40.8873     0.030581  0.000690883      40.8801    0.0309233  0.000682451        40.88    0.0305658   0.00175294       40.887    0.0309081    0.0017445      40.8868    0.0241589  0.000567267      40.8811     0.024404  0.000561473       40.881    0.0241371   0.00131462      40.8865    0.0243822   0.00130883      40.8864    0.0181098  0.000438439       40.882    0.0182727  0.000434774      40.8819    0.0180849  0.000924744       40.886    0.0182478  0.000921078      40.8859    0.0125349  0.000310176      40.8828    0.0126315  0.000308141      40.8828    0.0125109  0.000590156      40.8856    0.0126074  0.000588121      40.8855   0.00754301  0.000188989      40.8835   0.00758977    0.0001881      40.8835   0.00752391  0.000318377      40.8852   0.00757066  0.000317489      40.8852   0.00326535  8.22812e-05      40.8842   0.00327958  8.20683e-05      40.8841   0.00325483  0.000117844      40.8849   0.00326907  0.000117631      40.8849 -1.46711e-16  -5.4718e-16      40.8846  1.23298e-16 -5.41452e-16      40.8846  -1.3694e-16  3.03161e-16      40.8846   1.3307e-16  3.08889e-16      40.8846
Candidate var F_l: 
   0.0863264   0.00209421      40.8713    0.0878497   0.00214224      40.8712    0.0859664   0.00722844      40.8949    0.0874897   0.00727647      40.8947    0.0801733    0.0020573      40.8725     0.081501    0.0020992      40.8724    0.0798525   0.00652963      40.8939    0.0811801   0.00657152      40.8938    0.0737677   0.00195076      40.8736    0.0749078   0.00198676      40.8735     0.073485   0.00578474      40.8929    0.0746251   0.00582074      40.8928    0.0670627   0.00183079      40.8748    0.0680311    0.0018614      40.8747    0.0668161   0.00508102      40.8919    0.0677845   0.00511163      40.8918    0.0601535   0.00168478      40.8759    0.0609614   0.00171033      40.8758    0.0599412   0.00439209       40.891    0.0607492   0.00441764      40.8909    0.0531155   0.00151916       40.877    0.0537764   0.00154007       40.877    0.0529356   0.00372988      40.8901    0.0535964   0.00375078      40.8901    0.0460343    0.0013384      40.8781    0.0465616    0.0013551      40.8781    0.0458846   0.00309941      40.8893    0.0464119    0.0031161      40.8893    0.0389994   0.00114724      40.8792    0.0394073   0.00116015      40.8791    0.0388778   0.00250674      40.8885    0.0392857   0.00251965      40.8885    0.0321062  0.000950591      40.8802    0.0324091  0.000960185      40.8801    0.0320103   0.00195809      40.8878    0.0323133   0.00196768      40.8878    0.0254551  0.000753804      40.8811    0.0256681  0.000760548      40.8811    0.0253825   0.00146006      40.8871    0.0255955   0.00146681      40.8871    0.0191522  0.000562749       40.882    0.0192906  0.000567128       40.882    0.0191003   0.00101973      40.8865    0.0192386   0.00102411      40.8865    0.0133092  0.000383937      40.8828    0.0133886  0.000386448      40.8828     0.013275  0.000644697      40.8859    0.0133544  0.000647208      40.8859   0.00804506  0.000224582      40.8836   0.00808156  0.000225734      40.8835   0.00802579  0.000343208      40.8854   0.00806229  0.000344359      40.8854   0.00350216  9.28309e-05      40.8842   0.00351211   9.3143e-05      40.8842   0.00349447  0.000124354      40.8849   0.00350443  0.000124666      40.8849 -1.58637e-15  4.49817e-15      40.8846  2.33838e-16  4.63757e-15      40.8846 -1.81038e-15  9.79729e-15      40.8846  9.82799e-18  9.93668e-15      40.8846
Candidate var F_r: 
   0.0946115   0.00204309      40.8692    0.0961576     0.001998      40.8687    0.0947095   0.00718424      40.8927    0.0962556   0.00713915      40.8922    0.0873966   0.00201331      40.8706    0.0887444   0.00197408      40.8701    0.0874794   0.00649188      40.8919    0.0888272   0.00645265      40.8914    0.0799732   0.00191368      40.8719    0.0811304   0.00188012      40.8715    0.0800406   0.00575315      40.8911    0.0811978   0.00571959      40.8907    0.0723322   0.00179978      40.8733    0.0733157   0.00177143      40.8729    0.0723853   0.00505475      40.8904    0.0733687    0.0050264        40.89    0.0645494   0.00165925      40.8746     0.065372   0.00163578      40.8743    0.0645894   0.00437059      40.8897     0.065412   0.00434712      40.8893    0.0567099   0.00149852      40.8759    0.0573854   0.00147951      40.8756    0.0567382   0.00371259       40.889    0.0574137   0.00369358      40.8887    0.0489012   0.00132213      40.8772    0.0494429   0.00130713      40.8769    0.0489191   0.00308582      40.8884    0.0494608   0.00307083      40.8881    0.0412161   0.00113481      40.8784    0.0416375   0.00112335      40.8782    0.0412246   0.00249638      40.8877     0.041646   0.00248492      40.8875     0.033752    0.0009415      40.8796    0.0340671  0.000933112      40.8794    0.0337525   0.00195049      40.8872    0.0340676    0.0019421       40.887    0.0266118  0.000747541      40.8807     0.026835  0.000741739      40.8805    0.0266062   0.00145478      40.8866    0.0268294   0.00144898      40.8865    0.0199034  0.000558792      40.8817    0.0200498  0.000555096      40.8816    0.0198939   0.00101634      40.8861    0.0200403   0.00101265       40.886    0.0137402  0.000381756      40.8826    0.0138254  0.000379689      40.8826    0.0137294  0.000642784      40.8857    0.0138145  0.000640718      40.8856   0.00824315  0.000223644      40.8834   0.00828315  0.000222734      40.8834   0.00823368  0.000342354      40.8853   0.00827369  0.000341445      40.8852   0.00355608  9.26121e-05      40.8841   0.00356754  9.23889e-05      40.8841   0.00355054  0.000124141      40.8849   0.00356201  0.000123918      40.8849  1.81483e-15 -3.30371e-15      40.8846  3.39112e-15 -3.29427e-15      40.8846  1.92004e-15  1.79602e-15      40.8846  3.49634e-15  1.80546e-15      40.8846
--------------------------------------------- 
Time: 285 ms ------------------
Torque guess: 
   0.297346    -2.75023     2.08333     -15.403     5.64887 -0.00732247    0.279933     2.65916    -2.01961    -15.7079     5.61041  -0.0238621    0.161513   0.0377493    -1.53968  -0.0517933    0.978403    0.130759   -0.388323 -0.00120497   -0.103372   0.0235922   -0.140631    -1.06659   -0.142524    -0.41695 0.000757219   -0.110646  -0.0261651
Torque candidate: 
   0.297348    -2.75023     2.08333     -15.403     5.64887  -0.0073225    0.279935     2.65916    -2.01961    -15.7079     5.61041   -0.023862    0.161512   0.0377508    -1.53968   -0.051803    0.978396    0.130758   -0.388327   -0.001205   -0.103373   0.0235919   -0.140635    -1.06659   -0.142524   -0.416951 0.000757206   -0.110646   -0.026165
Guess var F_l: 
   0.0863264   0.00209421      40.8713    0.0878497   0.00214224      40.8712    0.0859664   0.00722844      40.8949    0.0874897   0.00727647      40.8947    0.0801733    0.0020573      40.8725     0.081501    0.0020992      40.8724    0.0798525   0.00652963      40.8939    0.0811801   0.00657152      40.8938    0.0737677   0.00195076      40.8736    0.0749078   0.00198676      40.8735     0.073485   0.00578474      40.8929    0.0746251   0.00582074      40.8928    0.0670627   0.00183079      40.8748    0.0680311    0.0018614      40.8747    0.0668161   0.00508102      40.8919    0.0677845   0.00511163      40.8918    0.0601535   0.00168478      40.8759    0.0609614   0.00171033      40.8758    0.0599412   0.00439209       40.891    0.0607492   0.00441764      40.8909    0.0531155   0.00151916       40.877    0.0537764   0.00154007       40.877    0.0529356   0.00372988      40.8901    0.0535964   0.00375078      40.8901    0.0460343    0.0013384      40.8781    0.0465616    0.0013551      40.8781    0.0458846   0.00309941      40.8893    0.0464119    0.0031161      40.8893    0.0389994   0.00114724      40.8792    0.0394073   0.00116015      40.8791    0.0388778   0.00250674      40.8885    0.0392857   0.00251965      40.8885    0.0321062  0.000950591      40.8802    0.0324091  0.000960185      40.8801    0.0320103   0.00195809      40.8878    0.0323133   0.00196768      40.8878    0.0254551  0.000753804      40.8811    0.0256681  0.000760548      40.8811    0.0253825   0.00146006      40.8871    0.0255955   0.00146681      40.8871    0.0191522  0.000562749       40.882    0.0192906  0.000567128       40.882    0.0191003   0.00101973      40.8865    0.0192386   0.00102411      40.8865    0.0133092  0.000383937      40.8828    0.0133886  0.000386448      40.8828     0.013275  0.000644697      40.8859    0.0133544  0.000647208      40.8859   0.00804506  0.000224582      40.8836   0.00808156  0.000225734      40.8835   0.00802579  0.000343208      40.8854   0.00806229  0.000344359      40.8854   0.00350216  9.28309e-05      40.8842   0.00351211   9.3143e-05      40.8842   0.00349447  0.000124354      40.8849   0.00350443  0.000124666      40.8849 -1.58637e-15  4.49817e-15      40.8846  2.33838e-16  4.63757e-15      40.8846 -1.81038e-15  9.79729e-15      40.8846  9.82799e-18  9.93668e-15      40.8846
Guess var F_r: 
   0.0946115   0.00204309      40.8692    0.0961576     0.001998      40.8687    0.0947095   0.00718424      40.8927    0.0962556   0.00713915      40.8922    0.0873966   0.00201331      40.8706    0.0887444   0.00197408      40.8701    0.0874794   0.00649188      40.8919    0.0888272   0.00645265      40.8914    0.0799732   0.00191368      40.8719    0.0811304   0.00188012      40.8715    0.0800406   0.00575315      40.8911    0.0811978   0.00571959      40.8907    0.0723322   0.00179978      40.8733    0.0733157   0.00177143      40.8729    0.0723853   0.00505475      40.8904    0.0733687    0.0050264        40.89    0.0645494   0.00165925      40.8746     0.065372   0.00163578      40.8743    0.0645894   0.00437059      40.8897     0.065412   0.00434712      40.8893    0.0567099   0.00149852      40.8759    0.0573854   0.00147951      40.8756    0.0567382   0.00371259       40.889    0.0574137   0.00369358      40.8887    0.0489012   0.00132213      40.8772    0.0494429   0.00130713      40.8769    0.0489191   0.00308582      40.8884    0.0494608   0.00307083      40.8881    0.0412161   0.00113481      40.8784    0.0416375   0.00112335      40.8782    0.0412246   0.00249638      40.8877     0.041646   0.00248492      40.8875     0.033752    0.0009415      40.8796    0.0340671  0.000933112      40.8794    0.0337525   0.00195049      40.8872    0.0340676    0.0019421       40.887    0.0266118  0.000747541      40.8807     0.026835  0.000741739      40.8805    0.0266062   0.00145478      40.8866    0.0268294   0.00144898      40.8865    0.0199034  0.000558792      40.8817    0.0200498  0.000555096      40.8816    0.0198939   0.00101634      40.8861    0.0200403   0.00101265       40.886    0.0137402  0.000381756      40.8826    0.0138254  0.000379689      40.8826    0.0137294  0.000642784      40.8857    0.0138145  0.000640718      40.8856   0.00824315  0.000223644      40.8834   0.00828315  0.000222734      40.8834   0.00823368  0.000342354      40.8853   0.00827369  0.000341445      40.8852   0.00355608  9.26121e-05      40.8841   0.00356754  9.23889e-05      40.8841   0.00355054  0.000124141      40.8849   0.00356201  0.000123918      40.8849  1.81483e-15 -3.30371e-15      40.8846  3.39112e-15 -3.29427e-15      40.8846  1.92004e-15  1.79602e-15      40.8846  3.49634e-15  1.80546e-15      40.8846
Candidate var F_l: 
   0.0863266   0.00209426      40.8713    0.0878499   0.00214229      40.8712    0.0859666   0.00722847      40.8949    0.0874899    0.0072765      40.8947    0.0801735   0.00205735      40.8725    0.0815012   0.00209924      40.8724    0.0798527   0.00652965      40.8939    0.0811803   0.00657155      40.8938    0.0737679    0.0019508      40.8736     0.074908    0.0019868      40.8735    0.0734852   0.00578477      40.8929    0.0746253   0.00582077      40.8928    0.0670629   0.00183083      40.8748    0.0680312   0.00186143      40.8747    0.0668163   0.00508105      40.8919    0.0677847   0.00511165      40.8918    0.0601536   0.00168481      40.8759    0.0609616   0.00171036      40.8758    0.0599414   0.00439211       40.891    0.0607493   0.00441766      40.8909    0.0531157   0.00151918       40.877    0.0537765   0.00154009       40.877    0.0529358   0.00372989      40.8901    0.0535966    0.0037508      40.8901    0.0460344   0.00133842      40.8781    0.0465617   0.00135512      40.8781    0.0458847   0.00309942      40.8893    0.0464121   0.00311612      40.8893    0.0389995   0.00114725      40.8792    0.0394074   0.00116017      40.8791    0.0388779   0.00250675      40.8885    0.0392858   0.00251967      40.8885    0.0321063  0.000950602      40.8802    0.0324092  0.000960196      40.8801    0.0320104    0.0019581      40.8878    0.0323134   0.00196769      40.8878    0.0254552  0.000753812      40.8811    0.0256682  0.000760556      40.8811    0.0253826   0.00146007      40.8871    0.0255956   0.00146681      40.8871    0.0191523  0.000562754       40.882    0.0192906  0.000567133       40.882    0.0191003   0.00101973      40.8865    0.0192387   0.00102411      40.8865    0.0133092  0.000383939      40.8828    0.0133886   0.00038645      40.8828    0.0132751    0.0006447      40.8859    0.0133545  0.000647211      40.8859   0.00804509  0.000224583      40.8836   0.00808159  0.000225734      40.8835   0.00802582  0.000343209      40.8854   0.00806232  0.000344361      40.8854   0.00350217  9.28309e-05      40.8842   0.00351212  9.31431e-05      40.8842   0.00349449  0.000124354      40.8849   0.00350444  0.000124667      40.8849 -1.59063e-15  4.49144e-15      40.8846   2.3097e-16  4.63086e-15      40.8846 -1.81487e-15  9.79539e-15      40.8846  6.73478e-18  9.93481e-15      40.8846
Candidate var F_r: 
   0.0946117   0.00204314      40.8692    0.0961577   0.00199805      40.8687    0.0947097   0.00718427      40.8927    0.0962558   0.00713918      40.8922    0.0873968   0.00201335      40.8706    0.0887446   0.00197412      40.8701    0.0874796    0.0064919      40.8919    0.0888274   0.00645268      40.8914    0.0799734   0.00191372      40.8719    0.0811305   0.00188016      40.8715    0.0800408   0.00575318      40.8911     0.081198   0.00571961      40.8907    0.0723324   0.00179981      40.8733    0.0733158   0.00177146      40.8729    0.0723854   0.00505477      40.8904    0.0733689   0.00502642        40.89    0.0645496   0.00165928      40.8746    0.0653722   0.00163581      40.8743    0.0645896   0.00437061      40.8897    0.0654122   0.00434714      40.8893      0.05671   0.00149854      40.8759    0.0573855   0.00147954      40.8756    0.0567384    0.0037126       40.889    0.0574139    0.0036936      40.8887    0.0489014   0.00132215      40.8772    0.0494431   0.00130715      40.8769    0.0489192   0.00308584      40.8884    0.0494609   0.00307084      40.8881    0.0412162   0.00113482      40.8784    0.0416376   0.00112337      40.8782    0.0412247   0.00249639      40.8877    0.0416461   0.00248494      40.8875    0.0337521  0.000941512      40.8796    0.0340672  0.000933124      40.8794    0.0337526    0.0019505      40.8872    0.0340677   0.00194211       40.887    0.0266119  0.000747549      40.8807    0.0268351  0.000741746      40.8805    0.0266063   0.00145479      40.8866    0.0268295   0.00144899      40.8865    0.0199035  0.000558797      40.8817    0.0200499    0.0005551      40.8816     0.019894   0.00101635      40.8861    0.0200404   0.00101265       40.886    0.0137403  0.000381758      40.8826    0.0138254  0.000379691      40.8826    0.0137294  0.000642787      40.8857    0.0138146  0.000640721      40.8856   0.00824318  0.000223645      40.8834   0.00828318  0.000222735      40.8834   0.00823371  0.000342356      40.8853   0.00827372  0.000341446      40.8852   0.00355609  9.26122e-05      40.8841   0.00356756  9.23889e-05      40.8841   0.00355056  0.000124141      40.8849   0.00356202  0.000123918      40.8849  1.81904e-15 -3.30663e-15      40.8846  3.39742e-15 -3.29723e-15      40.8846  1.92437e-15      1.8e-15      40.8846  3.50275e-15   1.8094e-15      40.8846
--------------------------------------------- 
Time: 290 ms ------------------
Torque guess: 
   0.297346    -2.75023     2.08333     -15.403     5.64887 -0.00732247    0.279933     2.65916    -2.01961    -15.7079     5.61041  -0.0238621    0.161513   0.0377493    -1.53968  -0.0517933    0.978403    0.130759   -0.388323 -0.00120497   -0.103372   0.0235922   -0.140631    -1.06659   -0.142524    -0.41695 0.000757219   -0.110646  -0.0261651
Torque candidate: 
   0.297352    -2.75023     2.08333     -15.403     5.64887 -0.00732247    0.279931     2.65916    -2.01961    -15.7079     5.61041  -0.0238621    0.161507   0.0377487    -1.53968  -0.0517985    0.978397    0.130758   -0.388325 -0.00120498   -0.103372   0.0235919   -0.140627    -1.06659   -0.142524   -0.416948 0.000757209   -0.110645  -0.0261651
Guess var F_l: 
   0.0863264   0.00209421      40.8713    0.0878497   0.00214224      40.8712    0.0859664   0.00722844      40.8949    0.0874897   0.00727647      40.8947    0.0801733    0.0020573      40.8725     0.081501    0.0020992      40.8724    0.0798525   0.00652963      40.8939    0.0811801   0.00657152      40.8938    0.0737677   0.00195076      40.8736    0.0749078   0.00198676      40.8735     0.073485   0.00578474      40.8929    0.0746251   0.00582074      40.8928    0.0670627   0.00183079      40.8748    0.0680311    0.0018614      40.8747    0.0668161   0.00508102      40.8919    0.0677845   0.00511163      40.8918    0.0601535   0.00168478      40.8759    0.0609614   0.00171033      40.8758    0.0599412   0.00439209       40.891    0.0607492   0.00441764      40.8909    0.0531155   0.00151916       40.877    0.0537764   0.00154007       40.877    0.0529356   0.00372988      40.8901    0.0535964   0.00375078      40.8901    0.0460343    0.0013384      40.8781    0.0465616    0.0013551      40.8781    0.0458846   0.00309941      40.8893    0.0464119    0.0031161      40.8893    0.0389994   0.00114724      40.8792    0.0394073   0.00116015      40.8791    0.0388778   0.00250674      40.8885    0.0392857   0.00251965      40.8885    0.0321062  0.000950591      40.8802    0.0324091  0.000960185      40.8801    0.0320103   0.00195809      40.8878    0.0323133   0.00196768      40.8878    0.0254551  0.000753804      40.8811    0.0256681  0.000760548      40.8811    0.0253825   0.00146006      40.8871    0.0255955   0.00146681      40.8871    0.0191522  0.000562749       40.882    0.0192906  0.000567128       40.882    0.0191003   0.00101973      40.8865    0.0192386   0.00102411      40.8865    0.0133092  0.000383937      40.8828    0.0133886  0.000386448      40.8828     0.013275  0.000644697      40.8859    0.0133544  0.000647208      40.8859   0.00804506  0.000224582      40.8836   0.00808156  0.000225734      40.8835   0.00802579  0.000343208      40.8854   0.00806229  0.000344359      40.8854   0.00350216  9.28309e-05      40.8842   0.00351211   9.3143e-05      40.8842   0.00349447  0.000124354      40.8849   0.00350443  0.000124666      40.8849 -1.58637e-15  4.49817e-15      40.8846  2.33838e-16  4.63757e-15      40.8846 -1.81038e-15  9.79729e-15      40.8846  9.82799e-18  9.93668e-15      40.8846
Guess var F_r: 
   0.0946115   0.00204309      40.8692    0.0961576     0.001998      40.8687    0.0947095   0.00718424      40.8927    0.0962556   0.00713915      40.8922    0.0873966   0.00201331      40.8706    0.0887444   0.00197408      40.8701    0.0874794   0.00649188      40.8919    0.0888272   0.00645265      40.8914    0.0799732   0.00191368      40.8719    0.0811304   0.00188012      40.8715    0.0800406   0.00575315      40.8911    0.0811978   0.00571959      40.8907    0.0723322   0.00179978      40.8733    0.0733157   0.00177143      40.8729    0.0723853   0.00505475      40.8904    0.0733687    0.0050264        40.89    0.0645494   0.00165925      40.8746     0.065372   0.00163578      40.8743    0.0645894   0.00437059      40.8897     0.065412   0.00434712      40.8893    0.0567099   0.00149852      40.8759    0.0573854   0.00147951      40.8756    0.0567382   0.00371259       40.889    0.0574137   0.00369358      40.8887    0.0489012   0.00132213      40.8772    0.0494429   0.00130713      40.8769    0.0489191   0.00308582      40.8884    0.0494608   0.00307083      40.8881    0.0412161   0.00113481      40.8784    0.0416375   0.00112335      40.8782    0.0412246   0.00249638      40.8877     0.041646   0.00248492      40.8875     0.033752    0.0009415      40.8796    0.0340671  0.000933112      40.8794    0.0337525   0.00195049      40.8872    0.0340676    0.0019421       40.887    0.0266118  0.000747541      40.8807     0.026835  0.000741739      40.8805    0.0266062   0.00145478      40.8866    0.0268294   0.00144898      40.8865    0.0199034  0.000558792      40.8817    0.0200498  0.000555096      40.8816    0.0198939   0.00101634      40.8861    0.0200403   0.00101265       40.886    0.0137402  0.000381756      40.8826    0.0138254  0.000379689      40.8826    0.0137294  0.000642784      40.8857    0.0138145  0.000640718      40.8856   0.00824315  0.000223644      40.8834   0.00828315  0.000222734      40.8834   0.00823368  0.000342354      40.8853   0.00827369  0.000341445      40.8852   0.00355608  9.26121e-05      40.8841   0.00356754  9.23889e-05      40.8841   0.00355054  0.000124141      40.8849   0.00356201  0.000123918      40.8849  1.81483e-15 -3.30371e-15      40.8846  3.39112e-15 -3.29427e-15      40.8846  1.92004e-15  1.79602e-15      40.8846  3.49634e-15  1.80546e-15      40.8846
Candidate var F_l: 
    0.086327   0.00209429      40.8713    0.0878503   0.00214231      40.8712     0.085967    0.0072285      40.8949    0.0874903   0.00727652      40.8947    0.0801739   0.00205736      40.8725    0.0815015   0.00209926      40.8724     0.079853   0.00652968      40.8939    0.0811807   0.00657157      40.8938    0.0737682   0.00195081      40.8736    0.0749083   0.00198682      40.8735    0.0734855   0.00578478      40.8929    0.0746256   0.00582079      40.8928    0.0670631   0.00183084      40.8748    0.0680315   0.00186145      40.8747    0.0668166   0.00508106      40.8919    0.0677849   0.00511167      40.8918    0.0601539   0.00168482      40.8759    0.0609618   0.00171038      40.8758    0.0599416   0.00439212       40.891    0.0607496   0.00441767      40.8909    0.0531159   0.00151919       40.877    0.0537767    0.0015401       40.877     0.052936    0.0037299      40.8901    0.0535968   0.00375081      40.8901    0.0460346   0.00133843      40.8781    0.0465619   0.00135512      40.8781    0.0458849   0.00309943      40.8893    0.0464122   0.00311612      40.8893    0.0389997   0.00114726      40.8792    0.0394076   0.00116017      40.8791     0.038878   0.00250676      40.8885    0.0392859   0.00251967      40.8885    0.0321064  0.000950608      40.8802    0.0324093  0.000960202      40.8801    0.0320105    0.0019581      40.8878    0.0323134    0.0019677      40.8878    0.0254553  0.000753816      40.8811    0.0256683   0.00076056      40.8811    0.0253826   0.00146007      40.8871    0.0255956   0.00146682      40.8871    0.0191523  0.000562757       40.882    0.0192907  0.000567136       40.882    0.0191004   0.00101973      40.8865    0.0192387   0.00102411      40.8865    0.0133092  0.000383941      40.8828    0.0133886  0.000386452      40.8828    0.0132751    0.0006447      40.8859    0.0133545  0.000647211      40.8859    0.0080451  0.000224584      40.8836    0.0080816  0.000225736      40.8835   0.00802584  0.000343209      40.8854   0.00806234  0.000344361      40.8854   0.00350217  9.28314e-05      40.8842   0.00351213  9.31435e-05      40.8842   0.00349449  0.000124354      40.8849   0.00350445  0.000124667      40.8849 -1.58632e-15  4.49826e-15      40.8846   2.3396e-16  4.63767e-15      40.8846 -1.81031e-15  9.79758e-15      40.8846  9.97361e-18  9.93699e-15      40.8846
Candidate var F_r: 
   0.0946121   0.00204317      40.8692    0.0961581   0.00199808      40.8687    0.0947101   0.00718429      40.8927    0.0962561   0.00713921      40.8922    0.0873971   0.00201337      40.8706    0.0887449   0.00197414      40.8701      0.08748   0.00649193      40.8919    0.0888277    0.0064527      40.8914    0.0799737   0.00191374      40.8719    0.0811308   0.00188018      40.8715    0.0800411    0.0057532      40.8911    0.0811983   0.00571963      40.8907    0.0723326   0.00179983      40.8733    0.0733161   0.00177148      40.8729    0.0723857   0.00505479      40.8904    0.0733691   0.00502644        40.89    0.0645498    0.0016593      40.8746    0.0653724   0.00163582      40.8743    0.0645898   0.00437062      40.8897    0.0654124   0.00434715      40.8893    0.0567102   0.00149855      40.8759    0.0573857   0.00147955      40.8756    0.0567386   0.00371261       40.889     0.057414   0.00369361      40.8887    0.0489015   0.00132216      40.8772    0.0494432   0.00130716      40.8769    0.0489193   0.00308585      40.8884     0.049461   0.00307085      40.8881    0.0412163   0.00113483      40.8784    0.0416377   0.00112338      40.8782    0.0412248    0.0024964      40.8877    0.0416462   0.00248494      40.8875    0.0337522  0.000941517      40.8796    0.0340672  0.000933129      40.8794    0.0337527    0.0019505      40.8872    0.0340678   0.00194212       40.887    0.0266119  0.000747553      40.8807    0.0268352  0.000741751      40.8805    0.0266064   0.00145479      40.8866    0.0268296   0.00144899      40.8865    0.0199035    0.0005588      40.8817    0.0200499  0.000555103      40.8816     0.019894   0.00101635      40.8861    0.0200404   0.00101265       40.886    0.0137403   0.00038176      40.8826    0.0138255  0.000379694      40.8826    0.0137295  0.000642788      40.8857    0.0138146  0.000640722      40.8856   0.00824319  0.000223646      40.8834   0.00828319  0.000222736      40.8834   0.00823373  0.000342356      40.8853   0.00827373  0.000341446      40.8852    0.0035561  9.26127e-05      40.8841   0.00356756  9.23894e-05      40.8841   0.00355056  0.000124141      40.8849   0.00356203  0.000123918      40.8849  1.81518e-15 -3.30364e-15      40.8846  3.39149e-15  -3.2942e-15      40.8846  1.92039e-15  1.79614e-15      40.8846   3.4967e-15  1.80558e-15      40.8846
--------------------------------------------- 
Time: 295 ms ------------------
Torque guess: 
   0.297346    -2.75023     2.08333     -15.403     5.64887 -0.00732247    0.279933     2.65916    -2.01961    -15.7079     5.61041  -0.0238621    0.161513   0.0377493    -1.53968  -0.0517933    0.978403    0.130759   -0.388323 -0.00120497   -0.103372   0.0235922   -0.140631    -1.06659   -0.142524    -0.41695 0.000757219   -0.110646  -0.0261651
Torque candidate: 
   0.297356    -2.75023     2.08333     -15.403     5.64887 -0.00732248     0.27993     2.65916    -2.01961    -15.7079     5.61041  -0.0238621    0.161504   0.0377485    -1.53968  -0.0517941    0.978398    0.130759   -0.388324 -0.00120496   -0.103372   0.0235919   -0.140621    -1.06659   -0.142525   -0.416947 0.000757213   -0.110645  -0.0261652
Guess var F_l: 
   0.0863264   0.00209421      40.8713    0.0878497   0.00214224      40.8712    0.0859664   0.00722844      40.8949    0.0874897   0.00727647      40.8947    0.0801733    0.0020573      40.8725     0.081501    0.0020992      40.8724    0.0798525   0.00652963      40.8939    0.0811801   0.00657152      40.8938    0.0737677   0.00195076      40.8736    0.0749078   0.00198676      40.8735     0.073485   0.00578474      40.8929    0.0746251   0.00582074      40.8928    0.0670627   0.00183079      40.8748    0.0680311    0.0018614      40.8747    0.0668161   0.00508102      40.8919    0.0677845   0.00511163      40.8918    0.0601535   0.00168478      40.8759    0.0609614   0.00171033      40.8758    0.0599412   0.00439209       40.891    0.0607492   0.00441764      40.8909    0.0531155   0.00151916       40.877    0.0537764   0.00154007       40.877    0.0529356   0.00372988      40.8901    0.0535964   0.00375078      40.8901    0.0460343    0.0013384      40.8781    0.0465616    0.0013551      40.8781    0.0458846   0.00309941      40.8893    0.0464119    0.0031161      40.8893    0.0389994   0.00114724      40.8792    0.0394073   0.00116015      40.8791    0.0388778   0.00250674      40.8885    0.0392857   0.00251965      40.8885    0.0321062  0.000950591      40.8802    0.0324091  0.000960185      40.8801    0.0320103   0.00195809      40.8878    0.0323133   0.00196768      40.8878    0.0254551  0.000753804      40.8811    0.0256681  0.000760548      40.8811    0.0253825   0.00146006      40.8871    0.0255955   0.00146681      40.8871    0.0191522  0.000562749       40.882    0.0192906  0.000567128       40.882    0.0191003   0.00101973      40.8865    0.0192386   0.00102411      40.8865    0.0133092  0.000383937      40.8828    0.0133886  0.000386448      40.8828     0.013275  0.000644697      40.8859    0.0133544  0.000647208      40.8859   0.00804506  0.000224582      40.8836   0.00808156  0.000225734      40.8835   0.00802579  0.000343208      40.8854   0.00806229  0.000344359      40.8854   0.00350216  9.28309e-05      40.8842   0.00351211   9.3143e-05      40.8842   0.00349447  0.000124354      40.8849   0.00350443  0.000124666      40.8849 -1.58637e-15  4.49817e-15      40.8846  2.33838e-16  4.63757e-15      40.8846 -1.81038e-15  9.79729e-15      40.8846  9.82799e-18  9.93668e-15      40.8846
Guess var F_r: 
   0.0946115   0.00204309      40.8692    0.0961576     0.001998      40.8687    0.0947095   0.00718424      40.8927    0.0962556   0.00713915      40.8922    0.0873966   0.00201331      40.8706    0.0887444   0.00197408      40.8701    0.0874794   0.00649188      40.8919    0.0888272   0.00645265      40.8914    0.0799732   0.00191368      40.8719    0.0811304   0.00188012      40.8715    0.0800406   0.00575315      40.8911    0.0811978   0.00571959      40.8907    0.0723322   0.00179978      40.8733    0.0733157   0.00177143      40.8729    0.0723853   0.00505475      40.8904    0.0733687    0.0050264        40.89    0.0645494   0.00165925      40.8746     0.065372   0.00163578      40.8743    0.0645894   0.00437059      40.8897     0.065412   0.00434712      40.8893    0.0567099   0.00149852      40.8759    0.0573854   0.00147951      40.8756    0.0567382   0.00371259       40.889    0.0574137   0.00369358      40.8887    0.0489012   0.00132213      40.8772    0.0494429   0.00130713      40.8769    0.0489191   0.00308582      40.8884    0.0494608   0.00307083      40.8881    0.0412161   0.00113481      40.8784    0.0416375   0.00112335      40.8782    0.0412246   0.00249638      40.8877     0.041646   0.00248492      40.8875     0.033752    0.0009415      40.8796    0.0340671  0.000933112      40.8794    0.0337525   0.00195049      40.8872    0.0340676    0.0019421       40.887    0.0266118  0.000747541      40.8807     0.026835  0.000741739      40.8805    0.0266062   0.00145478      40.8866    0.0268294   0.00144898      40.8865    0.0199034  0.000558792      40.8817    0.0200498  0.000555096      40.8816    0.0198939   0.00101634      40.8861    0.0200403   0.00101265       40.886    0.0137402  0.000381756      40.8826    0.0138254  0.000379689      40.8826    0.0137294  0.000642784      40.8857    0.0138145  0.000640718      40.8856   0.00824315  0.000223644      40.8834   0.00828315  0.000222734      40.8834   0.00823368  0.000342354      40.8853   0.00827369  0.000341445      40.8852   0.00355608  9.26121e-05      40.8841   0.00356754  9.23889e-05      40.8841   0.00355054  0.000124141      40.8849   0.00356201  0.000123918      40.8849  1.81483e-15 -3.30371e-15      40.8846  3.39112e-15 -3.29427e-15      40.8846  1.92004e-15  1.79602e-15      40.8846  3.49634e-15  1.80546e-15      40.8846
Candidate var F_l: 
   0.0863273   0.00209433      40.8713    0.0878506   0.00214235      40.8712    0.0859673   0.00722853      40.8949    0.0874906   0.00727655      40.8947    0.0801741    0.0020574      40.8725    0.0815018   0.00209929      40.8724    0.0798533    0.0065297      40.8939    0.0811809    0.0065716      40.8938    0.0737684   0.00195085      40.8736    0.0749085   0.00198685      40.8735    0.0734858   0.00578481      40.8929    0.0746258   0.00582081      40.8928    0.0670633   0.00183087      40.8748    0.0680317   0.00186148      40.8747    0.0668168   0.00508108      40.8919    0.0677852   0.00511169      40.8918     0.060154   0.00168485      40.8759     0.060962    0.0017104      40.8758    0.0599418   0.00439214       40.891    0.0607497   0.00441769      40.8909     0.053116   0.00151921       40.877    0.0537769   0.00154012       40.877    0.0529361   0.00372992      40.8901    0.0535969   0.00375083      40.8901    0.0460347   0.00133845      40.8781     0.046562   0.00135514      40.8781     0.045885   0.00309944      40.8893    0.0464123   0.00311613      40.8893    0.0389998   0.00114727      40.8792    0.0394077   0.00116019      40.8791    0.0388781   0.00250677      40.8885     0.039286   0.00251968      40.8885    0.0321064  0.000950617      40.8802    0.0324094  0.000960211      40.8801    0.0320106   0.00195811      40.8878    0.0323135    0.0019677      40.8878    0.0254553  0.000753823      40.8811    0.0256683  0.000760567      40.8811    0.0253827   0.00146008      40.8871    0.0255957   0.00146682      40.8871    0.0191524  0.000562761       40.882    0.0192907   0.00056714       40.882    0.0191004   0.00101974      40.8865    0.0192388   0.00102412      40.8865    0.0133093  0.000383944      40.8828    0.0133887  0.000386455      40.8828    0.0132752  0.000644702      40.8859    0.0133546  0.000647213      40.8859   0.00804512  0.000224585      40.8836   0.00808162  0.000225737      40.8835   0.00802586   0.00034321      40.8854   0.00806236  0.000344362      40.8854   0.00350218  9.28318e-05      40.8842   0.00351214  9.31439e-05      40.8842    0.0034945  0.000124355      40.8849   0.00350446  0.000124667      40.8849 -1.58675e-15  4.49758e-15      40.8846  2.33578e-16  4.63698e-15      40.8846 -1.81077e-15   9.7971e-15      40.8846  9.55691e-18  9.93651e-15      40.8846
Candidate var F_r: 
   0.0946123   0.00204321      40.8692    0.0961584   0.00199812      40.8687    0.0947104   0.00718433      40.8927    0.0962564   0.00713924      40.8922    0.0873974    0.0020134      40.8706    0.0887451   0.00197418      40.8701    0.0874802   0.00649195      40.8919     0.088828   0.00645273      40.8914    0.0799739   0.00191377      40.8719    0.0811311   0.00188021      40.8715    0.0800413   0.00575322      40.8911    0.0811985   0.00571966      40.8907    0.0723328   0.00179985      40.8733    0.0733163    0.0017715      40.8729    0.0723859   0.00505481      40.8904    0.0733693   0.00502646        40.89      0.06455   0.00165932      40.8746    0.0653726   0.00163585      40.8743      0.06459   0.00437064      40.8897    0.0654126   0.00434717      40.8893    0.0567104   0.00149857      40.8759    0.0573859   0.00147957      40.8756    0.0567387   0.00371263       40.889    0.0574142   0.00369362      40.8887    0.0489016   0.00132217      40.8772    0.0494433   0.00130718      40.8769    0.0489195   0.00308586      40.8884    0.0494612   0.00307086      40.8881    0.0412164   0.00113484      40.8784    0.0416378   0.00112339      40.8782    0.0412249   0.00249641      40.8877    0.0416463   0.00248495      40.8875    0.0337523  0.000941527      40.8796    0.0340673  0.000933139      40.8794    0.0337528   0.00195051      40.8872    0.0340679   0.00194212       40.887     0.026612   0.00074756      40.8807    0.0268352  0.000741758      40.8805    0.0266064    0.0014548      40.8866    0.0268296     0.001449      40.8865    0.0199036  0.000558805      40.8817      0.02005  0.000555108      40.8816    0.0198941   0.00101635      40.8861    0.0200405   0.00101265       40.886    0.0137404  0.000381763      40.8826    0.0138255  0.000379696      40.8826    0.0137295   0.00064279      40.8857    0.0138146  0.000640723      40.8856   0.00824321  0.000223647      40.8834   0.00828321  0.000222738      40.8834   0.00823375  0.000342357      40.8853   0.00827375  0.000341447      40.8852   0.00355611  9.26131e-05      40.8841   0.00356757  9.23899e-05      40.8841   0.00355057  0.000124142      40.8849   0.00356203  0.000123918      40.8849  1.81532e-15 -3.30414e-15      40.8846  3.39178e-15 -3.29471e-15      40.8846  1.92054e-15  1.79613e-15      40.8846    3.497e-15  1.80556e-15      40.8846
--------------------------------------------- 
Time: 300 ms ------------------
Torque guess: 
   0.297346    -2.75023     2.08333     -15.403     5.64887 -0.00732247    0.279933     2.65916    -2.01961    -15.7079     5.61041  -0.0238621    0.161513   0.0377493    -1.53968  -0.0517933    0.978403    0.130759   -0.388323 -0.00120497   -0.103372   0.0235922   -0.140631    -1.06659   -0.142524    -0.41695 0.000757219   -0.110646  -0.0261651
Torque candidate: 
   0.297359    -2.75023     2.08333     -15.403     5.64887 -0.00732248     0.27993     2.65916    -2.01961    -15.7079     5.61041  -0.0238621      0.1615   0.0377478    -1.53968  -0.0517895      0.9784    0.130759   -0.388322 -0.00120494   -0.103371    0.023592   -0.140615    -1.06659   -0.142525   -0.416945 0.000757216   -0.110644  -0.0261654
Guess var F_l: 
   0.0863264   0.00209421      40.8713    0.0878497   0.00214224      40.8712    0.0859664   0.00722844      40.8949    0.0874897   0.00727647      40.8947    0.0801733    0.0020573      40.8725     0.081501    0.0020992      40.8724    0.0798525   0.00652963      40.8939    0.0811801   0.00657152      40.8938    0.0737677   0.00195076      40.8736    0.0749078   0.00198676      40.8735     0.073485   0.00578474      40.8929    0.0746251   0.00582074      40.8928    0.0670627   0.00183079      40.8748    0.0680311    0.0018614      40.8747    0.0668161   0.00508102      40.8919    0.0677845   0.00511163      40.8918    0.0601535   0.00168478      40.8759    0.0609614   0.00171033      40.8758    0.0599412   0.00439209       40.891    0.0607492   0.00441764      40.8909    0.0531155   0.00151916       40.877    0.0537764   0.00154007       40.877    0.0529356   0.00372988      40.8901    0.0535964   0.00375078      40.8901    0.0460343    0.0013384      40.8781    0.0465616    0.0013551      40.8781    0.0458846   0.00309941      40.8893    0.0464119    0.0031161      40.8893    0.0389994   0.00114724      40.8792    0.0394073   0.00116015      40.8791    0.0388778   0.00250674      40.8885    0.0392857   0.00251965      40.8885    0.0321062  0.000950591      40.8802    0.0324091  0.000960185      40.8801    0.0320103   0.00195809      40.8878    0.0323133   0.00196768      40.8878    0.0254551  0.000753804      40.8811    0.0256681  0.000760548      40.8811    0.0253825   0.00146006      40.8871    0.0255955   0.00146681      40.8871    0.0191522  0.000562749       40.882    0.0192906  0.000567128       40.882    0.0191003   0.00101973      40.8865    0.0192386   0.00102411      40.8865    0.0133092  0.000383937      40.8828    0.0133886  0.000386448      40.8828     0.013275  0.000644697      40.8859    0.0133544  0.000647208      40.8859   0.00804506  0.000224582      40.8836   0.00808156  0.000225734      40.8835   0.00802579  0.000343208      40.8854   0.00806229  0.000344359      40.8854   0.00350216  9.28309e-05      40.8842   0.00351211   9.3143e-05      40.8842   0.00349447  0.000124354      40.8849   0.00350443  0.000124666      40.8849 -1.58637e-15  4.49817e-15      40.8846  2.33838e-16  4.63757e-15      40.8846 -1.81038e-15  9.79729e-15      40.8846  9.82799e-18  9.93668e-15      40.8846
Guess var F_r: 
   0.0946115   0.00204309      40.8692    0.0961576     0.001998      40.8687    0.0947095   0.00718424      40.8927    0.0962556   0.00713915      40.8922    0.0873966   0.00201331      40.8706    0.0887444   0.00197408      40.8701    0.0874794   0.00649188      40.8919    0.0888272   0.00645265      40.8914    0.0799732   0.00191368      40.8719    0.0811304   0.00188012      40.8715    0.0800406   0.00575315      40.8911    0.0811978   0.00571959      40.8907    0.0723322   0.00179978      40.8733    0.0733157   0.00177143      40.8729    0.0723853   0.00505475      40.8904    0.0733687    0.0050264        40.89    0.0645494   0.00165925      40.8746     0.065372   0.00163578      40.8743    0.0645894   0.00437059      40.8897     0.065412   0.00434712      40.8893    0.0567099   0.00149852      40.8759    0.0573854   0.00147951      40.8756    0.0567382   0.00371259       40.889    0.0574137   0.00369358      40.8887    0.0489012   0.00132213      40.8772    0.0494429   0.00130713      40.8769    0.0489191   0.00308582      40.8884    0.0494608   0.00307083      40.8881    0.0412161   0.00113481      40.8784    0.0416375   0.00112335      40.8782    0.0412246   0.00249638      40.8877     0.041646   0.00248492      40.8875     0.033752    0.0009415      40.8796    0.0340671  0.000933112      40.8794    0.0337525   0.00195049      40.8872    0.0340676    0.0019421       40.887    0.0266118  0.000747541      40.8807     0.026835  0.000741739      40.8805    0.0266062   0.00145478      40.8866    0.0268294   0.00144898      40.8865    0.0199034  0.000558792      40.8817    0.0200498  0.000555096      40.8816    0.0198939   0.00101634      40.8861    0.0200403   0.00101265       40.886    0.0137402  0.000381756      40.8826    0.0138254  0.000379689      40.8826    0.0137294  0.000642784      40.8857    0.0138145  0.000640718      40.8856   0.00824315  0.000223644      40.8834   0.00828315  0.000222734      40.8834   0.00823368  0.000342354      40.8853   0.00827369  0.000341445      40.8852   0.00355608  9.26121e-05      40.8841   0.00356754  9.23889e-05      40.8841   0.00355054  0.000124141      40.8849   0.00356201  0.000123918      40.8849  1.81483e-15 -3.30371e-15      40.8846  3.39112e-15 -3.29427e-15      40.8846  1.92004e-15  1.79602e-15      40.8846  3.49634e-15  1.80546e-15      40.8846
Candidate var F_l: 
   0.0863276   0.00209436      40.8713    0.0878509   0.00214239      40.8712    0.0859676   0.00722856      40.8949    0.0874909   0.00727658      40.8947    0.0801744   0.00205743      40.8725     0.081502   0.00209933      40.8724    0.0798535   0.00652973      40.8939    0.0811812   0.00657162      40.8938    0.0737687   0.00195087      40.8736    0.0749087   0.00198688      40.8735     0.073486   0.00578483      40.8929    0.0746261   0.00582083      40.8928    0.0670636   0.00183089      40.8748    0.0680319    0.0018615      40.8747     0.066817    0.0050811      40.8919    0.0677854   0.00511171      40.8918    0.0601542   0.00168487      40.8759    0.0609622   0.00171042      40.8758     0.059942   0.00439216       40.891    0.0607499   0.00441771      40.8909    0.0531162   0.00151923       40.877     0.053777   0.00154014       40.877    0.0529363   0.00372993      40.8901    0.0535971   0.00375084      40.8901    0.0460348   0.00133846      40.8781    0.0465622   0.00135515      40.8781    0.0458852   0.00309945      40.8893    0.0464125   0.00311615      40.8893    0.0389999   0.00114728      40.8792    0.0394078    0.0011602      40.8791    0.0388783   0.00250677      40.8885    0.0392862   0.00251969      40.8885    0.0321065  0.000950626      40.8802    0.0324095   0.00096022      40.8801    0.0320106   0.00195812      40.8878    0.0323136   0.00196771      40.8878    0.0254554  0.000753829      40.8811    0.0256684  0.000760573      40.8811    0.0253828   0.00146008      40.8871    0.0255958   0.00146682      40.8871    0.0191524  0.000562766       40.882    0.0192908  0.000567145       40.882    0.0191005   0.00101974      40.8865    0.0192388   0.00102412      40.8865    0.0133093  0.000383947      40.8828    0.0133887  0.000386458      40.8828    0.0132752  0.000644704      40.8859    0.0133546  0.000647214      40.8859   0.00804514  0.000224587      40.8836   0.00808164  0.000225738      40.8835   0.00802588   0.00034321      40.8854   0.00806238  0.000344362      40.8854   0.00350219  9.28322e-05      40.8842   0.00351215  9.31444e-05      40.8842   0.00349451  0.000124355      40.8849   0.00350446  0.000124667      40.8849 -1.58674e-15  4.49736e-15      40.8846  2.33531e-16  4.63676e-15      40.8846 -1.81076e-15  9.79673e-15      40.8846  9.51295e-18  9.93612e-15      40.8846
Candidate var F_r: 
   0.0946126   0.00204324      40.8692    0.0961587   0.00199815      40.8687    0.0947107   0.00718435      40.8927    0.0962567   0.00713927      40.8922    0.0873976   0.00201344      40.8706    0.0887454   0.00197421      40.8701    0.0874805   0.00649198      40.8919    0.0888282   0.00645275      40.8914    0.0799741    0.0019138      40.8719    0.0811313   0.00188024      40.8715    0.0800416   0.00575324      40.8911    0.0811987   0.00571968      40.8907     0.072333   0.00179988      40.8733    0.0733165   0.00177153      40.8729    0.0723861   0.00505483      40.8904    0.0733695   0.00502648        40.89    0.0645501   0.00165934      40.8746    0.0653727   0.00163587      40.8743    0.0645902   0.00437066      40.8897    0.0654128   0.00434719      40.8893    0.0567105   0.00149859      40.8759     0.057386   0.00147958      40.8756    0.0567389   0.00371264       40.889    0.0574143   0.00369363      40.8887    0.0489018   0.00132219      40.8772    0.0494435   0.00130719      40.8769    0.0489196   0.00308587      40.8884    0.0494613   0.00307087      40.8881    0.0412165   0.00113485      40.8784    0.0416379    0.0011234      40.8782     0.041225   0.00249641      40.8877    0.0416464   0.00248496      40.8875    0.0337523  0.000941536      40.8796    0.0340674  0.000933148      40.8794    0.0337529   0.00195052      40.8872     0.034068   0.00194213       40.887    0.0266121  0.000747567      40.8807    0.0268353  0.000741764      40.8805    0.0266065    0.0014548      40.8866    0.0268297     0.001449      40.8865    0.0199036  0.000558809      40.8817      0.02005  0.000555112      40.8816    0.0198941   0.00101635      40.8861    0.0200405   0.00101266       40.886    0.0137404  0.000381765      40.8826    0.0138255  0.000379699      40.8826    0.0137295  0.000642791      40.8857    0.0138147  0.000640725      40.8856   0.00824323  0.000223649      40.8834   0.00828323  0.000222739      40.8834   0.00823376  0.000342357      40.8853   0.00827377  0.000341448      40.8852   0.00355611  9.26135e-05      40.8841   0.00356758  9.23903e-05      40.8841   0.00355058  0.000124142      40.8849   0.00356204  0.000123918      40.8849  1.81528e-15 -3.30411e-15      40.8846   3.3917e-15 -3.29468e-15      40.8846   1.9205e-15  1.79603e-15      40.8846  3.49692e-15  1.80547e-15      40.8846
--------------------------------------------- 
