0, 0 0 0, 0 0 0, 0 0 0, 0 0 0, 0 0 0, 0 0 0, 0 0 0, 0 0 0, 0 0 0, 0 0 0, 0 0 0, 0 0 0, 0 0 0, 0 0 0, 0 0 0, 0 0 0, 
5,   0.0207486 0.000636168  -0.0032496, 0 0 0, 0 0 0, 0 0 0, 0 0 0, 0 0 0, 0 0 0, 0 0 0, 0 0 0, 0 0 0, 0 0 0, 0 0 0, 0 0 0, 0 0 0, 0 0 0, 0 0 0, 
10,    0.0174985 -0.000707348   -0.0187118,   -0.0230096 -0.000317354   -0.0382902,   -0.0192239 -0.000349904   -0.0374527,   -0.0194279 -0.000330728   -0.0364546,   -0.0203476 -0.000299354   -0.0355517,   -0.0216108 -0.000259352   -0.0347495,   -0.0231429 -0.000211595   -0.0340326,  -0.0249057 -0.00015662  -0.0333864,   -0.0268704 -9.48977e-05   -0.0327993,    -0.029014 -2.68679e-05   -0.0322618,  -0.0313176 4.70447e-05  -0.0317668,  -0.0337643 0.000126401  -0.0313091,   -0.036324 0.000210543  -0.0308865,   -0.038803 0.000296764  -0.0305129,  -0.0392967 0.000363773  -0.0303546,   0.00261984 -0.000223197   -0.0233209, 
15,  0.00352597 -0.00207359  -0.0380447,  -0.0704614 -0.00199088   -0.065528,  -0.0683708 -0.00242661   -0.063088,  -0.0675645 -0.00243004  -0.0616294,  -0.0667013 -0.00231464  -0.0602728,    -0.06617 -0.00219039  -0.0590262,  -0.0659352 -0.00206783   -0.057863,  -0.0659368 -0.00194629  -0.0567584,   -0.066121 -0.00182411  -0.0556926,  -0.0664399 -0.00169968    -0.05465,  -0.0668505 -0.00157147  -0.0536187,   -0.067311 -0.00143802  -0.0525908,  -0.0677618 -0.00129754  -0.0515652,  -0.0679432 -0.00114489   -0.050581,    -0.065531 -0.000942685    -0.050084,  -0.00742824 -0.000155047   -0.0422173, 
20,  -0.0280203 -0.00387177  -0.0500179,   -0.116394 -0.00350697  -0.0903675,   -0.117434 -0.00401012  -0.0862859,   -0.115192 -0.00384035  -0.0838316,  -0.112754 -0.0037527 -0.0816818,   -0.110605 -0.00365159  -0.0797501,    -0.10869 -0.00354618  -0.0779949,   -0.106933 -0.00343721  -0.0763934,   -0.105265 -0.00332366  -0.0749316,   -0.103623 -0.00320443  -0.0736027,   -0.101949 -0.00307846  -0.0724059,   -0.100185 -0.00294472  -0.0713469,  -0.0982561 -0.00280146  -0.0704419,  -0.0958575 -0.00263972  -0.0697689,   -0.090375 -0.00238286  -0.0700203,   -0.0187286 -0.000312946   -0.0622691, 
25,  -0.0536943 -0.00337887  -0.0536204,    -0.111313 -0.000897348   -0.0812363,   -0.112048 -0.00278793   -0.077204,   -0.109519 -0.00287681   -0.074693,   -0.107351 -0.00292452  -0.0726021,   -0.105446 -0.00291154  -0.0707263,   -0.103719 -0.00286475  -0.0690254,     -0.1021 -0.00278938   -0.067483,   -0.100524 -0.00268564  -0.0660908,   -0.098932 -0.00255319  -0.0648467,  -0.0972685 -0.00239142  -0.0637547,   -0.095479 -0.00219918  -0.0628239,  -0.0934888 -0.00197326  -0.0620735,  -0.0910088 -0.00169664  -0.0615817, -0.0855721  -0.001246 -0.0620154,    -0.016104 -0.000125363   -0.0550324, 
30, -0.0661605 -0.0029423 -0.0522178,  -0.0870837 -0.00168281  -0.0620987,  -0.0859573 -0.00460603  -0.0592375,  -0.0842084 -0.00464188  -0.0574895,  -0.0829311 -0.00474541  -0.0560315,  -0.0818928 -0.00472964  -0.0547069,  -0.0810255 -0.00466567   -0.053487,  -0.0802713 -0.00455654  -0.0523556,  -0.0795782 -0.00440354  -0.0513022,  -0.0788983 -0.00420664   -0.050321,  -0.0781867 -0.00396523    -0.04941,  -0.0773978 -0.00367805  -0.0485713, -0.0764674 -0.0033417 -0.0478143,  -0.0751375 -0.00293807  -0.0471948,  -0.0711798 -0.00232683  -0.0472307,  -0.00833647 -0.000440393   -0.0393209, 
35,  -0.0691872 -0.00267274  -0.0483108, -0.0658352 -0.0020889 -0.0468636,  -0.0626649 -0.00568192  -0.0450117,  -0.0617049 -0.00560674   -0.043804,  -0.0611739 -0.00574824   -0.042745,  -0.0608621 -0.00573983  -0.0417633,  -0.0607192 -0.00567329   -0.040843,  -0.0606991 -0.00555846  -0.0399693,  -0.0607621 -0.00539624  -0.0391315,  -0.0608721 -0.00518583  -0.0383219,  -0.0609949 -0.00492584  -0.0375357,  -0.0610957 -0.00461421  -0.0367707,  -0.0611227 -0.00424668  -0.0360307,  -0.0608477 -0.00380355  -0.0353562,   -0.058244 -0.00313326  -0.0351602,  -0.00122111 -0.000554909   -0.0266143, 
40,  -0.0665766 -0.00244148  -0.0434006,  -0.0499267 -0.00227219    -0.03559,  -0.0451639 -0.00585211  -0.0344689,  -0.0448189 -0.00584344  -0.0336183,  -0.0448978 -0.00600372  -0.0328093,  -0.0451767 -0.00599398  -0.0320395,   -0.045611 -0.00593204  -0.0313021,  -0.0461654 -0.00582292   -0.030585,  -0.046811 -0.0056675 -0.0298784,  -0.0475217 -0.00546441  -0.0291748,  -0.0482723 -0.00521172  -0.0284683,   -0.049037 -0.00490681  -0.0277552,   -0.049774 -0.00454494   -0.027036,  -0.0502766 -0.00410641  -0.0263422,  -0.0486616 -0.00344061  -0.0260206,  0.00459934 -0.00053388  -0.0169577, 
45,  -0.0612431 -0.00232098  -0.0382624,  -0.0388634 -0.00230473  -0.0275601,  -0.0331328 -0.00545547  -0.0269462,    -0.03325 -0.00550312  -0.0263268,   -0.033801 -0.00565736  -0.0256787,  -0.0345319 -0.00564891  -0.0250438,  -0.0353999 -0.00559465  -0.0244213,  -0.0363786 -0.00549812  -0.0238014,  -0.0374476 -0.00535964  -0.0231757,  -0.0385883 -0.00517754  -0.0225373,  -0.0397826 -0.00494957  -0.0218802,  -0.0410111 -0.00467288  -0.0211999,  -0.0422387 -0.00434271  -0.0204953, -0.0432729 -0.0039406 -0.0197928,  -0.0423171 -0.00332617  -0.0194005,  0.00923763  -0.0003885 -0.00976018, 
50,  -0.0549216 -0.00229706  -0.0332422,  -0.0309442 -0.00229265   -0.021697,  -0.0248094 -0.00471692   -0.021433,  -0.0252861 -0.00480948  -0.0209698,  -0.0262101 -0.00494668  -0.0204341, -0.0272943 -0.0049465 -0.0198932,  -0.0284972 -0.00490719  -0.0193494,  -0.0297994 -0.00483165  -0.0187949,  -0.0311872 -0.00471989  -0.0182225,  -0.0326479 -0.00457002   -0.017626,  -0.0341684 -0.00437967  -0.0169995,  -0.0357339 -0.00414597  -0.0163381,   -0.037314 -0.00386429    -0.01564,  -0.0387243 -0.00351779  -0.0149281,  -0.0382143 -0.00297908  -0.0144891,    0.0131046 -0.000175923  -0.00416407, 
55,  -0.0483829 -0.00232576  -0.0285067, -0.0246155 -0.0023051 -0.0171103,  -0.0184832 -0.00393183  -0.0170928,   -0.019262 -0.00406036  -0.0167414,  -0.0204952 -0.00418103  -0.0162911,  -0.0218715 -0.00419208  -0.0158217,    -0.02335 -0.00417098   -0.015337, -0.0249177 -0.0041201 -0.0148309, -0.0265664 -0.0040392 -0.0142974,  -0.0282877 -0.00392642  -0.0137304,  -0.0300726 -0.00377943  -0.0131245,  -0.0319098 -0.00359536  -0.0124744,  -0.0337721 -0.00336965  -0.0117776,  -0.0354802 -0.00308641   -0.011055,  -0.0353073 -0.00262737  -0.0105795,   0.0165713 3.10389e-05 0.000528612, 
60,  -0.0419656 -0.00236558  -0.0241635,  -0.0192218 -0.00228803  -0.0134188,  -0.0134481 -0.00312844  -0.0135858,  -0.0144726 -0.00326515  -0.0133141,  -0.0159529 -0.00335474  -0.0129286,  -0.0175653 -0.00336476   -0.012514,  -0.0192703 -0.00335538  -0.0120744,  -0.0210589 -0.00332979  -0.0116048,  -0.0229257 -0.00328721  -0.0110996,  -0.0248642 -0.00322413  -0.0105532,  -0.0268671 -0.00313566 -0.00995979,  -0.0289251 -0.00301612 -0.00931409,  -0.0310133 -0.00285879 -0.00861284,  -0.0329557 -0.00264676 -0.00787562,  -0.0330388 -0.00226238 -0.00736597,   0.0198106 0.000228052  0.00463688, 
65,  -0.0358635 -0.00238508  -0.0202645,  -0.0146196 -0.00229819  -0.0104192, -0.00951285 -0.00235988  -0.0107305,  -0.0107384 -0.00240936  -0.0105165,  -0.0124358 -0.00246743  -0.0101828,  -0.0142597 -0.00259478 -0.00980917,  -0.0161423 -0.00280821 -0.00939536,  -0.0180687 -0.00301322 -0.00893842, -0.0200577  -0.003124 -0.0084396,    -0.02213 -0.00312118 -0.00789821,  -0.0242875 -0.00303174 -0.00730876,  -0.0265168   -0.002886 -0.00666353,  -0.0287877 -0.00269872  -0.0059569,  -0.0309219 -0.00246281 -0.00520629,  -0.0312097 -0.00207481 -0.00466843,   0.0228756 0.000406201  0.00825957, 
70,  -0.0301665 -0.00235738  -0.0167997,  -0.0105629 -0.00231799  -0.0079367, -0.00624775 -0.00176137 -0.00834097, -0.00773225 -0.00183685 -0.00817779, -0.00958543 -0.00230181 -0.00786699,  -0.0114172 -0.00274593 -0.00748869,  -0.0133834 -0.00286995 -0.00708995,  -0.0154876 -0.00286705 -0.00666321,  -0.0176695 -0.00283577 -0.00619067,  -0.0199194 -0.00277549 -0.00566556,   -0.022239 -0.00268151 -0.00508276,  -0.0246248 -0.00255249 -0.00443645,  -0.0270559 -0.00238575 -0.00372226,  -0.0293591 -0.00216905 -0.00295745,  -0.0298245 -0.00180627 -0.00239482,   0.0258024 0.000551474   0.0115128, 
75,  -0.0249156 -0.00233092  -0.0137424, -0.00701061 -0.00230602 -0.00585238, -0.00363778 -0.00143152 -0.00632593, -0.00527525 -0.00203185  -0.0061737, -0.00703394  -0.0026568 -0.00584449, -0.00903944 -0.00278237 -0.00550395,  -0.0111953  -0.0028017 -0.00513727,  -0.0134351 -0.00278713 -0.00472726,  -0.0157457 -0.00274394 -0.00426551,  -0.0181278 -0.00267133 -0.00374656,  -0.0205822 -0.00256732 -0.00316495,   -0.023106 -0.00242979 -0.00251465,  -0.0256795 -0.00225553 -0.00179101,  -0.0281301 -0.00203274 -0.00101062,   -0.0287403  -0.00167106 -0.000424167,   0.0286261 0.000654068   0.0145013, 
80,  -0.0201633 -0.00227531  -0.0110692, -0.00405184 -0.00204842 -0.00413803,  -0.0017128 -0.00141703  -0.0046602, -0.00310742 -0.00252383 -0.00444082, -0.00501806 -0.00276632 -0.00414612, -0.00719981 -0.00281425 -0.00383841, -0.00947523 -0.00282037  -0.0034891,  -0.0118216 -0.00279497 -0.00308872,  -0.0142394 -0.00273786 -0.00263205,  -0.0167311 -0.00264815 -0.00211403,  -0.0192978 -0.00252503 -0.00152892,   -0.0219367  -0.00236767 -0.000870315,   -0.0246282  -0.00217411 -0.000133108,  -0.0271993 -0.00193414 0.000666632,  -0.0279198 -0.00156536  0.00127869,  0.0313649 0.00075446  0.0172741, 
85,  -0.0159737 -0.00217321 -0.00876734,  -0.0018343 -0.00160313 -0.00276027, -0.00021054  -0.0018684 -0.00324768, -0.00143798 -0.00270946 -0.00298877, -0.00352503 -0.00285021 -0.00272908, -0.00580373 -0.00289182 -0.00243767, -0.00816752 -0.00285973 -0.00209659,  -0.0106007 -0.00275911 -0.00169855,  -0.0130991 -0.00260806  -0.0012383,   -0.0156661  -0.00242968 -0.000711551,   -0.0183071  -0.00224167 -0.000113804,  -0.0210245 -0.00205014 0.000560505,  -0.0238019 -0.00185049  0.00131643,  -0.0264657 -0.00162595   0.0021384,  -0.0272688 -0.00128922  0.00277584,   0.0340338 0.000872355   0.0198428, 
90,  -0.0123848 -0.00205021 -0.00681556, -0.000330194  -0.00131701  -0.00166464,   0.0011384  -0.0021358 -0.00201629, -0.000290537  -0.00269376  -0.00178697, -0.00248804 -0.00279399 -0.00154653,  -0.0048252 -0.00264391 -0.00125536,  -0.00719727  -0.00237017 -0.000899531,  -0.00962521  -0.00215188 -0.000484591,    -0.012152  -0.00202439 -1.46421e-05,  -0.0147839  -0.0019319 0.000516714,  -0.0175093 -0.00183256  0.00111945,  -0.0203182 -0.00171179  0.00180254,   -0.023189 -0.00156443  0.00257246,  -0.0259456 -0.00137958  0.00341395,  -0.0268219 -0.00107948  0.00407426,  0.0366329 0.00101476  0.0221988, 
95, -0.00935452 -0.00194393 -0.00517029,  0.000775689  -0.00127484 -0.000769053,   0.00220636  -0.00208148 -0.000972151,  0.000593207  -0.00252656 -0.000762167,  -0.00162215  -0.00232894 -0.000511361,  -0.00387432  -0.00196995 -0.000190769, -0.00623744 -0.00181454 0.000172568, -0.00873173 -0.00175152 0.000582236,  -0.0113298 -0.00169957  0.00105157, -0.0140249 -0.0016377  0.0015886,  -0.016815 -0.0015584  0.0022005,  -0.0196958 -0.00145772  0.00289512,  -0.0226464 -0.00133171  0.00367919,  -0.0254876 -0.00116941  0.00453787,   -0.0264283 -0.000895654   0.00521587,  0.0391686 0.00115424  0.0243766, 
100, -0.00646143 -0.00184912 -0.00354052,  0.000775689  -0.00127484 -0.000769053,   0.00220636  -0.00208148 -0.000972151,  0.000593207  -0.00252656 -0.000762167,  -0.00162215  -0.00232894 -0.000511361,  -0.00387432  -0.00196995 -0.000190769, -0.00623744 -0.00181454 0.000172568, -0.00873173 -0.00175152 0.000582236,  -0.0113298 -0.00169957  0.00105157, -0.0140249 -0.0016377  0.0015886,  -0.016815 -0.0015584  0.0022005,  -0.0196958 -0.00145772  0.00289512,  -0.0226464 -0.00133171  0.00367919,  -0.0254876 -0.00116941  0.00453787,   -0.0264283 -0.000895654   0.00521587,  0.0391686 0.00115424  0.0243766, 
105, -0.00370401 -0.00176204  -0.0019323,  0.000868912  -0.00127237 -0.000715856,   0.00225589  -0.00206154 -0.000917212,  0.000633893  -0.00250036 -0.000707662,   -0.0015838  -0.00229976 -0.000456826,  -0.00384165  -0.00194923 -0.000137118, -0.00621065 -0.00179775 0.000225604, -0.00870965 -0.00173603 0.000635176,  -0.0113119 -0.00168475  0.00110474,  -0.0140108 -0.00162342  0.00164226,  -0.0168044 -0.00154466  0.00225492,  -0.0196886 -0.00144455  0.00295057,  -0.0226425 -0.00131915  0.00373596, -0.0254869 -0.0011575 0.00459622,    -0.026429 -0.000884636   0.00527581,  0.0392574 0.00115972  0.0244633, 
110,  -0.00117298  -0.00165874 -0.000470738,   0.00207686  -0.00122211 -7.95567e-05,   0.00284533  -0.00179982 -0.000272671,    0.0011181  -0.00220033 -6.74433e-05, -0.00114177  -0.0020088 0.000180801, -0.00346091 -0.00173102 0.000492956, -0.00588669 -0.00161003 0.000852074, -0.0084325 -0.0015599  0.0012628,  -0.0110769 -0.00151599  0.00173672,  -0.0138158 -0.00146114  0.00228132, -0.0166487 -0.0013889 0.00290375,  -0.0195724 -0.00129556  0.00361193,  -0.0225667 -0.00117717  0.00441274,  -0.0254511 -0.00102296  0.00529128,   -0.0264143 -0.000760143   0.00598908,  0.0400608 0.00121492  0.0253355, 
115,  0.00107782 -0.00149494 0.000700701, 0.00489754 -0.0010656 0.00130614,  0.00412064 -0.00124652  0.00110442,  0.00216954 -0.00157436  0.00130411, -0.000189129  -0.00145942   0.00154621, -0.00263026 -0.00131084  0.00184723, -0.00516608 -0.00124444  0.00220341, -0.00780399 -0.00121738  0.00261994,  -0.0105329 -0.00118903  0.00310575,  -0.0133541 -0.00114792  0.00366744,   -0.016271 -0.00108915  0.00431202,  -0.0192829 -0.00100934   0.0050476,   -0.0223706 -0.000904615   0.00588148,   -0.0253496 -0.000764631   0.00679888,   -0.0263656 -0.000521093   0.00753504,   0.041723 0.00132522   0.027167, 
120, 0.00324286  -0.001339   0.001882, 0.00489754 -0.0010656 0.00130614,  0.00412064 -0.00124652  0.00110442,  0.00216954 -0.00157436  0.00130411, -0.000189129  -0.00145942   0.00154621, -0.00263026 -0.00131084  0.00184723, -0.00516608 -0.00124444  0.00220341, -0.00780399 -0.00121738  0.00261994,  -0.0105329 -0.00118903  0.00310575,  -0.0133541 -0.00114792  0.00366744,   -0.016271 -0.00108915  0.00431202,  -0.0192829 -0.00100934   0.0050476,   -0.0223706 -0.000904615   0.00588148,   -0.0253496 -0.000764631   0.00679888,   -0.0263656 -0.000521093   0.00753504,   0.041723 0.00132522   0.027167, 
125,  0.00533486 -0.00119252  0.00307761, 0.00489754 -0.0010656 0.00130614,  0.00412064 -0.00124652  0.00110442,  0.00216954 -0.00157436  0.00130411, -0.000189129  -0.00145942   0.00154621, -0.00263026 -0.00131084  0.00184723, -0.00516608 -0.00124444  0.00220341, -0.00780399 -0.00121738  0.00261994,  -0.0105329 -0.00118903  0.00310575,  -0.0133541 -0.00114792  0.00366744,   -0.016271 -0.00108915  0.00431202,  -0.0192829 -0.00100934   0.0050476,   -0.0223706 -0.000904615   0.00588148,   -0.0253496 -0.000764631   0.00679888,   -0.0263656 -0.000521093   0.00753504,   0.041723 0.00132522   0.027167, 
130, 0.00736676 -0.0010564 0.00429088, 0.00489754 -0.0010656 0.00130614,  0.00412064 -0.00124652  0.00110442,  0.00216954 -0.00157436  0.00130411, -0.000189129  -0.00145942   0.00154621, -0.00263026 -0.00131084  0.00184723, -0.00516608 -0.00124444  0.00220341, -0.00780399 -0.00121738  0.00261994,  -0.0105329 -0.00118903  0.00310575,  -0.0133541 -0.00114792  0.00366744,   -0.016271 -0.00108915  0.00431202,  -0.0192829 -0.00100934   0.0050476,   -0.0223706 -0.000904615   0.00588148,   -0.0253496 -0.000764631   0.00679888,   -0.0263656 -0.000521093   0.00753504,   0.041723 0.00132522   0.027167, 
135,   0.00833966 -0.000805071   0.00458605,    0.0115156 -0.000355948   0.00530217,   0.00756422 -0.000226257   0.00532371,   0.00488498 -0.000528934   0.00551974,   0.00222697 -0.000630781   0.00577066, -0.000485417  -0.00063839   0.00609087,  -0.00328103 -0.000638364   0.00648212,  -0.00617267 -0.000640493   0.00694885,  -0.00916556 -0.000633577   0.00749778,  -0.0122657 -0.00061289  0.00813647,   -0.0154773 -0.000575366   0.00887405,      -0.0188 -0.000518029    0.0097211,   -0.0222131 -0.000437039    0.0106875,   -0.0255156 -0.000322859    0.0117591,  -0.0266885 -0.00011612   0.0126452,   0.045942 0.00155732   0.032326, 
140,   0.00928443 -0.000558437   0.00489659,    0.0115156 -0.000355948   0.00530217,   0.00756422 -0.000226257   0.00532371,   0.00488498 -0.000528934   0.00551974,   0.00222697 -0.000630781   0.00577066, -0.000485417  -0.00063839   0.00609087,  -0.00328103 -0.000638364   0.00648212,  -0.00617267 -0.000640493   0.00694885,  -0.00916556 -0.000633577   0.00749778,  -0.0122657 -0.00061289  0.00813647,   -0.0154773 -0.000575366   0.00887405,      -0.0188 -0.000518029    0.0097211,   -0.0222131 -0.000437039    0.0106875,   -0.0255156 -0.000322859    0.0117591,  -0.0266885 -0.00011612   0.0126452,   0.045942 0.00155732   0.032326, 
145,    0.0102134 -0.000316229    0.0052222,    0.0115156 -0.000355948   0.00530217,   0.00756422 -0.000226257   0.00532371,   0.00488498 -0.000528934   0.00551974,   0.00222697 -0.000630781   0.00577066, -0.000485417  -0.00063839   0.00609087,  -0.00328103 -0.000638364   0.00648212,  -0.00617267 -0.000640493   0.00694885,  -0.00916556 -0.000633577   0.00749778,  -0.0122657 -0.00061289  0.00813647,   -0.0154773 -0.000575366   0.00887405,      -0.0188 -0.000518029    0.0097211,   -0.0222131 -0.000437039    0.0106875,   -0.0255156 -0.000322859    0.0117591,  -0.0266885 -0.00011612   0.0126452,   0.045942 0.00155732   0.032326, 
150,    0.011139 -7.7531e-05  0.00556198,    0.0115156 -0.000355948   0.00530217,   0.00756422 -0.000226257   0.00532371,   0.00488498 -0.000528934   0.00551974,   0.00222697 -0.000630781   0.00577066, -0.000485417  -0.00063839   0.00609087,  -0.00328103 -0.000638364   0.00648212,  -0.00617267 -0.000640493   0.00694885,  -0.00916556 -0.000633577   0.00749778,  -0.0122657 -0.00061289  0.00813647,   -0.0154773 -0.000575366   0.00887405,      -0.0188 -0.000518029    0.0097211,   -0.0222131 -0.000437039    0.0106875,   -0.0255156 -0.000322859    0.0117591,  -0.0266885 -0.00011612   0.0126452,   0.045942 0.00155732   0.032326, 
155,   0.0120741 0.000158959   0.0059147,    0.0115156 -0.000355948   0.00530217,   0.00756422 -0.000226257   0.00532371,   0.00488498 -0.000528934   0.00551974,   0.00222697 -0.000630781   0.00577066, -0.000485417  -0.00063839   0.00609087,  -0.00328103 -0.000638364   0.00648212,  -0.00617267 -0.000640493   0.00694885,  -0.00916556 -0.000633577   0.00749778,  -0.0122657 -0.00061289  0.00813647,   -0.0154773 -0.000575366   0.00887405,      -0.0188 -0.000518029    0.0097211,   -0.0222131 -0.000437039    0.0106875,   -0.0255156 -0.000322859    0.0117591,  -0.0266885 -0.00011612   0.0126452,   0.045942 0.00155732   0.032326, 
160,   0.0130316 0.000394749  0.00627897,    0.0115156 -0.000355948   0.00530217,   0.00756422 -0.000226257   0.00532371,   0.00488498 -0.000528934   0.00551974,   0.00222697 -0.000630781   0.00577066, -0.000485417  -0.00063839   0.00609087,  -0.00328103 -0.000638364   0.00648212,  -0.00617267 -0.000640493   0.00694885,  -0.00916556 -0.000633577   0.00749778,  -0.0122657 -0.00061289  0.00813647,   -0.0154773 -0.000575366   0.00887405,      -0.0188 -0.000518029    0.0097211,   -0.0222131 -0.000437039    0.0106875,   -0.0255156 -0.000322859    0.0117591,  -0.0266885 -0.00011612   0.0126452,   0.045942 0.00155732   0.032326, 
165,   0.0140248 0.000631452  0.00665333,    0.0115156 -0.000355948   0.00530217,   0.00756422 -0.000226257   0.00532371,   0.00488498 -0.000528934   0.00551974,   0.00222697 -0.000630781   0.00577066, -0.000485417  -0.00063839   0.00609087,  -0.00328103 -0.000638364   0.00648212,  -0.00617267 -0.000640493   0.00694885,  -0.00916556 -0.000633577   0.00749778,  -0.0122657 -0.00061289  0.00813647,   -0.0154773 -0.000575366   0.00887405,      -0.0188 -0.000518029    0.0097211,   -0.0222131 -0.000437039    0.0106875,   -0.0255156 -0.000322859    0.0117591,  -0.0266885 -0.00011612   0.0126452,   0.045942 0.00155732   0.032326, 
170,   0.0150671 0.000870715  0.00703635,    0.0115156 -0.000355948   0.00530217,   0.00756422 -0.000226257   0.00532371,   0.00488498 -0.000528934   0.00551974,   0.00222697 -0.000630781   0.00577066, -0.000485417  -0.00063839   0.00609087,  -0.00328103 -0.000638364   0.00648212,  -0.00617267 -0.000640493   0.00694885,  -0.00916556 -0.000633577   0.00749778,  -0.0122657 -0.00061289  0.00813647,   -0.0154773 -0.000575366   0.00887405,      -0.0188 -0.000518029    0.0097211,   -0.0222131 -0.000437039    0.0106875,   -0.0255156 -0.000322859    0.0117591,  -0.0266885 -0.00011612   0.0126452,   0.045942 0.00155732   0.032326, 
175,   0.016173  0.0011142 0.00742663,    0.0115156 -0.000355948   0.00530217,   0.00756422 -0.000226257   0.00532371,   0.00488498 -0.000528934   0.00551974,   0.00222697 -0.000630781   0.00577066, -0.000485417  -0.00063839   0.00609087,  -0.00328103 -0.000638364   0.00648212,  -0.00617267 -0.000640493   0.00694885,  -0.00916556 -0.000633577   0.00749778,  -0.0122657 -0.00061289  0.00813647,   -0.0154773 -0.000575366   0.00887405,      -0.0188 -0.000518029    0.0097211,   -0.0222131 -0.000437039    0.0106875,   -0.0255156 -0.000322859    0.0117591,  -0.0266885 -0.00011612   0.0126452,   0.045942 0.00155732   0.032326, 
180,  0.0173573 0.00136356  0.0078228,    0.0115156 -0.000355948   0.00530217,   0.00756422 -0.000226257   0.00532371,   0.00488498 -0.000528934   0.00551974,   0.00222697 -0.000630781   0.00577066, -0.000485417  -0.00063839   0.00609087,  -0.00328103 -0.000638364   0.00648212,  -0.00617267 -0.000640493   0.00694885,  -0.00916556 -0.000633577   0.00749778,  -0.0122657 -0.00061289  0.00813647,   -0.0154773 -0.000575366   0.00887405,      -0.0188 -0.000518029    0.0097211,   -0.0222131 -0.000437039    0.0106875,   -0.0255156 -0.000322859    0.0117591,  -0.0266885 -0.00011612   0.0126452,   0.045942 0.00155732   0.032326, 
185,  0.0186361 0.00162049 0.00822355,    0.0115156 -0.000355948   0.00530217,   0.00756422 -0.000226257   0.00532371,   0.00488498 -0.000528934   0.00551974,   0.00222697 -0.000630781   0.00577066, -0.000485417  -0.00063839   0.00609087,  -0.00328103 -0.000638364   0.00648212,  -0.00617267 -0.000640493   0.00694885,  -0.00916556 -0.000633577   0.00749778,  -0.0122657 -0.00061289  0.00813647,   -0.0154773 -0.000575366   0.00887405,      -0.0188 -0.000518029    0.0097211,   -0.0222131 -0.000437039    0.0106875,   -0.0255156 -0.000322859    0.0117591,  -0.0266885 -0.00011612   0.0126452,   0.045942 0.00155732   0.032326, 
190,  0.0200267 0.00188669 0.00862758,    0.0115156 -0.000355948   0.00530217,   0.00756422 -0.000226257   0.00532371,   0.00488498 -0.000528934   0.00551974,   0.00222697 -0.000630781   0.00577066, -0.000485417  -0.00063839   0.00609087,  -0.00328103 -0.000638364   0.00648212,  -0.00617267 -0.000640493   0.00694885,  -0.00916556 -0.000633577   0.00749778,  -0.0122657 -0.00061289  0.00813647,   -0.0154773 -0.000575366   0.00887405,      -0.0188 -0.000518029    0.0097211,   -0.0222131 -0.000437039    0.0106875,   -0.0255156 -0.000322859    0.0117591,  -0.0266885 -0.00011612   0.0126452,   0.045942 0.00155732   0.032326, 
195,  0.0215482 0.00216395  0.0090336,    0.0115156 -0.000355948   0.00530217,   0.00756422 -0.000226257   0.00532371,   0.00488498 -0.000528934   0.00551974,   0.00222697 -0.000630781   0.00577066, -0.000485417  -0.00063839   0.00609087,  -0.00328103 -0.000638364   0.00648212,  -0.00617267 -0.000640493   0.00694885,  -0.00916556 -0.000633577   0.00749778,  -0.0122657 -0.00061289  0.00813647,   -0.0154773 -0.000575366   0.00887405,      -0.0188 -0.000518029    0.0097211,   -0.0222131 -0.000437039    0.0106875,   -0.0255156 -0.000322859    0.0117591,  -0.0266885 -0.00011612   0.0126452,   0.045942 0.00155732   0.032326, 
200,    0.0145334 -0.000221955   0.00950732, -0.00699156  -0.0081888   0.0111868,  0.00371447 -0.00263184    0.010031,  0.00237916 -0.00225205   0.0102388, -0.000229359  -0.00218556    0.0106395, -0.00310018 -0.00214259   0.0111277, -0.00613171 -0.00209306   0.0117026, -0.00931966 -0.00203775   0.0123731,   -0.012668 -0.00197413   0.0131509,  -0.0161789 -0.00189912   0.0140492,  -0.0198514 -0.00180948   0.0150838,  -0.0236793 -0.00170159   0.0162719,  -0.0276313 -0.00157061     0.01763,  -0.0314493 -0.00140428   0.0191416,   -0.032594 -0.00112264   0.0204093,  0.0513684 0.00160673  0.0383573, 
205,  0.00755699 -0.00260007   0.0099793, -0.00699156  -0.0081888   0.0111868,  0.00371447 -0.00263184    0.010031,  0.00237916 -0.00225205   0.0102388, -0.000229359  -0.00218556    0.0106395, -0.00310018 -0.00214259   0.0111277, -0.00613171 -0.00209306   0.0117026, -0.00931966 -0.00203775   0.0123731,   -0.012668 -0.00197413   0.0131509,  -0.0161789 -0.00189912   0.0140492,  -0.0198514 -0.00180948   0.0150838,  -0.0236793 -0.00170159   0.0162719,  -0.0276313 -0.00157061     0.01763,  -0.0314493 -0.00140428   0.0191416,   -0.032594 -0.00112264   0.0204093,  0.0513684 0.00160673  0.0383573, 
210,  0.00469905 -0.00363303   0.0100962, -0.00388054 -0.00732101   0.0105128,  0.00183252 -0.00237018  0.00956264, 0.000323922 -0.00252201  0.00988586, -0.00243211 -0.00251321    0.010298, -0.00536769 -0.00259351   0.0108093, -0.00841734 -0.00263801    0.011426,   -0.0116 -0.002622  0.012155,  -0.0149295 -0.00256801   0.0130061,  -0.0184114 -0.00248465   0.0139925,   -0.022046 -0.00237532   0.0151305,  -0.0258279 -0.00223962   0.0164383,   -0.029725 -0.00207398   0.0179331,  -0.0334684 -0.00186651   0.0195959,  -0.0344178 -0.00153454     0.02099,  0.0536413 0.00160863  0.0393769, 
215,  0.00285039 -0.00421736   0.0101554, -0.00253535 -0.00645097   0.0102934,  0.00216583 -0.00134503  0.00970629,  0.00058327 -0.00230411   0.0100444, -0.00199423   -0.002332   0.0105274, -0.00473563 -0.00238788   0.0111113, -0.00754343 -0.00247735   0.0118046,  -0.0104239 -0.00257603   0.0126148, -0.0134026 -0.0026694  0.0135494,  -0.0165264 -0.00274808   0.0146143,  -0.0198477 -0.00280302   0.0158167,   -0.023399 -0.00282515   0.0171692,  -0.0271471 -0.00280821   0.0186895,  -0.0307717 -0.00274402    0.020365, -0.0314556 -0.0025464  0.0217588,  0.0559775 0.00159331  0.0407272, 
220, 0.000846625 -0.00482268   0.0102546, -0.00253535 -0.00645097   0.0102934,  0.00216583 -0.00134503  0.00970629,  0.00058327 -0.00230411   0.0100444, -0.00199423   -0.002332   0.0105274, -0.00473563 -0.00238788   0.0111113, -0.00754343 -0.00247735   0.0118046,  -0.0104239 -0.00257603   0.0126148, -0.0134026 -0.0026694  0.0135494,  -0.0165264 -0.00274808   0.0146143,  -0.0198477 -0.00280302   0.0158167,   -0.023399 -0.00282515   0.0171692,  -0.0271471 -0.00280821   0.0186895,  -0.0307717 -0.00274402    0.020365, -0.0314556 -0.0025464  0.0217588,  0.0559775 0.00159331  0.0407272, 
225, -0.00134092 -0.00545113   0.0103989, -0.00253535 -0.00645097   0.0102934,  0.00216583 -0.00134503  0.00970629,  0.00058327 -0.00230411   0.0100444, -0.00199423   -0.002332   0.0105274, -0.00473563 -0.00238788   0.0111113, -0.00754343 -0.00247735   0.0118046,  -0.0104239 -0.00257603   0.0126148, -0.0134026 -0.0026694  0.0135494,  -0.0165264 -0.00274808   0.0146143,  -0.0198477 -0.00280302   0.0158167,   -0.023399 -0.00282515   0.0171692,  -0.0271471 -0.00280821   0.0186895,  -0.0307717 -0.00274402    0.020365, -0.0314556 -0.0025464  0.0217588,  0.0559775 0.00159331  0.0407272, 
230, -0.00374347 -0.00610507   0.0105944, -0.00253535 -0.00645097   0.0102934,  0.00216583 -0.00134503  0.00970629,  0.00058327 -0.00230411   0.0100444, -0.00199423   -0.002332   0.0105274, -0.00473563 -0.00238788   0.0111113, -0.00754343 -0.00247735   0.0118046,  -0.0104239 -0.00257603   0.0126148, -0.0134026 -0.0026694  0.0135494,  -0.0165264 -0.00274808   0.0146143,  -0.0198477 -0.00280302   0.0158167,   -0.023399 -0.00282515   0.0171692,  -0.0271471 -0.00280821   0.0186895,  -0.0307717 -0.00274402    0.020365, -0.0314556 -0.0025464  0.0217588,  0.0559775 0.00159331  0.0407272, 
235,  -0.0063952 -0.00678697   0.0108484, -0.00253535 -0.00645097   0.0102934,  0.00216583 -0.00134503  0.00970629,  0.00058327 -0.00230411   0.0100444, -0.00199423   -0.002332   0.0105274, -0.00473563 -0.00238788   0.0111113, -0.00754343 -0.00247735   0.0118046,  -0.0104239 -0.00257603   0.0126148, -0.0134026 -0.0026694  0.0135494,  -0.0165264 -0.00274808   0.0146143,  -0.0198477 -0.00280302   0.0158167,   -0.023399 -0.00282515   0.0171692,  -0.0271471 -0.00280821   0.0186895,  -0.0307717 -0.00274402    0.020365, -0.0314556 -0.0025464  0.0217588,  0.0559775 0.00159331  0.0407272, 
240, -0.00339086 -0.00599214   0.0104348,  0.00610236 -0.00385045  0.00911527, -0.000973884  -0.00228389    0.0094326,  -0.0032685 -0.00302063   0.0100311, -0.00582834 -0.00292756   0.0106323, -0.00855408 -0.00290956   0.0113164,  -0.011434 -0.0029112  0.0121078,  -0.0144705 -0.00292275   0.0130203, -0.0176725  -0.002935  0.0140676,  -0.0210585 -0.00294162   0.0152636,  -0.0246492 -0.00293661   0.0166242,  -0.0284527 -0.00291385    0.018169,  -0.0324281 -0.00286795   0.0199192, -0.0362489 -0.0027868  0.0218553,  -0.0369141 -0.00256919   0.0234599,    0.05884 0.00182646  0.0423809, 
245, -0.000632093   -0.0052339    0.0100571,  0.00610236 -0.00385045  0.00911527, -0.000973884  -0.00228389    0.0094326,  -0.0032685 -0.00302063   0.0100311, -0.00582834 -0.00292756   0.0106323, -0.00855408 -0.00290956   0.0113164,  -0.011434 -0.0029112  0.0121078,  -0.0144705 -0.00292275   0.0130203, -0.0176725  -0.002935  0.0140676,  -0.0210585 -0.00294162   0.0152636,  -0.0246492 -0.00293661   0.0166242,  -0.0284527 -0.00291385    0.018169,  -0.0324281 -0.00286795   0.0199192, -0.0362489 -0.0027868  0.0218553,  -0.0369141 -0.00256919   0.0234599,    0.05884 0.00182646  0.0423809, 
250,  0.00193527 -0.00450592  0.00970993,  0.00610236 -0.00385045  0.00911527, -0.000973884  -0.00228389    0.0094326,  -0.0032685 -0.00302063   0.0100311, -0.00582834 -0.00292756   0.0106323, -0.00855408 -0.00290956   0.0113164,  -0.011434 -0.0029112  0.0121078,  -0.0144705 -0.00292275   0.0130203, -0.0176725  -0.002935  0.0140676,  -0.0210585 -0.00294162   0.0152636,  -0.0246492 -0.00293661   0.0166242,  -0.0284527 -0.00291385    0.018169,  -0.0324281 -0.00286795   0.0199192, -0.0362489 -0.0027868  0.0218553,  -0.0369141 -0.00256919   0.0234599,    0.05884 0.00182646  0.0423809, 
255,  0.00436263 -0.00380255  0.00938746,  0.00610236 -0.00385045  0.00911527, -0.000973884  -0.00228389    0.0094326,  -0.0032685 -0.00302063   0.0100311, -0.00582834 -0.00292756   0.0106323, -0.00855408 -0.00290956   0.0113164,  -0.011434 -0.0029112  0.0121078,  -0.0144705 -0.00292275   0.0130203, -0.0176725  -0.002935  0.0140676,  -0.0210585 -0.00294162   0.0152636,  -0.0246492 -0.00293661   0.0166242,  -0.0284527 -0.00291385    0.018169,  -0.0324281 -0.00286795   0.0199192, -0.0362489 -0.0027868  0.0218553,  -0.0369141 -0.00256919   0.0234599,    0.05884 0.00182646  0.0423809, 
260,  0.00669946 -0.00311866  0.00908352,  0.00610236 -0.00385045  0.00911527, -0.000973884  -0.00228389    0.0094326,  -0.0032685 -0.00302063   0.0100311, -0.00582834 -0.00292756   0.0106323, -0.00855408 -0.00290956   0.0113164,  -0.011434 -0.0029112  0.0121078,  -0.0144705 -0.00292275   0.0130203, -0.0176725  -0.002935  0.0140676,  -0.0210585 -0.00294162   0.0152636,  -0.0246492 -0.00293661   0.0166242,  -0.0284527 -0.00291385    0.018169,  -0.0324281 -0.00286795   0.0199192, -0.0362489 -0.0027868  0.0218553,  -0.0369141 -0.00256919   0.0234599,    0.05884 0.00182646  0.0423809, 
265,  0.00443501 -0.00337546  0.00930851, -0.00235648 -0.00441264   0.0100158, -0.00348787 -0.00323384     0.01042, -0.00588714 -0.00349663   0.0109396, -0.00849851 -0.00331816   0.0115924,  -0.0113029 -0.00325464   0.0123563,  -0.0143023 -0.00320253   0.0132429, -0.0174982 -0.0031616  0.0142672,  -0.0208931 -0.00312404   0.0154464, -0.0244924 -0.0030843  0.0167994,  -0.0283018 -0.00303711   0.0183472,   -0.032318 -0.00297686   0.0201141,  -0.0364964 -0.00289748    0.022124, -0.0404955 -0.0027841  0.0243516,  -0.0410998 -0.00252928   0.0261931,  0.0618817 0.00195505  0.0444605, 
270,  0.00209742 -0.00364529  0.00955382, -0.00235648 -0.00441264   0.0100158, -0.00348787 -0.00323384     0.01042, -0.00588714 -0.00349663   0.0109396, -0.00849851 -0.00331816   0.0115924,  -0.0113029 -0.00325464   0.0123563,  -0.0143023 -0.00320253   0.0132429, -0.0174982 -0.0031616  0.0142672,  -0.0208931 -0.00312404   0.0154464, -0.0244924 -0.0030843  0.0167994,  -0.0283018 -0.00303711   0.0183472,   -0.032318 -0.00297686   0.0201141,  -0.0364964 -0.00289748    0.022124, -0.0404955 -0.0027841  0.0243516,  -0.0410998 -0.00252928   0.0261931,  0.0618817 0.00195505  0.0444605, 
275, -0.000351298  -0.00392904   0.00982661, -0.00235648 -0.00441264   0.0100158, -0.00348787 -0.00323384     0.01042, -0.00588714 -0.00349663   0.0109396, -0.00849851 -0.00331816   0.0115924,  -0.0113029 -0.00325464   0.0123563,  -0.0143023 -0.00320253   0.0132429, -0.0174982 -0.0031616  0.0142672,  -0.0208931 -0.00312404   0.0154464, -0.0244924 -0.0030843  0.0167994,  -0.0283018 -0.00303711   0.0183472,   -0.032318 -0.00297686   0.0201141,  -0.0364964 -0.00289748    0.022124, -0.0404955 -0.0027841  0.0243516,  -0.0410998 -0.00252928   0.0261931,  0.0618817 0.00195505  0.0444605, 
280, -0.00295024 -0.00422769   0.0101346, -0.00235648 -0.00441264   0.0100158, -0.00348787 -0.00323384     0.01042, -0.00588714 -0.00349663   0.0109396, -0.00849851 -0.00331816   0.0115924,  -0.0113029 -0.00325464   0.0123563,  -0.0143023 -0.00320253   0.0132429, -0.0174982 -0.0031616  0.0142672,  -0.0208931 -0.00312404   0.0154464, -0.0244924 -0.0030843  0.0167994,  -0.0283018 -0.00303711   0.0183472,   -0.032318 -0.00297686   0.0201141,  -0.0364964 -0.00289748    0.022124, -0.0404955 -0.0027841  0.0243516,  -0.0410998 -0.00252928   0.0261931,  0.0618817 0.00195505  0.0444605, 
285, -0.00291771 -0.00421135   0.0101944, -0.00246494 -0.00438701   0.0102905,   -0.006077 -0.00357012   0.0106984, -0.00838783 -0.00381422   0.0113456,  -0.0109995 -0.00365726   0.0120781,   -0.013842 -0.00358935   0.0129253,  -0.0169154 -0.00351291   0.0139058,  -0.0202145 -0.00344214   0.0150386,  -0.0237335 -0.00337373   0.0163446,  -0.0274676 -0.00330422   0.0178469,  -0.0314131 -0.00322904   0.0195702,  -0.0355617 -0.00314248   0.0215421,  -0.0398676 -0.00303751   0.0237884,  -0.0439736 -0.00289793    0.026279,  -0.0444719 -0.00261624    0.028329,  0.064628 0.0020317  0.046022, 
290, -0.00308167  -0.0042143   0.0102901, -0.00246494 -0.00438701   0.0102905,   -0.006077 -0.00357012   0.0106984, -0.00838783 -0.00381422   0.0113456,  -0.0109995 -0.00365726   0.0120781,   -0.013842 -0.00358935   0.0129253,  -0.0169154 -0.00351291   0.0139058,  -0.0202145 -0.00344214   0.0150386,  -0.0237335 -0.00337373   0.0163446,  -0.0274676 -0.00330422   0.0178469,  -0.0314131 -0.00322904   0.0195702,  -0.0355617 -0.00314248   0.0215421,  -0.0398676 -0.00303751   0.0237884,  -0.0439736 -0.00289793    0.026279,  -0.0444719 -0.00261624    0.028329,  0.064628 0.0020317  0.046022, 
295, -0.00344228 -0.00423624   0.0104222, -0.00246494 -0.00438701   0.0102905,   -0.006077 -0.00357012   0.0106984, -0.00838783 -0.00381422   0.0113456,  -0.0109995 -0.00365726   0.0120781,   -0.013842 -0.00358935   0.0129253,  -0.0169154 -0.00351291   0.0139058,  -0.0202145 -0.00344214   0.0150386,  -0.0237335 -0.00337373   0.0163446,  -0.0274676 -0.00330422   0.0178469,  -0.0314131 -0.00322904   0.0195702,  -0.0355617 -0.00314248   0.0215421,  -0.0398676 -0.00303751   0.0237884,  -0.0439736 -0.00289793    0.026279,  -0.0444719 -0.00261624    0.028329,  0.064628 0.0020317  0.046022, 
300, -0.00400229 -0.00427701   0.0105917, -0.00246494 -0.00438701   0.0102905,   -0.006077 -0.00357012   0.0106984, -0.00838783 -0.00381422   0.0113456,  -0.0109995 -0.00365726   0.0120781,   -0.013842 -0.00358935   0.0129253,  -0.0169154 -0.00351291   0.0139058,  -0.0202145 -0.00344214   0.0150386,  -0.0237335 -0.00337373   0.0163446,  -0.0274676 -0.00330422   0.0178469,  -0.0314131 -0.00322904   0.0195702,  -0.0355617 -0.00314248   0.0215421,  -0.0398676 -0.00303751   0.0237884,  -0.0439736 -0.00289793    0.026279,  -0.0444719 -0.00261624    0.028329,  0.064628 0.0020317  0.046022, 
305, -0.00476698 -0.00433659   0.0108001, -0.00246494 -0.00438701   0.0102905,   -0.006077 -0.00357012   0.0106984, -0.00838783 -0.00381422   0.0113456,  -0.0109995 -0.00365726   0.0120781,   -0.013842 -0.00358935   0.0129253,  -0.0169154 -0.00351291   0.0139058,  -0.0202145 -0.00344214   0.0150386,  -0.0237335 -0.00337373   0.0163446,  -0.0274676 -0.00330422   0.0178469,  -0.0314131 -0.00322904   0.0195702,  -0.0355617 -0.00314248   0.0215421,  -0.0398676 -0.00303751   0.0237884,  -0.0439736 -0.00289793    0.026279,  -0.0444719 -0.00261624    0.028329,  0.064628 0.0020317  0.046022, 
310, -0.0046646 -0.0043703  0.0109514, -0.00392642 -0.00466824    0.011283, -0.00821951 -0.00410513   0.0118303,  -0.0106467 -0.00417281   0.0125421,  -0.0132816 -0.00402533   0.0133677,  -0.0161727 -0.00393576   0.0143263,  -0.0193256 -0.00383985   0.0154368,  -0.0227406 -0.00374638   0.0167196,   -0.026413 -0.00365066   0.0181985,  -0.0303318 -0.00355026   0.0199006,  -0.0344808 -0.00344249   0.0218565,  -0.0388375 -0.00332366   0.0240994,  -0.0433459 -0.00318776   0.0266594,  -0.0476227 -0.00301861   0.0295011, -0.0480039 -0.0027111  0.0318341,  0.0678049 0.00211959  0.0482373, 
315, -0.00477676 -0.00442315   0.0111406, -0.00392642 -0.00466824    0.011283, -0.00821951 -0.00410513   0.0118303,  -0.0106467 -0.00417281   0.0125421,  -0.0132816 -0.00402533   0.0133677,  -0.0161727 -0.00393576   0.0143263,  -0.0193256 -0.00383985   0.0154368,  -0.0227406 -0.00374638   0.0167196,   -0.026413 -0.00365066   0.0181985,  -0.0303318 -0.00355026   0.0199006,  -0.0344808 -0.00344249   0.0218565,  -0.0388375 -0.00332366   0.0240994,  -0.0433459 -0.00318776   0.0266594,  -0.0476227 -0.00301861   0.0295011, -0.0480039 -0.0027111  0.0318341,  0.0678049 0.00211959  0.0482373, 
320,   -0.005106 -0.00449507   0.0113692, -0.00392642 -0.00466824    0.011283, -0.00821951 -0.00410513   0.0118303,  -0.0106467 -0.00417281   0.0125421,  -0.0132816 -0.00402533   0.0133677,  -0.0161727 -0.00393576   0.0143263,  -0.0193256 -0.00383985   0.0154368,  -0.0227406 -0.00374638   0.0167196,   -0.026413 -0.00365066   0.0181985,  -0.0303318 -0.00355026   0.0199006,  -0.0344808 -0.00344249   0.0218565,  -0.0388375 -0.00332366   0.0240994,  -0.0433459 -0.00318776   0.0266594,  -0.0476227 -0.00301861   0.0295011, -0.0480039 -0.0027111  0.0318341,  0.0678049 0.00211959  0.0482373, 
325, -0.00565752 -0.00458612    0.011639, -0.00392642 -0.00466824    0.011283, -0.00821951 -0.00410513   0.0118303,  -0.0106467 -0.00417281   0.0125421,  -0.0132816 -0.00402533   0.0133677,  -0.0161727 -0.00393576   0.0143263,  -0.0193256 -0.00383985   0.0154368,  -0.0227406 -0.00374638   0.0167196,   -0.026413 -0.00365066   0.0181985,  -0.0303318 -0.00355026   0.0199006,  -0.0344808 -0.00344249   0.0218565,  -0.0388375 -0.00332366   0.0240994,  -0.0433459 -0.00318776   0.0266594,  -0.0476227 -0.00301861   0.0295011, -0.0480039 -0.0027111  0.0318341,  0.0678049 0.00211959  0.0482373, 
330,  -0.0064393 -0.00469645   0.0119528, -0.00392642 -0.00466824    0.011283, -0.00821951 -0.00410513   0.0118303,  -0.0106467 -0.00417281   0.0125421,  -0.0132816 -0.00402533   0.0133677,  -0.0161727 -0.00393576   0.0143263,  -0.0193256 -0.00383985   0.0154368,  -0.0227406 -0.00374638   0.0167196,   -0.026413 -0.00365066   0.0181985,  -0.0303318 -0.00355026   0.0199006,  -0.0344808 -0.00344249   0.0218565,  -0.0388375 -0.00332366   0.0240994,  -0.0433459 -0.00318776   0.0266594,  -0.0476227 -0.00301861   0.0295011, -0.0480039 -0.0027111  0.0318341,  0.0678049 0.00211959  0.0482373, 
335, -0.00630767 -0.00472582   0.0121723, -0.00538984 -0.00500069   0.0126679,  -0.0102326 -0.00433531   0.0132536,   -0.012667 -0.00446878   0.0140459,  -0.0153289 -0.00428414   0.0149748,  -0.0182675 -0.00417731   0.0160582,  -0.0214926 -0.00406392   0.0173159,   -0.025003 -0.00395439   0.0187715,  -0.0287934 -0.00384298   0.0204519,  -0.0328543 -0.00372643   0.0223875,  -0.0371712 -0.00360075   0.0246126,  -0.0417206 -0.00346129    0.027165,  -0.0464383 -0.00330186   0.0300799,  -0.0509052 -0.00310692   0.0333174,  -0.0511793 -0.00277589   0.0359693, 0.0711263 0.0022154 0.0506533, 
340, -0.00642035 -0.00477619   0.0124359, -0.00538984 -0.00500069   0.0126679,  -0.0102326 -0.00433531   0.0132536,   -0.012667 -0.00446878   0.0140459,  -0.0153289 -0.00428414   0.0149748,  -0.0182675 -0.00417731   0.0160582,  -0.0214926 -0.00406392   0.0173159,   -0.025003 -0.00395439   0.0187715,  -0.0287934 -0.00384298   0.0204519,  -0.0328543 -0.00372643   0.0223875,  -0.0371712 -0.00360075   0.0246126,  -0.0417206 -0.00346129    0.027165,  -0.0464383 -0.00330186   0.0300799,  -0.0509052 -0.00310692   0.0333174,  -0.0511793 -0.00277589   0.0359693, 0.0711263 0.0022154 0.0506533, 
345, -0.00678045 -0.00484764   0.0127456, -0.00538984 -0.00500069   0.0126679,  -0.0102326 -0.00433531   0.0132536,   -0.012667 -0.00446878   0.0140459,  -0.0153289 -0.00428414   0.0149748,  -0.0182675 -0.00417731   0.0160582,  -0.0214926 -0.00406392   0.0173159,   -0.025003 -0.00395439   0.0187715,  -0.0287934 -0.00384298   0.0204519,  -0.0328543 -0.00372643   0.0223875,  -0.0371712 -0.00360075   0.0246126,  -0.0417206 -0.00346129    0.027165,  -0.0464383 -0.00330186   0.0300799,  -0.0509052 -0.00310692   0.0333174,  -0.0511793 -0.00277589   0.0359693, 0.0711263 0.0022154 0.0506533, 
350,  -0.0073941 -0.00494039   0.0131042, -0.00538984 -0.00500069   0.0126679,  -0.0102326 -0.00433531   0.0132536,   -0.012667 -0.00446878   0.0140459,  -0.0153289 -0.00428414   0.0149748,  -0.0182675 -0.00417731   0.0160582,  -0.0214926 -0.00406392   0.0173159,   -0.025003 -0.00395439   0.0187715,  -0.0287934 -0.00384298   0.0204519,  -0.0328543 -0.00372643   0.0223875,  -0.0371712 -0.00360075   0.0246126,  -0.0417206 -0.00346129    0.027165,  -0.0464383 -0.00330186   0.0300799,  -0.0509052 -0.00310692   0.0333174,  -0.0511793 -0.00277589   0.0359693, 0.0711263 0.0022154 0.0506533, 
355, -0.00736622 -0.00492997   0.0133625, -0.00670878 -0.00505448   0.0139538,  -0.0115445 -0.00460231   0.0145904,  -0.0139937 -0.00465785   0.0154512,  -0.0166782 -0.00446915   0.0164703,  -0.0196644 -0.00433963    0.017662,  -0.0229568 -0.00420895   0.0190485,  -0.0265541 -0.00408221   0.0206561,  -0.0304498 -0.00395381   0.0225144,  -0.0346328 -0.00382048   0.0246574, -0.0390861 -0.0036783  0.0271233,  -0.0437834 -0.00352262   0.0299547,  -0.0486555 -0.00334698   0.0331912,  -0.0532579 -0.00313571   0.0367883, -0.0534221 -0.0027931   0.039732,  0.0743078 0.00230757  0.0529745, 
360, -0.00760483 -0.00494154    0.013671, -0.00670878 -0.00505448   0.0139538,  -0.0115445 -0.00460231   0.0145904,  -0.0139937 -0.00465785   0.0154512,  -0.0166782 -0.00446915   0.0164703,  -0.0196644 -0.00433963    0.017662,  -0.0229568 -0.00420895   0.0190485,  -0.0265541 -0.00408221   0.0206561,  -0.0304498 -0.00395381   0.0225144,  -0.0346328 -0.00382048   0.0246574, -0.0390861 -0.0036783  0.0271233,  -0.0437834 -0.00352262   0.0299547,  -0.0486555 -0.00334698   0.0331912,  -0.0532579 -0.00313571   0.0367883, -0.0534221 -0.0027931   0.039732,  0.0743078 0.00230757  0.0529745, 
365,  -0.0081145 -0.00497481   0.0140324, -0.00670878 -0.00505448   0.0139538,  -0.0115445 -0.00460231   0.0145904,  -0.0139937 -0.00465785   0.0154512,  -0.0166782 -0.00446915   0.0164703,  -0.0196644 -0.00433963    0.017662,  -0.0229568 -0.00420895   0.0190485,  -0.0265541 -0.00408221   0.0206561,  -0.0304498 -0.00395381   0.0225144,  -0.0346328 -0.00382048   0.0246574, -0.0390861 -0.0036783  0.0271233,  -0.0437834 -0.00352262   0.0299547,  -0.0486555 -0.00334698   0.0331912,  -0.0532579 -0.00313571   0.0367883, -0.0534221 -0.0027931   0.039732,  0.0743078 0.00230757  0.0529745, 
370, -0.00890307 -0.00502966   0.0144505, -0.00670878 -0.00505448   0.0139538,  -0.0115445 -0.00460231   0.0145904,  -0.0139937 -0.00465785   0.0154512,  -0.0166782 -0.00446915   0.0164703,  -0.0196644 -0.00433963    0.017662,  -0.0229568 -0.00420895   0.0190485,  -0.0265541 -0.00408221   0.0206561,  -0.0304498 -0.00395381   0.0225144,  -0.0346328 -0.00382048   0.0246574, -0.0390861 -0.0036783  0.0271233,  -0.0437834 -0.00352262   0.0299547,  -0.0486555 -0.00334698   0.0331912,  -0.0532579 -0.00313571   0.0367883, -0.0534221 -0.0027931   0.039732,  0.0743078 0.00230757  0.0529745, 
375, -0.00866937 -0.00503443   0.0147396, -0.00732155 -0.00519495   0.0153947,  -0.0128658 -0.00474908   0.0160331,  -0.0152917 -0.00482864   0.0169787,  -0.0179962 -0.00459878   0.0180976,  -0.0210247 -0.00445662    0.019409,  -0.0243833 -0.00430885   0.0209371,  -0.0280687 -0.00416604   0.0227107,   -0.032073 -0.00402164   0.0247632,  -0.0363831 -0.00387217   0.0271323,  -0.0409796 -0.00371334   0.0298609,  -0.045833 -0.0035401  0.0329964,  -0.0508678 -0.00334578   0.0365836,   -0.055611 -0.00311527    0.040574,  -0.0556555 -0.00276091   0.0438379,   0.077557 0.00240752  0.0553519, 
380,  -0.0087298 -0.00506155   0.0150854, -0.00732155 -0.00519495   0.0153947,  -0.0128658 -0.00474908   0.0160331,  -0.0152917 -0.00482864   0.0169787,  -0.0179962 -0.00459878   0.0180976,  -0.0210247 -0.00445662    0.019409,  -0.0243833 -0.00430885   0.0209371,  -0.0280687 -0.00416604   0.0227107,   -0.032073 -0.00402164   0.0247632,  -0.0363831 -0.00387217   0.0271323,  -0.0409796 -0.00371334   0.0298609,  -0.045833 -0.0035401  0.0329964,  -0.0508678 -0.00334578   0.0365836,   -0.055611 -0.00311527    0.040574,  -0.0556555 -0.00276091   0.0438379,   0.077557 0.00240752  0.0553519, 
385, -0.00908749 -0.00511089   0.0154909, -0.00732155 -0.00519495   0.0153947,  -0.0128658 -0.00474908   0.0160331,  -0.0152917 -0.00482864   0.0169787,  -0.0179962 -0.00459878   0.0180976,  -0.0210247 -0.00445662    0.019409,  -0.0243833 -0.00430885   0.0209371,  -0.0280687 -0.00416604   0.0227107,   -0.032073 -0.00402164   0.0247632,  -0.0363831 -0.00387217   0.0271323,  -0.0409796 -0.00371334   0.0298609,  -0.045833 -0.0035401  0.0329964,  -0.0508678 -0.00334578   0.0365836,   -0.055611 -0.00311527    0.040574,  -0.0556555 -0.00276091   0.0438379,   0.077557 0.00240752  0.0553519, 
390, -0.00974918 -0.00518244   0.0159602, -0.00732155 -0.00519495   0.0153947,  -0.0128658 -0.00474908   0.0160331,  -0.0152917 -0.00482864   0.0169787,  -0.0179962 -0.00459878   0.0180976,  -0.0210247 -0.00445662    0.019409,  -0.0243833 -0.00430885   0.0209371,  -0.0280687 -0.00416604   0.0227107,   -0.032073 -0.00402164   0.0247632,  -0.0363831 -0.00387217   0.0271323,  -0.0409796 -0.00371334   0.0298609,  -0.045833 -0.0035401  0.0329964,  -0.0508678 -0.00334578   0.0365836,   -0.055611 -0.00311527    0.040574,  -0.0556555 -0.00276091   0.0438379,   0.077557 0.00240752  0.0553519, 
395, -0.00942978  -0.0051654   0.0162742, -0.00776687 -0.00522966   0.0169795,  -0.0140752 -0.00487547   0.0176358,  -0.0164994 -0.00490705   0.0186681,  -0.0192198 -0.00466205   0.0198961,  -0.0222928 -0.00449623   0.0213381,  -0.0257194 -0.00432817   0.0230208,  -0.0294955 -0.00416616   0.0249766,  -0.0336114 -0.00400361   0.0272424,  -0.0380516 -0.00383721   0.0298604,   -0.042794 -0.00366326   0.0328784,  -0.0478053 -0.00347742     0.03635, -0.0530034 -0.0032731  0.0403257,  -0.0578853 -0.00303505   0.0447524,   -0.057797 -0.00268233   0.0483736,  0.0809066 0.00252139  0.0579067, 
400, -0.00942834 -0.00517136    0.016652, -0.00776687 -0.00522966   0.0169795,  -0.0140752 -0.00487547   0.0176358,  -0.0164994 -0.00490705   0.0186681,  -0.0192198 -0.00466205   0.0198961,  -0.0222928 -0.00449623   0.0213381,  -0.0257194 -0.00432817   0.0230208,  -0.0294955 -0.00416616   0.0249766,  -0.0336114 -0.00400361   0.0272424,  -0.0380516 -0.00383721   0.0298604,   -0.042794 -0.00366326   0.0328784,  -0.0478053 -0.00347742     0.03635, -0.0530034 -0.0032731  0.0403257,  -0.0578853 -0.00303505   0.0447524,   -0.057797 -0.00268233   0.0483736,  0.0809066 0.00252139  0.0579067, 
405, -0.00974747 -0.00520001   0.0170974, -0.00776687 -0.00522966   0.0169795,  -0.0140752 -0.00487547   0.0176358,  -0.0164994 -0.00490705   0.0186681,  -0.0192198 -0.00466205   0.0198961,  -0.0222928 -0.00449623   0.0213381,  -0.0257194 -0.00432817   0.0230208,  -0.0294955 -0.00416616   0.0249766,  -0.0336114 -0.00400361   0.0272424,  -0.0380516 -0.00383721   0.0298604,   -0.042794 -0.00366326   0.0328784,  -0.0478053 -0.00347742     0.03635, -0.0530034 -0.0032731  0.0403257,  -0.0578853 -0.00303505   0.0447524,   -0.057797 -0.00268233   0.0483736,  0.0809066 0.00252139  0.0579067, 
410, -0.0103936 -0.0052512  0.0176148, -0.00776687 -0.00522966   0.0169795,  -0.0140752 -0.00487547   0.0176358,  -0.0164994 -0.00490705   0.0186681,  -0.0192198 -0.00466205   0.0198961,  -0.0222928 -0.00449623   0.0213381,  -0.0257194 -0.00432817   0.0230208,  -0.0294955 -0.00416616   0.0249766,  -0.0336114 -0.00400361   0.0272424,  -0.0380516 -0.00383721   0.0298604,   -0.042794 -0.00366326   0.0328784,  -0.0478053 -0.00347742     0.03635, -0.0530034 -0.0032731  0.0403257,  -0.0578853 -0.00303505   0.0447524,   -0.057797 -0.00268233   0.0483736,  0.0809066 0.00252139  0.0579067, 
415, -0.00998927 -0.00523278   0.0179516, -0.00801563  -0.0052878   0.0187012,  -0.0152239 -0.00498031   0.0193806, -0.0176195 -0.0050354  0.0205108,  -0.0203487 -0.00474416   0.0218585,  -0.0234593 -0.00455796   0.0234438,  -0.0269522 -0.00436447   0.0252957,  -0.0308201 -0.00417943   0.0274503,  -0.0350509 -0.00399495    0.029949,  -0.0396262 -0.00380774   0.0328389,  -0.0445202 -0.00361348    0.036174,  -0.0496948 -0.00340688   0.0400142,  -0.0550602 -0.00318059    0.044417,  -0.0600816 -0.00292012   0.0493248,  -0.0598487 -0.00255721   0.0533416,  0.0843507 0.00264167  0.0605013, 
420, -0.00992612 -0.00523747   0.0183605, -0.00801563  -0.0052878   0.0187012,  -0.0152239 -0.00498031   0.0193806, -0.0176195 -0.0050354  0.0205108,  -0.0203487 -0.00474416   0.0218585,  -0.0234593 -0.00455796   0.0234438,  -0.0269522 -0.00436447   0.0252957,  -0.0308201 -0.00417943   0.0274503,  -0.0350509 -0.00399495    0.029949,  -0.0396262 -0.00380774   0.0328389,  -0.0445202 -0.00361348    0.036174,  -0.0496948 -0.00340688   0.0400142,  -0.0550602 -0.00318059    0.044417,  -0.0600816 -0.00292012   0.0493248,  -0.0598487 -0.00255721   0.0533416,  0.0843507 0.00264167  0.0605013, 
425,  -0.0102063 -0.00526504   0.0188455, -0.00801563  -0.0052878   0.0187012,  -0.0152239 -0.00498031   0.0193806, -0.0176195 -0.0050354  0.0205108,  -0.0203487 -0.00474416   0.0218585,  -0.0234593 -0.00455796   0.0234438,  -0.0269522 -0.00436447   0.0252957,  -0.0308201 -0.00417943   0.0274503,  -0.0350509 -0.00399495    0.029949,  -0.0396262 -0.00380774   0.0328389,  -0.0445202 -0.00361348    0.036174,  -0.0496948 -0.00340688   0.0400142,  -0.0550602 -0.00318059    0.044417,  -0.0600816 -0.00292012   0.0493248,  -0.0598487 -0.00255721   0.0533416,  0.0843507 0.00264167  0.0605013, 
430,  -0.0101417 -0.00524705   0.0191915, -0.00919746 -0.00528155   0.0199753,   -0.015807 -0.00493753   0.0207687,  -0.0182199 -0.00499357   0.0219703,  -0.0209695 -0.00468913   0.0234097,  -0.0241172 -0.00449573   0.0251072, -0.0276621 -0.0042986  0.0270936,  -0.0315976 -0.00411325   0.0294079, -0.0359115 -0.0039295  0.0320946,  -0.0405845 -0.00374254   0.0352047, -0.0455894 -0.0035466  0.0387968,  -0.0508861 -0.00333489   0.0429367,  -0.0563794 -0.00309895   0.0476878,  -0.0615099 -0.00282486   0.0529897,   -0.061173 -0.00245565   0.0573329,   0.087491 0.00275615  0.0627845, 
435,  -0.0104296 -0.00525224   0.0196177, -0.00919746 -0.00528155   0.0199753,   -0.015807 -0.00493753   0.0207687,  -0.0182199 -0.00499357   0.0219703,  -0.0209695 -0.00468913   0.0234097,  -0.0241172 -0.00449573   0.0251072, -0.0276621 -0.0042986  0.0270936,  -0.0315976 -0.00411325   0.0294079, -0.0359115 -0.0039295  0.0320946,  -0.0405845 -0.00374254   0.0352047, -0.0455894 -0.0035466  0.0387968,  -0.0508861 -0.00333489   0.0429367,  -0.0563794 -0.00309895   0.0476878,  -0.0615099 -0.00282486   0.0529897,   -0.061173 -0.00245565   0.0573329,   0.087491 0.00275615  0.0627845, 
440,  -0.0110749 -0.00528027    0.020129, -0.00919746 -0.00528155   0.0199753,   -0.015807 -0.00493753   0.0207687,  -0.0182199 -0.00499357   0.0219703,  -0.0209695 -0.00468913   0.0234097,  -0.0241172 -0.00449573   0.0251072, -0.0276621 -0.0042986  0.0270936,  -0.0315976 -0.00411325   0.0294079, -0.0359115 -0.0039295  0.0320946,  -0.0405845 -0.00374254   0.0352047, -0.0455894 -0.0035466  0.0387968,  -0.0508861 -0.00333489   0.0429367,  -0.0563794 -0.00309895   0.0476878,  -0.0615099 -0.00282486   0.0529897,   -0.061173 -0.00245565   0.0573329,   0.087491 0.00275615  0.0627845, 
445, -0.0108483  -0.005238  0.0204964, -0.00937149 -0.00518372    0.021324,  -0.0165939 -0.00501131   0.0221305,  -0.0189627 -0.00501103   0.0234181,  -0.0217157 -0.00468267   0.0249607,  -0.0248887 -0.00448184   0.0267823,  -0.0284814 -0.00426788   0.0289151,  -0.0324847 -0.00406619   0.0314016,  -0.0368843 -0.00386503   0.0342902,  -0.0416586 -0.00366012   0.0376365,  -0.0467775 -0.00344561   0.0415044,  -0.0521969 -0.00321472   0.0459661,  -0.0578151 -0.00295913   0.0510915,  -0.0630461 -0.00266592    0.056817, -0.0625814 -0.0022902  0.0615113,  0.0906416 0.00287791  0.0650149, 
450,  -0.0109941 -0.00521877   0.0209507, -0.00937149 -0.00518372    0.021324,  -0.0165939 -0.00501131   0.0221305,  -0.0189627 -0.00501103   0.0234181,  -0.0217157 -0.00468267   0.0249607,  -0.0248887 -0.00448184   0.0267823,  -0.0284814 -0.00426788   0.0289151,  -0.0324847 -0.00406619   0.0314016,  -0.0368843 -0.00386503   0.0342902,  -0.0416586 -0.00366012   0.0376365,  -0.0467775 -0.00344561   0.0415044,  -0.0521969 -0.00321472   0.0459661,  -0.0578151 -0.00295913   0.0510915,  -0.0630461 -0.00266592    0.056817, -0.0625814 -0.0022902  0.0615113,  0.0906416 0.00287791  0.0650149, 
455,  -0.0115163 -0.00522213   0.0214973, -0.00937149 -0.00518372    0.021324,  -0.0165939 -0.00501131   0.0221305,  -0.0189627 -0.00501103   0.0234181,  -0.0217157 -0.00468267   0.0249607,  -0.0248887 -0.00448184   0.0267823,  -0.0284814 -0.00426788   0.0289151,  -0.0324847 -0.00406619   0.0314016,  -0.0368843 -0.00386503   0.0342902,  -0.0416586 -0.00366012   0.0376365,  -0.0467775 -0.00344561   0.0415044,  -0.0521969 -0.00321472   0.0459661,  -0.0578151 -0.00295913   0.0510915,  -0.0630461 -0.00266592    0.056817, -0.0625814 -0.0022902  0.0615113,  0.0906416 0.00287791  0.0650149, 
460,  -0.0111916 -0.00518555   0.0218801, -0.00937872 -0.00513579   0.0227346,  -0.0173669 -0.00494945   0.0235723,  -0.0196911 -0.00497195   0.0249502,  -0.0224377 -0.00461017   0.0266035, -0.0256291 -0.0044015  0.0285581,  -0.0292621 -0.00417517   0.0308479,  -0.0333264 -0.00396265   0.0335195,  -0.0378057 -0.00374992    0.036625,  -0.0426761 -0.00353259   0.0402252,  -0.0479042 -0.00330458   0.0443898,  -0.0534417 -0.00305909   0.0491981,   -0.059179 -0.00278792   0.0547271, -0.0645021 -0.0024792  0.0609104,  -0.0638935 -0.00210044   0.0659857,  0.0938572 0.00300866  0.0673268, 
465,  -0.0112576 -0.00517165   0.0223573, -0.00937872 -0.00513579   0.0227346,  -0.0173669 -0.00494945   0.0235723,  -0.0196911 -0.00497195   0.0249502,  -0.0224377 -0.00461017   0.0266035, -0.0256291 -0.0044015  0.0285581,  -0.0292621 -0.00417517   0.0308479,  -0.0333264 -0.00396265   0.0335195,  -0.0378057 -0.00374992    0.036625,  -0.0426761 -0.00353259   0.0402252,  -0.0479042 -0.00330458   0.0443898,  -0.0534417 -0.00305909   0.0491981,   -0.059179 -0.00278792   0.0547271, -0.0645021 -0.0024792  0.0609104,  -0.0638935 -0.00210044   0.0659857,  0.0938572 0.00300866  0.0673268, 
470,  -0.0117176 -0.00518001   0.0229347, -0.00937872 -0.00513579   0.0227346,  -0.0173669 -0.00494945   0.0235723,  -0.0196911 -0.00497195   0.0249502,  -0.0224377 -0.00461017   0.0266035, -0.0256291 -0.0044015  0.0285581,  -0.0292621 -0.00417517   0.0308479,  -0.0333264 -0.00396265   0.0335195,  -0.0378057 -0.00374992    0.036625,  -0.0426761 -0.00353259   0.0402252,  -0.0479042 -0.00330458   0.0443898,  -0.0534417 -0.00305909   0.0491981,   -0.059179 -0.00278792   0.0547271, -0.0645021 -0.0024792  0.0609104,  -0.0638935 -0.00210044   0.0659857,  0.0938572 0.00300866  0.0673268, 
475,  -0.0113213 -0.00512948   0.0233322, -0.00925398   -0.005024   0.0242108,  -0.0180849 -0.00494394   0.0251008,  -0.0203617 -0.00492579   0.0265724,  -0.0230941 -0.00454749   0.0283433,   -0.026299 -0.00432565   0.0304391,  -0.0299693 -0.00408174   0.0328957,  -0.0340926 -0.00385445   0.0357638,  -0.0386503 -0.00362645   0.0391003,  -0.0436155 -0.00339367   0.0429711,  -0.0489514 -0.00314956   0.0474526,  -0.0546047 -0.00288689   0.0526316,  -0.060458 -0.0025971  0.0585935,  -0.0658678 -0.00226919   0.0652691,  -0.0651024 -0.00188508   0.0707558,  0.0971392 0.00314655  0.0696593, 
480,  -0.0113328 -0.00510133   0.0238322, -0.00925398   -0.005024   0.0242108,  -0.0180849 -0.00494394   0.0251008,  -0.0203617 -0.00492579   0.0265724,  -0.0230941 -0.00454749   0.0283433,   -0.026299 -0.00432565   0.0304391,  -0.0299693 -0.00408174   0.0328957,  -0.0340926 -0.00385445   0.0357638,  -0.0386503 -0.00362645   0.0391003,  -0.0436155 -0.00339367   0.0429711,  -0.0489514 -0.00314956   0.0474526,  -0.0546047 -0.00288689   0.0526316,  -0.060458 -0.0025971  0.0585935,  -0.0658678 -0.00226919   0.0652691,  -0.0651024 -0.00188508   0.0707558,  0.0971392 0.00314655  0.0696593, 
485,  -0.0117551 -0.00509508   0.0244408, -0.00925398   -0.005024   0.0242108,  -0.0180849 -0.00494394   0.0251008,  -0.0203617 -0.00492579   0.0265724,  -0.0230941 -0.00454749   0.0283433,   -0.026299 -0.00432565   0.0304391,  -0.0299693 -0.00408174   0.0328957,  -0.0340926 -0.00385445   0.0357638,  -0.0386503 -0.00362645   0.0391003,  -0.0436155 -0.00339367   0.0429711,  -0.0489514 -0.00314956   0.0474526,  -0.0546047 -0.00288689   0.0526316,  -0.060458 -0.0025971  0.0585935,  -0.0658678 -0.00226919   0.0652691,  -0.0651024 -0.00188508   0.0707558,  0.0971392 0.00314655  0.0696593, 
490, -0.0112963 -0.0050426  0.0248525, -0.00900467 -0.00491873   0.0257535,  -0.0188001 -0.00485428   0.0267053,  -0.0210108 -0.00485905   0.0282763, -0.0237222  -0.004439  0.0301721,   -0.026932 -0.00421063   0.0324186,  -0.0306324 -0.00394963   0.0350532,  -0.0348083 -0.00370875   0.0381314,  -0.0394385 -0.00346665   0.0417148,   -0.044493 -0.00321958   0.0458753,  -0.0499307 -0.00296054   0.0506965,  -0.0556933 -0.00268189   0.0562736,  -0.0616544 -0.00237469   0.0627013,  -0.0671394 -0.00202877   0.0699078,   -0.066197 -0.00164103   0.0758407,  0.100494 0.0032933 0.0720643, 
495,   -0.011262 -0.00501207   0.0253752, -0.00900467 -0.00491873   0.0257535,  -0.0188001 -0.00485428   0.0267053,  -0.0210108 -0.00485905   0.0282763, -0.0237222  -0.004439  0.0301721,   -0.026932 -0.00421063   0.0324186,  -0.0306324 -0.00394963   0.0350532,  -0.0348083 -0.00370875   0.0381314,  -0.0394385 -0.00346665   0.0417148,   -0.044493 -0.00321958   0.0458753,  -0.0499307 -0.00296054   0.0506965,  -0.0556933 -0.00268189   0.0562736,  -0.0616544 -0.00237469   0.0627013,  -0.0671394 -0.00202877   0.0699078,   -0.066197 -0.00164103   0.0758407,  0.100494 0.0032933 0.0720643, 
500,  -0.0116544 -0.00500301   0.0260155, -0.00900467 -0.00491873   0.0257535,  -0.0188001 -0.00485428   0.0267053,  -0.0210108 -0.00485905   0.0282763, -0.0237222  -0.004439  0.0301721,   -0.026932 -0.00421063   0.0324186,  -0.0306324 -0.00394963   0.0350532,  -0.0348083 -0.00370875   0.0381314,  -0.0394385 -0.00346665   0.0417148,   -0.044493 -0.00321958   0.0458753,  -0.0499307 -0.00296054   0.0506965,  -0.0556933 -0.00268189   0.0562736,  -0.0616544 -0.00237469   0.0627013,  -0.0671394 -0.00202877   0.0699078,   -0.066197 -0.00164103   0.0758407,  0.100494 0.0032933 0.0720643, 
505, -0.0111344 -0.0049372  0.0264411, -0.00862273 -0.00475823   0.0273628,  -0.019486 -0.0047884  0.0283965,  -0.0216186 -0.00476923   0.0300702,  -0.0242959 -0.00432538   0.0320987,  -0.027502 -0.0040854  0.0345053,  -0.0312251 -0.00380657   0.0373288,  -0.0354475 -0.00355113   0.0406302,   -0.040145 -0.00329355   0.0444762,   -0.045284 -0.00303061   0.0489454,  -0.0508191 -0.00275468   0.0541289,  -0.0566858 -0.00245766   0.0601318,  -0.0627479 -0.00213017   0.0670588,   -0.068298 -0.00176307   0.0748361,  -0.0671597 -0.00136995   0.0812513,   0.103927 0.00344728  0.0744983, 
510, -0.0110548 -0.0048929  0.0269868, -0.00862273 -0.00475823   0.0273628,  -0.019486 -0.0047884  0.0283965,  -0.0216186 -0.00476923   0.0300702,  -0.0242959 -0.00432538   0.0320987,  -0.027502 -0.0040854  0.0345053,  -0.0312251 -0.00380657   0.0373288,  -0.0354475 -0.00355113   0.0406302,   -0.040145 -0.00329355   0.0444762,   -0.045284 -0.00303061   0.0489454,  -0.0508191 -0.00275468   0.0541289,  -0.0566858 -0.00245766   0.0601318,  -0.0627479 -0.00213017   0.0670588,   -0.068298 -0.00176307   0.0748361,  -0.0671597 -0.00136995   0.0812513,   0.103927 0.00344728  0.0744983, 
515,  -0.0114176 -0.00486954   0.0276596, -0.00862273 -0.00475823   0.0273628,  -0.019486 -0.0047884  0.0283965,  -0.0216186 -0.00476923   0.0300702,  -0.0242959 -0.00432538   0.0320987,  -0.027502 -0.0040854  0.0345053,  -0.0312251 -0.00380657   0.0373288,  -0.0354475 -0.00355113   0.0406302,   -0.040145 -0.00329355   0.0444762,   -0.045284 -0.00303061   0.0489454,  -0.0508191 -0.00275468   0.0541289,  -0.0566858 -0.00245766   0.0601318,  -0.0627479 -0.00213017   0.0670588,   -0.068298 -0.00176307   0.0748361,  -0.0671597 -0.00136995   0.0812513,   0.103927 0.00344728  0.0744983, 
520,  -0.0108329 -0.00479941   0.0280984, -0.00809111 -0.00459504   0.0290377, -0.0201688 -0.0046645  0.0301708,  -0.0221972 -0.00466997   0.0319521,   -0.024831 -0.00417469   0.0341206,  -0.0280226 -0.00393242   0.0366973, -0.0317593  -0.003633  0.0397215,  -0.0360202 -0.00336289   0.0432604,  -0.0407776 -0.00308936   0.0473861,  -0.0459938 -0.00281013   0.0521845,  -0.0516184 -0.00251693   0.0577553,  -0.0575803 -0.00220121    0.064214,  -0.0637322 -0.00185309   0.0716771,  -0.0693318 -0.00146436    0.080069,  -0.0679724 -0.00106623   0.0870068,   0.107446 0.00360961  0.0770042, 
525,  -0.0107045 -0.00475017    0.028667, -0.00809111 -0.00459504   0.0290377, -0.0201688 -0.0046645  0.0301708,  -0.0221972 -0.00466997   0.0319521,   -0.024831 -0.00417469   0.0341206,  -0.0280226 -0.00393242   0.0366973, -0.0317593  -0.003633  0.0397215,  -0.0360202 -0.00336289   0.0432604,  -0.0407776 -0.00308936   0.0473861,  -0.0459938 -0.00281013   0.0521845,  -0.0516184 -0.00251693   0.0577553,  -0.0575803 -0.00220121    0.064214,  -0.0637322 -0.00185309   0.0716771,  -0.0693318 -0.00146436    0.080069,  -0.0679724 -0.00106623   0.0870068,   0.107446 0.00360961  0.0770042, 
530,  -0.0110335 -0.00472121   0.0293727, -0.00809111 -0.00459504   0.0290377, -0.0201688 -0.0046645  0.0301708,  -0.0221972 -0.00466997   0.0319521,   -0.024831 -0.00417469   0.0341206,  -0.0280226 -0.00393242   0.0366973, -0.0317593  -0.003633  0.0397215,  -0.0360202 -0.00336289   0.0432604,  -0.0407776 -0.00308936   0.0473861,  -0.0459938 -0.00281013   0.0521845,  -0.0516184 -0.00251693   0.0577553,  -0.0575803 -0.00220121    0.064214,  -0.0637322 -0.00185309   0.0716771,  -0.0693318 -0.00146436    0.080069,  -0.0679724 -0.00106623   0.0870068,   0.107446 0.00360961  0.0770042, 
535,  -0.0103792 -0.00463861    0.029824, -0.00739215 -0.00438132    0.030777,  -0.0208284 -0.00455253   0.0320392,  -0.0227309 -0.00454336   0.0339298,  -0.0253063 -0.00401056   0.0362461,  -0.0284722 -0.00376305   0.0390026,  -0.0322124 -0.00344288    0.042239,   -0.036503 -0.00315794   0.0460294,  -0.0413122 -0.00286786   0.0504519,  -0.0465982 -0.00257163      0.0556,  -0.0523046 -0.00226014   0.0615832,   -0.058353 -0.00192427   0.0685286,  -0.0645837 -0.00155359   0.0765655, -0.0702172 -0.0011409  0.0856177,   -0.0686114 -0.000736485    0.0931204,   0.111057 0.00377986  0.0795528, 
540,  -0.0101966 -0.00457622   0.0304152, -0.00739215 -0.00438132    0.030777,  -0.0208284 -0.00455253   0.0320392,  -0.0227309 -0.00454336   0.0339298,  -0.0253063 -0.00401056   0.0362461,  -0.0284722 -0.00376305   0.0390026,  -0.0322124 -0.00344288    0.042239,   -0.036503 -0.00315794   0.0460294,  -0.0413122 -0.00286786   0.0504519,  -0.0465982 -0.00257163      0.0556,  -0.0523046 -0.00226014   0.0615832,   -0.058353 -0.00192427   0.0685286,  -0.0645837 -0.00155359   0.0765655, -0.0702172 -0.0011409  0.0856177,   -0.0686114 -0.000736485    0.0931204,   0.111057 0.00377986  0.0795528, 
545,  -0.0104864 -0.00453336   0.0311543, -0.00739215 -0.00438132    0.030777,  -0.0208284 -0.00455253   0.0320392,  -0.0227309 -0.00454336   0.0339298,  -0.0253063 -0.00401056   0.0362461,  -0.0284722 -0.00376305   0.0390026,  -0.0322124 -0.00344288    0.042239,   -0.036503 -0.00315794   0.0460294,  -0.0413122 -0.00286786   0.0504519,  -0.0465982 -0.00257163      0.0556,  -0.0523046 -0.00226014   0.0615832,   -0.058353 -0.00192427   0.0685286,  -0.0645837 -0.00155359   0.0765655, -0.0702172 -0.0011409  0.0856177,   -0.0686114 -0.000736485    0.0931204,   0.111057 0.00377986  0.0795528, 
550, -0.00975604   -0.004446   0.0316169, -0.00650358 -0.00416191   0.0325782,  -0.0214816 -0.00439542   0.0340029, -0.0232231 -0.0044134  0.0360046,  -0.0257285 -0.00381256   0.0384758,  -0.0288548 -0.00357236   0.0414225,  -0.0325868 -0.00322659   0.0448829, -0.0368966 -0.0029268  0.0489396,  -0.0417478 -0.00261909   0.0536767,  -0.0470936 -0.00230489   0.0591964,  -0.0528715 -0.00197408   0.0656186,  -0.0589943 -0.00161699   0.0730833,  -0.0652887 -0.00122255   0.0817346,   -0.0709356 -0.000784455     0.091496,   -0.0690525 -0.000373112    0.0996103,   0.114773 0.00395824  0.0821695, 
555, -0.00951244 -0.00437799   0.0322301, -0.00650358 -0.00416191   0.0325782,  -0.0214816 -0.00439542   0.0340029, -0.0232231 -0.0044134  0.0360046,  -0.0257285 -0.00381256   0.0384758,  -0.0288548 -0.00357236   0.0414225,  -0.0325868 -0.00322659   0.0448829, -0.0368966 -0.0029268  0.0489396,  -0.0417478 -0.00261909   0.0536767,  -0.0470936 -0.00230489   0.0591964,  -0.0528715 -0.00197408   0.0656186,  -0.0589943 -0.00161699   0.0730833,  -0.0652887 -0.00122255   0.0817346,   -0.0709356 -0.000784455     0.091496,   -0.0690525 -0.000373112    0.0996103,   0.114773 0.00395824  0.0821695, 
560, -0.00975561 -0.00432861   0.0330024, -0.00650358 -0.00416191   0.0325782,  -0.0214816 -0.00439542   0.0340029, -0.0232231 -0.0044134  0.0360046,  -0.0257285 -0.00381256   0.0384758,  -0.0288548 -0.00357236   0.0414225,  -0.0325868 -0.00322659   0.0448829, -0.0368966 -0.0029268  0.0489396,  -0.0417478 -0.00261909   0.0536767,  -0.0470936 -0.00230489   0.0591964,  -0.0528715 -0.00197408   0.0656186,  -0.0589943 -0.00161699   0.0730833,  -0.0652887 -0.00122255   0.0817346,   -0.0709356 -0.000784455     0.091496,   -0.0690525 -0.000373112    0.0996103,   0.114773 0.00395824  0.0821695, 
565, -0.00894191 -0.00422928   0.0334748, -0.00540091 -0.00389333   0.0344375,  -0.0221104 -0.00424919   0.0360736,  -0.0236578 -0.00425773   0.0381832,   -0.026077 -0.00359698   0.0408165,    -0.02915 -0.00336492   0.0439635, -0.0328608 -0.0029918  0.0476593,  -0.0371784 -0.00267744   0.0519967,  -0.0420611 -0.00235146   0.0570659,  -0.0474565 -0.00201868   0.0629789,  -0.053295 -0.0016677  0.0698669,    -0.05948 -0.00128825   0.0778845,  -0.0658226 -0.00086848   0.0871918,   -0.0714613 -0.000403009    0.0977138,  -0.0692685 1.63885e-05    0.106489,   0.118602 0.00414496  0.0848416, 
570, -0.00862964 -0.00414837   0.0341091, -0.00540091 -0.00389333   0.0344375,  -0.0221104 -0.00424919   0.0360736,  -0.0236578 -0.00425773   0.0381832,   -0.026077 -0.00359698   0.0408165,    -0.02915 -0.00336492   0.0439635, -0.0328608 -0.0029918  0.0476593,  -0.0371784 -0.00267744   0.0519967,  -0.0420611 -0.00235146   0.0570659,  -0.0474565 -0.00201868   0.0629789,  -0.053295 -0.0016677  0.0698669,    -0.05948 -0.00128825   0.0778845,  -0.0658226 -0.00086848   0.0871918,   -0.0714613 -0.000403009    0.0977138,  -0.0692685 1.63885e-05    0.106489,   0.118602 0.00414496  0.0848416, 
575,  -0.0088181 -0.00408508    0.034914, -0.00540091 -0.00389333   0.0344375,  -0.0221104 -0.00424919   0.0360736,  -0.0236578 -0.00425773   0.0381832,   -0.026077 -0.00359698   0.0408165,    -0.02915 -0.00336492   0.0439635, -0.0328608 -0.0029918  0.0476593,  -0.0371784 -0.00267744   0.0519967,  -0.0420611 -0.00235146   0.0570659,  -0.0474565 -0.00201868   0.0629789,  -0.053295 -0.0016677  0.0698669,    -0.05948 -0.00128825   0.0778845,  -0.0658226 -0.00086848   0.0871918,   -0.0714613 -0.000403009    0.0977138,  -0.0692685 1.63885e-05    0.106489,   0.118602 0.00414496  0.0848416, 
580, -0.00791275 -0.00398101   0.0353939, -0.00405761 -0.00361855   0.0363492, -0.0227334 -0.0040598  0.0382562,  -0.0240366 -0.00410606   0.0404688,  -0.0263565 -0.00334503   0.0432702,  -0.0293588 -0.00314118    0.046628,  -0.0330334 -0.00273281   0.0505703,  -0.0373452 -0.00240492   0.0552031,  -0.0422463 -0.00205938   0.0606225,  -0.0476786 -0.00170701   0.0669512,  -0.0535642 -0.00133468   0.0743329,   -0.0597957 -0.000931486     0.082938,   -0.0661672 -0.000484741    0.0929453,  -0.0717711 1.01566e-05    0.104282,  -0.0692304 0.000439173    0.113772,   0.122557 0.00434156   0.087579, 
585, -0.00752311 -0.00389426   0.0360474, -0.00405761 -0.00361855   0.0363492, -0.0227334 -0.0040598  0.0382562,  -0.0240366 -0.00410606   0.0404688,  -0.0263565 -0.00334503   0.0432702,  -0.0293588 -0.00314118    0.046628,  -0.0330334 -0.00273281   0.0505703,  -0.0373452 -0.00240492   0.0552031,  -0.0422463 -0.00205938   0.0606225,  -0.0476786 -0.00170701   0.0669512,  -0.0535642 -0.00133468   0.0743329,   -0.0597957 -0.000931486     0.082938,   -0.0661672 -0.000484741    0.0929453,  -0.0717711 1.01566e-05    0.104282,  -0.0692304 0.000439173    0.113772,   0.122557 0.00434156   0.087579, 
590, -0.00776427 -0.00386104   0.0365143, -0.00759319 -0.00371196   0.0375609,  -0.0218365 -0.00385107   0.0398601,  -0.0231775 -0.00394733   0.0420998,  -0.0255819 -0.00310763   0.0449843,  -0.0286456 -0.00295185   0.0484607,  -0.0323805 -0.00251512   0.0525457,  -0.0367573 -0.00218574   0.0573582,  -0.0417268 -0.00182987   0.0629962,  -0.0472312 -0.00146719   0.0695899,  -0.0531906 -0.00108244   0.0772922,   -0.0594928 -0.000664398    0.0862857,   -0.0659221 -0.000199629    0.0967636,  -0.0715423 0.000316029    0.108659,  -0.0688237 0.000752386    0.118657,   0.125807 0.00449216   0.089627, 
595, -0.00851194 -0.00384363   0.0371721, -0.00759319 -0.00371196   0.0375609,  -0.0218365 -0.00385107   0.0398601,  -0.0231775 -0.00394733   0.0420998,  -0.0255819 -0.00310763   0.0449843,  -0.0286456 -0.00295185   0.0484607,  -0.0323805 -0.00251512   0.0525457,  -0.0367573 -0.00218574   0.0573582,  -0.0417268 -0.00182987   0.0629962,  -0.0472312 -0.00146719   0.0695899,  -0.0531906 -0.00108244   0.0772922,   -0.0594928 -0.000664398    0.0862857,   -0.0659221 -0.000199629    0.0967636,  -0.0715423 0.000316029    0.108659,  -0.0688237 0.000752386    0.118657,   0.125807 0.00449216   0.089627, 
600, -0.00976944  -0.0038412   0.0380319, -0.00759319 -0.00371196   0.0375609,  -0.0218365 -0.00385107   0.0398601,  -0.0231775 -0.00394733   0.0420998,  -0.0255819 -0.00310763   0.0449843,  -0.0286456 -0.00295185   0.0484607,  -0.0323805 -0.00251512   0.0525457,  -0.0367573 -0.00218574   0.0573582,  -0.0417268 -0.00182987   0.0629962,  -0.0472312 -0.00146719   0.0695899,  -0.0531906 -0.00108244   0.0772922,   -0.0594928 -0.000664398    0.0862857,   -0.0659221 -0.000199629    0.0967636,  -0.0715423 0.000316029    0.108659,  -0.0688237 0.000752386    0.118657,   0.125807 0.00449216   0.089627, 
605, -0.00801223 -0.00365644   0.0385217, -0.00141016 -0.00300093   0.0393929, -0.0238697 -0.0037342  0.0417106,  -0.0246633 -0.00382097   0.0441123,  -0.0268588 -0.00282321   0.0472124,  -0.0297281 -0.00273678   0.0509561,  -0.0333174 -0.00224108     0.05534,  -0.0375943 -0.00189991   0.0605064,  -0.0424961 -0.00151936    0.066558,  -0.0479551 -0.00113373   0.0736384,   -0.0538781 -0.000724281    0.0819152,   -0.0601363 -0.000279386    0.0915893,  -0.0664895 0.000215388    0.102875,  -0.0719452 0.000763584    0.115707, -0.0686984 0.00121211   0.126519,  0.129762 0.0047067  0.092153, 
610, -0.00681129 -0.00348706   0.0392019, -0.00141016 -0.00300093   0.0393929, -0.0238697 -0.0037342  0.0417106,  -0.0246633 -0.00382097   0.0441123,  -0.0268588 -0.00282321   0.0472124,  -0.0297281 -0.00273678   0.0509561,  -0.0333174 -0.00224108     0.05534,  -0.0375943 -0.00189991   0.0605064,  -0.0424961 -0.00151936    0.066558,  -0.0479551 -0.00113373   0.0736384,   -0.0538781 -0.000724281    0.0819152,   -0.0601363 -0.000279386    0.0915893,  -0.0664895 0.000215388    0.102875,  -0.0719452 0.000763584    0.115707, -0.0686984 0.00121211   0.126519,  0.129762 0.0047067  0.092153, 
615, -0.00669932 -0.00345367   0.0396759,  -0.0054108 -0.00329576   0.0407023,  -0.0223574 -0.00322093   0.0436281,  -0.0233737 -0.00373205   0.0460173, -0.0256018 -0.0024861  0.0491859,  -0.0285437 -0.00251879   0.0530507,  -0.0321976 -0.00197055    0.057573,  -0.0365443 -0.00163909   0.0629229,  -0.0415168 -0.00124816   0.0691995, -0.0470493  -0.000854  0.0765568,  -0.0530461 -0.00043309   0.0851724,  -0.0593731 2.61721e-05   0.0952618,  -0.0657789 0.000539153    0.107057, -0.0712388 0.00110929   0.120502, -0.0677986 0.00156746   0.131889,  0.133208 0.0048674 0.0943257, 
620,    -0.00712 -0.00343385   0.0403606,  -0.0054108 -0.00329576   0.0407023,  -0.0223574 -0.00322093   0.0436281,  -0.0233737 -0.00373205   0.0460173, -0.0256018 -0.0024861  0.0491859,  -0.0285437 -0.00251879   0.0530507,  -0.0321976 -0.00197055    0.057573,  -0.0365443 -0.00163909   0.0629229,  -0.0415168 -0.00124816   0.0691995, -0.0470493  -0.000854  0.0765568,  -0.0530461 -0.00043309   0.0851724,  -0.0593731 2.61721e-05   0.0952618,  -0.0657789 0.000539153    0.107057, -0.0712388 0.00110929   0.120502, -0.0677986 0.00156746   0.131889,  0.133208 0.0048674 0.0943257, 
625,  -0.0067175 -0.00332477    0.040882, -0.00445309 -0.00288898    0.041979,  -0.0227076 -0.00322033   0.0450037,  -0.0232599 -0.00364942   0.0474674,  -0.0255374 -0.00221891   0.0507488,  -0.0284308 -0.00241102   0.0547886,  -0.0320494 -0.00176993    0.059492,  -0.0363849 -0.00144741   0.0650717,  -0.0413574 -0.00103567   0.0716192,   -0.0468995 -0.000625858    0.0793014,  -0.0529075 -0.00018704   0.0883067,   -0.059237 0.000292045   0.0988655,  -0.0656194 0.000827745    0.111228, -0.0709905  0.0014231   0.125342, -0.0672201 0.00189146   0.137337,   0.136491 0.00503246  0.0962422, 
630, -0.00686239 -0.00322904   0.0416229, -0.00445309 -0.00288898    0.041979,  -0.0227076 -0.00322033   0.0450037,  -0.0232599 -0.00364942   0.0474674,  -0.0255374 -0.00221891   0.0507488,  -0.0284308 -0.00241102   0.0547886,  -0.0320494 -0.00176993    0.059492,  -0.0363849 -0.00144741   0.0650717,  -0.0413574 -0.00103567   0.0716192,   -0.0468995 -0.000625858    0.0793014,  -0.0529075 -0.00018704   0.0883067,   -0.059237 0.000292045   0.0988655,  -0.0656194 0.000827745    0.111228, -0.0709905  0.0014231   0.125342, -0.0672201 0.00189146   0.137337,   0.136491 0.00503246  0.0962422, 
635, -0.00625524 -0.00319313   0.0421634, -0.00332268 -0.00301387   0.0432808,  -0.0228091 -0.00232541   0.0465183,  -0.0232391 -0.00386462   0.0490777,  -0.0254148 -0.00173706   0.0524495,  -0.0282536 -0.00224724   0.0566756,  -0.0318155 -0.00147747   0.0615564,  -0.0361223 -0.00118217   0.0673715, -0.0410744 -0.0007524  0.0741952,   -0.0466048 -0.000332947    0.0822108,  -0.0526012 0.000118735   0.0916171,  -0.0589087 0.000612859    0.102661, -0.0652406 0.00116696    0.11561, -0.0704917 0.00178461   0.130422, -0.0663587 0.00226621   0.143055,   0.139857 0.00520348  0.0982065, 
640, -0.00620646 -0.00316957   0.0429315, -0.00332268 -0.00301387   0.0432808,  -0.0228091 -0.00232541   0.0465183,  -0.0232391 -0.00386462   0.0490777,  -0.0254148 -0.00173706   0.0524495,  -0.0282536 -0.00224724   0.0566756,  -0.0318155 -0.00147747   0.0615564,  -0.0361223 -0.00118217   0.0673715, -0.0410744 -0.0007524  0.0741952,   -0.0466048 -0.000332947    0.0822108,  -0.0526012 0.000118735   0.0916171,  -0.0589087 0.000612859    0.102661, -0.0652406 0.00116696    0.11561, -0.0704917 0.00178461   0.130422, -0.0663587 0.00226621   0.143055,   0.139857 0.00520348  0.0982065, 
645, -0.00539547 -0.00306881   0.0434833,  -0.0017825 -0.00266366   0.0445832,   -0.022796 -0.00197243   0.0481309,  -0.0229565 -0.00402087   0.0507795,  -0.0250632 -0.00132803   0.0542109,  -0.0278591 -0.00221084   0.0586374,   -0.031366 -0.00124414   0.0636844,  -0.0356547 -0.00099026   0.0697376,   -0.0405944 -0.000530061    0.0768375,   -0.0461219 -9.54341e-05    0.0851893,  -0.0521149 0.000374798   0.0950019,  -0.0584074 0.000888988    0.106539, -0.0646933 0.00146613   0.120089, -0.0698244 0.00210989   0.135619, -0.0653237 0.00260394   0.148919,  0.143294 0.0053759  0.100234, 
650, -0.00515326 -0.00298091    0.044271,  -0.0017825 -0.00266366   0.0445832,   -0.022796 -0.00197243   0.0481309,  -0.0229565 -0.00402087   0.0507795,  -0.0250632 -0.00132803   0.0542109,  -0.0278591 -0.00221084   0.0586374,   -0.031366 -0.00124414   0.0636844,  -0.0356547 -0.00099026   0.0697376,   -0.0405944 -0.000530061    0.0768375,   -0.0461219 -9.54341e-05    0.0851893,  -0.0521149 0.000374798   0.0950019,  -0.0584074 0.000888988    0.106539, -0.0646933 0.00146613   0.120089, -0.0698244 0.00210989   0.135619, -0.0653237 0.00260394   0.148919,  0.143294 0.0053759  0.100234, 
655, -0.00547701 -0.00290581   0.0453069,  -0.0017825 -0.00266366   0.0445832,   -0.022796 -0.00197243   0.0481309,  -0.0229565 -0.00402087   0.0507795,  -0.0250632 -0.00132803   0.0542109,  -0.0278591 -0.00221084   0.0586374,   -0.031366 -0.00124414   0.0636844,  -0.0356547 -0.00099026   0.0697376,   -0.0405944 -0.000530061    0.0768375,   -0.0461219 -9.54341e-05    0.0851893,  -0.0521149 0.000374798   0.0950019,  -0.0584074 0.000888988    0.106539, -0.0646933 0.00146613   0.120089, -0.0698244 0.00210989   0.135619, -0.0653237 0.00260394   0.148919,  0.143294 0.0053759  0.100234, 
660, -0.00636926  -0.0028433   0.0466063,  -0.0017825 -0.00266366   0.0445832,   -0.022796 -0.00197243   0.0481309,  -0.0229565 -0.00402087   0.0507795,  -0.0250632 -0.00132803   0.0542109,  -0.0278591 -0.00221084   0.0586374,   -0.031366 -0.00124414   0.0636844,  -0.0356547 -0.00099026   0.0697376,   -0.0405944 -0.000530061    0.0768375,   -0.0461219 -9.54341e-05    0.0851893,  -0.0521149 0.000374798   0.0950019,  -0.0584074 0.000888988    0.106539, -0.0646933 0.00146613   0.120089, -0.0698244 0.00210989   0.135619, -0.0653237 0.00260394   0.148919,  0.143294 0.0053759  0.100234, 
665, -0.00783744 -0.00279303   0.0481881,  -0.0017825 -0.00266366   0.0445832,   -0.022796 -0.00197243   0.0481309,  -0.0229565 -0.00402087   0.0507795,  -0.0250632 -0.00132803   0.0542109,  -0.0278591 -0.00221084   0.0586374,   -0.031366 -0.00124414   0.0636844,  -0.0356547 -0.00099026   0.0697376,   -0.0405944 -0.000530061    0.0768375,   -0.0461219 -9.54341e-05    0.0851893,  -0.0521149 0.000374798   0.0950019,  -0.0584074 0.000888988    0.106539, -0.0646933 0.00146613   0.120089, -0.0698244 0.00210989   0.135619, -0.0653237 0.00260394   0.148919,  0.143294 0.0053759  0.100234, 
670, -0.00989332 -0.00275446   0.0500751,  -0.0017825 -0.00266366   0.0445832,   -0.022796 -0.00197243   0.0481309,  -0.0229565 -0.00402087   0.0507795,  -0.0250632 -0.00132803   0.0542109,  -0.0278591 -0.00221084   0.0586374,   -0.031366 -0.00124414   0.0636844,  -0.0356547 -0.00099026   0.0697376,   -0.0405944 -0.000530061    0.0768375,   -0.0461219 -9.54341e-05    0.0851893,  -0.0521149 0.000374798   0.0950019,  -0.0584074 0.000888988    0.106539, -0.0646933 0.00146613   0.120089, -0.0698244 0.00210989   0.135619, -0.0653237 0.00260394   0.148919,  0.143294 0.0053759  0.100234, 
675,  -0.0125525 -0.00272678   0.0522942,  -0.0017825 -0.00266366   0.0445832,   -0.022796 -0.00197243   0.0481309,  -0.0229565 -0.00402087   0.0507795,  -0.0250632 -0.00132803   0.0542109,  -0.0278591 -0.00221084   0.0586374,   -0.031366 -0.00124414   0.0636844,  -0.0356547 -0.00099026   0.0697376,   -0.0405944 -0.000530061    0.0768375,   -0.0461219 -9.54341e-05    0.0851893,  -0.0521149 0.000374798   0.0950019,  -0.0584074 0.000888988    0.106539, -0.0646933 0.00146613   0.120089, -0.0698244 0.00210989   0.135619, -0.0653237 0.00260394   0.148919,  0.143294 0.0053759  0.100234, 
680,  -0.0158337 -0.00270891   0.0548772,  -0.0017825 -0.00266366   0.0445832,   -0.022796 -0.00197243   0.0481309,  -0.0229565 -0.00402087   0.0507795,  -0.0250632 -0.00132803   0.0542109,  -0.0278591 -0.00221084   0.0586374,   -0.031366 -0.00124414   0.0636844,  -0.0356547 -0.00099026   0.0697376,   -0.0405944 -0.000530061    0.0768375,   -0.0461219 -9.54341e-05    0.0851893,  -0.0521149 0.000374798   0.0950019,  -0.0584074 0.000888988    0.106539, -0.0646933 0.00146613   0.120089, -0.0698244 0.00210989   0.135619, -0.0653237 0.00260394   0.148919,  0.143294 0.0053759  0.100234, 
685,   -0.019758 -0.00269947   0.0578614,  -0.0017825 -0.00266366   0.0445832,   -0.022796 -0.00197243   0.0481309,  -0.0229565 -0.00402087   0.0507795,  -0.0250632 -0.00132803   0.0542109,  -0.0278591 -0.00221084   0.0586374,   -0.031366 -0.00124414   0.0636844,  -0.0356547 -0.00099026   0.0697376,   -0.0405944 -0.000530061    0.0768375,   -0.0461219 -9.54341e-05    0.0851893,  -0.0521149 0.000374798   0.0950019,  -0.0584074 0.000888988    0.106539, -0.0646933 0.00146613   0.120089, -0.0698244 0.00210989   0.135619, -0.0653237 0.00260394   0.148919,  0.143294 0.0053759  0.100234, 
690,   -0.024348 -0.00269668   0.0612901,  -0.0017825 -0.00266366   0.0445832,   -0.022796 -0.00197243   0.0481309,  -0.0229565 -0.00402087   0.0507795,  -0.0250632 -0.00132803   0.0542109,  -0.0278591 -0.00221084   0.0586374,   -0.031366 -0.00124414   0.0636844,  -0.0356547 -0.00099026   0.0697376,   -0.0405944 -0.000530061    0.0768375,   -0.0461219 -9.54341e-05    0.0851893,  -0.0521149 0.000374798   0.0950019,  -0.0584074 0.000888988    0.106539, -0.0646933 0.00146613   0.120089, -0.0698244 0.00210989   0.135619, -0.0653237 0.00260394   0.148919,  0.143294 0.0053759  0.100234, 
695,  -0.0296262 -0.00269834   0.0652129,  -0.0017825 -0.00266366   0.0445832,   -0.022796 -0.00197243   0.0481309,  -0.0229565 -0.00402087   0.0507795,  -0.0250632 -0.00132803   0.0542109,  -0.0278591 -0.00221084   0.0586374,   -0.031366 -0.00124414   0.0636844,  -0.0356547 -0.00099026   0.0697376,   -0.0405944 -0.000530061    0.0768375,   -0.0461219 -9.54341e-05    0.0851893,  -0.0521149 0.000374798   0.0950019,  -0.0584074 0.000888988    0.106539, -0.0646933 0.00146613   0.120089, -0.0698244 0.00210989   0.135619, -0.0653237 0.00260394   0.148919,  0.143294 0.0053759  0.100234, 
700,  -0.0356136 -0.00270175    0.069687,  -0.0017825 -0.00266366   0.0445832,   -0.022796 -0.00197243   0.0481309,  -0.0229565 -0.00402087   0.0507795,  -0.0250632 -0.00132803   0.0542109,  -0.0278591 -0.00221084   0.0586374,   -0.031366 -0.00124414   0.0636844,  -0.0356547 -0.00099026   0.0697376,   -0.0405944 -0.000530061    0.0768375,   -0.0461219 -9.54341e-05    0.0851893,  -0.0521149 0.000374798   0.0950019,  -0.0584074 0.000888988    0.106539, -0.0646933 0.00146613   0.120089, -0.0698244 0.00210989   0.135619, -0.0653237 0.00260394   0.148919,  0.143294 0.0053759  0.100234, 
705,  -0.0423276 -0.00270367   0.0747774,  -0.0017825 -0.00266366   0.0445832,   -0.022796 -0.00197243   0.0481309,  -0.0229565 -0.00402087   0.0507795,  -0.0250632 -0.00132803   0.0542109,  -0.0278591 -0.00221084   0.0586374,   -0.031366 -0.00124414   0.0636844,  -0.0356547 -0.00099026   0.0697376,   -0.0405944 -0.000530061    0.0768375,   -0.0461219 -9.54341e-05    0.0851893,  -0.0521149 0.000374798   0.0950019,  -0.0584074 0.000888988    0.106539, -0.0646933 0.00146613   0.120089, -0.0698244 0.00210989   0.135619, -0.0653237 0.00260394   0.148919,  0.143294 0.0053759  0.100234, 
710,  -0.0177458 -0.00179524   0.0744376,  0.100926 0.0011115 0.0413901,    -0.043046 -0.000619314    0.0493831,  -0.0400943 -0.00516766   0.0531029,   -0.0394308 -0.000990827    0.0574344,   -0.039954 -0.00246522   0.0629692,  -0.0415236 -0.00112142   0.0690862,   -0.0442306 -0.000828547    0.0763696,  -0.0478115 -0.00024413   0.0848322,  -0.0521385 0.000296724   0.0947399, -0.0570021  0.0008785   0.106344, -0.0621446 0.00150984   0.119964, -0.0671438 0.00221387   0.135949,  -0.070648 0.00299482    0.15426, -0.0634454 0.00357822     0.1699,   0.149557 0.00565339   0.103283, 
715,    0.0178148 -0.000477793     0.066701,   0.133557 0.00356675  0.0389232, -0.0255248 0.00158425  0.0724516,  -0.0369172 -0.00648048   0.0745772,  -0.0353876 0.000665613   0.0789083,   -0.035326 -0.00231316   0.0852418,   -0.0361764 -0.000340438    0.0919619,   -0.0384242 -0.000151027     0.100212,  -0.0416061 0.000529047    0.109823, -0.0456162 0.00113251   0.121176, -0.0501877 0.00178876   0.134581, -0.0549967 0.00250414   0.150455, -0.0595063  0.0033074    0.16927, -0.0621312 0.00420291   0.191067, -0.0529242 0.00483164   0.210119,   0.164349 0.00634858   0.120183, 
720,    0.0185375 -0.000343654    0.0597922,   0.0146928 -0.00048484   0.0441584,  0.0114031 0.00532755  0.0776328, -0.00955224  -0.0108269    0.075587, -0.0156714 0.00259592  0.0787446,  -0.0186415 -0.00353878   0.0848889,  -0.0215169 -0.00053396   0.0906956,   -0.0257785 -0.000630936    0.0984383,  -0.0306457 9.69601e-05    0.107434,  -0.0362222 0.000690832    0.118207, -0.0422879 0.00134527    0.13104, -0.0485868 0.00205566   0.146384, -0.0546259 0.00284644   0.164754, -0.0588568 0.00370948   0.186282, -0.0515229 0.00421518   0.205673,   0.164052 0.00568146   0.119853, 
725,   0.0187141 -0.00129014   0.0560293,   0.0159272 -0.00607449   0.0476136, -0.000510992    0.0147056    0.0754432, -0.0112362 -0.0177777   0.072356, -0.0186809 0.00545246  0.0738265,  -0.0227056 -0.00538555   0.0804941,    -0.024576 -0.000421705    0.0855316,  -0.0287647 -0.00085991   0.0933227,  -0.0334041 1.48852e-05    0.102074,  -0.0388993 0.000629534    0.112582, -0.0449686 0.00128308   0.125045, -0.0513828 0.00196668   0.139912, -0.0576638  0.0027078   0.157674, -0.0623038  0.0034877   0.178448,  -0.055785 0.00379261   0.197098,   0.157891 0.00543771   0.116662, 
730,   0.0184275 -0.00226289   0.0525221,   0.0159272 -0.00607449   0.0476136, -0.000510992    0.0147056    0.0754432, -0.0112362 -0.0177777   0.072356, -0.0186809 0.00545246  0.0738265,  -0.0227056 -0.00538555   0.0804941,    -0.024576 -0.000421705    0.0855316,  -0.0287647 -0.00085991   0.0933227,  -0.0334041 1.48852e-05    0.102074,  -0.0388993 0.000629534    0.112582, -0.0449686 0.00128308   0.125045, -0.0513828 0.00196668   0.139912, -0.0576638  0.0027078   0.157674, -0.0623038  0.0034877   0.178448,  -0.055785 0.00379261   0.197098,   0.157891 0.00543771   0.116662, 
735, 0.0177495 -0.003304 0.0492198,   0.0159272 -0.00607449   0.0476136, -0.000510992    0.0147056    0.0754432, -0.0112362 -0.0177777   0.072356, -0.0186809 0.00545246  0.0738265,  -0.0227056 -0.00538555   0.0804941,    -0.024576 -0.000421705    0.0855316,  -0.0287647 -0.00085991   0.0933227,  -0.0334041 1.48852e-05    0.102074,  -0.0388993 0.000629534    0.112582, -0.0449686 0.00128308   0.125045, -0.0513828 0.00196668   0.139912, -0.0576638  0.0027078   0.157674, -0.0623038  0.0034877   0.178448,  -0.055785 0.00379261   0.197098,   0.157891 0.00543771   0.116662, 
740,   0.0161052 -0.00397074   0.0477382,   0.0119514 -0.00695753    0.049421, -0.00408217   0.0263323    0.073374, -0.0217349 -0.0281996  0.0688936, -0.0272028 0.00766683  0.0669669,  -0.0316991 -0.00866504    0.072513,  -0.0325759 -0.00153095   0.0764912,  -0.0366222 -0.00230865   0.0837825, -0.0409823 -0.0012297  0.0917731,  -0.0462835 -0.00051713    0.101358,  -0.0521836 0.000237844    0.112631, -0.0585001  0.0010126   0.125981, -0.0648289 0.00183042   0.141814, -0.0698512 0.00266195   0.160193, -0.0648712 0.00295615   0.176474,   0.141589 0.00409036   0.108839, 
745,   0.0139856 -0.00481844   0.0463658,   0.0119514 -0.00695753    0.049421, -0.00408217   0.0263323    0.073374, -0.0217349 -0.0281996  0.0688936, -0.0272028 0.00766683  0.0669669,  -0.0316991 -0.00866504    0.072513,  -0.0325759 -0.00153095   0.0764912,  -0.0366222 -0.00230865   0.0837825, -0.0409823 -0.0012297  0.0917731,  -0.0462835 -0.00051713    0.101358,  -0.0521836 0.000237844    0.112631, -0.0585001  0.0010126   0.125981, -0.0648289 0.00183042   0.141814, -0.0698512 0.00266195   0.160193, -0.0648712 0.00295615   0.176474,   0.141589 0.00409036   0.108839, 
750,  0.0113482 -0.0059039  0.0450753,   0.0119514 -0.00695753    0.049421, -0.00408217   0.0263323    0.073374, -0.0217349 -0.0281996  0.0688936, -0.0272028 0.00766683  0.0669669,  -0.0316991 -0.00866504    0.072513,  -0.0325759 -0.00153095   0.0764912,  -0.0366222 -0.00230865   0.0837825, -0.0409823 -0.0012297  0.0917731,  -0.0462835 -0.00051713    0.101358,  -0.0521836 0.000237844    0.112631, -0.0585001  0.0010126   0.125981, -0.0648289 0.00183042   0.141814, -0.0698512 0.00266195   0.160193, -0.0648712 0.00295615   0.176474,   0.141589 0.00409036   0.108839, 
755,  0.00815301 -0.00728111   0.0438412,   0.0119514 -0.00695753    0.049421, -0.00408217   0.0263323    0.073374, -0.0217349 -0.0281996  0.0688936, -0.0272028 0.00766683  0.0669669,  -0.0316991 -0.00866504    0.072513,  -0.0325759 -0.00153095   0.0764912,  -0.0366222 -0.00230865   0.0837825, -0.0409823 -0.0012297  0.0917731,  -0.0462835 -0.00051713    0.101358,  -0.0521836 0.000237844    0.112631, -0.0585001  0.0010126   0.125981, -0.0648289 0.00183042   0.141814, -0.0698512 0.00266195   0.160193, -0.0648712 0.00295615   0.176474,   0.141589 0.00409036   0.108839, 
760,  0.00436367 -0.00900192   0.0426407,   0.0119514 -0.00695753    0.049421, -0.00408217   0.0263323    0.073374, -0.0217349 -0.0281996  0.0688936, -0.0272028 0.00766683  0.0669669,  -0.0316991 -0.00866504    0.072513,  -0.0325759 -0.00153095   0.0764912,  -0.0366222 -0.00230865   0.0837825, -0.0409823 -0.0012297  0.0917731,  -0.0462835 -0.00051713    0.101358,  -0.0521836 0.000237844    0.112631, -0.0585001  0.0010126   0.125981, -0.0648289 0.00183042   0.141814, -0.0698512 0.00266195   0.160193, -0.0648712 0.00295615   0.176474,   0.141589 0.00409036   0.108839, 
765, -5.00134e-05   -0.0111168    0.0414536,   0.0119514 -0.00695753    0.049421, -0.00408217   0.0263323    0.073374, -0.0217349 -0.0281996  0.0688936, -0.0272028 0.00766683  0.0669669,  -0.0316991 -0.00866504    0.072513,  -0.0325759 -0.00153095   0.0764912,  -0.0366222 -0.00230865   0.0837825, -0.0409823 -0.0012297  0.0917731,  -0.0462835 -0.00051713    0.101358,  -0.0521836 0.000237844    0.112631, -0.0585001  0.0010126   0.125981, -0.0648289 0.00183042   0.141814, -0.0698512 0.00266195   0.160193, -0.0648712 0.00295615   0.176474,   0.141589 0.00409036   0.108839, 
770, -0.00510979  -0.0136757   0.0402629,   0.0119514 -0.00695753    0.049421, -0.00408217   0.0263323    0.073374, -0.0217349 -0.0281996  0.0688936, -0.0272028 0.00766683  0.0669669,  -0.0316991 -0.00866504    0.072513,  -0.0325759 -0.00153095   0.0764912,  -0.0366222 -0.00230865   0.0837825, -0.0409823 -0.0012297  0.0917731,  -0.0462835 -0.00051713    0.101358,  -0.0521836 0.000237844    0.112631, -0.0585001  0.0010126   0.125981, -0.0648289 0.00183042   0.141814, -0.0698512 0.00266195   0.160193, -0.0648712 0.00295615   0.176474,   0.141589 0.00409036   0.108839, 
775, -0.0108262 -0.0167289  0.0390551,   0.0119514 -0.00695753    0.049421, -0.00408217   0.0263323    0.073374, -0.0217349 -0.0281996  0.0688936, -0.0272028 0.00766683  0.0669669,  -0.0316991 -0.00866504    0.072513,  -0.0325759 -0.00153095   0.0764912,  -0.0366222 -0.00230865   0.0837825, -0.0409823 -0.0012297  0.0917731,  -0.0462835 -0.00051713    0.101358,  -0.0521836 0.000237844    0.112631, -0.0585001  0.0010126   0.125981, -0.0648289 0.00183042   0.141814, -0.0698512 0.00266195   0.160193, -0.0648712 0.00295615   0.176474,   0.141589 0.00409036   0.108839, 
780, -0.0171954 -0.0203282  0.0378203,   0.0119514 -0.00695753    0.049421, -0.00408217   0.0263323    0.073374, -0.0217349 -0.0281996  0.0688936, -0.0272028 0.00766683  0.0669669,  -0.0316991 -0.00866504    0.072513,  -0.0325759 -0.00153095   0.0764912,  -0.0366222 -0.00230865   0.0837825, -0.0409823 -0.0012297  0.0917731,  -0.0462835 -0.00051713    0.101358,  -0.0521836 0.000237844    0.112631, -0.0585001  0.0010126   0.125981, -0.0648289 0.00183042   0.141814, -0.0698512 0.00266195   0.160193, -0.0648712 0.00295615   0.176474,   0.141589 0.00409036   0.108839, 
785, -0.0214644 -0.0261536  0.0335229,   0.0119514 -0.00695753    0.049421, -0.00408217   0.0263323    0.073374, -0.0217349 -0.0281996  0.0688936, -0.0272028 0.00766683  0.0669669,  -0.0316991 -0.00866504    0.072513,  -0.0325759 -0.00153095   0.0764912,  -0.0366222 -0.00230865   0.0837825, -0.0409823 -0.0012297  0.0917731,  -0.0462835 -0.00051713    0.101358,  -0.0521836 0.000237844    0.112631, -0.0585001  0.0010126   0.125981, -0.0648289 0.00183042   0.141814, -0.0698512 0.00266195   0.160193, -0.0648712 0.00295615   0.176474,   0.141589 0.00409036   0.108839, 
790, -0.0273031 -0.0320246  0.0303147,   0.0119514 -0.00695753    0.049421, -0.00408217   0.0263323    0.073374, -0.0217349 -0.0281996  0.0688936, -0.0272028 0.00766683  0.0669669,  -0.0316991 -0.00866504    0.072513,  -0.0325759 -0.00153095   0.0764912,  -0.0366222 -0.00230865   0.0837825, -0.0409823 -0.0012297  0.0917731,  -0.0462835 -0.00051713    0.101358,  -0.0521836 0.000237844    0.112631, -0.0585001  0.0010126   0.125981, -0.0648289 0.00183042   0.141814, -0.0698512 0.00266195   0.160193, -0.0648712 0.00295615   0.176474,   0.141589 0.00409036   0.108839, 
795, -0.0350033 -0.0384279   0.028111,   0.0119514 -0.00695753    0.049421, -0.00408217   0.0263323    0.073374, -0.0217349 -0.0281996  0.0688936, -0.0272028 0.00766683  0.0669669,  -0.0316991 -0.00866504    0.072513,  -0.0325759 -0.00153095   0.0764912,  -0.0366222 -0.00230865   0.0837825, -0.0409823 -0.0012297  0.0917731,  -0.0462835 -0.00051713    0.101358,  -0.0521836 0.000237844    0.112631, -0.0585001  0.0010126   0.125981, -0.0648289 0.00183042   0.141814, -0.0698512 0.00266195   0.160193, -0.0648712 0.00295615   0.176474,   0.141589 0.00409036   0.108839, 
800, -0.0440397 -0.0445085  0.0268004,   0.0119514 -0.00695753    0.049421, -0.00408217   0.0263323    0.073374, -0.0217349 -0.0281996  0.0688936, -0.0272028 0.00766683  0.0669669,  -0.0316991 -0.00866504    0.072513,  -0.0325759 -0.00153095   0.0764912,  -0.0366222 -0.00230865   0.0837825, -0.0409823 -0.0012297  0.0917731,  -0.0462835 -0.00051713    0.101358,  -0.0521836 0.000237844    0.112631, -0.0585001  0.0010126   0.125981, -0.0648289 0.00183042   0.141814, -0.0698512 0.00266195   0.160193, -0.0648712 0.00295615   0.176474,   0.141589 0.00409036   0.108839, 
805, -0.0537064 -0.0511241  0.0255686,   0.0119514 -0.00695753    0.049421, -0.00408217   0.0263323    0.073374, -0.0217349 -0.0281996  0.0688936, -0.0272028 0.00766683  0.0669669,  -0.0316991 -0.00866504    0.072513,  -0.0325759 -0.00153095   0.0764912,  -0.0366222 -0.00230865   0.0837825, -0.0409823 -0.0012297  0.0917731,  -0.0462835 -0.00051713    0.101358,  -0.0521836 0.000237844    0.112631, -0.0585001  0.0010126   0.125981, -0.0648289 0.00183042   0.141814, -0.0698512 0.00266195   0.160193, -0.0648712 0.00295615   0.176474,   0.141589 0.00409036   0.108839, 
810, -0.0638355 -0.0586132  0.0243246,   0.0119514 -0.00695753    0.049421, -0.00408217   0.0263323    0.073374, -0.0217349 -0.0281996  0.0688936, -0.0272028 0.00766683  0.0669669,  -0.0316991 -0.00866504    0.072513,  -0.0325759 -0.00153095   0.0764912,  -0.0366222 -0.00230865   0.0837825, -0.0409823 -0.0012297  0.0917731,  -0.0462835 -0.00051713    0.101358,  -0.0521836 0.000237844    0.112631, -0.0585001  0.0010126   0.125981, -0.0648289 0.00183042   0.141814, -0.0698512 0.00266195   0.160193, -0.0648712 0.00295615   0.176474,   0.141589 0.00409036   0.108839, 
815, -0.0743118 -0.0670942   0.023089,   0.0119514 -0.00695753    0.049421, -0.00408217   0.0263323    0.073374, -0.0217349 -0.0281996  0.0688936, -0.0272028 0.00766683  0.0669669,  -0.0316991 -0.00866504    0.072513,  -0.0325759 -0.00153095   0.0764912,  -0.0366222 -0.00230865   0.0837825, -0.0409823 -0.0012297  0.0917731,  -0.0462835 -0.00051713    0.101358,  -0.0521836 0.000237844    0.112631, -0.0585001  0.0010126   0.125981, -0.0648289 0.00183042   0.141814, -0.0698512 0.00266195   0.160193, -0.0648712 0.00295615   0.176474,   0.141589 0.00409036   0.108839, 
820, -0.0849887 -0.0767044  0.0218859,   0.0119514 -0.00695753    0.049421, -0.00408217   0.0263323    0.073374, -0.0217349 -0.0281996  0.0688936, -0.0272028 0.00766683  0.0669669,  -0.0316991 -0.00866504    0.072513,  -0.0325759 -0.00153095   0.0764912,  -0.0366222 -0.00230865   0.0837825, -0.0409823 -0.0012297  0.0917731,  -0.0462835 -0.00051713    0.101358,  -0.0521836 0.000237844    0.112631, -0.0585001  0.0010126   0.125981, -0.0648289 0.00183042   0.141814, -0.0698512 0.00266195   0.160193, -0.0648712 0.00295615   0.176474,   0.141589 0.00409036   0.108839, 
825, -0.0956886 -0.0876009  0.0207422,   0.0119514 -0.00695753    0.049421, -0.00408217   0.0263323    0.073374, -0.0217349 -0.0281996  0.0688936, -0.0272028 0.00766683  0.0669669,  -0.0316991 -0.00866504    0.072513,  -0.0325759 -0.00153095   0.0764912,  -0.0366222 -0.00230865   0.0837825, -0.0409823 -0.0012297  0.0917731,  -0.0462835 -0.00051713    0.101358,  -0.0521836 0.000237844    0.112631, -0.0585001  0.0010126   0.125981, -0.0648289 0.00183042   0.141814, -0.0698512 0.00266195   0.160193, -0.0648712 0.00295615   0.176474,   0.141589 0.00409036   0.108839, 
830,  -0.106204 -0.0999584  0.0196851,   0.0119514 -0.00695753    0.049421, -0.00408217   0.0263323    0.073374, -0.0217349 -0.0281996  0.0688936, -0.0272028 0.00766683  0.0669669,  -0.0316991 -0.00866504    0.072513,  -0.0325759 -0.00153095   0.0764912,  -0.0366222 -0.00230865   0.0837825, -0.0409823 -0.0012297  0.0917731,  -0.0462835 -0.00051713    0.101358,  -0.0521836 0.000237844    0.112631, -0.0585001  0.0010126   0.125981, -0.0648289 0.00183042   0.141814, -0.0698512 0.00266195   0.160193, -0.0648712 0.00295615   0.176474,   0.141589 0.00409036   0.108839, 
835, -0.116302 -0.113965 0.0187375,   0.0119514 -0.00695753    0.049421, -0.00408217   0.0263323    0.073374, -0.0217349 -0.0281996  0.0688936, -0.0272028 0.00766683  0.0669669,  -0.0316991 -0.00866504    0.072513,  -0.0325759 -0.00153095   0.0764912,  -0.0366222 -0.00230865   0.0837825, -0.0409823 -0.0012297  0.0917731,  -0.0462835 -0.00051713    0.101358,  -0.0521836 0.000237844    0.112631, -0.0585001  0.0010126   0.125981, -0.0648289 0.00183042   0.141814, -0.0698512 0.00266195   0.160193, -0.0648712 0.00295615   0.176474,   0.141589 0.00409036   0.108839, 
840, -0.125727 -0.129817 0.0179112,   0.0119514 -0.00695753    0.049421, -0.00408217   0.0263323    0.073374, -0.0217349 -0.0281996  0.0688936, -0.0272028 0.00766683  0.0669669,  -0.0316991 -0.00866504    0.072513,  -0.0325759 -0.00153095   0.0764912,  -0.0366222 -0.00230865   0.0837825, -0.0409823 -0.0012297  0.0917731,  -0.0462835 -0.00051713    0.101358,  -0.0521836 0.000237844    0.112631, -0.0585001  0.0010126   0.125981, -0.0648289 0.00183042   0.141814, -0.0698512 0.00266195   0.160193, -0.0648712 0.00295615   0.176474,   0.141589 0.00409036   0.108839, 
845, -0.134219 -0.147709 0.0171949,   0.0119514 -0.00695753    0.049421, -0.00408217   0.0263323    0.073374, -0.0217349 -0.0281996  0.0688936, -0.0272028 0.00766683  0.0669669,  -0.0316991 -0.00866504    0.072513,  -0.0325759 -0.00153095   0.0764912,  -0.0366222 -0.00230865   0.0837825, -0.0409823 -0.0012297  0.0917731,  -0.0462835 -0.00051713    0.101358,  -0.0521836 0.000237844    0.112631, -0.0585001  0.0010126   0.125981, -0.0648289 0.00183042   0.141814, -0.0698512 0.00266195   0.160193, -0.0648712 0.00295615   0.176474,   0.141589 0.00409036   0.108839, 
850, -0.141548 -0.167835 0.0165361,   0.0119514 -0.00695753    0.049421, -0.00408217   0.0263323    0.073374, -0.0217349 -0.0281996  0.0688936, -0.0272028 0.00766683  0.0669669,  -0.0316991 -0.00866504    0.072513,  -0.0325759 -0.00153095   0.0764912,  -0.0366222 -0.00230865   0.0837825, -0.0409823 -0.0012297  0.0917731,  -0.0462835 -0.00051713    0.101358,  -0.0521836 0.000237844    0.112631, -0.0585001  0.0010126   0.125981, -0.0648289 0.00183042   0.141814, -0.0698512 0.00266195   0.160193, -0.0648712 0.00295615   0.176474,   0.141589 0.00409036   0.108839, 
855, -0.147198 -0.190014 0.0155096,   0.0119514 -0.00695753    0.049421, -0.00408217   0.0263323    0.073374, -0.0217349 -0.0281996  0.0688936, -0.0272028 0.00766683  0.0669669,  -0.0316991 -0.00866504    0.072513,  -0.0325759 -0.00153095   0.0764912,  -0.0366222 -0.00230865   0.0837825, -0.0409823 -0.0012297  0.0917731,  -0.0462835 -0.00051713    0.101358,  -0.0521836 0.000237844    0.112631, -0.0585001  0.0010126   0.125981, -0.0648289 0.00183042   0.141814, -0.0698512 0.00266195   0.160193, -0.0648712 0.00295615   0.176474,   0.141589 0.00409036   0.108839, 
860, -0.0580204  -0.132569 -0.0484046,   0.0119514 -0.00695753    0.049421, -0.00408217   0.0263323    0.073374, -0.0217349 -0.0281996  0.0688936, -0.0272028 0.00766683  0.0669669,  -0.0316991 -0.00866504    0.072513,  -0.0325759 -0.00153095   0.0764912,  -0.0366222 -0.00230865   0.0837825, -0.0409823 -0.0012297  0.0917731,  -0.0462835 -0.00051713    0.101358,  -0.0521836 0.000237844    0.112631, -0.0585001  0.0010126   0.125981, -0.0648289 0.00183042   0.141814, -0.0698512 0.00266195   0.160193, -0.0648712 0.00295615   0.176474,   0.141589 0.00409036   0.108839, 
865,  0.0195159 -0.0964509  -0.102594,   0.0119514 -0.00695753    0.049421, -0.00408217   0.0263323    0.073374, -0.0217349 -0.0281996  0.0688936, -0.0272028 0.00766683  0.0669669,  -0.0316991 -0.00866504    0.072513,  -0.0325759 -0.00153095   0.0764912,  -0.0366222 -0.00230865   0.0837825, -0.0409823 -0.0012297  0.0917731,  -0.0462835 -0.00051713    0.101358,  -0.0521836 0.000237844    0.112631, -0.0585001  0.0010126   0.125981, -0.0648289 0.00183042   0.141814, -0.0698512 0.00266195   0.160193, -0.0648712 0.00295615   0.176474,   0.141589 0.00409036   0.108839, 
870,  0.0752896 -0.0906404  -0.142912,   0.0119514 -0.00695753    0.049421, -0.00408217   0.0263323    0.073374, -0.0217349 -0.0281996  0.0688936, -0.0272028 0.00766683  0.0669669,  -0.0316991 -0.00866504    0.072513,  -0.0325759 -0.00153095   0.0764912,  -0.0366222 -0.00230865   0.0837825, -0.0409823 -0.0012297  0.0917731,  -0.0462835 -0.00051713    0.101358,  -0.0521836 0.000237844    0.112631, -0.0585001  0.0010126   0.125981, -0.0648289 0.00183042   0.141814, -0.0698512 0.00266195   0.160193, -0.0648712 0.00295615   0.176474,   0.141589 0.00409036   0.108839, 
875,  0.115924 -0.140038 -0.159593,   0.0119514 -0.00695753    0.049421, -0.00408217   0.0263323    0.073374, -0.0217349 -0.0281996  0.0688936, -0.0272028 0.00766683  0.0669669,  -0.0316991 -0.00866504    0.072513,  -0.0325759 -0.00153095   0.0764912,  -0.0366222 -0.00230865   0.0837825, -0.0409823 -0.0012297  0.0917731,  -0.0462835 -0.00051713    0.101358,  -0.0521836 0.000237844    0.112631, -0.0585001  0.0010126   0.125981, -0.0648289 0.00183042   0.141814, -0.0698512 0.00266195   0.160193, -0.0648712 0.00295615   0.176474,   0.141589 0.00409036   0.108839, 
880,  0.146775 -0.184323 -0.170154,   0.0119514 -0.00695753    0.049421, -0.00408217   0.0263323    0.073374, -0.0217349 -0.0281996  0.0688936, -0.0272028 0.00766683  0.0669669,  -0.0316991 -0.00866504    0.072513,  -0.0325759 -0.00153095   0.0764912,  -0.0366222 -0.00230865   0.0837825, -0.0409823 -0.0012297  0.0917731,  -0.0462835 -0.00051713    0.101358,  -0.0521836 0.000237844    0.112631, -0.0585001  0.0010126   0.125981, -0.0648289 0.00183042   0.141814, -0.0698512 0.00266195   0.160193, -0.0648712 0.00295615   0.176474,   0.141589 0.00409036   0.108839, 
885,  0.169989 -0.225563 -0.176573,   0.0119514 -0.00695753    0.049421, -0.00408217   0.0263323    0.073374, -0.0217349 -0.0281996  0.0688936, -0.0272028 0.00766683  0.0669669,  -0.0316991 -0.00866504    0.072513,  -0.0325759 -0.00153095   0.0764912,  -0.0366222 -0.00230865   0.0837825, -0.0409823 -0.0012297  0.0917731,  -0.0462835 -0.00051713    0.101358,  -0.0521836 0.000237844    0.112631, -0.0585001  0.0010126   0.125981, -0.0648289 0.00183042   0.141814, -0.0698512 0.00266195   0.160193, -0.0648712 0.00295615   0.176474,   0.141589 0.00409036   0.108839, 
890, 0.188479 -0.26954 -0.17763,   0.0119514 -0.00695753    0.049421, -0.00408217   0.0263323    0.073374, -0.0217349 -0.0281996  0.0688936, -0.0272028 0.00766683  0.0669669,  -0.0316991 -0.00866504    0.072513,  -0.0325759 -0.00153095   0.0764912,  -0.0366222 -0.00230865   0.0837825, -0.0409823 -0.0012297  0.0917731,  -0.0462835 -0.00051713    0.101358,  -0.0521836 0.000237844    0.112631, -0.0585001  0.0010126   0.125981, -0.0648289 0.00183042   0.141814, -0.0698512 0.00266195   0.160193, -0.0648712 0.00295615   0.176474,   0.141589 0.00409036   0.108839, 
895, 0.208254 -0.31069 -0.17946,   0.0119514 -0.00695753    0.049421, -0.00408217   0.0263323    0.073374, -0.0217349 -0.0281996  0.0688936, -0.0272028 0.00766683  0.0669669,  -0.0316991 -0.00866504    0.072513,  -0.0325759 -0.00153095   0.0764912,  -0.0366222 -0.00230865   0.0837825, -0.0409823 -0.0012297  0.0917731,  -0.0462835 -0.00051713    0.101358,  -0.0521836 0.000237844    0.112631, -0.0585001  0.0010126   0.125981, -0.0648289 0.00183042   0.141814, -0.0698512 0.00266195   0.160193, -0.0648712 0.00295615   0.176474,   0.141589 0.00409036   0.108839, 
900,  0.224187 -0.349397  -0.17671,   0.0119514 -0.00695753    0.049421, -0.00408217   0.0263323    0.073374, -0.0217349 -0.0281996  0.0688936, -0.0272028 0.00766683  0.0669669,  -0.0316991 -0.00866504    0.072513,  -0.0325759 -0.00153095   0.0764912,  -0.0366222 -0.00230865   0.0837825, -0.0409823 -0.0012297  0.0917731,  -0.0462835 -0.00051713    0.101358,  -0.0521836 0.000237844    0.112631, -0.0585001  0.0010126   0.125981, -0.0648289 0.00183042   0.141814, -0.0698512 0.00266195   0.160193, -0.0648712 0.00295615   0.176474,   0.141589 0.00409036   0.108839, 
905,  0.241855 -0.390574 -0.171261,   0.0119514 -0.00695753    0.049421, -0.00408217   0.0263323    0.073374, -0.0217349 -0.0281996  0.0688936, -0.0272028 0.00766683  0.0669669,  -0.0316991 -0.00866504    0.072513,  -0.0325759 -0.00153095   0.0764912,  -0.0366222 -0.00230865   0.0837825, -0.0409823 -0.0012297  0.0917731,  -0.0462835 -0.00051713    0.101358,  -0.0521836 0.000237844    0.112631, -0.0585001  0.0010126   0.125981, -0.0648289 0.00183042   0.141814, -0.0698512 0.00266195   0.160193, -0.0648712 0.00295615   0.176474,   0.141589 0.00409036   0.108839, 
910,  0.262418 -0.427822  -0.16429,   0.0119514 -0.00695753    0.049421, -0.00408217   0.0263323    0.073374, -0.0217349 -0.0281996  0.0688936, -0.0272028 0.00766683  0.0669669,  -0.0316991 -0.00866504    0.072513,  -0.0325759 -0.00153095   0.0764912,  -0.0366222 -0.00230865   0.0837825, -0.0409823 -0.0012297  0.0917731,  -0.0462835 -0.00051713    0.101358,  -0.0521836 0.000237844    0.112631, -0.0585001  0.0010126   0.125981, -0.0648289 0.00183042   0.141814, -0.0698512 0.00266195   0.160193, -0.0648712 0.00295615   0.176474,   0.141589 0.00409036   0.108839, 
915,  0.286627 -0.462279 -0.156528,   0.0119514 -0.00695753    0.049421, -0.00408217   0.0263323    0.073374, -0.0217349 -0.0281996  0.0688936, -0.0272028 0.00766683  0.0669669,  -0.0316991 -0.00866504    0.072513,  -0.0325759 -0.00153095   0.0764912,  -0.0366222 -0.00230865   0.0837825, -0.0409823 -0.0012297  0.0917731,  -0.0462835 -0.00051713    0.101358,  -0.0521836 0.000237844    0.112631, -0.0585001  0.0010126   0.125981, -0.0648289 0.00183042   0.141814, -0.0698512 0.00266195   0.160193, -0.0648712 0.00295615   0.176474,   0.141589 0.00409036   0.108839, 
920,  0.311394 -0.485674 -0.154453,   0.0119514 -0.00695753    0.049421, -0.00408217   0.0263323    0.073374, -0.0217349 -0.0281996  0.0688936, -0.0272028 0.00766683  0.0669669,  -0.0316991 -0.00866504    0.072513,  -0.0325759 -0.00153095   0.0764912,  -0.0366222 -0.00230865   0.0837825, -0.0409823 -0.0012297  0.0917731,  -0.0462835 -0.00051713    0.101358,  -0.0521836 0.000237844    0.112631, -0.0585001  0.0010126   0.125981, -0.0648289 0.00183042   0.141814, -0.0698512 0.00266195   0.160193, -0.0648712 0.00295615   0.176474,   0.141589 0.00409036   0.108839, 
925,  0.349446 -0.503288  -0.15439,   0.0119514 -0.00695753    0.049421, -0.00408217   0.0263323    0.073374, -0.0217349 -0.0281996  0.0688936, -0.0272028 0.00766683  0.0669669,  -0.0316991 -0.00866504    0.072513,  -0.0325759 -0.00153095   0.0764912,  -0.0366222 -0.00230865   0.0837825, -0.0409823 -0.0012297  0.0917731,  -0.0462835 -0.00051713    0.101358,  -0.0521836 0.000237844    0.112631, -0.0585001  0.0010126   0.125981, -0.0648289 0.00183042   0.141814, -0.0698512 0.00266195   0.160193, -0.0648712 0.00295615   0.176474,   0.141589 0.00409036   0.108839, 
930,  0.271537   -0.3525 -0.207668,   0.0119514 -0.00695753    0.049421, -0.00408217   0.0263323    0.073374, -0.0217349 -0.0281996  0.0688936, -0.0272028 0.00766683  0.0669669,  -0.0316991 -0.00866504    0.072513,  -0.0325759 -0.00153095   0.0764912,  -0.0366222 -0.00230865   0.0837825, -0.0409823 -0.0012297  0.0917731,  -0.0462835 -0.00051713    0.101358,  -0.0521836 0.000237844    0.112631, -0.0585001  0.0010126   0.125981, -0.0648289 0.00183042   0.141814, -0.0698512 0.00266195   0.160193, -0.0648712 0.00295615   0.176474,   0.141589 0.00409036   0.108839, 
935,   0.21612 -0.213427 -0.285208,   0.0119514 -0.00695753    0.049421, -0.00408217   0.0263323    0.073374, -0.0217349 -0.0281996  0.0688936, -0.0272028 0.00766683  0.0669669,  -0.0316991 -0.00866504    0.072513,  -0.0325759 -0.00153095   0.0764912,  -0.0366222 -0.00230865   0.0837825, -0.0409823 -0.0012297  0.0917731,  -0.0462835 -0.00051713    0.101358,  -0.0521836 0.000237844    0.112631, -0.0585001  0.0010126   0.125981, -0.0648289 0.00183042   0.141814, -0.0698512 0.00266195   0.160193, -0.0648712 0.00295615   0.176474,   0.141589 0.00409036   0.108839, 
940,  0.109849 -0.167283 -0.371033,   0.0119514 -0.00695753    0.049421, -0.00408217   0.0263323    0.073374, -0.0217349 -0.0281996  0.0688936, -0.0272028 0.00766683  0.0669669,  -0.0316991 -0.00866504    0.072513,  -0.0325759 -0.00153095   0.0764912,  -0.0366222 -0.00230865   0.0837825, -0.0409823 -0.0012297  0.0917731,  -0.0462835 -0.00051713    0.101358,  -0.0521836 0.000237844    0.112631, -0.0585001  0.0010126   0.125981, -0.0648289 0.00183042   0.141814, -0.0698512 0.00266195   0.160193, -0.0648712 0.00295615   0.176474,   0.141589 0.00409036   0.108839, 
945, 0.0324009 -0.139816 -0.427274,   0.0119514 -0.00695753    0.049421, -0.00408217   0.0263323    0.073374, -0.0217349 -0.0281996  0.0688936, -0.0272028 0.00766683  0.0669669,  -0.0316991 -0.00866504    0.072513,  -0.0325759 -0.00153095   0.0764912,  -0.0366222 -0.00230865   0.0837825, -0.0409823 -0.0012297  0.0917731,  -0.0462835 -0.00051713    0.101358,  -0.0521836 0.000237844    0.112631, -0.0585001  0.0010126   0.125981, -0.0648289 0.00183042   0.141814, -0.0698512 0.00266195   0.160193, -0.0648712 0.00295615   0.176474,   0.141589 0.00409036   0.108839, 
950, -0.0159391  -0.128961  -0.469113,   0.0119514 -0.00695753    0.049421, -0.00408217   0.0263323    0.073374, -0.0217349 -0.0281996  0.0688936, -0.0272028 0.00766683  0.0669669,  -0.0316991 -0.00866504    0.072513,  -0.0325759 -0.00153095   0.0764912,  -0.0366222 -0.00230865   0.0837825, -0.0409823 -0.0012297  0.0917731,  -0.0462835 -0.00051713    0.101358,  -0.0521836 0.000237844    0.112631, -0.0585001  0.0010126   0.125981, -0.0648289 0.00183042   0.141814, -0.0698512 0.00266195   0.160193, -0.0648712 0.00295615   0.176474,   0.141589 0.00409036   0.108839, 
955, -0.0421087  -0.134434   -0.49938,   0.0119514 -0.00695753    0.049421, -0.00408217   0.0263323    0.073374, -0.0217349 -0.0281996  0.0688936, -0.0272028 0.00766683  0.0669669,  -0.0316991 -0.00866504    0.072513,  -0.0325759 -0.00153095   0.0764912,  -0.0366222 -0.00230865   0.0837825, -0.0409823 -0.0012297  0.0917731,  -0.0462835 -0.00051713    0.101358,  -0.0521836 0.000237844    0.112631, -0.0585001  0.0010126   0.125981, -0.0648289 0.00183042   0.141814, -0.0698512 0.00266195   0.160193, -0.0648712 0.00295615   0.176474,   0.141589 0.00409036   0.108839, 
960, -0.0500761   -0.14668  -0.527379,   0.0119514 -0.00695753    0.049421, -0.00408217   0.0263323    0.073374, -0.0217349 -0.0281996  0.0688936, -0.0272028 0.00766683  0.0669669,  -0.0316991 -0.00866504    0.072513,  -0.0325759 -0.00153095   0.0764912,  -0.0366222 -0.00230865   0.0837825, -0.0409823 -0.0012297  0.0917731,  -0.0462835 -0.00051713    0.101358,  -0.0521836 0.000237844    0.112631, -0.0585001  0.0010126   0.125981, -0.0648289 0.00183042   0.141814, -0.0698512 0.00266195   0.160193, -0.0648712 0.00295615   0.176474,   0.141589 0.00409036   0.108839, 
965,  -0.04223 -0.162641  -0.55489,   0.0119514 -0.00695753    0.049421, -0.00408217   0.0263323    0.073374, -0.0217349 -0.0281996  0.0688936, -0.0272028 0.00766683  0.0669669,  -0.0316991 -0.00866504    0.072513,  -0.0325759 -0.00153095   0.0764912,  -0.0366222 -0.00230865   0.0837825, -0.0409823 -0.0012297  0.0917731,  -0.0462835 -0.00051713    0.101358,  -0.0521836 0.000237844    0.112631, -0.0585001  0.0010126   0.125981, -0.0648289 0.00183042   0.141814, -0.0698512 0.00266195   0.160193, -0.0648712 0.00295615   0.176474,   0.141589 0.00409036   0.108839, 
970, -0.0275184  -0.182196  -0.581454,   0.0119514 -0.00695753    0.049421, -0.00408217   0.0263323    0.073374, -0.0217349 -0.0281996  0.0688936, -0.0272028 0.00766683  0.0669669,  -0.0316991 -0.00866504    0.072513,  -0.0325759 -0.00153095   0.0764912,  -0.0366222 -0.00230865   0.0837825, -0.0409823 -0.0012297  0.0917731,  -0.0462835 -0.00051713    0.101358,  -0.0521836 0.000237844    0.112631, -0.0585001  0.0010126   0.125981, -0.0648289 0.00183042   0.141814, -0.0698512 0.00266195   0.160193, -0.0648712 0.00295615   0.176474,   0.141589 0.00409036   0.108839, 
975, -0.0227609  -0.205462  -0.594282,   0.0119514 -0.00695753    0.049421, -0.00408217   0.0263323    0.073374, -0.0217349 -0.0281996  0.0688936, -0.0272028 0.00766683  0.0669669,  -0.0316991 -0.00866504    0.072513,  -0.0325759 -0.00153095   0.0764912,  -0.0366222 -0.00230865   0.0837825, -0.0409823 -0.0012297  0.0917731,  -0.0462835 -0.00051713    0.101358,  -0.0521836 0.000237844    0.112631, -0.0585001  0.0010126   0.125981, -0.0648289 0.00183042   0.141814, -0.0698512 0.00266195   0.160193, -0.0648712 0.00295615   0.176474,   0.141589 0.00409036   0.108839, 
980, -0.0505333  -0.221195  -0.586162,   0.0119514 -0.00695753    0.049421, -0.00408217   0.0263323    0.073374, -0.0217349 -0.0281996  0.0688936, -0.0272028 0.00766683  0.0669669,  -0.0316991 -0.00866504    0.072513,  -0.0325759 -0.00153095   0.0764912,  -0.0366222 -0.00230865   0.0837825, -0.0409823 -0.0012297  0.0917731,  -0.0462835 -0.00051713    0.101358,  -0.0521836 0.000237844    0.112631, -0.0585001  0.0010126   0.125981, -0.0648289 0.00183042   0.141814, -0.0698512 0.00266195   0.160193, -0.0648712 0.00295615   0.176474,   0.141589 0.00409036   0.108839, 
985, -0.0595067  -0.238054  -0.587408,   0.0119514 -0.00695753    0.049421, -0.00408217   0.0263323    0.073374, -0.0217349 -0.0281996  0.0688936, -0.0272028 0.00766683  0.0669669,  -0.0316991 -0.00866504    0.072513,  -0.0325759 -0.00153095   0.0764912,  -0.0366222 -0.00230865   0.0837825, -0.0409823 -0.0012297  0.0917731,  -0.0462835 -0.00051713    0.101358,  -0.0521836 0.000237844    0.112631, -0.0585001  0.0010126   0.125981, -0.0648289 0.00183042   0.141814, -0.0698512 0.00266195   0.160193, -0.0648712 0.00295615   0.176474,   0.141589 0.00409036   0.108839, 
990, -0.0550709  -0.256436  -0.595429,   0.0119514 -0.00695753    0.049421, -0.00408217   0.0263323    0.073374, -0.0217349 -0.0281996  0.0688936, -0.0272028 0.00766683  0.0669669,  -0.0316991 -0.00866504    0.072513,  -0.0325759 -0.00153095   0.0764912,  -0.0366222 -0.00230865   0.0837825, -0.0409823 -0.0012297  0.0917731,  -0.0462835 -0.00051713    0.101358,  -0.0521836 0.000237844    0.112631, -0.0585001  0.0010126   0.125981, -0.0648289 0.00183042   0.141814, -0.0698512 0.00266195   0.160193, -0.0648712 0.00295615   0.176474,   0.141589 0.00409036   0.108839, 
995, -0.0404583  -0.276858  -0.607662,   0.0119514 -0.00695753    0.049421, -0.00408217   0.0263323    0.073374, -0.0217349 -0.0281996  0.0688936, -0.0272028 0.00766683  0.0669669,  -0.0316991 -0.00866504    0.072513,  -0.0325759 -0.00153095   0.0764912,  -0.0366222 -0.00230865   0.0837825, -0.0409823 -0.0012297  0.0917731,  -0.0462835 -0.00051713    0.101358,  -0.0521836 0.000237844    0.112631, -0.0585001  0.0010126   0.125981, -0.0648289 0.00183042   0.141814, -0.0698512 0.00266195   0.160193, -0.0648712 0.00295615   0.176474,   0.141589 0.00409036   0.108839, 
1000, -0.0216526  -0.299824  -0.623809,   0.0119514 -0.00695753    0.049421, -0.00408217   0.0263323    0.073374, -0.0217349 -0.0281996  0.0688936, -0.0272028 0.00766683  0.0669669,  -0.0316991 -0.00866504    0.072513,  -0.0325759 -0.00153095   0.0764912,  -0.0366222 -0.00230865   0.0837825, -0.0409823 -0.0012297  0.0917731,  -0.0462835 -0.00051713    0.101358,  -0.0521836 0.000237844    0.112631, -0.0585001  0.0010126   0.125981, -0.0648289 0.00183042   0.141814, -0.0698512 0.00266195   0.160193, -0.0648712 0.00295615   0.176474,   0.141589 0.00409036   0.108839, 
1005, 0.00173401  -0.321207  -0.640477,   0.0119514 -0.00695753    0.049421, -0.00408217   0.0263323    0.073374, -0.0217349 -0.0281996  0.0688936, -0.0272028 0.00766683  0.0669669,  -0.0316991 -0.00866504    0.072513,  -0.0325759 -0.00153095   0.0764912,  -0.0366222 -0.00230865   0.0837825, -0.0409823 -0.0012297  0.0917731,  -0.0462835 -0.00051713    0.101358,  -0.0521836 0.000237844    0.112631, -0.0585001  0.0010126   0.125981, -0.0648289 0.00183042   0.141814, -0.0698512 0.00266195   0.160193, -0.0648712 0.00295615   0.176474,   0.141589 0.00409036   0.108839, 
1010, 0.0273878 -0.343386 -0.656935,   0.0119514 -0.00695753    0.049421, -0.00408217   0.0263323    0.073374, -0.0217349 -0.0281996  0.0688936, -0.0272028 0.00766683  0.0669669,  -0.0316991 -0.00866504    0.072513,  -0.0325759 -0.00153095   0.0764912,  -0.0366222 -0.00230865   0.0837825, -0.0409823 -0.0012297  0.0917731,  -0.0462835 -0.00051713    0.101358,  -0.0521836 0.000237844    0.112631, -0.0585001  0.0010126   0.125981, -0.0648289 0.00183042   0.141814, -0.0698512 0.00266195   0.160193, -0.0648712 0.00295615   0.176474,   0.141589 0.00409036   0.108839, 
1015,  0.049958 -0.367794 -0.672988,   0.0119514 -0.00695753    0.049421, -0.00408217   0.0263323    0.073374, -0.0217349 -0.0281996  0.0688936, -0.0272028 0.00766683  0.0669669,  -0.0316991 -0.00866504    0.072513,  -0.0325759 -0.00153095   0.0764912,  -0.0366222 -0.00230865   0.0837825, -0.0409823 -0.0012297  0.0917731,  -0.0462835 -0.00051713    0.101358,  -0.0521836 0.000237844    0.112631, -0.0585001  0.0010126   0.125981, -0.0648289 0.00183042   0.141814, -0.0698512 0.00266195   0.160193, -0.0648712 0.00295615   0.176474,   0.141589 0.00409036   0.108839, 
1020, 0.0676313 -0.389927 -0.687178,   0.0119514 -0.00695753    0.049421, -0.00408217   0.0263323    0.073374, -0.0217349 -0.0281996  0.0688936, -0.0272028 0.00766683  0.0669669,  -0.0316991 -0.00866504    0.072513,  -0.0325759 -0.00153095   0.0764912,  -0.0366222 -0.00230865   0.0837825, -0.0409823 -0.0012297  0.0917731,  -0.0462835 -0.00051713    0.101358,  -0.0521836 0.000237844    0.112631, -0.0585001  0.0010126   0.125981, -0.0648289 0.00183042   0.141814, -0.0698512 0.00266195   0.160193, -0.0648712 0.00295615   0.176474,   0.141589 0.00409036   0.108839, 
1025, 0.0813664 -0.413001 -0.701865,   0.0119514 -0.00695753    0.049421, -0.00408217   0.0263323    0.073374, -0.0217349 -0.0281996  0.0688936, -0.0272028 0.00766683  0.0669669,  -0.0316991 -0.00866504    0.072513,  -0.0325759 -0.00153095   0.0764912,  -0.0366222 -0.00230865   0.0837825, -0.0409823 -0.0012297  0.0917731,  -0.0462835 -0.00051713    0.101358,  -0.0521836 0.000237844    0.112631, -0.0585001  0.0010126   0.125981, -0.0648289 0.00183042   0.141814, -0.0698512 0.00266195   0.160193, -0.0648712 0.00295615   0.176474,   0.141589 0.00409036   0.108839, 
1030, 0.0886773 -0.433352 -0.715847,   0.0119514 -0.00695753    0.049421, -0.00408217   0.0263323    0.073374, -0.0217349 -0.0281996  0.0688936, -0.0272028 0.00766683  0.0669669,  -0.0316991 -0.00866504    0.072513,  -0.0325759 -0.00153095   0.0764912,  -0.0366222 -0.00230865   0.0837825, -0.0409823 -0.0012297  0.0917731,  -0.0462835 -0.00051713    0.101358,  -0.0521836 0.000237844    0.112631, -0.0585001  0.0010126   0.125981, -0.0648289 0.00183042   0.141814, -0.0698512 0.00266195   0.160193, -0.0648712 0.00295615   0.176474,   0.141589 0.00409036   0.108839, 
1035, 0.0865456 -0.448734 -0.730643,   0.0119514 -0.00695753    0.049421, -0.00408217   0.0263323    0.073374, -0.0217349 -0.0281996  0.0688936, -0.0272028 0.00766683  0.0669669,  -0.0316991 -0.00866504    0.072513,  -0.0325759 -0.00153095   0.0764912,  -0.0366222 -0.00230865   0.0837825, -0.0409823 -0.0012297  0.0917731,  -0.0462835 -0.00051713    0.101358,  -0.0521836 0.000237844    0.112631, -0.0585001  0.0010126   0.125981, -0.0648289 0.00183042   0.141814, -0.0698512 0.00266195   0.160193, -0.0648712 0.00295615   0.176474,   0.141589 0.00409036   0.108839, 
1040, 0.0871049 -0.461473 -0.739086,   0.0119514 -0.00695753    0.049421, -0.00408217   0.0263323    0.073374, -0.0217349 -0.0281996  0.0688936, -0.0272028 0.00766683  0.0669669,  -0.0316991 -0.00866504    0.072513,  -0.0325759 -0.00153095   0.0764912,  -0.0366222 -0.00230865   0.0837825, -0.0409823 -0.0012297  0.0917731,  -0.0462835 -0.00051713    0.101358,  -0.0521836 0.000237844    0.112631, -0.0585001  0.0010126   0.125981, -0.0648289 0.00183042   0.141814, -0.0698512 0.00266195   0.160193, -0.0648712 0.00295615   0.176474,   0.141589 0.00409036   0.108839, 
1045, 0.0795162 -0.469862 -0.745539,   0.0119514 -0.00695753    0.049421, -0.00408217   0.0263323    0.073374, -0.0217349 -0.0281996  0.0688936, -0.0272028 0.00766683  0.0669669,  -0.0316991 -0.00866504    0.072513,  -0.0325759 -0.00153095   0.0764912,  -0.0366222 -0.00230865   0.0837825, -0.0409823 -0.0012297  0.0917731,  -0.0462835 -0.00051713    0.101358,  -0.0521836 0.000237844    0.112631, -0.0585001  0.0010126   0.125981, -0.0648289 0.00183042   0.141814, -0.0698512 0.00266195   0.160193, -0.0648712 0.00295615   0.176474,   0.141589 0.00409036   0.108839, 
1050, 0.0435491  -0.46253  -0.73365,   0.0119514 -0.00695753    0.049421, -0.00408217   0.0263323    0.073374, -0.0217349 -0.0281996  0.0688936, -0.0272028 0.00766683  0.0669669,  -0.0316991 -0.00866504    0.072513,  -0.0325759 -0.00153095   0.0764912,  -0.0366222 -0.00230865   0.0837825, -0.0409823 -0.0012297  0.0917731,  -0.0462835 -0.00051713    0.101358,  -0.0521836 0.000237844    0.112631, -0.0585001  0.0010126   0.125981, -0.0648289 0.00183042   0.141814, -0.0698512 0.00266195   0.160193, -0.0648712 0.00295615   0.176474,   0.141589 0.00409036   0.108839, 
1055, 0.00818327  -0.451687  -0.723744,   0.0119514 -0.00695753    0.049421, -0.00408217   0.0263323    0.073374, -0.0217349 -0.0281996  0.0688936, -0.0272028 0.00766683  0.0669669,  -0.0316991 -0.00866504    0.072513,  -0.0325759 -0.00153095   0.0764912,  -0.0366222 -0.00230865   0.0837825, -0.0409823 -0.0012297  0.0917731,  -0.0462835 -0.00051713    0.101358,  -0.0521836 0.000237844    0.112631, -0.0585001  0.0010126   0.125981, -0.0648289 0.00183042   0.141814, -0.0698512 0.00266195   0.160193, -0.0648712 0.00295615   0.176474,   0.141589 0.00409036   0.108839, 
1060, -0.0478123  -0.421791  -0.699402,   0.0119514 -0.00695753    0.049421, -0.00408217   0.0263323    0.073374, -0.0217349 -0.0281996  0.0688936, -0.0272028 0.00766683  0.0669669,  -0.0316991 -0.00866504    0.072513,  -0.0325759 -0.00153095   0.0764912,  -0.0366222 -0.00230865   0.0837825, -0.0409823 -0.0012297  0.0917731,  -0.0462835 -0.00051713    0.101358,  -0.0521836 0.000237844    0.112631, -0.0585001  0.0010126   0.125981, -0.0648289 0.00183042   0.141814, -0.0698512 0.00266195   0.160193, -0.0648712 0.00295615   0.176474,   0.141589 0.00409036   0.108839, 
1065, -0.133623 -0.367572 -0.651795,   0.0119514 -0.00695753    0.049421, -0.00408217   0.0263323    0.073374, -0.0217349 -0.0281996  0.0688936, -0.0272028 0.00766683  0.0669669,  -0.0316991 -0.00866504    0.072513,  -0.0325759 -0.00153095   0.0764912,  -0.0366222 -0.00230865   0.0837825, -0.0409823 -0.0012297  0.0917731,  -0.0462835 -0.00051713    0.101358,  -0.0521836 0.000237844    0.112631, -0.0585001  0.0010126   0.125981, -0.0648289 0.00183042   0.141814, -0.0698512 0.00266195   0.160193, -0.0648712 0.00295615   0.176474,   0.141589 0.00409036   0.108839, 
1070, -0.206768 -0.320288 -0.608973,   0.0119514 -0.00695753    0.049421, -0.00408217   0.0263323    0.073374, -0.0217349 -0.0281996  0.0688936, -0.0272028 0.00766683  0.0669669,  -0.0316991 -0.00866504    0.072513,  -0.0325759 -0.00153095   0.0764912,  -0.0366222 -0.00230865   0.0837825, -0.0409823 -0.0012297  0.0917731,  -0.0462835 -0.00051713    0.101358,  -0.0521836 0.000237844    0.112631, -0.0585001  0.0010126   0.125981, -0.0648289 0.00183042   0.141814, -0.0698512 0.00266195   0.160193, -0.0648712 0.00295615   0.176474,   0.141589 0.00409036   0.108839, 
1075,  -0.26599 -0.275424 -0.579992,   0.0119514 -0.00695753    0.049421, -0.00408217   0.0263323    0.073374, -0.0217349 -0.0281996  0.0688936, -0.0272028 0.00766683  0.0669669,  -0.0316991 -0.00866504    0.072513,  -0.0325759 -0.00153095   0.0764912,  -0.0366222 -0.00230865   0.0837825, -0.0409823 -0.0012297  0.0917731,  -0.0462835 -0.00051713    0.101358,  -0.0521836 0.000237844    0.112631, -0.0585001  0.0010126   0.125981, -0.0648289 0.00183042   0.141814, -0.0698512 0.00266195   0.160193, -0.0648712 0.00295615   0.176474,   0.141589 0.00409036   0.108839, 
1080, -0.315124 -0.235773 -0.555544,   0.0119514 -0.00695753    0.049421, -0.00408217   0.0263323    0.073374, -0.0217349 -0.0281996  0.0688936, -0.0272028 0.00766683  0.0669669,  -0.0316991 -0.00866504    0.072513,  -0.0325759 -0.00153095   0.0764912,  -0.0366222 -0.00230865   0.0837825, -0.0409823 -0.0012297  0.0917731,  -0.0462835 -0.00051713    0.101358,  -0.0521836 0.000237844    0.112631, -0.0585001  0.0010126   0.125981, -0.0648289 0.00183042   0.141814, -0.0698512 0.00266195   0.160193, -0.0648712 0.00295615   0.176474,   0.141589 0.00409036   0.108839, 
1085, -0.351264 -0.198248 -0.537976,   0.0119514 -0.00695753    0.049421, -0.00408217   0.0263323    0.073374, -0.0217349 -0.0281996  0.0688936, -0.0272028 0.00766683  0.0669669,  -0.0316991 -0.00866504    0.072513,  -0.0325759 -0.00153095   0.0764912,  -0.0366222 -0.00230865   0.0837825, -0.0409823 -0.0012297  0.0917731,  -0.0462835 -0.00051713    0.101358,  -0.0521836 0.000237844    0.112631, -0.0585001  0.0010126   0.125981, -0.0648289 0.00183042   0.141814, -0.0698512 0.00266195   0.160193, -0.0648712 0.00295615   0.176474,   0.141589 0.00409036   0.108839, 
1090, -0.377555 -0.163741 -0.523046,   0.0119514 -0.00695753    0.049421, -0.00408217   0.0263323    0.073374, -0.0217349 -0.0281996  0.0688936, -0.0272028 0.00766683  0.0669669,  -0.0316991 -0.00866504    0.072513,  -0.0325759 -0.00153095   0.0764912,  -0.0366222 -0.00230865   0.0837825, -0.0409823 -0.0012297  0.0917731,  -0.0462835 -0.00051713    0.101358,  -0.0521836 0.000237844    0.112631, -0.0585001  0.0010126   0.125981, -0.0648289 0.00183042   0.141814, -0.0698512 0.00266195   0.160193, -0.0648712 0.00295615   0.176474,   0.141589 0.00409036   0.108839, 
1095,  -0.39432 -0.131253 -0.510895,   0.0119514 -0.00695753    0.049421, -0.00408217   0.0263323    0.073374, -0.0217349 -0.0281996  0.0688936, -0.0272028 0.00766683  0.0669669,  -0.0316991 -0.00866504    0.072513,  -0.0325759 -0.00153095   0.0764912,  -0.0366222 -0.00230865   0.0837825, -0.0409823 -0.0012297  0.0917731,  -0.0462835 -0.00051713    0.101358,  -0.0521836 0.000237844    0.112631, -0.0585001  0.0010126   0.125981, -0.0648289 0.00183042   0.141814, -0.0698512 0.00266195   0.160193, -0.0648712 0.00295615   0.176474,   0.141589 0.00409036   0.108839, 
1100, -0.410666  -0.10067 -0.506291,   0.0119514 -0.00695753    0.049421, -0.00408217   0.0263323    0.073374, -0.0217349 -0.0281996  0.0688936, -0.0272028 0.00766683  0.0669669,  -0.0316991 -0.00866504    0.072513,  -0.0325759 -0.00153095   0.0764912,  -0.0366222 -0.00230865   0.0837825, -0.0409823 -0.0012297  0.0917731,  -0.0462835 -0.00051713    0.101358,  -0.0521836 0.000237844    0.112631, -0.0585001  0.0010126   0.125981, -0.0648289 0.00183042   0.141814, -0.0698512 0.00266195   0.160193, -0.0648712 0.00295615   0.176474,   0.141589 0.00409036   0.108839, 
1105,  -0.419119 -0.0667014  -0.500788,   0.0119514 -0.00695753    0.049421, -0.00408217   0.0263323    0.073374, -0.0217349 -0.0281996  0.0688936, -0.0272028 0.00766683  0.0669669,  -0.0316991 -0.00866504    0.072513,  -0.0325759 -0.00153095   0.0764912,  -0.0366222 -0.00230865   0.0837825, -0.0409823 -0.0012297  0.0917731,  -0.0462835 -0.00051713    0.101358,  -0.0521836 0.000237844    0.112631, -0.0585001  0.0010126   0.125981, -0.0648289 0.00183042   0.141814, -0.0698512 0.00266195   0.160193, -0.0648712 0.00295615   0.176474,   0.141589 0.00409036   0.108839, 
1110,  -0.420079 -0.0318568   -0.49136,   0.0119514 -0.00695753    0.049421, -0.00408217   0.0263323    0.073374, -0.0217349 -0.0281996  0.0688936, -0.0272028 0.00766683  0.0669669,  -0.0316991 -0.00866504    0.072513,  -0.0325759 -0.00153095   0.0764912,  -0.0366222 -0.00230865   0.0837825, -0.0409823 -0.0012297  0.0917731,  -0.0462835 -0.00051713    0.101358,  -0.0521836 0.000237844    0.112631, -0.0585001  0.0010126   0.125981, -0.0648289 0.00183042   0.141814, -0.0698512 0.00266195   0.160193, -0.0648712 0.00295615   0.176474,   0.141589 0.00409036   0.108839, 
1115,  -0.421426 0.00295454  -0.486452,   0.0119514 -0.00695753    0.049421, -0.00408217   0.0263323    0.073374, -0.0217349 -0.0281996  0.0688936, -0.0272028 0.00766683  0.0669669,  -0.0316991 -0.00866504    0.072513,  -0.0325759 -0.00153095   0.0764912,  -0.0366222 -0.00230865   0.0837825, -0.0409823 -0.0012297  0.0917731,  -0.0462835 -0.00051713    0.101358,  -0.0521836 0.000237844    0.112631, -0.0585001  0.0010126   0.125981, -0.0648289 0.00183042   0.141814, -0.0698512 0.00266195   0.160193, -0.0648712 0.00295615   0.176474,   0.141589 0.00409036   0.108839, 
1120, -0.415242 0.0373683 -0.479685,   0.0119514 -0.00695753    0.049421, -0.00408217   0.0263323    0.073374, -0.0217349 -0.0281996  0.0688936, -0.0272028 0.00766683  0.0669669,  -0.0316991 -0.00866504    0.072513,  -0.0325759 -0.00153095   0.0764912,  -0.0366222 -0.00230865   0.0837825, -0.0409823 -0.0012297  0.0917731,  -0.0462835 -0.00051713    0.101358,  -0.0521836 0.000237844    0.112631, -0.0585001  0.0010126   0.125981, -0.0648289 0.00183042   0.141814, -0.0698512 0.00266195   0.160193, -0.0648712 0.00295615   0.176474,   0.141589 0.00409036   0.108839, 
1125, -0.411725 0.0736066 -0.477839,   0.0119514 -0.00695753    0.049421, -0.00408217   0.0263323    0.073374, -0.0217349 -0.0281996  0.0688936, -0.0272028 0.00766683  0.0669669,  -0.0316991 -0.00866504    0.072513,  -0.0325759 -0.00153095   0.0764912,  -0.0366222 -0.00230865   0.0837825, -0.0409823 -0.0012297  0.0917731,  -0.0462835 -0.00051713    0.101358,  -0.0521836 0.000237844    0.112631, -0.0585001  0.0010126   0.125981, -0.0648289 0.00183042   0.141814, -0.0698512 0.00266195   0.160193, -0.0648712 0.00295615   0.176474,   0.141589 0.00409036   0.108839, 
1130, -0.402218   0.11008 -0.465712,   0.0119514 -0.00695753    0.049421, -0.00408217   0.0263323    0.073374, -0.0217349 -0.0281996  0.0688936, -0.0272028 0.00766683  0.0669669,  -0.0316991 -0.00866504    0.072513,  -0.0325759 -0.00153095   0.0764912,  -0.0366222 -0.00230865   0.0837825, -0.0409823 -0.0012297  0.0917731,  -0.0462835 -0.00051713    0.101358,  -0.0521836 0.000237844    0.112631, -0.0585001  0.0010126   0.125981, -0.0648289 0.00183042   0.141814, -0.0698512 0.00266195   0.160193, -0.0648712 0.00295615   0.176474,   0.141589 0.00409036   0.108839, 
1135, -0.394296  0.145044 -0.461516,   0.0119514 -0.00695753    0.049421, -0.00408217   0.0263323    0.073374, -0.0217349 -0.0281996  0.0688936, -0.0272028 0.00766683  0.0669669,  -0.0316991 -0.00866504    0.072513,  -0.0325759 -0.00153095   0.0764912,  -0.0366222 -0.00230865   0.0837825, -0.0409823 -0.0012297  0.0917731,  -0.0462835 -0.00051713    0.101358,  -0.0521836 0.000237844    0.112631, -0.0585001  0.0010126   0.125981, -0.0648289 0.00183042   0.141814, -0.0698512 0.00266195   0.160193, -0.0648712 0.00295615   0.176474,   0.141589 0.00409036   0.108839, 
1140, -0.373431  0.179372  -0.44849,   0.0119514 -0.00695753    0.049421, -0.00408217   0.0263323    0.073374, -0.0217349 -0.0281996  0.0688936, -0.0272028 0.00766683  0.0669669,  -0.0316991 -0.00866504    0.072513,  -0.0325759 -0.00153095   0.0764912,  -0.0366222 -0.00230865   0.0837825, -0.0409823 -0.0012297  0.0917731,  -0.0462835 -0.00051713    0.101358,  -0.0521836 0.000237844    0.112631, -0.0585001  0.0010126   0.125981, -0.0648289 0.00183042   0.141814, -0.0698512 0.00266195   0.160193, -0.0648712 0.00295615   0.176474,   0.141589 0.00409036   0.108839, 
1145, -0.352182  0.207778 -0.437034,   0.0119514 -0.00695753    0.049421, -0.00408217   0.0263323    0.073374, -0.0217349 -0.0281996  0.0688936, -0.0272028 0.00766683  0.0669669,  -0.0316991 -0.00866504    0.072513,  -0.0325759 -0.00153095   0.0764912,  -0.0366222 -0.00230865   0.0837825, -0.0409823 -0.0012297  0.0917731,  -0.0462835 -0.00051713    0.101358,  -0.0521836 0.000237844    0.112631, -0.0585001  0.0010126   0.125981, -0.0648289 0.00183042   0.141814, -0.0698512 0.00266195   0.160193, -0.0648712 0.00295615   0.176474,   0.141589 0.00409036   0.108839, 
1150, -0.321807  0.237797 -0.419588,   0.0119514 -0.00695753    0.049421, -0.00408217   0.0263323    0.073374, -0.0217349 -0.0281996  0.0688936, -0.0272028 0.00766683  0.0669669,  -0.0316991 -0.00866504    0.072513,  -0.0325759 -0.00153095   0.0764912,  -0.0366222 -0.00230865   0.0837825, -0.0409823 -0.0012297  0.0917731,  -0.0462835 -0.00051713    0.101358,  -0.0521836 0.000237844    0.112631, -0.0585001  0.0010126   0.125981, -0.0648289 0.00183042   0.141814, -0.0698512 0.00266195   0.160193, -0.0648712 0.00295615   0.176474,   0.141589 0.00409036   0.108839, 
1155, -0.286813  0.263847 -0.396926,   0.0119514 -0.00695753    0.049421, -0.00408217   0.0263323    0.073374, -0.0217349 -0.0281996  0.0688936, -0.0272028 0.00766683  0.0669669,  -0.0316991 -0.00866504    0.072513,  -0.0325759 -0.00153095   0.0764912,  -0.0366222 -0.00230865   0.0837825, -0.0409823 -0.0012297  0.0917731,  -0.0462835 -0.00051713    0.101358,  -0.0521836 0.000237844    0.112631, -0.0585001  0.0010126   0.125981, -0.0648289 0.00183042   0.141814, -0.0698512 0.00266195   0.160193, -0.0648712 0.00295615   0.176474,   0.141589 0.00409036   0.108839, 
1160, -0.256465   0.28565 -0.378301,   0.0119514 -0.00695753    0.049421, -0.00408217   0.0263323    0.073374, -0.0217349 -0.0281996  0.0688936, -0.0272028 0.00766683  0.0669669,  -0.0316991 -0.00866504    0.072513,  -0.0325759 -0.00153095   0.0764912,  -0.0366222 -0.00230865   0.0837825, -0.0409823 -0.0012297  0.0917731,  -0.0462835 -0.00051713    0.101358,  -0.0521836 0.000237844    0.112631, -0.0585001  0.0010126   0.125981, -0.0648289 0.00183042   0.141814, -0.0698512 0.00266195   0.160193, -0.0648712 0.00295615   0.176474,   0.141589 0.00409036   0.108839, 
1165, -0.231342  0.311393 -0.349518,   0.0119514 -0.00695753    0.049421, -0.00408217   0.0263323    0.073374, -0.0217349 -0.0281996  0.0688936, -0.0272028 0.00766683  0.0669669,  -0.0316991 -0.00866504    0.072513,  -0.0325759 -0.00153095   0.0764912,  -0.0366222 -0.00230865   0.0837825, -0.0409823 -0.0012297  0.0917731,  -0.0462835 -0.00051713    0.101358,  -0.0521836 0.000237844    0.112631, -0.0585001  0.0010126   0.125981, -0.0648289 0.00183042   0.141814, -0.0698512 0.00266195   0.160193, -0.0648712 0.00295615   0.176474,   0.141589 0.00409036   0.108839, 
1170, -0.141378  0.337811 -0.318461,   0.0119514 -0.00695753    0.049421, -0.00408217   0.0263323    0.073374, -0.0217349 -0.0281996  0.0688936, -0.0272028 0.00766683  0.0669669,  -0.0316991 -0.00866504    0.072513,  -0.0325759 -0.00153095   0.0764912,  -0.0366222 -0.00230865   0.0837825, -0.0409823 -0.0012297  0.0917731,  -0.0462835 -0.00051713    0.101358,  -0.0521836 0.000237844    0.112631, -0.0585001  0.0010126   0.125981, -0.0648289 0.00183042   0.141814, -0.0698512 0.00266195   0.160193, -0.0648712 0.00295615   0.176474,   0.141589 0.00409036   0.108839, 
1175, -0.0666781   0.349667  -0.280755,   0.0119514 -0.00695753    0.049421, -0.00408217   0.0263323    0.073374, -0.0217349 -0.0281996  0.0688936, -0.0272028 0.00766683  0.0669669,  -0.0316991 -0.00866504    0.072513,  -0.0325759 -0.00153095   0.0764912,  -0.0366222 -0.00230865   0.0837825, -0.0409823 -0.0012297  0.0917731,  -0.0462835 -0.00051713    0.101358,  -0.0521836 0.000237844    0.112631, -0.0585001  0.0010126   0.125981, -0.0648289 0.00183042   0.141814, -0.0698512 0.00266195   0.160193, -0.0648712 0.00295615   0.176474,   0.141589 0.00409036   0.108839, 
1180, 0.00534761   0.353466   -0.23826,   0.0119514 -0.00695753    0.049421, -0.00408217   0.0263323    0.073374, -0.0217349 -0.0281996  0.0688936, -0.0272028 0.00766683  0.0669669,  -0.0316991 -0.00866504    0.072513,  -0.0325759 -0.00153095   0.0764912,  -0.0366222 -0.00230865   0.0837825, -0.0409823 -0.0012297  0.0917731,  -0.0462835 -0.00051713    0.101358,  -0.0521836 0.000237844    0.112631, -0.0585001  0.0010126   0.125981, -0.0648289 0.00183042   0.141814, -0.0698512 0.00266195   0.160193, -0.0648712 0.00295615   0.176474,   0.141589 0.00409036   0.108839, 
1185, 0.0658892  0.354614 -0.197797,   0.0119514 -0.00695753    0.049421, -0.00408217   0.0263323    0.073374, -0.0217349 -0.0281996  0.0688936, -0.0272028 0.00766683  0.0669669,  -0.0316991 -0.00866504    0.072513,  -0.0325759 -0.00153095   0.0764912,  -0.0366222 -0.00230865   0.0837825, -0.0409823 -0.0012297  0.0917731,  -0.0462835 -0.00051713    0.101358,  -0.0521836 0.000237844    0.112631, -0.0585001  0.0010126   0.125981, -0.0648289 0.00183042   0.141814, -0.0698512 0.00266195   0.160193, -0.0648712 0.00295615   0.176474,   0.141589 0.00409036   0.108839, 
1190,  0.136013  0.341437 -0.137965,   0.0119514 -0.00695753    0.049421, -0.00408217   0.0263323    0.073374, -0.0217349 -0.0281996  0.0688936, -0.0272028 0.00766683  0.0669669,  -0.0316991 -0.00866504    0.072513,  -0.0325759 -0.00153095   0.0764912,  -0.0366222 -0.00230865   0.0837825, -0.0409823 -0.0012297  0.0917731,  -0.0462835 -0.00051713    0.101358,  -0.0521836 0.000237844    0.112631, -0.0585001  0.0010126   0.125981, -0.0648289 0.00183042   0.141814, -0.0698512 0.00266195   0.160193, -0.0648712 0.00295615   0.176474,   0.141589 0.00409036   0.108839, 
1195,   0.218445    0.30855 -0.0716112,   0.0119514 -0.00695753    0.049421, -0.00408217   0.0263323    0.073374, -0.0217349 -0.0281996  0.0688936, -0.0272028 0.00766683  0.0669669,  -0.0316991 -0.00866504    0.072513,  -0.0325759 -0.00153095   0.0764912,  -0.0366222 -0.00230865   0.0837825, -0.0409823 -0.0012297  0.0917731,  -0.0462835 -0.00051713    0.101358,  -0.0521836 0.000237844    0.112631, -0.0585001  0.0010126   0.125981, -0.0648289 0.00183042   0.141814, -0.0698512 0.00266195   0.160193, -0.0648712 0.00295615   0.176474,   0.141589 0.00409036   0.108839, 
1200,   0.303358   0.223907 -0.0377457,   0.0119514 -0.00695753    0.049421, -0.00408217   0.0263323    0.073374, -0.0217349 -0.0281996  0.0688936, -0.0272028 0.00766683  0.0669669,  -0.0316991 -0.00866504    0.072513,  -0.0325759 -0.00153095   0.0764912,  -0.0366222 -0.00230865   0.0837825, -0.0409823 -0.0012297  0.0917731,  -0.0462835 -0.00051713    0.101358,  -0.0521836 0.000237844    0.112631, -0.0585001  0.0010126   0.125981, -0.0648289 0.00183042   0.141814, -0.0698512 0.00266195   0.160193, -0.0648712 0.00295615   0.176474,   0.141589 0.00409036   0.108839, 
1205,   0.371561   0.102263 -0.0557662,   0.0119514 -0.00695753    0.049421, -0.00408217   0.0263323    0.073374, -0.0217349 -0.0281996  0.0688936, -0.0272028 0.00766683  0.0669669,  -0.0316991 -0.00866504    0.072513,  -0.0325759 -0.00153095   0.0764912,  -0.0366222 -0.00230865   0.0837825, -0.0409823 -0.0012297  0.0917731,  -0.0462835 -0.00051713    0.101358,  -0.0521836 0.000237844    0.112631, -0.0585001  0.0010126   0.125981, -0.0648289 0.00183042   0.141814, -0.0698512 0.00266195   0.160193, -0.0648712 0.00295615   0.176474,   0.141589 0.00409036   0.108839, 
1210,   0.427439  0.0152905 -0.0624532,   0.0119514 -0.00695753    0.049421, -0.00408217   0.0263323    0.073374, -0.0217349 -0.0281996  0.0688936, -0.0272028 0.00766683  0.0669669,  -0.0316991 -0.00866504    0.072513,  -0.0325759 -0.00153095   0.0764912,  -0.0366222 -0.00230865   0.0837825, -0.0409823 -0.0012297  0.0917731,  -0.0462835 -0.00051713    0.101358,  -0.0521836 0.000237844    0.112631, -0.0585001  0.0010126   0.125981, -0.0648289 0.00183042   0.141814, -0.0698512 0.00266195   0.160193, -0.0648712 0.00295615   0.176474,   0.141589 0.00409036   0.108839, 
1215,   0.480194  -0.046046 -0.0552615,   0.0119514 -0.00695753    0.049421, -0.00408217   0.0263323    0.073374, -0.0217349 -0.0281996  0.0688936, -0.0272028 0.00766683  0.0669669,  -0.0316991 -0.00866504    0.072513,  -0.0325759 -0.00153095   0.0764912,  -0.0366222 -0.00230865   0.0837825, -0.0409823 -0.0012297  0.0917731,  -0.0462835 -0.00051713    0.101358,  -0.0521836 0.000237844    0.112631, -0.0585001  0.0010126   0.125981, -0.0648289 0.00183042   0.141814, -0.0698512 0.00266195   0.160193, -0.0648712 0.00295615   0.176474,   0.141589 0.00409036   0.108839, 
1220,   0.534469 -0.0889962 -0.0335526,   0.0119514 -0.00695753    0.049421, -0.00408217   0.0263323    0.073374, -0.0217349 -0.0281996  0.0688936, -0.0272028 0.00766683  0.0669669,  -0.0316991 -0.00866504    0.072513,  -0.0325759 -0.00153095   0.0764912,  -0.0366222 -0.00230865   0.0837825, -0.0409823 -0.0012297  0.0917731,  -0.0462835 -0.00051713    0.101358,  -0.0521836 0.000237844    0.112631, -0.0585001  0.0010126   0.125981, -0.0648289 0.00183042   0.141814, -0.0698512 0.00266195   0.160193, -0.0648712 0.00295615   0.176474,   0.141589 0.00409036   0.108839, 
1225,  0.593046 -0.118608 0.0011636,   0.0119514 -0.00695753    0.049421, -0.00408217   0.0263323    0.073374, -0.0217349 -0.0281996  0.0688936, -0.0272028 0.00766683  0.0669669,  -0.0316991 -0.00866504    0.072513,  -0.0325759 -0.00153095   0.0764912,  -0.0366222 -0.00230865   0.0837825, -0.0409823 -0.0012297  0.0917731,  -0.0462835 -0.00051713    0.101358,  -0.0521836 0.000237844    0.112631, -0.0585001  0.0010126   0.125981, -0.0648289 0.00183042   0.141814, -0.0698512 0.00266195   0.160193, -0.0648712 0.00295615   0.176474,   0.141589 0.00409036   0.108839, 
1230,  0.691225 -0.115086 0.0270305,   0.0119514 -0.00695753    0.049421, -0.00408217   0.0263323    0.073374, -0.0217349 -0.0281996  0.0688936, -0.0272028 0.00766683  0.0669669,  -0.0316991 -0.00866504    0.072513,  -0.0325759 -0.00153095   0.0764912,  -0.0366222 -0.00230865   0.0837825, -0.0409823 -0.0012297  0.0917731,  -0.0462835 -0.00051713    0.101358,  -0.0521836 0.000237844    0.112631, -0.0585001  0.0010126   0.125981, -0.0648289 0.00183042   0.141814, -0.0698512 0.00266195   0.160193, -0.0648712 0.00295615   0.176474,   0.141589 0.00409036   0.108839, 
1235,   0.795294 -0.0413435  0.0510837,   0.0119514 -0.00695753    0.049421, -0.00408217   0.0263323    0.073374, -0.0217349 -0.0281996  0.0688936, -0.0272028 0.00766683  0.0669669,  -0.0316991 -0.00866504    0.072513,  -0.0325759 -0.00153095   0.0764912,  -0.0366222 -0.00230865   0.0837825, -0.0409823 -0.0012297  0.0917731,  -0.0462835 -0.00051713    0.101358,  -0.0521836 0.000237844    0.112631, -0.0585001  0.0010126   0.125981, -0.0648289 0.00183042   0.141814, -0.0698512 0.00266195   0.160193, -0.0648712 0.00295615   0.176474,   0.141589 0.00409036   0.108839, 
1240,  0.777064 0.0113969  0.109586,   0.0119514 -0.00695753    0.049421, -0.00408217   0.0263323    0.073374, -0.0217349 -0.0281996  0.0688936, -0.0272028 0.00766683  0.0669669,  -0.0316991 -0.00866504    0.072513,  -0.0325759 -0.00153095   0.0764912,  -0.0366222 -0.00230865   0.0837825, -0.0409823 -0.0012297  0.0917731,  -0.0462835 -0.00051713    0.101358,  -0.0521836 0.000237844    0.112631, -0.0585001  0.0010126   0.125981, -0.0648289 0.00183042   0.141814, -0.0698512 0.00266195   0.160193, -0.0648712 0.00295615   0.176474,   0.141589 0.00409036   0.108839, 
1245,  0.744395 0.0491265  0.175003,   0.0119514 -0.00695753    0.049421, -0.00408217   0.0263323    0.073374, -0.0217349 -0.0281996  0.0688936, -0.0272028 0.00766683  0.0669669,  -0.0316991 -0.00866504    0.072513,  -0.0325759 -0.00153095   0.0764912,  -0.0366222 -0.00230865   0.0837825, -0.0409823 -0.0012297  0.0917731,  -0.0462835 -0.00051713    0.101358,  -0.0521836 0.000237844    0.112631, -0.0585001  0.0010126   0.125981, -0.0648289 0.00183042   0.141814, -0.0698512 0.00266195   0.160193, -0.0648712 0.00295615   0.176474,   0.141589 0.00409036   0.108839, 
1250,  0.703611 0.0716125   0.24559,   0.0119514 -0.00695753    0.049421, -0.00408217   0.0263323    0.073374, -0.0217349 -0.0281996  0.0688936, -0.0272028 0.00766683  0.0669669,  -0.0316991 -0.00866504    0.072513,  -0.0325759 -0.00153095   0.0764912,  -0.0366222 -0.00230865   0.0837825, -0.0409823 -0.0012297  0.0917731,  -0.0462835 -0.00051713    0.101358,  -0.0521836 0.000237844    0.112631, -0.0585001  0.0010126   0.125981, -0.0648289 0.00183042   0.141814, -0.0698512 0.00266195   0.160193, -0.0648712 0.00295615   0.176474,   0.141589 0.00409036   0.108839, 
1255,  0.660897 0.0632753  0.318389,   0.0119514 -0.00695753    0.049421, -0.00408217   0.0263323    0.073374, -0.0217349 -0.0281996  0.0688936, -0.0272028 0.00766683  0.0669669,  -0.0316991 -0.00866504    0.072513,  -0.0325759 -0.00153095   0.0764912,  -0.0366222 -0.00230865   0.0837825, -0.0409823 -0.0012297  0.0917731,  -0.0462835 -0.00051713    0.101358,  -0.0521836 0.000237844    0.112631, -0.0585001  0.0010126   0.125981, -0.0648289 0.00183042   0.141814, -0.0698512 0.00266195   0.160193, -0.0648712 0.00295615   0.176474,   0.141589 0.00409036   0.108839, 
1260,  0.606461 0.0427172  0.392546,   0.0119514 -0.00695753    0.049421, -0.00408217   0.0263323    0.073374, -0.0217349 -0.0281996  0.0688936, -0.0272028 0.00766683  0.0669669,  -0.0316991 -0.00866504    0.072513,  -0.0325759 -0.00153095   0.0764912,  -0.0366222 -0.00230865   0.0837825, -0.0409823 -0.0012297  0.0917731,  -0.0462835 -0.00051713    0.101358,  -0.0521836 0.000237844    0.112631, -0.0585001  0.0010126   0.125981, -0.0648289 0.00183042   0.141814, -0.0698512 0.00266195   0.160193, -0.0648712 0.00295615   0.176474,   0.141589 0.00409036   0.108839, 
1265,   0.549291 0.00611122   0.411591,   0.0119514 -0.00695753    0.049421, -0.00408217   0.0263323    0.073374, -0.0217349 -0.0281996  0.0688936, -0.0272028 0.00766683  0.0669669,  -0.0316991 -0.00866504    0.072513,  -0.0325759 -0.00153095   0.0764912,  -0.0366222 -0.00230865   0.0837825, -0.0409823 -0.0012297  0.0917731,  -0.0462835 -0.00051713    0.101358,  -0.0521836 0.000237844    0.112631, -0.0585001  0.0010126   0.125981, -0.0648289 0.00183042   0.141814, -0.0698512 0.00266195   0.160193, -0.0648712 0.00295615   0.176474,   0.141589 0.00409036   0.108839, 
1270,    0.470169 0.000181429    0.445592,   0.0119514 -0.00695753    0.049421, -0.00408217   0.0263323    0.073374, -0.0217349 -0.0281996  0.0688936, -0.0272028 0.00766683  0.0669669,  -0.0316991 -0.00866504    0.072513,  -0.0325759 -0.00153095   0.0764912,  -0.0366222 -0.00230865   0.0837825, -0.0409823 -0.0012297  0.0917731,  -0.0462835 -0.00051713    0.101358,  -0.0521836 0.000237844    0.112631, -0.0585001  0.0010126   0.125981, -0.0648289 0.00183042   0.141814, -0.0698512 0.00266195   0.160193, -0.0648712 0.00295615   0.176474,   0.141589 0.00409036   0.108839, 
1275,  0.424151 0.0382292   0.46372,   0.0119514 -0.00695753    0.049421, -0.00408217   0.0263323    0.073374, -0.0217349 -0.0281996  0.0688936, -0.0272028 0.00766683  0.0669669,  -0.0316991 -0.00866504    0.072513,  -0.0325759 -0.00153095   0.0764912,  -0.0366222 -0.00230865   0.0837825, -0.0409823 -0.0012297  0.0917731,  -0.0462835 -0.00051713    0.101358,  -0.0521836 0.000237844    0.112631, -0.0585001  0.0010126   0.125981, -0.0648289 0.00183042   0.141814, -0.0698512 0.00266195   0.160193, -0.0648712 0.00295615   0.176474,   0.141589 0.00409036   0.108839, 
1280,  0.382122 0.0863813  0.477675,   0.0119514 -0.00695753    0.049421, -0.00408217   0.0263323    0.073374, -0.0217349 -0.0281996  0.0688936, -0.0272028 0.00766683  0.0669669,  -0.0316991 -0.00866504    0.072513,  -0.0325759 -0.00153095   0.0764912,  -0.0366222 -0.00230865   0.0837825, -0.0409823 -0.0012297  0.0917731,  -0.0462835 -0.00051713    0.101358,  -0.0521836 0.000237844    0.112631, -0.0585001  0.0010126   0.125981, -0.0648289 0.00183042   0.141814, -0.0698512 0.00266195   0.160193, -0.0648712 0.00295615   0.176474,   0.141589 0.00409036   0.108839, 
1285, 0.334539 0.138602 0.469555,   0.0119514 -0.00695753    0.049421, -0.00408217   0.0263323    0.073374, -0.0217349 -0.0281996  0.0688936, -0.0272028 0.00766683  0.0669669,  -0.0316991 -0.00866504    0.072513,  -0.0325759 -0.00153095   0.0764912,  -0.0366222 -0.00230865   0.0837825, -0.0409823 -0.0012297  0.0917731,  -0.0462835 -0.00051713    0.101358,  -0.0521836 0.000237844    0.112631, -0.0585001  0.0010126   0.125981, -0.0648289 0.00183042   0.141814, -0.0698512 0.00266195   0.160193, -0.0648712 0.00295615   0.176474,   0.141589 0.00409036   0.108839, 
1290, 0.284844  0.18664 0.462732,   0.0119514 -0.00695753    0.049421, -0.00408217   0.0263323    0.073374, -0.0217349 -0.0281996  0.0688936, -0.0272028 0.00766683  0.0669669,  -0.0316991 -0.00866504    0.072513,  -0.0325759 -0.00153095   0.0764912,  -0.0366222 -0.00230865   0.0837825, -0.0409823 -0.0012297  0.0917731,  -0.0462835 -0.00051713    0.101358,  -0.0521836 0.000237844    0.112631, -0.0585001  0.0010126   0.125981, -0.0648289 0.00183042   0.141814, -0.0698512 0.00266195   0.160193, -0.0648712 0.00295615   0.176474,   0.141589 0.00409036   0.108839, 
1295, 0.236446 0.229334 0.461536,   0.0119514 -0.00695753    0.049421, -0.00408217   0.0263323    0.073374, -0.0217349 -0.0281996  0.0688936, -0.0272028 0.00766683  0.0669669,  -0.0316991 -0.00866504    0.072513,  -0.0325759 -0.00153095   0.0764912,  -0.0366222 -0.00230865   0.0837825, -0.0409823 -0.0012297  0.0917731,  -0.0462835 -0.00051713    0.101358,  -0.0521836 0.000237844    0.112631, -0.0585001  0.0010126   0.125981, -0.0648289 0.00183042   0.141814, -0.0698512 0.00266195   0.160193, -0.0648712 0.00295615   0.176474,   0.141589 0.00409036   0.108839, 
1300, 0.199404 0.275346 0.446052,   0.0119514 -0.00695753    0.049421, -0.00408217   0.0263323    0.073374, -0.0217349 -0.0281996  0.0688936, -0.0272028 0.00766683  0.0669669,  -0.0316991 -0.00866504    0.072513,  -0.0325759 -0.00153095   0.0764912,  -0.0366222 -0.00230865   0.0837825, -0.0409823 -0.0012297  0.0917731,  -0.0462835 -0.00051713    0.101358,  -0.0521836 0.000237844    0.112631, -0.0585001  0.0010126   0.125981, -0.0648289 0.00183042   0.141814, -0.0698512 0.00266195   0.160193, -0.0648712 0.00295615   0.176474,   0.141589 0.00409036   0.108839, 
1305, 0.159512 0.317159 0.428946,   0.0119514 -0.00695753    0.049421, -0.00408217   0.0263323    0.073374, -0.0217349 -0.0281996  0.0688936, -0.0272028 0.00766683  0.0669669,  -0.0316991 -0.00866504    0.072513,  -0.0325759 -0.00153095   0.0764912,  -0.0366222 -0.00230865   0.0837825, -0.0409823 -0.0012297  0.0917731,  -0.0462835 -0.00051713    0.101358,  -0.0521836 0.000237844    0.112631, -0.0585001  0.0010126   0.125981, -0.0648289 0.00183042   0.141814, -0.0698512 0.00266195   0.160193, -0.0648712 0.00295615   0.176474,   0.141589 0.00409036   0.108839, 
1310, 0.113772 0.347779 0.421097,   0.0119514 -0.00695753    0.049421, -0.00408217   0.0263323    0.073374, -0.0217349 -0.0281996  0.0688936, -0.0272028 0.00766683  0.0669669,  -0.0316991 -0.00866504    0.072513,  -0.0325759 -0.00153095   0.0764912,  -0.0366222 -0.00230865   0.0837825, -0.0409823 -0.0012297  0.0917731,  -0.0462835 -0.00051713    0.101358,  -0.0521836 0.000237844    0.112631, -0.0585001  0.0010126   0.125981, -0.0648289 0.00183042   0.141814, -0.0698512 0.00266195   0.160193, -0.0648712 0.00295615   0.176474,   0.141589 0.00409036   0.108839, 
1315, 0.0282821  0.356268  0.411874,   0.0119514 -0.00695753    0.049421, -0.00408217   0.0263323    0.073374, -0.0217349 -0.0281996  0.0688936, -0.0272028 0.00766683  0.0669669,  -0.0316991 -0.00866504    0.072513,  -0.0325759 -0.00153095   0.0764912,  -0.0366222 -0.00230865   0.0837825, -0.0409823 -0.0012297  0.0917731,  -0.0462835 -0.00051713    0.101358,  -0.0521836 0.000237844    0.112631, -0.0585001  0.0010126   0.125981, -0.0648289 0.00183042   0.141814, -0.0698512 0.00266195   0.160193, -0.0648712 0.00295615   0.176474,   0.141589 0.00409036   0.108839, 
1320, -0.0635032   0.298103   0.398653,   0.0119514 -0.00695753    0.049421, -0.00408217   0.0263323    0.073374, -0.0217349 -0.0281996  0.0688936, -0.0272028 0.00766683  0.0669669,  -0.0316991 -0.00866504    0.072513,  -0.0325759 -0.00153095   0.0764912,  -0.0366222 -0.00230865   0.0837825, -0.0409823 -0.0012297  0.0917731,  -0.0462835 -0.00051713    0.101358,  -0.0521836 0.000237844    0.112631, -0.0585001  0.0010126   0.125981, -0.0648289 0.00183042   0.141814, -0.0698512 0.00266195   0.160193, -0.0648712 0.00295615   0.176474,   0.141589 0.00409036   0.108839, 
1325, -0.145475  0.223914  0.376378,   0.0119514 -0.00695753    0.049421, -0.00408217   0.0263323    0.073374, -0.0217349 -0.0281996  0.0688936, -0.0272028 0.00766683  0.0669669,  -0.0316991 -0.00866504    0.072513,  -0.0325759 -0.00153095   0.0764912,  -0.0366222 -0.00230865   0.0837825, -0.0409823 -0.0012297  0.0917731,  -0.0462835 -0.00051713    0.101358,  -0.0521836 0.000237844    0.112631, -0.0585001  0.0010126   0.125981, -0.0648289 0.00183042   0.141814, -0.0698512 0.00266195   0.160193, -0.0648712 0.00295615   0.176474,   0.141589 0.00409036   0.108839, 
1330, -0.217701  0.150347  0.353845,   0.0119514 -0.00695753    0.049421, -0.00408217   0.0263323    0.073374, -0.0217349 -0.0281996  0.0688936, -0.0272028 0.00766683  0.0669669,  -0.0316991 -0.00866504    0.072513,  -0.0325759 -0.00153095   0.0764912,  -0.0366222 -0.00230865   0.0837825, -0.0409823 -0.0012297  0.0917731,  -0.0462835 -0.00051713    0.101358,  -0.0521836 0.000237844    0.112631, -0.0585001  0.0010126   0.125981, -0.0648289 0.00183042   0.141814, -0.0698512 0.00266195   0.160193, -0.0648712 0.00295615   0.176474,   0.141589 0.00409036   0.108839, 
1335, -0.267062  0.110548  0.338857,   0.0119514 -0.00695753    0.049421, -0.00408217   0.0263323    0.073374, -0.0217349 -0.0281996  0.0688936, -0.0272028 0.00766683  0.0669669,  -0.0316991 -0.00866504    0.072513,  -0.0325759 -0.00153095   0.0764912,  -0.0366222 -0.00230865   0.0837825, -0.0409823 -0.0012297  0.0917731,  -0.0462835 -0.00051713    0.101358,  -0.0521836 0.000237844    0.112631, -0.0585001  0.0010126   0.125981, -0.0648289 0.00183042   0.141814, -0.0698512 0.00266195   0.160193, -0.0648712 0.00295615   0.176474,   0.141589 0.00409036   0.108839, 
1340, -0.295073 0.0943639  0.332868,   0.0119514 -0.00695753    0.049421, -0.00408217   0.0263323    0.073374, -0.0217349 -0.0281996  0.0688936, -0.0272028 0.00766683  0.0669669,  -0.0316991 -0.00866504    0.072513,  -0.0325759 -0.00153095   0.0764912,  -0.0366222 -0.00230865   0.0837825, -0.0409823 -0.0012297  0.0917731,  -0.0462835 -0.00051713    0.101358,  -0.0521836 0.000237844    0.112631, -0.0585001  0.0010126   0.125981, -0.0648289 0.00183042   0.141814, -0.0698512 0.00266195   0.160193, -0.0648712 0.00295615   0.176474,   0.141589 0.00409036   0.108839, 
1345, -0.310009 0.0861787  0.335886,   0.0119514 -0.00695753    0.049421, -0.00408217   0.0263323    0.073374, -0.0217349 -0.0281996  0.0688936, -0.0272028 0.00766683  0.0669669,  -0.0316991 -0.00866504    0.072513,  -0.0325759 -0.00153095   0.0764912,  -0.0366222 -0.00230865   0.0837825, -0.0409823 -0.0012297  0.0917731,  -0.0462835 -0.00051713    0.101358,  -0.0521836 0.000237844    0.112631, -0.0585001  0.0010126   0.125981, -0.0648289 0.00183042   0.141814, -0.0698512 0.00266195   0.160193, -0.0648712 0.00295615   0.176474,   0.141589 0.00409036   0.108839, 
1350, -0.316647 0.0975694   0.38303,   0.0119514 -0.00695753    0.049421, -0.00408217   0.0263323    0.073374, -0.0217349 -0.0281996  0.0688936, -0.0272028 0.00766683  0.0669669,  -0.0316991 -0.00866504    0.072513,  -0.0325759 -0.00153095   0.0764912,  -0.0366222 -0.00230865   0.0837825, -0.0409823 -0.0012297  0.0917731,  -0.0462835 -0.00051713    0.101358,  -0.0521836 0.000237844    0.112631, -0.0585001  0.0010126   0.125981, -0.0648289 0.00183042   0.141814, -0.0698512 0.00266195   0.160193, -0.0648712 0.00295615   0.176474,   0.141589 0.00409036   0.108839, 
1355, -0.323394  0.112985  0.439046,   0.0119514 -0.00695753    0.049421, -0.00408217   0.0263323    0.073374, -0.0217349 -0.0281996  0.0688936, -0.0272028 0.00766683  0.0669669,  -0.0316991 -0.00866504    0.072513,  -0.0325759 -0.00153095   0.0764912,  -0.0366222 -0.00230865   0.0837825, -0.0409823 -0.0012297  0.0917731,  -0.0462835 -0.00051713    0.101358,  -0.0521836 0.000237844    0.112631, -0.0585001  0.0010126   0.125981, -0.0648289 0.00183042   0.141814, -0.0698512 0.00266195   0.160193, -0.0648712 0.00295615   0.176474,   0.141589 0.00409036   0.108839, 
1360, -0.329338  0.128905  0.490526,   0.0119514 -0.00695753    0.049421, -0.00408217   0.0263323    0.073374, -0.0217349 -0.0281996  0.0688936, -0.0272028 0.00766683  0.0669669,  -0.0316991 -0.00866504    0.072513,  -0.0325759 -0.00153095   0.0764912,  -0.0366222 -0.00230865   0.0837825, -0.0409823 -0.0012297  0.0917731,  -0.0462835 -0.00051713    0.101358,  -0.0521836 0.000237844    0.112631, -0.0585001  0.0010126   0.125981, -0.0648289 0.00183042   0.141814, -0.0698512 0.00266195   0.160193, -0.0648712 0.00295615   0.176474,   0.141589 0.00409036   0.108839, 
1365, -0.334584  0.140415  0.516035,   0.0119514 -0.00695753    0.049421, -0.00408217   0.0263323    0.073374, -0.0217349 -0.0281996  0.0688936, -0.0272028 0.00766683  0.0669669,  -0.0316991 -0.00866504    0.072513,  -0.0325759 -0.00153095   0.0764912,  -0.0366222 -0.00230865   0.0837825, -0.0409823 -0.0012297  0.0917731,  -0.0462835 -0.00051713    0.101358,  -0.0521836 0.000237844    0.112631, -0.0585001  0.0010126   0.125981, -0.0648289 0.00183042   0.141814, -0.0698512 0.00266195   0.160193, -0.0648712 0.00295615   0.176474,   0.141589 0.00409036   0.108839, 
1370, -0.337056    0.1454  0.531807,   0.0119514 -0.00695753    0.049421, -0.00408217   0.0263323    0.073374, -0.0217349 -0.0281996  0.0688936, -0.0272028 0.00766683  0.0669669,  -0.0316991 -0.00866504    0.072513,  -0.0325759 -0.00153095   0.0764912,  -0.0366222 -0.00230865   0.0837825, -0.0409823 -0.0012297  0.0917731,  -0.0462835 -0.00051713    0.101358,  -0.0521836 0.000237844    0.112631, -0.0585001  0.0010126   0.125981, -0.0648289 0.00183042   0.141814, -0.0698512 0.00266195   0.160193, -0.0648712 0.00295615   0.176474,   0.141589 0.00409036   0.108839, 
1375, -0.329067  0.159904  0.544254,   0.0119514 -0.00695753    0.049421, -0.00408217   0.0263323    0.073374, -0.0217349 -0.0281996  0.0688936, -0.0272028 0.00766683  0.0669669,  -0.0316991 -0.00866504    0.072513,  -0.0325759 -0.00153095   0.0764912,  -0.0366222 -0.00230865   0.0837825, -0.0409823 -0.0012297  0.0917731,  -0.0462835 -0.00051713    0.101358,  -0.0521836 0.000237844    0.112631, -0.0585001  0.0010126   0.125981, -0.0648289 0.00183042   0.141814, -0.0698512 0.00266195   0.160193, -0.0648712 0.00295615   0.176474,   0.141589 0.00409036   0.108839, 
1380, -0.308362   0.17815  0.554399,   0.0119514 -0.00695753    0.049421, -0.00408217   0.0263323    0.073374, -0.0217349 -0.0281996  0.0688936, -0.0272028 0.00766683  0.0669669,  -0.0316991 -0.00866504    0.072513,  -0.0325759 -0.00153095   0.0764912,  -0.0366222 -0.00230865   0.0837825, -0.0409823 -0.0012297  0.0917731,  -0.0462835 -0.00051713    0.101358,  -0.0521836 0.000237844    0.112631, -0.0585001  0.0010126   0.125981, -0.0648289 0.00183042   0.141814, -0.0698512 0.00266195   0.160193, -0.0648712 0.00295615   0.176474,   0.141589 0.00409036   0.108839, 
1385, -0.304106  0.203311  0.528546,   0.0119514 -0.00695753    0.049421, -0.00408217   0.0263323    0.073374, -0.0217349 -0.0281996  0.0688936, -0.0272028 0.00766683  0.0669669,  -0.0316991 -0.00866504    0.072513,  -0.0325759 -0.00153095   0.0764912,  -0.0366222 -0.00230865   0.0837825, -0.0409823 -0.0012297  0.0917731,  -0.0462835 -0.00051713    0.101358,  -0.0521836 0.000237844    0.112631, -0.0585001  0.0010126   0.125981, -0.0648289 0.00183042   0.141814, -0.0698512 0.00266195   0.160193, -0.0648712 0.00295615   0.176474,   0.141589 0.00409036   0.108839, 
1390, -0.302087  0.237879  0.498534,   0.0119514 -0.00695753    0.049421, -0.00408217   0.0263323    0.073374, -0.0217349 -0.0281996  0.0688936, -0.0272028 0.00766683  0.0669669,  -0.0316991 -0.00866504    0.072513,  -0.0325759 -0.00153095   0.0764912,  -0.0366222 -0.00230865   0.0837825, -0.0409823 -0.0012297  0.0917731,  -0.0462835 -0.00051713    0.101358,  -0.0521836 0.000237844    0.112631, -0.0585001  0.0010126   0.125981, -0.0648289 0.00183042   0.141814, -0.0698512 0.00266195   0.160193, -0.0648712 0.00295615   0.176474,   0.141589 0.00409036   0.108839, 
