State at time 0 ms ------------------
q measurement:
       0        0 0.622451        0        0        0        1    -0.44     0.05        0     0.95    -0.49    -0.07    -0.44    -0.05        0     0.95    -0.49     0.07        0        0        0     0.07     0.14        0     1.13        0        0        0     0.07    -0.14        0     1.13        0        0        0
q0 MPC last solution:
       0        0 0.622451        0        0        0        1    -0.44     0.05        0     0.95    -0.49    -0.07    -0.44    -0.05        0     0.95    -0.49     0.07        0        0        0     0.07     0.14        0     1.13        0        0        0     0.07    -0.14        0     1.13        0        0        0
Predicted q MPC over horizon:
       0        0 0.622451        0        0        0        1    -0.44     0.05        0     0.95    -0.49    -0.07    -0.44    -0.05        0     0.95    -0.49     0.07        0        0        0     0.07     0.14        0     1.13        0        0        0     0.07    -0.14        0     1.13        0        0        0        0        0 0.622451        0        0        0        1    -0.44     0.05        0     0.95    -0.49    -0.07    -0.44    -0.05        0     0.95    -0.49     0.07        0        0        0     0.07     0.14        0     1.13        0        0        0     0.07    -0.14        0     1.13        0        0        0        0        0 0.622451        0        0        0        1    -0.44     0.05        0     0.95    -0.49    -0.07    -0.44    -0.05        0     0.95    -0.49     0.07        0        0        0     0.07     0.14        0     1.13        0        0        0     0.07    -0.14        0     1.13        0        0        0        0        0 0.622451        0        0        0        1    -0.44     0.05        0     0.95    -0.49    -0.07    -0.44    -0.05        0     0.95    -0.49     0.07        0        0        0     0.07     0.14        0     1.13        0        0        0     0.07    -0.14        0     1.13        0        0        0        0        0 0.622451        0        0        0        1    -0.44     0.05        0     0.95    -0.49    -0.07    -0.44    -0.05        0     0.95    -0.49     0.07        0        0        0     0.07     0.14        0     1.13        0        0        0     0.07    -0.14        0     1.13        0        0        0        0        0 0.622451        0        0        0        1    -0.44     0.05        0     0.95    -0.49    -0.07    -0.44    -0.05        0     0.95    -0.49     0.07        0        0        0     0.07     0.14        0     1.13        0        0        0     0.07    -0.14        0     1.13        0        0        0        0        0 0.622451        0        0        0        1    -0.44     0.05        0     0.95    -0.49    -0.07    -0.44    -0.05        0     0.95    -0.49     0.07        0        0        0     0.07     0.14        0     1.13        0        0        0     0.07    -0.14        0     1.13        0        0        0        0        0 0.622451        0        0        0        1    -0.44     0.05        0     0.95    -0.49    -0.07    -0.44    -0.05        0     0.95    -0.49     0.07        0        0        0     0.07     0.14        0     1.13        0        0        0     0.07    -0.14        0     1.13        0        0        0        0        0 0.622451        0        0        0        1    -0.44     0.05        0     0.95    -0.49    -0.07    -0.44    -0.05        0     0.95    -0.49     0.07        0        0        0     0.07     0.14        0     1.13        0        0        0     0.07    -0.14        0     1.13        0        0        0        0        0 0.622451        0        0        0        1    -0.44     0.05        0     0.95    -0.49    -0.07    -0.44    -0.05        0     0.95    -0.49     0.07        0        0        0     0.07     0.14        0     1.13        0        0        0     0.07    -0.14        0     1.13        0        0        0        0        0 0.622451        0        0        0        1    -0.44     0.05        0     0.95    -0.49    -0.07    -0.44    -0.05        0     0.95    -0.49     0.07        0        0        0     0.07     0.14        0     1.13        0        0        0     0.07    -0.14        0     1.13        0        0        0        0        0 0.622451        0        0        0        1    -0.44     0.05        0     0.95    -0.49    -0.07    -0.44    -0.05        0     0.95    -0.49     0.07        0        0        0     0.07     0.14        0     1.13        0        0        0     0.07    -0.14        0     1.13        0        0        0        0        0 0.622451        0        0        0        1    -0.44     0.05        0     0.95    -0.49    -0.07    -0.44    -0.05        0     0.95    -0.49     0.07        0        0        0     0.07     0.14        0     1.13        0        0        0     0.07    -0.14        0     1.13        0        0        0        0        0 0.622451        0        0        0        1    -0.44     0.05        0     0.95    -0.49    -0.07    -0.44    -0.05        0     0.95    -0.49     0.07        0        0        0     0.07     0.14        0     1.13        0        0        0     0.07    -0.14        0     1.13        0        0        0        0        0 0.622451        0        0        0        1    -0.44     0.05        0     0.95    -0.49    -0.07    -0.44    -0.05        0     0.95    -0.49     0.07        0        0        0     0.07     0.14        0     1.13        0        0        0     0.07    -0.14        0     1.13        0        0        0        0        0 0.622451        0        0        0        1    -0.44     0.05        0     0.95    -0.49    -0.07    -0.44    -0.05        0     0.95    -0.49     0.07        0        0        0     0.07     0.14        0     1.13        0        0        0     0.07    -0.14        0     1.13        0        0        0
Quaternion norm:
1, 1, 1, 1, 1, 1, 1, 1, 1, 1, 1, 1, 1, 1, 
v measurement:
0 0 0 0 0 0 0 0 0 0 0 0 0 0 0 0 0 0 0 0 0 0 0 0 0 0 0 0 0 0 0 0 0 0 0 0
v0 MPC last solution:
0 0 0 0 0 0 0 0 0 0 0 0 0 0 0 0 0 0 0 0 0 0 0 0 0 0 0 0 0 0 0 0 0 0 0 0
Predicted v MPC last solution:
0 0 0 0 0 0 0 0 0 0 0 0 0 0 0 0 0 0 0 0 0 0 0 0 0 0 0 0 0 0 0 0 0 0 0 0
----------------------------------------------------------------------
State at time 5 ms ------------------
q measurement:
  6.1401e-05  6.42411e-06     0.622443   -6.265e-06  0.000178315 -3.53742e-06            1    -0.439172    0.0499915   0.00163508      0.94584    -0.488852   -0.0409543    -0.439162   -0.0500671  -0.00144645     0.945228     -0.47883    0.0477094  1.06617e-05  3.34935e-05 -0.000652988    0.0702964     0.139978 -7.86106e-05      1.12999   1.0805e-05  1.18474e-05  4.26739e-06    0.0703112    -0.140047   0.00012171      1.12995  4.78928e-05  3.67418e-05  5.06825e-06
q0 MPC last solution:
       0        0 0.622451        0        0        0        1    -0.44     0.05        0     0.95    -0.49    -0.07    -0.44    -0.05        0     0.95    -0.49     0.07        0        0        0     0.07     0.14        0     1.13        0        0        0     0.07    -0.14        0     1.13        0        0        0
Predicted q MPC over horizon:
       0        0 0.622451        0        0        0        1    -0.44     0.05        0     0.95    -0.49    -0.07    -0.44    -0.05        0     0.95    -0.49     0.07        0        0        0     0.07     0.14        0     1.13        0        0        0     0.07    -0.14        0     1.13        0        0        0        0        0 0.622451        0        0        0        1    -0.44     0.05        0     0.95    -0.49    -0.07    -0.44    -0.05        0     0.95    -0.49     0.07        0        0        0     0.07     0.14        0     1.13        0        0        0     0.07    -0.14        0     1.13        0        0        0        0        0 0.622451        0        0        0        1    -0.44     0.05        0     0.95    -0.49    -0.07    -0.44    -0.05        0     0.95    -0.49     0.07        0        0        0     0.07     0.14        0     1.13        0        0        0     0.07    -0.14        0     1.13        0        0        0        0        0 0.622451        0        0        0        1    -0.44     0.05        0     0.95    -0.49    -0.07    -0.44    -0.05        0     0.95    -0.49     0.07        0        0        0     0.07     0.14        0     1.13        0        0        0     0.07    -0.14        0     1.13        0        0        0        0        0 0.622451        0        0        0        1    -0.44     0.05        0     0.95    -0.49    -0.07    -0.44    -0.05        0     0.95    -0.49     0.07        0        0        0     0.07     0.14        0     1.13        0        0        0     0.07    -0.14        0     1.13        0        0        0        0        0 0.622451        0        0        0        1    -0.44     0.05        0     0.95    -0.49    -0.07    -0.44    -0.05        0     0.95    -0.49     0.07        0        0        0     0.07     0.14        0     1.13        0        0        0     0.07    -0.14        0     1.13        0        0        0        0        0 0.622451        0        0        0        1    -0.44     0.05        0     0.95    -0.49    -0.07    -0.44    -0.05        0     0.95    -0.49     0.07        0        0        0     0.07     0.14        0     1.13        0        0        0     0.07    -0.14        0     1.13        0        0        0        0        0 0.622451        0        0        0        1    -0.44     0.05        0     0.95    -0.49    -0.07    -0.44    -0.05        0     0.95    -0.49     0.07        0        0        0     0.07     0.14        0     1.13        0        0        0     0.07    -0.14        0     1.13        0        0        0        0        0 0.622451        0        0        0        1    -0.44     0.05        0     0.95    -0.49    -0.07    -0.44    -0.05        0     0.95    -0.49     0.07        0        0        0     0.07     0.14        0     1.13        0        0        0     0.07    -0.14        0     1.13        0        0        0        0        0 0.622451        0        0        0        1    -0.44     0.05        0     0.95    -0.49    -0.07    -0.44    -0.05        0     0.95    -0.49     0.07        0        0        0     0.07     0.14        0     1.13        0        0        0     0.07    -0.14        0     1.13        0        0        0        0        0 0.622451        0        0        0        1    -0.44     0.05        0     0.95    -0.49    -0.07    -0.44    -0.05        0     0.95    -0.49     0.07        0        0        0     0.07     0.14        0     1.13        0        0        0     0.07    -0.14        0     1.13        0        0        0        0        0 0.622451        0        0        0        1    -0.44     0.05        0     0.95    -0.49    -0.07    -0.44    -0.05        0     0.95    -0.49     0.07        0        0        0     0.07     0.14        0     1.13        0        0        0     0.07    -0.14        0     1.13        0        0        0        0        0 0.622451        0        0        0        1    -0.44     0.05        0     0.95    -0.49    -0.07    -0.44    -0.05        0     0.95    -0.49     0.07        0        0        0     0.07     0.14        0     1.13        0        0        0     0.07    -0.14        0     1.13        0        0        0        0        0 0.622451        0        0        0        1    -0.44     0.05        0     0.95    -0.49    -0.07    -0.44    -0.05        0     0.95    -0.49     0.07        0        0        0     0.07     0.14        0     1.13        0        0        0     0.07    -0.14        0     1.13        0        0        0        0        0 0.622451        0        0        0        1    -0.44     0.05        0     0.95    -0.49    -0.07    -0.44    -0.05        0     0.95    -0.49     0.07        0        0        0     0.07     0.14        0     1.13        0        0        0     0.07    -0.14        0     1.13        0        0        0        0        0 0.622451        0        0        0        1    -0.44     0.05        0     0.95    -0.49    -0.07    -0.44    -0.05        0     0.95    -0.49     0.07        0        0        0     0.07     0.14        0     1.13        0        0        0     0.07    -0.14        0     1.13        0        0        0
Quaternion norm:
1, 1, 1, 1, 1, 1, 1, 1, 1, 1, 1, 1, 1, 1, 
v measurement:
   0.0207486  0.000636168   -0.0032496   0.00178383     0.114454   0.00140876     0.282432  -0.00774095     0.548155     -1.39441     0.395372      9.70098     0.281537   -0.0171617    -0.539771     -1.39254      1.96374     -8.36157 -0.000887391 -9.56847e-05    -0.213587      0.10174   0.00219922   -0.0339369   -0.0125709  -0.00587146   0.00988931  0.000201828     0.103384  -0.00761531    0.0369439    -0.016183    0.0105108    0.0120107  0.000512166            0
v0 MPC last solution:
0 0 0 0 0 0 0 0 0 0 0 0 0 0 0 0 0 0 0 0 0 0 0 0 0 0 0 0 0 0 0 0 0 0 0 0
Predicted v MPC last solution:
0 0 0 0 0 0 0 0 0 0 0 0 0 0 0 0 0 0 0 0 0 0 0 0 0 0 0 0 0 0 0 0 0 0 0 0
----------------------------------------------------------------------
State at time 10 ms ------------------
q measurement:
 0.000154384  4.28187e-06     0.622383  4.16624e-05  0.000141035  2.45478e-05            1    -0.436183    0.0499683   0.00411968      0.93692    -0.478902  -0.00542285    -0.436239   -0.0503875  -0.00371005     0.938033    -0.474348    0.0176934 -6.62586e-05 -7.85835e-05 -0.000826647    0.0707697     0.140051 -0.000310471       1.1298  -0.00011451  0.000164376 -1.53325e-06    0.0707972    -0.140047  0.000312591       1.1298  0.000120153  0.000169962  2.58454e-06
q0 MPC last solution:
  6.1401e-05  6.42411e-06     0.622443   -6.265e-06  0.000178315 -3.53742e-06            1    -0.439172    0.0499915   0.00163508      0.94584    -0.488852   -0.0409543    -0.439162   -0.0500671  -0.00144645     0.945228     -0.47883    0.0477094  1.06617e-05  3.34935e-05 -0.000652988    0.0702964     0.139978 -7.86106e-05      1.12999   1.0805e-05  1.18474e-05  4.26739e-06    0.0703112    -0.140047   0.00012171      1.12995  4.78928e-05  3.67418e-05  5.06825e-06
Predicted q MPC over horizon:
  6.1401e-05  6.42411e-06     0.622443   -6.265e-06  0.000178315 -3.53742e-06            1    -0.439172    0.0499915   0.00163508      0.94584    -0.488852   -0.0409543    -0.439162   -0.0500671  -0.00144645     0.945228     -0.47883    0.0477094  1.06617e-05  3.34935e-05 -0.000652988    0.0702964     0.139978 -7.86106e-05      1.12999   1.0805e-05  1.18474e-05  4.26739e-06    0.0703112    -0.140047   0.00012171      1.12995  4.78928e-05  3.67418e-05  5.06825e-06 6.55227e-310 6.55227e-310     0.622451            0  0.000406199  1.96256e-06            1    -0.436207    0.0499216   0.00708765     0.932472    -0.484927    0.0560521    -0.436553   -0.0502321  -0.00680044     0.932627    -0.459622   -0.0359087 -0.000257445  6.30448e-05  0.000194345    0.0713562      0.13998 -0.000382811      1.13004 -4.24152e-05  0.000154395  4.78979e-06    0.0716737     -0.13994  0.000471113      1.13006  0.000138731  0.000216749  1.44796e-05 -0.000383544  2.93967e-06      0.62127 -1.25709e-06  2.92489e-05   5.1345e-07            1    -0.436446    0.0499283   0.00703672     0.933301    -0.484764      0.05605    -0.437409   -0.0502184  -0.00672632     0.934788    -0.460175   -0.0359194  -0.00075717   0.00011242   0.00539475    0.0714845     0.139927 -0.000321358      1.13037 -3.23623e-05  0.000237444  1.58761e-06    0.0723438    -0.139592  0.000436436      1.13058  0.000112791   0.00033079  2.25916e-05 -0.000770062 -3.86666e-06     0.620531 -1.56155e-06 -5.23765e-06  5.23549e-07            1    -0.437157    0.0499238   0.00700102     0.933537    -0.484221    0.0560562    -0.438607   -0.0502017  -0.00667536     0.936076    -0.460199   -0.0359395  -0.00122028  0.000147507   0.00999999    0.0716749      0.13985 -0.000276215       1.1307 -2.39042e-05  0.000319689 -2.14835e-06    0.0730253    -0.139275  0.000411703      1.13108  9.14782e-05  0.000441582  2.99459e-05  -0.00116782 -1.01675e-05     0.619811 -1.54758e-06  -5.8109e-06  3.52368e-07            1    -0.437732    0.0499135   0.00698026     0.933263    -0.483372    0.0560692    -0.439569   -0.0501797  -0.00664295     0.936641    -0.459801   -0.0359666  -0.00165126  0.000180375    0.0150644    0.0718984     0.139757 -0.000244477      1.13103 -1.66235e-05  0.000409584 -6.46743e-06     0.073703    -0.138987  0.000395183      1.13156  7.38386e-05  0.000558345  3.67878e-05   -0.0015874 -1.57545e-05     0.619108 -1.49447e-06 -2.49609e-06  1.67246e-07            1    -0.438145    0.0498977   0.00697208     0.932537    -0.482239     0.056089    -0.440289    -0.050153  -0.00662654     0.936578    -0.459026   -0.0359997   -0.0020565  0.000216144    0.0207395    0.0721499     0.139652 -0.000223478      1.13138 -1.02732e-05  0.000508084 -1.12406e-05     0.074379    -0.138727  0.000385247      1.13205  5.91837e-05  0.000682399  4.32271e-05  -0.00203494  -2.0464e-05      0.61842 -1.43014e-06  1.79885e-06 -2.05816e-08            1    -0.438421    0.0498762   0.00697497     0.931403    -0.480838    0.0561158    -0.440806    -0.050122  -0.00662351     0.935964    -0.457904    -0.036038  -0.00244101  0.000258572    0.0270826    0.0724284     0.139542 -0.000210984      1.13174  -4.6594e-06  0.000615533 -1.63445e-05    0.0750581    -0.138491  0.000380514      1.13254  4.69601e-05  0.000814379  4.93356e-05  -0.00251542 -2.41462e-05     0.617746 -1.35698e-06  6.79926e-06 -2.10667e-07            1    -0.438586     0.049849   0.00698773       0.9299    -0.479181    0.0561497    -0.441155   -0.0500873  -0.00663167     0.934858     -0.45646    -0.036081  -0.00280888  0.000310881    0.0341357    0.0727333      0.13943 -0.000205136      1.13212  3.74142e-07  0.000732156  -2.1669e-05    0.0757442    -0.138277  0.000379824      1.13304  3.67202e-05  0.000954747  5.51635e-05  -0.00303318 -2.66613e-05     0.617084 -1.27475e-06   1.2487e-05 -4.03274e-07            1    -0.438662    0.0498159   0.00700938     0.928059    -0.477275     0.056191    -0.441368   -0.0500492  -0.00664917     0.933314    -0.454714   -0.0361282  -0.00316348  0.000375905    0.0419349    0.0730636     0.139319 -0.000204372      1.13251  4.95363e-06  0.000858099 -2.71139e-05    0.0764405    -0.138085  0.000382184      1.13355  2.81028e-05   0.00110385  6.07424e-05  -0.00359203  -2.7879e-05     0.616434 -1.18297e-06  1.88709e-05 -5.98723e-07            1    -0.438667    0.0497767   0.00703911     0.925903    -0.475128    0.0562397     -0.44147   -0.0500081  -0.00667446      0.93137    -0.452681   -0.0361791  -0.00350755  0.000456149    0.0505118    0.0734186     0.139214 -0.000207363      1.13293  9.17997e-06  0.000993431 -3.25851e-05    0.0771491    -0.137915   0.00038673      1.13408  2.08192e-05   0.00126191  6.60858e-05  -0.00419534 -2.76772e-05     0.615793 -1.08091e-06  2.59768e-05 -7.97454e-07            1    -0.438616    0.0497314   0.00707623     0.923457    -0.472745    0.0562961    -0.441485   -0.0499643  -0.00670626     0.929061    -0.450372   -0.0362335  -0.00384331  0.000553836    0.0598942    0.0737969     0.139118 -0.000212961      1.13336  1.31327e-05   0.00113813   -3.799e-05    0.0778713    -0.137767  0.000392686      1.13462  1.46408e-05   0.00142907  7.11889e-05  -0.00484616 -2.59428e-05     0.615163 -9.65542e-07  3.39789e-05  -1.0014e-06            1    -0.438526    0.0496797   0.00712016     0.920737    -0.470132    0.0563604    -0.441429    -0.049918  -0.00674344     0.926417    -0.447799   -0.0362909  -0.00417254  0.000670933    0.0701065    0.0741969     0.139035  -0.00022015      1.13381  1.68731e-05    0.0012921 -4.32343e-05    0.0786076    -0.137642  0.000399334      1.13518  9.39092e-06    0.0016053  7.60278e-05  -0.00554705 -2.25733e-05     0.614541 -8.10722e-07  4.45753e-05 -1.23329e-06            1    -0.438411    0.0496214   0.00717042     0.917761    -0.467291    0.0564328    -0.441324   -0.0498694  -0.00678497      0.92346    -0.444968   -0.0363512  -0.00449658  0.000809111    0.0811658    0.0746169     0.138969 -0.000228004      1.13428  2.04458e-05   0.00145507 -4.82169e-05    0.0793577    -0.137544   0.00040598      1.13576  4.93747e-06   0.00179044  8.05571e-05  -0.00629832 -1.75002e-05     0.613927  -3.5525e-07  7.51628e-05 -1.79962e-06            1    -0.438321    0.0495564   0.00722729     0.914543    -0.464225    0.0565134     -0.44122   -0.0498188  -0.00682914      0.92021    -0.441884   -0.0364142  -0.00481592  0.000969109    0.0930364     0.075057     0.138923 -0.000235625      1.13477  2.38752e-05   0.00162637 -5.28175e-05    0.0801224    -0.137474  0.000411912      1.13634  1.19248e-06   0.00198385  8.46997e-05  -0.00707931 -1.08949e-05     0.613318  3.09701e-06  0.000304869 -6.83145e-06            1     -0.43864     0.049484    0.0072999     0.911087    -0.460908    0.0566035     -0.44151   -0.0497654  -0.00686466     0.916678    -0.438521   -0.0364804  -0.00512363   0.00114421     0.105165     0.075544     0.138904 -0.000241857      1.13527    2.711e-05    0.0018022 -5.67958e-05     0.080922    -0.137436  0.000416286      1.13694 -1.84954e-06   0.00218124   8.8272e-05  -0.00744608 -9.48911e-06     0.612781   1.2482e-05  0.000895488 -2.23299e-05            1     -0.43808    0.0493922   0.00741512     0.906969    -0.448078    0.0698311    -0.440936   -0.0496779  -0.00696611     0.912548    -0.421927   -0.0476076  -0.00533211   0.00126993     0.113479    0.0760416     0.138773 -0.000492144      1.13759    0.0108466   0.00873358 -7.20876e-05    0.0816754    -0.137295  0.000672381      1.13954  -0.00835401   0.00952894  0.000390073
Quaternion norm:
1, 1, 1, 1, 1, 1, 1, 1, 1, 1, 1, 1, 1, 1, 
v measurement:
   0.0174985 -0.000707348   -0.0187118    0.0152298    -0.106637   0.00938286     0.808235    0.0282057      0.46027     -1.78921      1.10758       5.4739      0.79475   -0.0659985    -0.391779     -1.49258     0.259229     -4.64456   -0.0161971   -0.0184206     0.089625    0.0903665     0.018266   -0.0535442   -0.0549771   -0.0355771    0.0457277  -0.00133891    0.0956015  -0.00143138    0.0450209   -0.0462444     0.024202    0.0417905 -0.000388514   -0.0230096
v0 MPC last solution:
   0.0207486  0.000636168   -0.0032496   0.00178383     0.114454   0.00140876     0.282432  -0.00774095     0.548155     -1.39441     0.395372      9.70098     0.281537   -0.0171617    -0.539771     -1.39254      1.96374     -8.36157 -0.000887391 -9.56847e-05    -0.213587      0.10174   0.00219922   -0.0339369   -0.0125709  -0.00587146   0.00988931  0.000201828     0.103384  -0.00761531    0.0369439    -0.016183    0.0105108    0.0120107  0.000512166   -0.0230096
Predicted v MPC last solution:
-0.000317354   -0.0382902 -0.000361926   -0.0688771 -0.000307729     0.014101  0.000747565  -0.00289729    0.0575888  -0.00287901 -0.000340827   -0.0206141   0.00066738   0.00437214     0.132365   -0.0429882 -0.000241234   -0.0259233   0.00305082      0.29832    0.0042405  -0.00200961   0.00351686    0.0175419  0.000549445   0.00436548 -0.000149588    0.0328594    0.0182386  -0.00200361    0.0273984  -0.00142697   0.00599004   0.00042897   -0.0192239 -0.000349904
----------------------------------------------------------------------
State at time 15 ms ------------------
q measurement:
 0.000200163 -3.39672e-06     0.622231  6.21767e-05 -0.000346577  3.71803e-05            1    -0.431095     0.050362    0.0064119     0.927907    -0.478588    0.0131728    -0.431192    -0.050644  -0.00529308       0.9302    -0.476869   0.00197494 -0.000133934 -0.000154745  0.000589742    0.0712148      0.14016 -0.000622738      1.12944 -0.000355469  0.000486085 -1.05105e-05    0.0712709    -0.140053  0.000573885      1.12949  0.000292301   0.00046759  9.28043e-07
q0 MPC last solution:
 0.000154384  4.28187e-06     0.622383  4.16624e-05  0.000141035  2.45478e-05            1    -0.436183    0.0499683   0.00411968      0.93692    -0.478902  -0.00542285    -0.436239   -0.0503875  -0.00371005     0.938033    -0.474348    0.0176934 -6.62586e-05 -7.85835e-05 -0.000826647    0.0707697     0.140051 -0.000310471       1.1298  -0.00011451  0.000164376 -1.53325e-06    0.0707972    -0.140047  0.000312591       1.1298  0.000120153  0.000169962  2.58454e-06
Predicted q MPC over horizon:
 0.000154384  4.28187e-06     0.622383  4.16624e-05  0.000141035  2.45478e-05            1    -0.436183    0.0499683   0.00411968      0.93692    -0.478902  -0.00542285    -0.436239   -0.0503875  -0.00371005     0.938033    -0.474348    0.0176934 -6.62586e-05 -7.85835e-05 -0.000826647    0.0707697     0.140051 -0.000310471       1.1298  -0.00011451  0.000164376 -1.53325e-06    0.0707972    -0.140047  0.000312591       1.1298  0.000120153  0.000169962  2.58454e-06 1.31045e-309 1.31045e-309     0.622451 5.40086e-310 -0.000215824   3.7859e-05            1     -0.42994    0.0503944   0.00863674     0.919448    -0.466762       0.0493    -0.429911   -0.0508521  -0.00762975     0.923004    -0.470388   -0.0288578 -0.000328026 -0.000352722   0.00657256    0.0719214      0.14008 -0.000793026      1.12969 -0.000426034  0.000686739 -2.03538e-05    0.0721455    -0.139821  0.000728743      1.12982  0.000328112  0.000668356   7.1322e-06  -0.00176357 -6.68752e-05     0.620254  9.23443e-06 -1.57421e-05  1.76758e-06     0.999999    -0.432934    0.0505661   0.00848826     0.919646    -0.464369    0.0492825    -0.432515   -0.0505699  -0.00764803     0.922314    -0.467496   -0.0290576 -0.000623619 -0.000663049    0.0200294    0.0726024     0.139747 -0.000706813      1.13062 -0.000344975   0.00084823 -3.33444e-05    0.0731867    -0.139354  0.000669368      1.13086  0.000265634  0.000863433  2.25875e-05  -0.00312292 -0.000115442     0.619007 -1.33926e-06  1.44616e-05 -1.04979e-06     0.999999    -0.435001    0.0505986    0.0083825     0.918794    -0.461512    0.0492863    -0.434266   -0.0504118  -0.00768382     0.920785     -0.46428   -0.0292448  -0.00102629  -0.00112568     0.034076    0.0734261     0.139401 -0.000650821      1.13158  -0.00027778   0.00104415 -4.83737e-05    0.0744586    -0.138924  0.000625776      1.13195  0.000213801   0.00109567  3.58455e-05  -0.00446558 -0.000162888     0.617788 -2.74016e-06  2.61225e-05 -1.53597e-06     0.999999    -0.436641    0.0506014   0.00830952     0.917181    -0.458285    0.0493011    -0.435636   -0.0502702  -0.00772951     0.918595    -0.460746   -0.0294306  -0.00144822  -0.00160595    0.0483635    0.0742027      0.13907 -0.000614226      1.13249 -0.000222272   0.00124818 -6.32138e-05    0.0757059    -0.138532  0.000594754        1.133  0.000171037    0.0013355  4.76679e-05  -0.00579429 -0.000207939     0.616595 -3.04769e-06  3.66401e-05 -1.91526e-06     0.999999     -0.43795    0.0505925   0.00825947     0.914922    -0.454739     0.049325    -0.436714   -0.0501292  -0.00778827      0.91584    -0.456936   -0.0296157   -0.0018849  -0.00207442    0.0628693    0.0749722     0.138753 -0.000593139      1.13337 -0.000176348   0.00146155 -7.77775e-05    0.0769561    -0.138177  0.000573509      1.13402  0.000135686    0.0015838   5.8258e-05  -0.00711535 -0.000250521     0.615426 -3.23598e-06  4.74493e-05 -2.29728e-06     0.999999    -0.438995    0.0505746   0.00822787     0.912125     -0.45092    0.0493573    -0.437559   -0.0499875  -0.00785809     0.912615    -0.452891   -0.0297998   -0.0023333  -0.00252699    0.0776215    0.0757359     0.138454  -0.00058392      1.13423 -0.000138313   0.00168287  -9.1913e-05    0.0782086    -0.137857  0.000559702      1.13501  0.000106437   0.00183935  6.77248e-05  -0.00843407 -0.000290662      0.61428 -3.41154e-06  5.86641e-05 -2.68589e-06     0.999999    -0.439824     0.050549   0.00821167     0.908882    -0.446871    0.0493972    -0.438215   -0.0498455  -0.00793651     0.909001    -0.448644   -0.0299825  -0.00279079  -0.00296248    0.0926433    0.0764926     0.138176 -0.000583488      1.13506 -0.000106798   0.00191072 -0.000105472    0.0794608    -0.137571   0.00055138      1.13598  8.22306e-05   0.00210091  7.61413e-05  -0.00975464 -0.000328366     0.613155 -3.58403e-06  7.02907e-05 -3.07977e-06     0.999999    -0.440482    0.0505163   0.00820848      0.90527    -0.442625    0.0494443    -0.438721    -0.049704  -0.00802132     0.905063    -0.444225   -0.0301634  -0.00325506  -0.00337994     0.107949    0.0772411     0.137922 -0.000589254      1.13587 -8.06979e-05   0.00214386 -0.000118314    0.0807108    -0.137318  0.000546894      1.13694  6.22113e-05   0.00236736  8.35539e-05   -0.0110803 -0.000363604     0.612052 -3.75279e-06  8.23279e-05 -3.47747e-06     0.999999    -0.441003    0.0504771    0.0082163     0.901353    -0.438213    0.0494983     -0.43911   -0.0495633  -0.00811065     0.900862     -0.43966   -0.0303421  -0.00372414  -0.00377833     0.123546     0.077981     0.137697 -0.000599057      1.13667 -5.91288e-05   0.00238118 -0.000130314    0.0819569    -0.137099  0.000544836      1.13788  4.56948e-05   0.00263772  8.99866e-05   -0.0124132 -0.000396316     0.610969 -3.91665e-06    9.479e-05 -3.87767e-06     0.999999    -0.441417    0.0504318   0.00823349     0.897189     -0.43366    0.0495589    -0.439407   -0.0494241  -0.00820285     0.896445    -0.434973   -0.0305181  -0.00419638  -0.00415647     0.139435    0.0787119     0.137504 -0.000611111      1.13744 -4.13914e-05   0.00262175 -0.000141366    0.0831979    -0.136916  0.000543997       1.1388   3.2139e-05   0.00291111  9.54449e-05   -0.0137548 -0.000426411     0.609907 -4.07675e-06  0.000107871 -4.28113e-06     0.999999    -0.441749    0.0503809    0.0082587     0.892824    -0.428991    0.0496258    -0.439634   -0.0492869  -0.00829649     0.891858    -0.430186   -0.0306908  -0.00467041  -0.00451308     0.155608    0.0794346     0.137346 -0.000623968       1.1382 -2.69432e-05   0.00286472 -0.000151391     0.084433     -0.13677  0.000543319       1.1397  2.11215e-05   0.00318673  9.99187e-05   -0.0151055 -0.000453766     0.608865 -4.25519e-06  0.000123629 -4.72286e-06     0.999999    -0.442022    0.0503246   0.00829084       0.8883    -0.424226    0.0496989    -0.439816   -0.0491522  -0.00839025     0.887138    -0.425316   -0.0308598  -0.00514507  -0.00484658     0.172046    0.0801503     0.137229   -0.0006365      1.13895 -1.53767e-05   0.00310933 -0.000160341    0.0856623    -0.136665  0.000541868      1.14059  1.23234e-05   0.00346383  0.000103385   -0.0164626 -0.000478191     0.607844 -4.66233e-06  0.000163289 -5.71404e-06     0.999999    -0.442299    0.0502641   0.00832951     0.883654    -0.419383    0.0497781    -0.440014   -0.0490195  -0.00848239      0.88232    -0.420381   -0.0310245   -0.0056187  -0.00515429     0.188664    0.0808643     0.137154 -0.000647891      1.13967 -6.40977e-06   0.00335455 -0.000168206    0.0868884    -0.136604  0.000538828      1.14146  5.52154e-06   0.00374136  0.000105813   -0.0177973 -0.000499066     0.606837 -7.01601e-06  0.000444732 -1.39682e-05     0.999999     -0.44305    0.0502101   0.00838219     0.878905    -0.414447    0.0498637    -0.440702   -0.0488777  -0.00856269     0.877423     -0.41536   -0.0311864  -0.00607991  -0.00542374     0.204737     0.081616     0.137123 -0.000657578      1.14037  5.56692e-08   0.00359588 -0.000174926    0.0881369     -0.13659  0.000533588      1.14231  6.28678e-07   0.00401407  0.000107161   -0.0185269 -0.000510044     0.605914 -1.67312e-05   0.00119532  -4.6658e-05     0.999999    -0.442137    0.0500762   0.00856919     0.871495    -0.397982    0.0682652    -0.439742   -0.0487129  -0.00878591     0.869984    -0.398777   -0.0433253  -0.00639327  -0.00557728     0.215006    0.0825329     0.136852  -0.00132965      1.14374    0.0151434    0.0121158 -0.000931873    0.0894831    -0.136379  0.000844225      1.14605   -0.0129913    0.0129771 -0.000269269
Quaternion norm:
1, 0.999999, 0.999999, 0.999999, 0.999999, 0.999999, 0.999999, 0.999999, 0.999999, 0.999999, 0.999999, 0.999999, 0.999999, 0.999999, 
v measurement:
  0.00352597  -0.00207359   -0.0380447   0.00421959    -0.253863   0.00259295       1.1583     0.107411     0.471364     -1.83558    -0.580673      2.73638      1.15322    -0.038666    -0.273559      -1.6314    -0.977937     -2.29108   -0.0121718   -0.0138506     0.412414    0.0877944     0.023783   -0.0679247   -0.0840715   -0.0561924     0.076161  -0.00212807    0.0937771 -0.000783546    0.0565837   -0.0720197    0.0407801     0.070719 -0.000288018   -0.0704614
v0 MPC last solution:
   0.0174985 -0.000707348   -0.0187118    0.0152298    -0.106637   0.00938286     0.808235    0.0282057      0.46027     -1.78921      1.10758       5.4739      0.79475   -0.0659985    -0.391779     -1.49258     0.259229     -4.64456   -0.0161971   -0.0184206     0.089625    0.0903665     0.018266   -0.0535442   -0.0549771   -0.0355771    0.0457277  -0.00133891    0.0956015  -0.00143138    0.0450209   -0.0462444     0.024202    0.0417905 -0.000388514   -0.0704614
Predicted v MPC last solution:
 -0.00199088    -0.065528   -0.0099215    0.0352654  -0.00671314    -0.183871    0.0144098  -0.00856441    0.0420623     0.106396  -0.00161565    -0.161925     0.019535 -0.000189839    -0.010335     0.136779    -0.010559   -0.0099797  -0.00899318     0.650296    0.0248023   -0.0154465   0.00528875    0.0435117   0.00442468   0.00650864 -0.000543143     0.039231    0.0240895  -0.00340568    0.0480464  -0.00340616   0.00804893   0.00084328   -0.0683708  -0.00242661
----------------------------------------------------------------------
State at time 20 ms ------------------
q measurement:
 0.000130291 -2.12248e-05     0.621998  0.000113214 -0.000856213  0.000151132            1     -0.42664    0.0504427    0.0080199      0.92073    -0.483022    0.0216523     -0.42607   -0.0509114  -0.00632105      0.92299    -0.483395  -0.00431687 -0.000409862  -0.00035257   0.00312493    0.0716218     0.140298 -0.000948911      1.12908 -0.000642344  0.000848152  -2.7873e-05    0.0716996    -0.139986  0.000787603      1.12924  0.000427629  0.000771721 -5.87337e-06
q0 MPC last solution:
 0.000200163 -3.39672e-06     0.622231  6.21767e-05 -0.000346577  3.71803e-05            1    -0.431095     0.050362    0.0064119     0.927907    -0.478588    0.0131728    -0.431192    -0.050644  -0.00529308       0.9302    -0.476869   0.00197494 -0.000133934 -0.000154745  0.000589742    0.0712148      0.14016 -0.000622738      1.12944 -0.000355469  0.000486085 -1.05105e-05    0.0712709    -0.140053  0.000573885      1.12949  0.000292301   0.00046759  9.28043e-07
Predicted q MPC over horizon:
 0.000200163 -3.39672e-06     0.622231  6.21767e-05 -0.000346577  3.71803e-05            1    -0.431095     0.050362    0.0064119     0.927907    -0.478588    0.0131728    -0.431192    -0.050644  -0.00529308       0.9302    -0.476869   0.00197494 -0.000133934 -0.000154745  0.000589742    0.0712148      0.14016 -0.000622738      1.12944 -0.000355469  0.000486085 -1.05105e-05    0.0712709    -0.140053  0.000573885      1.12949  0.000292301   0.00046759  9.28043e-07 1.96568e-309 1.96568e-309     0.622451 1.08017e-309 -0.000884104  3.51167e-05            1    -0.422852    0.0515344     0.011013     0.908647    -0.481618    0.0405509    -0.422854   -0.0508111  -0.00806665     0.912652    -0.483685   -0.0211107 -0.000270187 -0.000517043    0.0144738    0.0723503     0.140166  -0.00122379      1.12923 -0.000832088   0.00130944 -4.20072e-05    0.0726792    -0.139752   0.00108739      1.12946  0.000634707   0.00125987  1.19516e-05   -0.0032668 -0.000134373      0.61918 -1.69927e-06 -6.82329e-05  9.52626e-06            1    -0.427699    0.0516338    0.0108673     0.906146    -0.475907    0.0405884    -0.427431   -0.0504639  -0.00811449     0.909534    -0.477629   -0.0214464 -0.000411565  -0.00112736    0.0357867    0.0731556     0.139592  -0.00110661      1.13063 -0.000676392   0.00150071 -6.62009e-05     0.073757    -0.139068   0.00101123      1.13092  0.000514835   0.00148484  4.07774e-05  -0.00559306 -0.000212878     0.617479  2.11549e-07  3.18611e-05 -5.53058e-07            1    -0.430329    0.0516276    0.0107901      0.90255    -0.469883    0.0406374    -0.429824   -0.0502121  -0.00817039     0.905418    -0.471324    -0.021766 -0.000673845  -0.00188441    0.0590328    0.0742699     0.138937  -0.00104219      1.13214  -0.00054798   0.00177289 -9.34578e-05    0.0750542    -0.138373   0.00096896      1.13247  0.000415469   0.00178042  6.81394e-05  -0.00787252 -0.000288808     0.615824 -2.31637e-06  5.75584e-05  1.33745e-07            1    -0.432362     0.051607    0.0107163     0.898226    -0.463581    0.0406918    -0.431652   -0.0499657  -0.00826869     0.900664    -0.464799   -0.0220817 -0.000947065  -0.00262994    0.0823699    0.0754176     0.138352 -0.000999096      1.13358 -0.000442206   0.00206619 -0.000118575    0.0764576     -0.13778  0.000935687      1.13397  0.000333588   0.00209904  9.07124e-05   -0.0101061 -0.000362851     0.614209 -3.25394e-06  7.63528e-05   1.4342e-07            1    -0.434021    0.0515769    0.0106665     0.893327    -0.457063     0.040751     -0.43314   -0.0497221  -0.00837874     0.895407    -0.458095   -0.0223934  -0.00122808  -0.00338044     0.105594    0.0765891     0.137841 -0.000969695      1.13496  -0.00035516   0.00237334 -0.000140934    0.0778959    -0.137277    0.0009089      1.13541  0.000266115   0.00242962  0.000109084   -0.0122991 -0.000434829     0.612632 -3.83476e-06  9.45734e-05 -1.43088e-07            1    -0.435391    0.0515404    0.0106347     0.887984    -0.450387     0.040814    -0.434367   -0.0494806  -0.00849874     0.889765    -0.451266   -0.0227007  -0.00151948   -0.0041305     0.128682    0.0777727     0.137397 -0.000950567      1.13627 -0.000283573   0.00269031 -0.000160768    0.0793496    -0.136853  0.000887065      1.13679  0.000210531   0.00276801  0.000123929   -0.0144553 -0.000504663     0.611088 -4.33888e-06  0.000112836 -4.75851e-07            1    -0.436532    0.0514987    0.0106168     0.882307    -0.443608    0.0408802    -0.435386   -0.0492419  -0.00862624     0.883838    -0.444359   -0.0230027  -0.00181973   -0.0048777     0.151619    0.0789573     0.137016 -0.000938965      1.13753 -0.000224787   0.00301369 -0.000178291    0.0808074    -0.136499  0.000868652      1.13812  0.000164798    0.0031112  0.000135722   -0.0165773 -0.000572272     0.609575 -4.80927e-06  0.000131169 -8.14009e-07            1    -0.437491    0.0514528    0.0106098     0.876389     -0.43677    0.0409492    -0.436242   -0.0490068  -0.00875868      0.87771    -0.437415   -0.0232989  -0.00212684  -0.00562002     0.174377    0.0801351     0.136692 -0.000932721      1.13874 -0.000176657   0.00334069 -0.000193696    0.0822619    -0.136209  0.000852406      1.13939  0.000127268   0.00345672  0.000144849   -0.0186662 -0.000637552     0.608089 -5.25249e-06  0.000149538 -1.15217e-06            1    -0.438306    0.0514034    0.0106116      0.87031    -0.429914    0.0410204     -0.43697   -0.0487762  -0.00889379     0.871454     -0.43047   -0.0235886  -0.00243905  -0.00635515     0.196921    0.0813011     0.136424 -0.000930167      1.13991 -0.000137467   0.00366906 -0.000207172    0.0837084    -0.135979  0.000837338      1.14062  9.66209e-05   0.00380261  0.000151642   -0.0207219 -0.000700381     0.606629 -5.67044e-06  0.000167923 -1.48925e-06            1    -0.439009    0.0513512    0.0106202     0.864138    -0.423077    0.0410936      -0.4376   -0.0485509  -0.00902961     0.865133    -0.423559   -0.0238709  -0.00275493  -0.00708046     0.219205    0.0824533     0.136208 -0.000930082      1.14102 -0.000105856   0.00399698 -0.000218912    0.0851453    -0.135805  0.000822695       1.1418  7.18099e-05   0.00414734  0.000156387   -0.0227432 -0.000760613     0.605192 -6.06995e-06  0.000186508 -1.82614e-06            1    -0.439628    0.0512968    0.0106341     0.857932    -0.416292    0.0411683    -0.438156   -0.0483315  -0.00916448     0.858804    -0.416713   -0.0241453  -0.00307334  -0.00779298     0.241173    0.0835924     0.136043  -0.00093165      1.14209  -8.0769e-05   0.00432307  -0.00022913    0.0865734    -0.135685  0.000807932      1.14293  5.20182e-05   0.00448975  0.000159347   -0.0247276 -0.000818075     0.603774 -6.51699e-06  0.000207629 -2.19039e-06            1    -0.440187    0.0512407    0.0106521     0.851747    -0.409591    0.0412445    -0.438665   -0.0481187  -0.00929694     0.852517    -0.409962   -0.0244109   -0.0033934  -0.00848914     0.262754    0.0847224     0.135927 -0.000934434      1.14311 -6.14097e-05   0.00464624 -0.000238066    0.0879968    -0.135619  0.000792698      1.14403  3.66272e-05   0.00482899  0.000160766   -0.0266688 -0.000872487     0.602372 -7.64867e-06  0.000255637   -2.976e-06            1    -0.440755    0.0511848    0.0106728     0.845626    -0.402999    0.0413217    -0.439194   -0.0479116   -0.0094258     0.846319    -0.403333   -0.0246673  -0.00371393  -0.00916273     0.283794     0.085853      0.13586 -0.000938402       1.1441 -4.72183e-05   0.00496536    -0.000246     0.089425    -0.135605  0.000776864      1.14509  2.51979e-05   0.00516412  0.000160898   -0.0285311 -0.000922712     0.600974 -1.52929e-05  0.000579893 -9.26634e-06            1    -0.441872     0.051145    0.0106957     0.839601    -0.396507    0.0413999    -0.440286   -0.0476938   -0.0095484     0.840238     -0.39681   -0.0249163  -0.00402695  -0.00978528     0.303407    0.0870293     0.135835 -0.000944147      1.14504 -3.79243e-05    0.0052752   -0.0002532    0.0908959    -0.135642  0.000760835       1.1461  1.75184e-05   0.00548981  0.000160059   -0.0296221  -0.00094967     0.599651 -4.15192e-05   0.00147915 -3.04747e-05     0.999999    -0.440523    0.0509685     0.010968     0.828789    -0.381734    0.0625018    -0.438933   -0.0474582  -0.00987644     0.829433    -0.381106   -0.0383271   -0.0042272   -0.0101576     0.315335    0.0884671     0.135434  -0.00197985      1.14943    0.0181727    0.0153944   -0.0015208    0.0926429    -0.135386   0.00111634      1.15074   -0.0196134     0.015755 -0.000771332
Quaternion norm:
1, 1, 1, 1, 1, 1, 1, 1, 1, 1, 1, 1, 1, 1, 
v measurement:
 -0.0280203 -0.00387177  -0.0500179   0.0291018   -0.121045   0.0634612    0.566564  -0.0590269    0.185467    -1.03422   -0.883314      1.1438    0.752509  -0.0464741   -0.122146    -1.10911     -1.2839    -0.59032  -0.0727816  -0.0522083    0.521071   0.0722396   0.0236825  -0.0532211  -0.0466757  -0.0470881   0.0574831 -0.00381792    0.076991   0.0217566   0.0284688  -0.0218882   0.0136139   0.0445662  -0.0015892   -0.116394
v0 MPC last solution:
  0.00352597  -0.00207359   -0.0380447   0.00421959    -0.253863   0.00259295       1.1583     0.107411     0.471364     -1.83558    -0.580673      2.73638      1.15322    -0.038666    -0.273559      -1.6314    -0.977937     -2.29108   -0.0121718   -0.0138506     0.412414    0.0877944     0.023783   -0.0679247   -0.0840715   -0.0561924     0.076161  -0.00212807    0.0937771 -0.000783546    0.0565837   -0.0720197    0.0407801     0.070719 -0.000288018    -0.116394
Predicted v MPC last solution:
-0.00350697  -0.0903675 -0.00888336    0.146358 -0.00298416   -0.334013  0.00982919  -0.0112517  -0.0903439    0.277634  0.00143084   -0.319388   0.0219592 -0.00379871   -0.123468    0.296282  -0.0174868  -0.0014535  -0.0223792    0.975992   0.0257467  -0.0231612   0.0078196   0.0628808  0.00853048  0.00617435 -0.00102159   0.0470535    0.030894 -0.00523308   0.0687502 -0.00653953   0.0085093  0.00139037   -0.117434 -0.00401012
----------------------------------------------------------------------
State at time 25 ms ------------------
q measurement:
-8.69679e-05 -3.91169e-05     0.621737   0.00019441 -0.000896229  0.000317446            1    -0.425744    0.0498433   0.00832336     0.917868     -0.48706    0.0248167    -0.424132    -0.051015  -0.00639481     0.919627    -0.489209  -0.00374637 -0.000830513 -0.000621756    0.0057103     0.071913     0.140382  -0.00113228        1.129 -0.000801711   0.00103277 -4.64923e-05    0.0720256    -0.139841  0.000848598      1.12929  0.000421438  0.000893717 -1.38905e-05
q0 MPC last solution:
 0.000130291 -2.12248e-05     0.621998  0.000113214 -0.000856213  0.000151132            1     -0.42664    0.0504427    0.0080199      0.92073    -0.483022    0.0216523     -0.42607   -0.0509114  -0.00632105      0.92299    -0.483395  -0.00431687 -0.000409862  -0.00035257   0.00312493    0.0716218     0.140298 -0.000948911      1.12908 -0.000642344  0.000848152  -2.7873e-05    0.0716996    -0.139986  0.000787603      1.12924  0.000427629  0.000771721 -5.87337e-06
Predicted q MPC over horizon:
 0.000130291 -2.12248e-05     0.621998  0.000113214 -0.000856213  0.000151132            1     -0.42664    0.0504427    0.0080199      0.92073    -0.483022    0.0216523     -0.42607   -0.0509114  -0.00632105      0.92299    -0.483395  -0.00431687 -0.000409862  -0.00035257   0.00312493    0.0716218     0.140298 -0.000948911      1.12908 -0.000642344  0.000848152  -2.7873e-05    0.0716996    -0.139986  0.000787603      1.12924  0.000427629  0.000771721 -5.87337e-06 2.62091e-309 2.62091e-309     0.622451 1.62026e-309 -0.000801148   0.00024474            1    -0.423929    0.0503091    0.0100337     0.909427     -0.48925    0.0330896    -0.421589   -0.0508001  -0.00731328     0.910692    -0.493319   -0.0103989  -0.00132078 -0.000630302      0.01772    0.0724315     0.140321  -0.00138732      1.12917  -0.00101005   0.00145231 -7.45161e-05    0.0728277    -0.139502   0.00102628      1.12966  0.000510863   0.00129424  -3.9465e-06  -0.00349665 -0.000105769     0.619101  1.99662e-05 -6.32502e-05  1.03516e-05            1    -0.428293    0.0507806    0.0101535       0.9069    -0.483826    0.0331229    -0.425867   -0.0500851  -0.00710355     0.907527     -0.48737   -0.0107182  -0.00210719  -0.00057655    0.0380658    0.0725385      0.13966  -0.00126846      1.13032 -0.000821874   0.00155808 -0.000102019    0.0738287    -0.138907  0.000952241      1.13108  0.000414396   0.00151066  2.75555e-05  -0.00571232 -0.000162416     0.617582  5.43989e-06   3.0235e-05 -8.06971e-07            1    -0.430751    0.0507816    0.0100803     0.903399    -0.478057    0.0331936    -0.427982   -0.0498317    -0.007161      0.90328    -0.481198   -0.0109961  -0.00331944  -0.00100437    0.0601183    0.0726702     0.138823  -0.00122923      1.13151 -0.000666793    0.0017314 -0.000138561    0.0752665      -0.1383  0.000900411      1.13264  0.000334952   0.00180875  5.20393e-05  -0.00788101 -0.000220429     0.616109  1.20332e-06    5.562e-05 -1.92734e-06            1    -0.432661    0.0507472    0.0100252     0.899252    -0.472053    0.0332678    -0.429579   -0.0496071  -0.00724125     0.898467    -0.474843   -0.0112704  -0.00455347  -0.00150503    0.0822806    0.0729419     0.138126  -0.00120165      1.13266 -0.000539071   0.00193575 -0.000170145    0.0768891    -0.137777  0.000857863      1.13418  0.000269549   0.00213198  7.17256e-05    -0.010009  -0.00027879     0.614676  1.85168e-07  7.40281e-05 -3.07285e-06            1    -0.434249    0.0507037   0.00999017     0.894618    -0.465872     0.033343    -0.430884   -0.0493873  -0.00733148     0.893237    -0.468347   -0.0115436  -0.00581247  -0.00204787     0.104384    0.0732864     0.137586  -0.00117462      1.13375 -0.000434052    0.0021578 -0.000195261    0.0785643    -0.137321  0.000824395      1.13565  0.000215776   0.00246527  8.79099e-05   -0.0121006 -0.000336553     0.613278 -4.90982e-07  9.18507e-05 -4.19831e-06            1    -0.435588    0.0506564   0.00996856     0.889612    -0.459564     0.033419    -0.431967   -0.0491687  -0.00743149     0.887689    -0.461756   -0.0118144   -0.0070879  -0.00261918     0.126398    0.0736734     0.137184   -0.0011467      1.13478 -0.000347748   0.00239213 -0.000214677    0.0802725    -0.136922    0.0007983      1.13706  0.000171624   0.00280495  0.000101219   -0.0141588 -0.000393094     0.611913 -1.19661e-06  0.000109707 -5.36414e-06            1     -0.43673    0.0506063   0.00995781     0.884326    -0.453175    0.0334964    -0.432873   -0.0489521  -0.00753848      0.88191    -0.455109   -0.0120814  -0.00837729  -0.00321318     0.148299    0.0740895     0.136903  -0.00111711      1.13576  -0.00027693   0.00263532 -0.000229147    0.0820019    -0.136572    0.0007783      1.13841  0.000135438   0.00314866  0.000112183   -0.0161851 -0.000447845     0.610577 -1.94931e-06  0.000127617 -6.55062e-06            1    -0.437712    0.0505534   0.00995614      0.87884    -0.446744    0.0335754    -0.433637   -0.0487388  -0.00764979     0.875968     -0.44844   -0.0123433  -0.00967829  -0.00382506     0.170055    0.0745259     0.136727  -0.00108561      1.13669 -0.000218988   0.00288474 -0.000239395    0.0837458    -0.136266  0.000763242      1.13972  0.000105884    0.0034947  0.000121207   -0.0181796 -0.000500233     0.609268 -2.74555e-06  0.000145535  -7.7514e-06            1    -0.438567    0.0504976   0.00996221     0.873218    -0.440305    0.0336565    -0.434289   -0.0485302  -0.00776316     0.869923    -0.441782   -0.0125985   -0.0109888   -0.0044497     0.191622    0.0749778     0.136643  -0.00105246      1.13758 -0.000171834   0.00313837 -0.000246135    0.0855011    -0.135999  0.000752095      1.14098  8.18871e-05   0.00384187  0.000128604   -0.0201416 -0.000549679     0.607982 -3.58439e-06   0.00016343 -8.96426e-06            1    -0.439319    0.0504387   0.00997505     0.867518     -0.43389    0.0337403    -0.434851   -0.0483276  -0.00787661     0.863828    -0.435163   -0.0128458    -0.012307  -0.00508162     0.212951     0.075444     0.136635   -0.0010184      1.13842 -0.000133815   0.00339477 -0.000250097    0.0872684     -0.13577  0.000743903      1.14221  6.25946e-05   0.00418938  0.000134609   -0.0220691 -0.000595585     0.606716 -4.47978e-06  0.000181466 -1.01971e-05            1    -0.439988    0.0503766   0.00999395     0.861787    -0.427527    0.0338273    -0.435341   -0.0481321  -0.00798843     0.857725    -0.428608   -0.0130836   -0.0136311  -0.00571479     0.233979    0.0759272     0.136692 -0.000984666      1.13924 -0.000103646   0.00365297 -0.000252048    0.0890514     -0.13558  0.000737745       1.1434  4.73379e-05   0.00453685  0.000139379   -0.0239588 -0.000637309     0.605467  -5.5632e-06  0.000201872 -1.15731e-05            1    -0.440594    0.0503113    0.0100185     0.856068    -0.421244     0.033918    -0.435777   -0.0479447  -0.00809707     0.851651    -0.422142   -0.0133107   -0.0149596  -0.00634217     0.254628    0.0764341     0.136799 -0.000952992      1.14002 -8.03602e-05   0.00391246 -0.000252819    0.0908576     -0.13543  0.000732691      1.14456  3.56069e-05   0.00488424  0.000143007   -0.0258038 -0.000674008     0.604231  -7.8495e-06   0.00024795 -1.46294e-05            1    -0.441197    0.0502459    0.0100497     0.850396    -0.415062    0.0340129    -0.436217   -0.0477628   -0.0081999      0.84564    -0.415783   -0.0135258   -0.0162882  -0.00695176     0.274743    0.0769791     0.136943 -0.000925738      1.14077 -6.32774e-05   0.00417283 -0.000253327    0.0926992    -0.135324   0.00072781       1.1457  2.70335e-05   0.00523139  0.000145532   -0.0275696 -0.000703435     0.602995 -1.83258e-05  0.000558067 -3.85328e-05            1      -0.4423    0.0502147     0.010109     0.844789    -0.408974    0.0341115    -0.437185   -0.0475515  -0.00827272     0.839711     -0.40951   -0.0137312     -0.01758  -0.00749576     0.293466     0.077622     0.137097 -0.000906462       1.1415 -5.20851e-05   0.00443064 -0.000254571     0.094598    -0.135265  0.000722516      1.14681   2.1412e-05   0.00557283  0.000147039   -0.0285863 -0.000717148     0.601824 -3.76101e-05   0.00139181  -0.00012985     0.999999    -0.440952    0.0500304    0.0104577     0.834407    -0.391401    0.0644805    -0.435727   -0.0472806  -0.00866926     0.829253    -0.391796   -0.0331504   -0.0184704   -0.0077777     0.304811     0.078803     0.136827  -0.00183486      1.14551    0.0204826    0.0124555  -0.00137963    0.0968141     -0.13498   0.00105043      1.15177    -0.014573    0.0152731 -0.000518398
Quaternion norm:
1, 1, 1, 1, 1, 1, 1, 1, 1, 1, 1, 1, 1, 1, 
v measurement:
 -0.0536943 -0.00337887  -0.0536204   0.0332729   0.0478949   0.0660298  -0.0546881   -0.150177 -0.00625837   -0.299524   -0.752672    0.349682    0.161586 -0.00411136    0.042156    -0.40895    -1.07305    0.451158  -0.0891597  -0.0531801    0.520847   0.0487385   0.0118922  -0.0259649  0.00507561  -0.0220816   0.0238819 -0.00364953    0.057329   0.0334278  0.00199577   0.0310047  -0.0103014    0.011855 -0.00156026   -0.111313
v0 MPC last solution:
 -0.0280203 -0.00387177  -0.0500179   0.0291018   -0.121045   0.0634612    0.566564  -0.0590269    0.185467    -1.03422   -0.883314      1.1438    0.752509  -0.0464741   -0.122146    -1.10911     -1.2839    -0.59032  -0.0727816  -0.0522083    0.521071   0.0722396   0.0236825  -0.0532211  -0.0466757  -0.0470881   0.0574831 -0.00381792    0.076991   0.0217566   0.0284688  -0.0218882   0.0136139   0.0445662  -0.0015892   -0.111313
Predicted v MPC last solution:
-0.000897348   -0.0812363   -0.0227645     0.132063   -0.0447525    -0.295495     0.045668    0.0159104   -0.0961209     0.260595 -6.80973e-05    -0.304406    0.0575959    0.0229237    -0.120675     0.291459   -0.0178833   -0.0183106    0.0244351     0.938439   0.00873038   -0.0213998   0.00937983    0.0552786    0.0103179   0.00293226 -0.000846384    0.0358207    0.0266685  -0.00460115     0.063615  -0.00529054    0.0076859   0.00178189    -0.112048  -0.00278793
----------------------------------------------------------------------
State at time 30 ms ------------------
q measurement:
-0.000393114 -5.48733e-05     0.621473  0.000266612 -0.000630799  0.000458405            1     -0.42714    0.0490196   0.00797467     0.917765    -0.490467    0.0248016    -0.424509   -0.0509288  -0.00595978     0.919034     -0.49381 -0.000390775  -0.00126411  -0.00085718   0.00823327    0.0720762     0.140408  -0.00120082      1.12912 -0.000853751   0.00107819 -6.31233e-05    0.0722821    -0.139666  0.000808774      1.12955  0.000329749  0.000890454 -2.09853e-05
q0 MPC last solution:
-8.69679e-05 -3.91169e-05     0.621737   0.00019441 -0.000896229  0.000317446            1    -0.425744    0.0498433   0.00832336     0.917868     -0.48706    0.0248167    -0.424132    -0.051015  -0.00639481     0.919627    -0.489209  -0.00374637 -0.000830513 -0.000621756    0.0057103     0.071913     0.140382  -0.00113228        1.129 -0.000801711   0.00103277 -4.64923e-05    0.0720256    -0.139841  0.000848598      1.12929  0.000421438  0.000893717 -1.38905e-05
Predicted q MPC over horizon:
-8.69679e-05 -3.91169e-05     0.621737   0.00019441 -0.000896229  0.000317446            1    -0.425744    0.0498433   0.00832336     0.917868     -0.48706    0.0248167    -0.424132    -0.051015  -0.00639481     0.919627    -0.489209  -0.00374637 -0.000830513 -0.000621756    0.0057103     0.071913     0.140382  -0.00113228        1.129 -0.000801711   0.00103277 -4.64923e-05    0.0720256    -0.139841  0.000848598      1.12929  0.000421438  0.000893717 -1.38905e-05 3.27613e-309 3.27613e-309     0.622451 2.16034e-309 -0.000357442  0.000360506            1    -0.428119    0.0490152   0.00844261     0.914278     -0.49275    0.0282413    -0.424432   -0.0502955  -0.00573375     0.914582    -0.497684  0.000567292  -0.00185322 -0.000846548    0.0187657    0.0721039     0.140294  -0.00131351       1.1294   -0.0009273   0.00126619 -9.20451e-05    0.0730929    -0.139348  0.000816298       1.1302  0.000288585   0.00110033 -1.94134e-05  -0.00322516 -0.000152622     0.619366  2.00853e-05 -1.98466e-05  3.34612e-05            1    -0.431018    0.0497649    0.0086251     0.912593    -0.488826    0.0281463     -0.42724   -0.0493661  -0.00547511     0.912078    -0.493069  0.000219805  -0.00285763   -0.0008867    0.0351534    0.0716161     0.139725  -0.00120751      1.13015 -0.000754073   0.00129853 -0.000117595     0.074186    -0.139002  0.000723242      1.13143   0.00023398   0.00130764 -3.27248e-06  -0.00492682 -0.000245101     0.618199  9.72806e-06  2.88328e-05 -5.12516e-06            1    -0.432934    0.0498754   0.00856297     0.910094    -0.484508    0.0281043    -0.428777   -0.0490663  -0.00551935     0.908704    -0.488261 -7.73445e-05  -0.00462863  -0.00159574    0.0523371    0.0712316     0.139048  -0.00116407      1.13094 -0.000611683    0.0013859 -0.000149602    0.0755724    -0.138658  0.000645655      1.13274  0.000188904    0.0015649  6.57732e-06  -0.00659821 -0.000338974     0.617064  6.39484e-07  4.64445e-05 -4.37005e-06            1     -0.43448    0.0499319   0.00845563      0.90704    -0.479944    0.0280677    -0.429942   -0.0488137  -0.00564147     0.904853    -0.483283 -0.000372141  -0.00642682   -0.0023623    0.0696726    0.0708899     0.138484  -0.00113502      1.13167 -0.000494306   0.00149661 -0.000178036    0.0771902    -0.138353   0.00057982      1.13405  0.000151914   0.00184679  1.35353e-05  -0.00824645 -0.000433725     0.615957 -9.40379e-07  6.06157e-05  -5.5207e-06            1    -0.435773    0.0499737   0.00837372     0.903559    -0.475201    0.0280341    -0.430886   -0.0485711  -0.00576253     0.900642    -0.478158 -0.000666311  -0.00823258  -0.00318919     0.087099    0.0706234     0.138049  -0.00110939      1.13237 -0.000397717    0.0016273 -0.000201319      0.07888    -0.138066  0.000528726      1.13531  0.000121556   0.00213855  1.95806e-05  -0.00987563 -0.000527678     0.614875 -1.85205e-06  7.46251e-05   -7.053e-06            1    -0.436868    0.0500107   0.00830455      0.89974    -0.470315    0.0280034    -0.431656   -0.0483297   -0.0058902     0.896142    -0.472919 -0.000959075   -0.0100479  -0.00404582     0.104604    0.0704105     0.137729  -0.00108446      1.13304 -0.000318261   0.00177324 -0.000219752    0.0806209    -0.137789  0.000490591      1.13655  9.66836e-05   0.00243733  2.51607e-05   -0.0114886   -0.0006199     0.613816 -2.65537e-06  8.87969e-05 -8.66832e-06            1    -0.437805     0.050043   0.00824569     0.895653     -0.46532    0.0279766    -0.432286   -0.0480905  -0.00602284     0.891417    -0.467594  -0.00124861   -0.0118721  -0.00492261     0.122174    0.0702389     0.137513  -0.00105899      1.13368  -0.00025297   0.00193117 -0.000233894    0.0824016    -0.137521  0.000463412      1.13774  7.63517e-05   0.00274151  3.04657e-05   -0.0130871 -0.000709501      0.61278  -3.4631e-06  0.000103136  -1.0307e-05            1    -0.438613    0.0500701   0.00819608     0.891357    -0.460244    0.0279549    -0.432805   -0.0478549  -0.00615824     0.886519    -0.462208  -0.00153306   -0.0137039  -0.00581123     0.139792    0.0701002     0.137388   -0.0010325      1.13428  -0.00019945   0.00209858 -0.000244334    0.0842152    -0.137263  0.000445313      1.13891  5.97942e-05   0.00304994  3.55893e-05   -0.0146719 -0.000795602     0.611763 -4.28577e-06  0.000117614 -1.19561e-05            1    -0.439318    0.0500914   0.00815511     0.886902    -0.455115    0.0279393    -0.433233   -0.0476247  -0.00629429     0.881492    -0.456784  -0.00181061    -0.015542   -0.0067035     0.157433      0.06999     0.137342  -0.00100501      1.13487 -0.000155782   0.00227354 -0.000251674    0.0860578    -0.137017  0.000434509      1.14006  4.63939e-05   0.00336185   4.0542e-05   -0.0162427 -0.000877321     0.610766 -5.12028e-06  0.000132212 -1.36135e-05            1    -0.439938     0.050106   0.00812249     0.882332    -0.449954     0.027931    -0.433587   -0.0474013   -0.0064291     0.876371     -0.45134  -0.00207944   -0.0173855  -0.00759098     0.175065     0.069907     0.137362 -0.000977057      1.13543 -0.000120451   0.00245466 -0.000256555    0.0879283    -0.136785   0.00042924      1.14119  3.56571e-05   0.00367677   4.5253e-05   -0.0177986 -0.000953754     0.609786 -5.97389e-06  0.000147091 -1.52894e-05            1    -0.440489    0.0501131   0.00809814     0.877682    -0.444784    0.0279312    -0.433881   -0.0471863  -0.00656096      0.87119    -0.445896  -0.00233774   -0.0192337  -0.00846484     0.192648     0.069853     0.137439 -0.000949728      1.13598 -9.22794e-05   0.00264097 -0.000259677    0.0898278    -0.136574    0.0004277       1.1423  2.71939e-05   0.00399452  4.95661e-05   -0.0193372  -0.00102395     0.608822 -6.95464e-06  0.000164253  -1.7145e-05            1    -0.440987    0.0501124    0.0080823     0.872985    -0.439623    0.0279409    -0.434128   -0.0469807  -0.00668822     0.865973    -0.440469  -0.00258366   -0.0210858   -0.0093153     0.210132    0.0698334     0.137558 -0.000924642      1.13651 -7.03841e-05   0.00283191  -0.00026182    0.0917603     -0.13639  0.000427968      1.14339  2.07024e-05   0.00431518  5.32341e-05   -0.0208533  -0.00108675     0.607872 -8.96333e-06  0.000204536 -2.12937e-05            1    -0.441483    0.0501068   0.00807752     0.868266    -0.434489    0.0279613    -0.434379   -0.0467821   -0.0068071     0.860744    -0.435071  -0.00281568   -0.0229377   -0.0101277     0.227396    0.0698608     0.137707  -0.00090407      1.13702 -5.41477e-05   0.00302702 -0.000263869    0.0937323    -0.136244  0.000427968      1.14448  1.59587e-05   0.00463859  5.59205e-05   -0.0223164   -0.0011394     0.606928 -1.82031e-05  0.000481276 -5.46629e-05            1    -0.442419    0.0501382   0.00811949     0.863535    -0.429374     0.027992    -0.435103   -0.0465482  -0.00687962     0.855515    -0.429675   -0.0030356   -0.0247413   -0.0108499     0.243696     0.069997     0.137862 -0.000891459      1.13753 -4.33072e-05    0.0032237 -0.000266793    0.0957503    -0.136146   0.00042558      1.14555  1.28216e-05   0.00495927  5.72477e-05   -0.0231116  -0.00116707     0.606063 -3.97467e-05   0.00117637  -0.00018637     0.999999    -0.441184     0.049954   0.00852675     0.854787    -0.406515    0.0713697    -0.433702   -0.0462568  -0.00734416     0.846614    -0.406653   -0.0286346   -0.0259962   -0.0112151     0.253708    0.0709036     0.137634  -0.00185795      1.14095    0.0177033   0.00857744   -0.0019446    0.0981607    -0.135935  0.000495793      1.15034  -0.00971858    0.0128277  -0.00075006
Quaternion norm:
1, 0.999999, 0.999999, 0.999999, 0.999999, 0.999999, 0.999999, 0.999999, 0.999999, 0.999999, 0.999999, 0.999999, 0.999999, 0.999999, 
v measurement:
 -0.0661605  -0.0029423  -0.0522178   0.0255722    0.138603   0.0492923   -0.406884   -0.168352   -0.104022    0.138889    -0.63895   -0.227288   -0.212911   0.0271819     0.10657   0.0481216   -0.819133    0.775188  -0.0844948  -0.0423817     0.50047   0.0219794  0.00108937  -0.0062003   0.0353502  -0.0033472 0.000377815 -0.00310262   0.0474336   0.0355496  -0.0137788   0.0632086  -0.0227217 -0.00770151  -0.0012792  -0.0870837
v0 MPC last solution:
 -0.0536943 -0.00337887  -0.0536204   0.0332729   0.0478949   0.0660298  -0.0546881   -0.150177 -0.00625837   -0.299524   -0.752672    0.349682    0.161586 -0.00411136    0.042156    -0.40895    -1.07305    0.451158  -0.0891597  -0.0531801    0.520847   0.0487385   0.0118922  -0.0259649  0.00507561  -0.0220816   0.0238819 -0.00364953    0.057329   0.0334278  0.00199577   0.0310047  -0.0103014    0.011855 -0.00156026  -0.0870837
Predicted v MPC last solution:
 -0.00168281   -0.0620987   -0.0337939    0.0598673   -0.0574654    -0.182785    0.0673669    0.0181836   -0.0594596     0.183682  -0.00722226    -0.191578    0.0760621    0.0239498   -0.0955211     0.225534   -0.0197921   -0.0131112    0.0307009     0.784695   -0.0296525   -0.0206369   0.00784138    0.0341317   0.00952269 -0.000539552 -0.000905752       0.0494    0.0158379  -0.00522582    0.0591643  -0.00298383    0.0088064   0.00100798   -0.0859573  -0.00460603
----------------------------------------------------------------------
State at time 35 ms ------------------
q measurement:
-0.000733267 -6.88968e-05     0.621224  0.000313839 -0.000234106   0.00055104            1    -0.429673    0.0482545   0.00733276     0.919213    -0.493317    0.0223196    -0.426175   -0.0507645   -0.0053915     0.920081    -0.497198   0.00391208  -0.00166428  -0.00102946    0.0106448    0.0721169      0.14039  -0.00119332      1.12935 -0.000833785   0.00103682 -7.67895e-05    0.0724988    -0.139495  0.000715234      1.12991  0.000200705  0.000820959 -2.63687e-05
q0 MPC last solution:
-0.000393114 -5.48733e-05     0.621473  0.000266612 -0.000630799  0.000458405            1     -0.42714    0.0490196   0.00797467     0.917765    -0.490467    0.0248016    -0.424509   -0.0509288  -0.00595978     0.919034     -0.49381 -0.000390775  -0.00126411  -0.00085718   0.00823327    0.0720762     0.140408  -0.00120082      1.12912 -0.000853751   0.00107819 -6.31233e-05    0.0722821    -0.139666  0.000808774      1.12955  0.000329749  0.000890454 -2.09853e-05
Predicted q MPC over horizon:
-0.000393114 -5.48733e-05     0.621473  0.000266612 -0.000630799  0.000458405            1     -0.42714    0.0490196   0.00797467     0.917765    -0.490467    0.0248016    -0.424509   -0.0509288  -0.00595978     0.919034     -0.49381 -0.000390775  -0.00126411  -0.00085718   0.00823327    0.0720762     0.140408  -0.00120082      1.12912 -0.000853751   0.00107819 -6.31233e-05    0.0722821    -0.139666  0.000808774      1.12955  0.000329749  0.000890454 -2.09853e-05 3.93136e-309 3.93136e-309     0.622451 2.70043e-309  3.87729e-05  0.000393455            1    -0.432014    0.0481046   0.00712433     0.918815    -0.495651    0.0224162    -0.427532    -0.049828  -0.00466152     0.918774    -0.500337   0.00716318  -0.00235417 -0.000962912     0.019758    0.0718226     0.140229  -0.00119372      1.12969 -0.000804465   0.00106431 -0.000100266     0.073201    -0.139217   0.00062467      1.13067  9.26865e-05  0.000898618 -2.76597e-05  -0.00299807 -0.000182894     0.619564  1.65463e-05  1.93217e-05   3.7641e-05            1    -0.433562    0.0489681   0.00732398     0.917733    -0.492965    0.0222453    -0.429001   -0.0488375  -0.00440562     0.916846    -0.496923    0.0068174  -0.00365194   -0.0010925    0.0326947    0.0710088     0.139799  -0.00108688      1.13015  -0.00065393   0.00105683 -0.000117351    0.0742425    -0.139043  0.000532585      1.13168   7.4484e-05   0.00108779 -2.06396e-05  -0.00424177  -0.00029578     0.618676  1.18554e-05  2.85517e-05 -5.93091e-06            1    -0.434941    0.0491292   0.00725913     0.915998    -0.489867    0.0221309    -0.430006    -0.048539  -0.00445754     0.914241    -0.493337   0.00652145  -0.00575961  -0.00197046    0.0456179    0.0702708     0.139334  -0.00102775      1.13061 -0.000530119   0.00108393  -0.00013995     0.075613     -0.13889  0.000445651      1.13275  5.94468e-05    0.0013109 -2.02266e-05  -0.00547056  -0.00040933      0.61781  1.71029e-07  3.89004e-05 -5.94004e-06            1    -0.436104    0.0492466   0.00712779     0.913809    -0.486537    0.0220211    -0.430777   -0.0482776  -0.00460106     0.911234    -0.489581   0.00622528  -0.00787965  -0.00287816    0.0587411     0.069527     0.138931 -0.000989877      1.13102 -0.000427956   0.00112949 -0.000161675    0.0771944    -0.138742  0.000371916      1.13383  4.72641e-05   0.00155418 -2.11028e-05  -0.00669092 -0.000524211     0.616965 -1.97487e-06   4.9262e-05 -7.31402e-06            1    -0.437076    0.0493452   0.00702093     0.911249    -0.483026    0.0219152    -0.431383   -0.0480297  -0.00473987     0.907909    -0.485672   0.00592895    -0.010013  -0.00385105    0.0720885    0.0688706     0.138612 -0.000960843      1.13142 -0.000343827   0.00119607 -0.000180527    0.0788408    -0.138579  0.000314393       1.1349  3.72522e-05    0.0018067 -2.15799e-05  -0.00790673 -0.000638342     0.616139 -2.92983e-06  5.99162e-05 -9.02667e-06            1    -0.437895    0.0494378   0.00692559     0.908383    -0.479363    0.0218133    -0.431853   -0.0477833  -0.00488325     0.904315    -0.481631   0.00563313   -0.0121543  -0.00485281    0.0856651    0.0682803     0.138366 -0.000938317      1.13182 -0.000274538   0.00127973 -0.000196752     0.080542    -0.138402  0.000271073      1.13595  2.90512e-05   0.00206692 -2.14099e-05  -0.00912092 -0.000750659     0.615331 -3.73445e-06   7.0851e-05  -1.0871e-05            1    -0.438591    0.0495251   0.00683954     0.905264    -0.475571    0.0217166    -0.432214   -0.0475386  -0.00503041     0.900498    -0.477477   0.00533956   -0.0143048  -0.00587153    0.0994715    0.0677452     0.138189 -0.000920014       1.1322 -0.000217514    0.0013776 -0.000210508    0.0822871    -0.138213   0.00023986      1.13699  2.23437e-05   0.00233361 -2.05519e-05   -0.0103355 -0.000860206      0.61454 -4.53398e-06  8.20642e-05 -1.27409e-05            1    -0.439186    0.0496063    0.0067621     0.901935    -0.471669    0.0216264    -0.432485   -0.0472969   -0.0051796     0.896496    -0.473228    0.0050501   -0.0164634  -0.00689829     0.113503     0.067256     0.138072 -0.000904458      1.13257 -0.000170676   0.00148734 -0.000222037      0.08407    -0.138014  0.000218695      1.13801  1.68735e-05   0.00260597 -1.90676e-05   -0.0115519 -0.000966027     0.613765 -5.33534e-06  9.35438e-05  -1.4623e-05            1    -0.439699    0.0496804   0.00669313     0.898433    -0.467676    0.0215441    -0.432685   -0.0470598  -0.00532892     0.892341    -0.468898    0.0047666   -0.0186291  -0.00792451      0.12775    0.0668068     0.138011 -0.000890775      1.13294  -0.00013236   0.00160709 -0.000231624    0.0858868    -0.137812  0.000205588      1.13903  1.24316e-05   0.00288342 -1.70887e-05   -0.0127705  -0.00106714     0.613007 -6.13451e-06  0.000105291 -1.65152e-05            1    -0.440147    0.0497463   0.00663273     0.894788    -0.463607    0.0214713    -0.432826    -0.046829  -0.00547664      0.88806    -0.464501   0.00449097   -0.0208011  -0.00894145     0.142199    0.0663941     0.137999 -0.000878648       1.1333 -0.000101249   0.00173544 -0.000239617    0.0877356    -0.137611  0.000198538      1.14004  8.84781e-06   0.00316564 -1.48217e-05   -0.0139914  -0.00116254     0.612264  -6.9372e-06  0.000117465 -1.84294e-05            1    -0.440541     0.049803   0.00658119     0.891027    -0.459476    0.0214092    -0.432919    -0.046606  -0.00562115     0.883675    -0.460048   0.00422512   -0.0229788  -0.00994007     0.156829    0.0660167     0.138028 -0.000868306      1.13366  -7.6321e-05   0.00187134 -0.000246434    0.0896163    -0.137421  0.000195452      1.14105  5.98421e-06   0.00345249 -1.25591e-05   -0.0152136  -0.00125115     0.611536 -7.84425e-06  0.000131886 -2.05518e-05            1    -0.440894    0.0498495   0.00653912     0.887173    -0.455298    0.0213596    -0.432975   -0.0463921  -0.00576076     0.879204    -0.455551   0.00397101   -0.0251613   -0.0109105     0.171613    0.0656766     0.138092 -0.000860535      1.13402 -5.68105e-05   0.00201404 -0.000252583    0.0915305     -0.13725  0.000194061      1.14206  3.72928e-06     0.003744 -1.06913e-05   -0.0164333  -0.00133166     0.610822 -9.72212e-06  0.000167351 -2.53378e-05            1    -0.441252    0.0498892   0.00650997     0.883245    -0.451082    0.0213237    -0.433041   -0.0461845  -0.00589104     0.874663    -0.451017   0.00373035   -0.0273436   -0.0118381      0.18646    0.0653817     0.138182 -0.000856728      1.13437 -4.21834e-05   0.00216286 -0.000258676    0.0934816     -0.13711  0.000191852      1.14307  1.99473e-06   0.00403994 -9.71218e-06   -0.0176243  -0.00140102     0.610117 -1.85307e-05   0.00041651  -6.4212e-05            1    -0.442009    0.0499684   0.00653739     0.879242    -0.446819    0.0213013    -0.433544   -0.0459362  -0.00596633     0.870064    -0.446416   0.00350138    -0.029469   -0.0126695      0.20072    0.0651908     0.138279 -0.000859108      1.13473 -3.22279e-05   0.00231552 -0.000265324    0.0954676    -0.137019   0.00018612      1.14407  7.12591e-07   0.00433488 -1.01698e-05   -0.0182189  -0.00143791     0.609499 -4.31923e-05  0.000994557 -0.000218633     0.999999    -0.440822     0.049777    0.0070156     0.871736    -0.418037    0.0759233    -0.432165    -0.045622  -0.00649839     0.862376    -0.417247   -0.0296219   -0.0309456   -0.0130927     0.209624    0.0659464     0.138059  -0.00186863      1.13772    0.0147418   0.00540055  -0.00246694    0.0979601    -0.136887  4.60132e-05      1.14864  -0.00601167    0.0103416 -0.000960317
Quaternion norm:
1, 1, 1, 1, 1, 1, 1, 1, 1, 1, 1, 1, 1, 1, 
v measurement:
  -0.0691872  -0.00267274   -0.0483108    0.0141455     0.167241    0.0284907    -0.557025    -0.137059    -0.136876     0.372477    -0.521167    -0.651819    -0.397699    0.0345499     0.113316     0.297599     -0.58738     0.902826   -0.0767611   -0.0287517     0.475302 -0.000998018  -0.00657746   0.00599725    0.0487149   0.00814302   -0.0129474  -0.00251722    0.0406453    0.0330809    -0.021477    0.0774389   -0.0272771   -0.0169781 -0.000907805   -0.0658352
v0 MPC last solution:
 -0.0661605  -0.0029423  -0.0522178   0.0255722    0.138603   0.0492923   -0.406884   -0.168352   -0.104022    0.138889    -0.63895   -0.227288   -0.212911   0.0271819     0.10657   0.0481216   -0.819133    0.775188  -0.0844948  -0.0423817     0.50047   0.0219794  0.00108937  -0.0062003   0.0353502  -0.0033472 0.000377815 -0.00310262   0.0474336   0.0355496  -0.0137788   0.0632086  -0.0227217 -0.00770151  -0.0012792  -0.0658352
Predicted v MPC last solution:
  -0.0020889   -0.0468636   -0.0382842    -0.004684   -0.0623472   -0.0804948    0.0768558    0.0189881   -0.0339139     0.120478   -0.0112451   -0.0893555    0.0828949    0.0232565   -0.0740431     0.166411    -0.019792   -0.0245117    0.0318085     0.651999    -0.047345   -0.0190058   0.00691049    0.0211058   0.00827586  -0.00176625 -0.000611614     0.044452   0.00931817  -0.00463163    0.0486622  -0.00098452   0.00851792  0.000611758   -0.0626649  -0.00568192
----------------------------------------------------------------------
State at time 40 ms ------------------
q measurement:
 -0.00107165 -8.17997e-05     0.620998  0.000329822  0.000172702  0.000586986            1     -0.43253    0.0477353   0.00664936     0.921378    -0.495584    0.0181196    -0.428379   -0.0505923   -0.0048659     0.921954    -0.499551   0.00855673  -0.00201477  -0.00112912    0.0129407    0.0720557     0.140341  -0.00114102       1.1296 -0.000771801  0.000950859  -8.7387e-05    0.0726885    -0.139346  0.000601221      1.13031  6.62177e-05  0.000727216 -2.96575e-05
q0 MPC last solution:
-0.000733267 -6.88968e-05     0.621224  0.000313839 -0.000234106   0.00055104            1    -0.429673    0.0482545   0.00733276     0.919213    -0.493317    0.0223196    -0.426175   -0.0507645   -0.0053915     0.920081    -0.497198   0.00391208  -0.00166428  -0.00102946    0.0106448    0.0721169      0.14039  -0.00119332      1.12935 -0.000833785   0.00103682 -7.67895e-05    0.0724988    -0.139495  0.000715234      1.12991  0.000200705  0.000820959 -2.63687e-05
Predicted q MPC over horizon:
-0.000733267 -6.88968e-05     0.621224  0.000313839 -0.000234106   0.00055104            1    -0.429673    0.0482545   0.00733276     0.919213    -0.493317    0.0223196    -0.426175   -0.0507645   -0.0053915     0.920081    -0.497198   0.00391208  -0.00166428  -0.00102946    0.0106448    0.0721169      0.14039  -0.00119332      1.12935 -0.000833785   0.00103682 -7.67895e-05    0.0724988    -0.139495  0.000715234      1.12991  0.000200705  0.000820959 -2.63687e-05 4.58659e-309 4.58659e-309     0.622451 3.24052e-309  0.000335921  0.000386508            1    -0.435261    0.0476469   0.00615791     0.922733    -0.497759    0.0156749    -0.430244   -0.0496143  -0.00403655     0.922428    -0.501834    0.0127557  -0.00279839  -0.00103379    0.0209368    0.0715215     0.140166  -0.00107069      1.12994 -0.000682008  0.000884403 -0.000105341    0.0732993    -0.139128  0.000460119      1.13108 -6.58608e-05  0.000734475 -3.21808e-05  -0.00287531 -0.000199589     0.619685  1.78143e-05  4.81624e-05  3.59775e-05            1    -0.435747    0.0485184   0.00635979     0.921978    -0.495926    0.0154732     -0.43065   -0.0486524   -0.0038004     0.920838    -0.499284    0.0124322   -0.0043213  -0.00120373    0.0313099    0.0704906     0.139851 -0.000966399      1.13019 -0.000553953  0.000855403 -0.000115611    0.0742818    -0.139075  0.000375937      1.13191 -5.47142e-05  0.000911339  -3.0701e-05  -0.00377514 -0.000316545     0.619004  1.10589e-05  2.80566e-05 -6.76902e-06            1    -0.436666    0.0487065   0.00629169     0.920693    -0.493679    0.0153248    -0.431215   -0.0483632  -0.00386593     0.918727    -0.496573    0.0121531  -0.00662122  -0.00209688    0.0410653     0.069517     0.139541 -0.000899984      1.13041 -0.000448479   0.00084621 -0.000130751    0.0756194    -0.139036  0.000292671      1.13279 -4.54783e-05   0.00111063 -3.51738e-05  -0.00467231 -0.000435016      0.61834 -7.23106e-07  3.31386e-05 -7.02867e-06            1    -0.437493    0.0488497   0.00615722     0.919051    -0.491221    0.0151805    -0.431656   -0.0481122  -0.00401658     0.916282    -0.493698    0.0118723  -0.00891941  -0.00302531    0.0510701    0.0685157     0.139262 -0.000857136       1.1306 -0.000361364  0.000851119 -0.000146663    0.0771453     -0.13898  0.000221649      1.13369 -3.76978e-05   0.00132616 -4.01854e-05  -0.00557305 -0.000554993     0.617691 -2.58539e-06  4.07547e-05 -8.66821e-06            1    -0.438183    0.0489739   0.00604542     0.917094    -0.488589    0.0150403     -0.43198   -0.0478749   -0.0041602      0.91356    -0.490669    0.0115907   -0.0112316  -0.00401813    0.0614111    0.0676085     0.139031 -0.000827263      1.13079 -0.000289558  0.000876523 -0.000161621    0.0787284    -0.138898  0.000165441       1.1346 -3.13643e-05   0.00154979 -4.43269e-05  -0.00648093 -0.000674253     0.617058 -3.51765e-06  4.89839e-05 -1.04803e-05            1     -0.43876    0.0490925   0.00594283     0.914869    -0.485804    0.0149045    -0.432203   -0.0476383  -0.00430766     0.910594    -0.487499    0.0113086   -0.0135508   -0.0050369    0.0721054    0.0667745     0.138841 -0.000808108      1.13098 -0.000230333  0.000919258 -0.000175743    0.0803654     -0.13879  0.000122232       1.1355 -2.62046e-05   0.00178101  -4.7444e-05  -0.00739869 -0.000791803     0.616439 -4.26624e-06  5.75906e-05 -1.24085e-05            1    -0.439245    0.0492056   0.00584825     0.912412    -0.482879    0.0147742    -0.432343   -0.0474027  -0.00445802     0.907417      -0.4842    0.0110279    -0.015878  -0.00607088    0.0831613    0.0660039     0.138689  -0.00079667      1.13119 -0.000181501  0.000976944  -0.00018889    0.0820473    -0.138661  9.01267e-05       1.1364 -2.20258e-05   0.00201907  -4.9564e-05  -0.00832846 -0.000906707     0.615834 -4.99999e-06  6.65607e-05 -1.43685e-05            1    -0.439655    0.0493125   0.00576135     0.909752    -0.479827     0.014651    -0.432415   -0.0471693  -0.00460986     0.904054    -0.480784    0.0107501   -0.0182126   -0.0071114     0.094583    0.0652877     0.138576  -0.00079078      1.13139 -0.000141294   0.00104759 -0.000201024    0.0837689    -0.138515  6.72817e-05      1.13731 -1.86708e-05   0.00226348 -5.07889e-05  -0.00927178  -0.00101803     0.615244 -5.72825e-06  7.58941e-05  -1.6343e-05            1    -0.440004    0.0494119   0.00568227     0.906915    -0.476659    0.0145364    -0.432433   -0.0469396   -0.0047616     0.900526    -0.477258     0.010477    -0.020554  -0.00815025     0.106371    0.0646193       0.1385 -0.000788881      1.13161 -0.000108295    0.0011296 -0.000212176    0.0855268    -0.138359  5.18741e-05      1.13822 -1.60172e-05   0.00251395 -5.12847e-05   -0.0102297  -0.00112479     0.614667 -6.44736e-06   8.5604e-05   -1.833e-05            1    -0.440303    0.0495028   0.00561138     0.903921    -0.473385    0.0144318    -0.432406   -0.0467152  -0.00491174     0.896851    -0.473632    0.0102105   -0.0229015   -0.0091792     0.118524    0.0639944     0.138457 -0.000789988      1.13183 -8.13855e-05   0.00122172  -0.00022245     0.087319    -0.138197  4.20347e-05      1.13914 -1.39717e-05    0.0027703 -5.12873e-05   -0.0112028  -0.00122597     0.614105 -7.16212e-06  9.58517e-05 -2.03432e-05            1    -0.440562    0.0495838   0.00554919     0.900789    -0.470014    0.0143389    -0.432341   -0.0464975  -0.00505881     0.893044    -0.469911   0.00995234   -0.0252546   -0.0101898     0.131035    0.0634103     0.138445 -0.000793663      1.13206 -5.96961e-05   0.00132298 -0.000232033    0.0891447     -0.13804  3.57637e-05      1.14006 -1.24668e-05   0.00303251 -5.11157e-05   -0.0121909  -0.00132049     0.613557 -7.96231e-06   0.00010833  -2.2581e-05            1    -0.440792     0.049654   0.00549653     0.897532    -0.466552    0.0142595    -0.432249   -0.0462879  -0.00520122     0.889117    -0.466102   0.00970448   -0.0276124    -0.011173     0.143891    0.0628668     0.138461 -0.000800011      1.13229 -4.25743e-05   0.00143265 -0.000241208    0.0910045    -0.137897  3.08426e-05      1.14099 -1.14581e-05   0.00330063 -5.11874e-05   -0.0131914    -0.001407     0.613023 -9.62616e-06  0.000140434 -2.76624e-05            1    -0.441032    0.0497165   0.00545741     0.894164    -0.463008    0.0141949    -0.432171   -0.0460833  -0.00533423     0.885079    -0.462207    0.0094686   -0.0299697   -0.0121153     0.157023     0.062369       0.1385 -0.000809703      1.13253 -2.95676e-05   0.00155002 -0.000250355    0.0928997    -0.137781  2.47604e-05      1.14192 -1.09217e-05   0.00357439 -5.20282e-05   -0.0141808  -0.00148247       0.6125 -1.74312e-05  0.000370576 -6.92124e-05            1    -0.441644     0.049819   0.00548013     0.890678    -0.459367     0.014145    -0.432507   -0.0458357  -0.00540778     0.880939    -0.458195   0.00924296   -0.0322648   -0.0129658     0.169844    0.0619731     0.138548 -0.000823929      1.13279  -2.0512e-05   0.00167304  -0.00025979     0.094824    -0.137708  1.47723e-05      1.14286 -1.08595e-05   0.00384852 -5.42112e-05   -0.0146214  -0.00152222      0.61207 -4.25478e-05  0.000860775 -0.000235309            1    -0.440451    0.0496097   0.00603855     0.883964    -0.424683    0.0786109    -0.431111   -0.0454999  -0.00600661     0.874041     -0.42287   -0.0320632   -0.0338609   -0.0133987     0.177957    0.0626927     0.138335  -0.00184466      1.13555    0.0123002   0.00299564  -0.00280319    0.0973873     -0.13764 -0.000259323      1.14729  -0.00348218   0.00827318  -0.00101021
Quaternion norm:
1, 1, 1, 1, 1, 1, 1, 1, 1, 1, 1, 1, 1, 1, 
v measurement:
  -0.0665766  -0.00244148   -0.0434006   0.00102015     0.156369   0.00438205    -0.569313   -0.0793921    -0.133474     0.460321    -0.410281     -0.94938    -0.459342    0.0346945     0.098423     0.413944    -0.398032     0.935614   -0.0651649   -0.0136663     0.452027    -0.019696    -0.011876     0.013081     0.051207    0.0147975   -0.0192128  -0.00187847    0.0361417    0.0272832   -0.0232966    0.0792447   -0.0261769   -0.0190804 -0.000430365   -0.0499267
v0 MPC last solution:
  -0.0691872  -0.00267274   -0.0483108    0.0141455     0.167241    0.0284907    -0.557025    -0.137059    -0.136876     0.372477    -0.521167    -0.651819    -0.397699    0.0345499     0.113316     0.297599     -0.58738     0.902826   -0.0767611   -0.0287517     0.475302 -0.000998018  -0.00657746   0.00599725    0.0487149   0.00814302   -0.0129474  -0.00251722    0.0406453    0.0330809    -0.021477    0.0774389   -0.0272771   -0.0169781 -0.000907805   -0.0499267
Predicted v MPC last solution:
 -0.00227219     -0.03559   -0.0369973   -0.0532322   -0.0614647  -0.00181507    0.0762982    0.0193918    -0.020539    0.0769771   -0.0126544  -0.00923494    0.0804724    0.0221801   -0.0628974     0.123758   -0.0184675   -0.0366499    0.0283181     0.553891   -0.0585404   -0.0158068   0.00626638    0.0111962   0.00703459  -0.00229476 -0.000337952    0.0394109   0.00356674  -0.00403447    0.0395999  0.000620454   0.00832968  0.000326588   -0.0451639  -0.00585211
----------------------------------------------------------------------
State at time 45 ms ------------------
q measurement:
 -0.00138875 -9.37966e-05     0.620797  0.000314314  0.000522044  0.000565204            1    -0.435222    0.0475286    0.0060498     0.923726    -0.497331    0.0128134    -0.430673   -0.0504227  -0.00443249     0.924158    -0.501087    0.0131614  -0.00230604  -0.00115753    0.0151305    0.0719141     0.140272  -0.00106409      1.12985  -0.00068707  0.000847032 -9.49401e-05    0.0728597    -0.139229  0.000487837      1.13069 -5.44017e-05  0.000634714 -3.06678e-05
q0 MPC last solution:
 -0.00107165 -8.17997e-05     0.620998  0.000329822  0.000172702  0.000586986            1     -0.43253    0.0477353   0.00664936     0.921378    -0.495584    0.0181196    -0.428379   -0.0505923   -0.0048659     0.921954    -0.499551   0.00855673  -0.00201477  -0.00112912    0.0129407    0.0720557     0.140341  -0.00114102       1.1296 -0.000771801  0.000950859  -8.7387e-05    0.0726885    -0.139346  0.000601221      1.13031  6.62177e-05  0.000727216 -2.96575e-05
Predicted q MPC over horizon:
 -0.00107165 -8.17997e-05     0.620998  0.000329822  0.000172702  0.000586986            1     -0.43253    0.0477353   0.00664936     0.921378    -0.495584    0.0181196    -0.428379   -0.0505923   -0.0048659     0.921954    -0.499551   0.00855673  -0.00201477  -0.00112912    0.0129407    0.0720557     0.140341  -0.00114102       1.1296 -0.000771801  0.000950859  -8.7387e-05    0.0726885    -0.139346  0.000601221      1.13031  6.62177e-05  0.000727216 -2.96575e-05 5.24181e-309 5.24181e-309     0.622451  3.7806e-309   0.00052972  0.000339253            1    -0.437703    0.0476147   0.00548799     0.925807     -0.49917   0.00850498    -0.432491   -0.0495425  -0.00369416     0.925489    -0.502576    0.0177618  -0.00315054    -0.001051      0.02231    0.0712175     0.140097 -0.000953635      1.13016 -0.000565237  0.000736145 -0.000107581    0.0733995    -0.139072  0.000334596      1.13143 -0.000178028  0.000618177 -3.24131e-05  -0.00284601 -0.000206863     0.619743  1.68776e-05  6.67295e-05  3.09541e-05            1    -0.437442    0.0483937    0.0056669     0.925166    -0.497848   0.00830774    -0.432119   -0.0486979  -0.00350212     0.924029    -0.500591    0.0175141  -0.00479938  -0.00125521    0.0309166     0.070074     0.139871 -0.000855387      1.13026 -0.000458492  0.000700175 -0.000113033    0.0743164    -0.139085  0.000262343       1.1321 -0.000146161  0.000786531 -3.38411e-05  -0.00350984 -0.000316448     0.619211  9.31032e-06  2.75764e-05 -7.24409e-06            1    -0.438003    0.0485784   0.00560376     0.924092    -0.496134   0.00815615    -0.432338   -0.0484376   -0.0035744     0.922167    -0.498453    0.0173187  -0.00711599  -0.00208611    0.0385249    0.0689928     0.139668 -0.000787581      1.13033 -0.000370448  0.000674702 -0.000122652     0.075585      -0.1391  0.000189606      1.13284  -0.00011983  0.000968719 -4.02091e-05  -0.00418034 -0.000428053      0.61869 -1.34516e-06  2.92221e-05 -7.80712e-06            1    -0.438558    0.0487214   0.00548158     0.922736    -0.494227   0.00800802    -0.432519   -0.0482125  -0.00371941     0.920033    -0.496158     0.017119  -0.00942872   -0.0029546    0.0464303    0.0678872     0.139479  -0.00074315      1.13038 -0.000297659  0.000660637 -0.000133919     0.077013    -0.139089  0.000127666       1.1336 -9.80599e-05   0.00116337 -4.66308e-05  -0.00486367 -0.000541115     0.618183 -2.95429e-06  3.50656e-05 -9.41981e-06            1    -0.439021    0.0488469   0.00537858     0.921116    -0.492157   0.00786394    -0.432623   -0.0479994  -0.00385742     0.917663    -0.493713    0.0169158   -0.0117522  -0.00388233    0.0547594    0.0668739     0.139313 -0.000714015      1.13044 -0.000237581  0.000665485 -0.000145599    0.0784952    -0.139049  7.78049e-05      1.13437 -8.02919e-05   0.00136521 -5.21917e-05  -0.00556299 -0.000653551     0.617689 -3.77553e-06  4.17228e-05 -1.12082e-05            1    -0.439403    0.0489673   0.00528313     0.919263    -0.489935   0.00772421    -0.432654   -0.0477864  -0.00399833     0.915078    -0.491125    0.0167087   -0.0140808  -0.00483403    0.0635359     0.065936     0.139164 -0.000697894      1.13052 -0.000187941  0.000686957 -0.000157676    0.0800298    -0.138982  3.86369e-05      1.13516 -6.58134e-05   0.00157424 -5.67552e-05  -0.00628077 -0.000764478     0.617206 -4.41858e-06  4.88233e-05 -1.31052e-05            1     -0.43972    0.0490824   0.00519442       0.9172     -0.48757   0.00759007    -0.432627   -0.0475735   -0.0041415     0.912296      -0.4884    0.0164985   -0.0164161  -0.00580038    0.0727722    0.0650649     0.139034 -0.000691443      1.13061 -0.000146917   0.00072319 -0.000169814    0.0816092    -0.138893  8.63574e-06      1.13595 -5.40703e-05    0.0017901 -6.03539e-05  -0.00701903 -0.000873055     0.616737 -5.04274e-06  5.63484e-05 -1.50285e-05            1    -0.439983    0.0491916   0.00511236     0.914946    -0.485069   0.00746288    -0.432551   -0.0473617   -0.0042859     0.909336    -0.485544     0.016286   -0.0187578   -0.0067737    0.0824774    0.0642523     0.138927 -0.000692132      1.13072 -0.000113037   0.00077259 -0.000181796    0.0832291    -0.138786  -1.3697e-05      1.13676 -4.46131e-05   0.00201261 -6.30816e-05  -0.00777939 -0.000978427     0.616279 -5.65767e-06  6.43044e-05  -1.6966e-05            1    -0.440202    0.0492935   0.00503726     0.912517    -0.482436   0.00734407    -0.432436   -0.0471524  -0.00443024     0.906209    -0.482561    0.0160722   -0.0211054  -0.00774682    0.0926584    0.0634918     0.138842 -0.000698029      1.13085 -8.51216e-05  0.000833873 -0.000193481    0.0848867    -0.138667 -2.98685e-05      1.13757 -3.70844e-05   0.00224168 -6.50881e-05   -0.0085631   -0.0010797     0.615835 -6.26018e-06  7.27122e-05 -1.89167e-05            1    -0.440384    0.0493872   0.00496961     0.909925    -0.479678   0.00723514    -0.432288   -0.0469469  -0.00457328     0.902926    -0.479453    0.0158582   -0.0234586  -0.00871259      0.10332    0.0627787      0.13878 -0.000707755      1.13099 -6.22379e-05  0.000906023 -0.000204812    0.0865802    -0.138542 -4.14619e-05      1.13841 -3.12045e-05   0.00247734 -6.65883e-05  -0.00937104  -0.00117592     0.615404 -6.85393e-06  8.17339e-05 -2.08944e-05            1    -0.440537    0.0494712   0.00491001      0.90718    -0.476799   0.00713765    -0.432113   -0.0467466   -0.0047138     0.899496    -0.476225    0.0156451   -0.0258169  -0.00966377     0.114465    0.0621102     0.138742 -0.000720456      1.13114 -4.36615e-05  0.000988246 -0.000215817     0.088309    -0.138418 -5.02145e-05      1.13925 -2.67601e-05   0.00271966 -6.78752e-05   -0.0102035  -0.00126608     0.614988 -7.51408e-06  9.29877e-05  -2.3096e-05            1    -0.440669    0.0495447   0.00485941     0.904293    -0.473802   0.00705327    -0.431918   -0.0465525  -0.00485036     0.895925    -0.472878    0.0154345   -0.0281796   -0.0105926     0.126089    0.0614847     0.138726 -0.000735795      1.13131 -2.88486e-05   0.00107991 -0.000226622    0.0900729    -0.138306 -5.80998e-05      1.14011 -2.35955e-05   0.00296878 -6.93363e-05   -0.0110586  -0.00134891     0.614585 -8.90016e-06  0.000123037 -2.81224e-05            1    -0.440817    0.0496105   0.00482199     0.901269     -0.47069   0.00698355    -0.431743   -0.0463619  -0.00497828      0.89222    -0.469413    0.0152276   -0.0305416   -0.0114873     0.138136    0.0609062      0.13873 -0.000753946      1.13149  -1.7423e-05   0.00118037 -0.000237442    0.0918726    -0.138217 -6.73992e-05      1.14098 -2.16063e-05   0.00322447 -7.14635e-05   -0.0119145  -0.00142158     0.614193 -1.54193e-05  0.000341798 -6.94387e-05            1    -0.441322    0.0497147   0.00484695     0.898098    -0.467448   0.00692818    -0.431968   -0.0461281  -0.00504682     0.888382    -0.465794    0.0150224    -0.032841   -0.0123021     0.150059    0.0604278     0.138744 -0.000775392      1.13169 -9.26399e-06   0.00128774 -0.000248393    0.0937006    -0.138165 -8.06138e-05      1.14186 -2.07427e-05   0.00348166 -7.47863e-05   -0.0122453  -0.00145873     0.613901 -3.94739e-05  0.000769631 -0.000235685            1    -0.440077    0.0494782   0.00549287     0.891787    -0.426904    0.0801621    -0.430525   -0.0457721  -0.00571136      0.88191    -0.424367   -0.0350045   -0.0344449   -0.0127166     0.157659    0.0612312     0.138544  -0.00177516      1.13441    0.0102163   0.00130887  -0.00297423    0.0963252    -0.138143 -0.000419404      1.14622  -0.00213754   0.00657236 -0.000903599
Quaternion norm:
1, 1, 1, 1, 1, 1, 1, 1, 1, 1, 1, 1, 1, 1, 
v measurement:
  -0.0612431  -0.00232098   -0.0382624   -0.0107677     0.126845   -0.0171407    -0.512683   -0.0157527    -0.108744     0.469545    -0.309913     -1.11979    -0.452288    0.0336416    0.0788715      0.45144    -0.252015     0.905798   -0.0540564 -0.000577137      0.43066   -0.0341259   -0.0147935    0.0166585    0.0478762    0.0179957   -0.0212325  -0.00132263    0.0328233    0.0208777   -0.0222372    0.0747314   -0.0227051   -0.0176615 -1.94891e-05   -0.0388634
v0 MPC last solution:
  -0.0665766  -0.00244148   -0.0434006   0.00102015     0.156369   0.00438205    -0.569313   -0.0793921    -0.133474     0.460321    -0.410281     -0.94938    -0.459342    0.0346945     0.098423     0.413944    -0.398032     0.935614   -0.0651649   -0.0136663     0.452027    -0.019696    -0.011876     0.013081     0.051207    0.0147975   -0.0192128  -0.00187847    0.0361417    0.0272832   -0.0232966    0.0792447   -0.0261769   -0.0190804 -0.000430365   -0.0388634
Predicted v MPC last solution:
 -0.00230473   -0.0275601   -0.0319564   -0.0849647   -0.0539887    0.0519691    0.0673266    0.0173416   -0.0175042    0.0517318   -0.0120794    0.0481373    0.0702865    0.0187549   -0.0604401    0.0955743   -0.0151323   -0.0484135    0.0214768     0.484907   -0.0641289   -0.0125279   0.00565714   0.00448634     0.005859  -0.00225857 -0.000141001    0.0349542  9.42388e-05  -0.00336602     0.032413   0.00175238   0.00817653  0.000154787   -0.0331328  -0.00545547
----------------------------------------------------------------------
State at time 50 ms ------------------
q measurement:
  -0.0016762  -0.00010549     0.620621  0.000275707  0.000789336  0.000501134            1    -0.437562    0.0476021   0.00558931      0.92601    -0.498623     0.007006    -0.432823   -0.0502656  -0.00409071     0.926411    -0.502023    0.0175102  -0.00255597  -0.00113601    0.0172148    0.0717119     0.140195 -0.000976517      1.13007 -0.000593873  0.000740326 -0.000100189     0.073016    -0.139141   0.00038259      1.13105  -0.00015677  0.000553009  -3.0101e-05
q0 MPC last solution:
 -0.00138875 -9.37966e-05     0.620797  0.000314314  0.000522044  0.000565204            1    -0.435222    0.0475286    0.0060498     0.923726    -0.497331    0.0128134    -0.430673   -0.0504227  -0.00443249     0.924158    -0.501087    0.0131614  -0.00230604  -0.00115753    0.0151305    0.0719141     0.140272  -0.00106409      1.12985  -0.00068707  0.000847032 -9.49401e-05    0.0728597    -0.139229  0.000487837      1.13069 -5.44017e-05  0.000634714 -3.06678e-05
Predicted q MPC over horizon:
 -0.00138875 -9.37966e-05     0.620797  0.000314314  0.000522044  0.000565204            1    -0.435222    0.0475286    0.0060498     0.923726    -0.497331    0.0128134    -0.430673   -0.0504227  -0.00443249     0.924158    -0.501087    0.0131614  -0.00230604  -0.00115753    0.0151305    0.0719141     0.140272  -0.00106409      1.12985  -0.00068707  0.000847032 -9.49401e-05    0.0728597    -0.139229  0.000487837      1.13069 -5.44017e-05  0.000634714 -3.06678e-05 5.89704e-309 5.89704e-309     0.622451 4.32069e-309  0.000640532  0.000266777            1    -0.439487    0.0479043   0.00510088     0.928218    -0.500047    0.0015117    -0.434321   -0.0495335  -0.00350262     0.928039    -0.502846    0.0221602  -0.00343015  -0.00103938    0.0237607    0.0709132     0.140029  -0.00084665      1.13033  -0.00045915  0.000615232 -0.000108196    0.0735021    -0.139033  0.000239277      1.13171 -0.000256052   0.00053845 -3.01921e-05  -0.00286816 -0.000210026     0.619766  1.44442e-05   7.7129e-05  2.32206e-05            1    -0.438731    0.0485294   0.00524143     0.927573    -0.499021   0.00133948    -0.433393   -0.0488678  -0.00336494     0.926577    -0.501265    0.0221902  -0.00512449  -0.00127602    0.0311059    0.0697348     0.139873 -0.000755928      1.13033 -0.000371712  0.000580613 -0.000110165    0.0743453    -0.139066  0.000182478      1.13227 -0.000209793  0.000699766 -3.24906e-05  -0.00336911 -0.000305288     0.619342  7.06811e-06  2.70049e-05 -7.38065e-06            1    -0.439021    0.0486908   0.00518671      0.92658     -0.49764    0.0012034    -0.433332   -0.0486607  -0.00343548     0.924802    -0.499552    0.0223639   -0.0073333  -0.00199699     0.037256    0.0686374     0.139747 -0.000689555      1.13032 -0.000299514  0.000551095  -0.00011549    0.0755103    -0.139089    0.0001254      1.13288 -0.000171655  0.000868032 -3.85174e-05  -0.00388407 -0.000402849     0.618928 -1.72953e-06  2.65742e-05  -8.1148e-06            1    -0.439361    0.0488176   0.00508541     0.925361    -0.496084      0.00107    -0.433296   -0.0484818   -0.0035624      0.92281     -0.49769    0.0225255  -0.00953619  -0.00275642    0.0437507    0.0675295     0.139628   -0.0006447      1.13028 -0.000239759  0.000531344 -0.000122821    0.0768071    -0.139083  7.72862e-05      1.13353 -0.000140271    0.0010456 -4.43355e-05  -0.00441911 -0.000501779     0.618525 -3.10286e-06  3.12944e-05 -9.66471e-06            1    -0.439644    0.0489298   0.00499932      0.92392    -0.494373  0.000940265    -0.433215   -0.0483115  -0.00368357     0.920618    -0.495681    0.0226715   -0.0117472  -0.00356825     0.050739    0.0665095     0.139515 -0.000615698      1.13028 -0.000190354   0.00052869 -0.000131389    0.0781566    -0.139052  3.83194e-05      1.13419 -0.000114665   0.00122955 -4.94605e-05  -0.00497702 -0.000600315     0.618132 -3.79972e-06    3.695e-05 -1.13662e-05            1    -0.439873    0.0490374   0.00491926     0.922275    -0.492512  0.000814598    -0.433089   -0.0481397  -0.00380722      0.91824    -0.493527    0.0227969   -0.0139624  -0.00440354    0.0582478    0.0655636     0.139407 -0.000600228      1.13029 -0.000149442  0.000541523 -0.000141062    0.0795571    -0.138996  7.40775e-06      1.13488 -9.38228e-05   0.00142026 -5.37936e-05  -0.00555999 -0.000697702     0.617751 -4.34097e-06  4.30974e-05 -1.31598e-05            1    -0.440057    0.0491403   0.00484471     0.920438    -0.490507  0.000694117    -0.432925   -0.0479663  -0.00393308     0.915684    -0.491229     0.022898   -0.0161836  -0.00525457    0.0662913    0.0646844     0.139307 -0.000595002      1.13033 -0.000115534   0.00056846 -0.000151423    0.0810025    -0.138922 -1.66104e-05      1.13557 -7.69378e-05    0.0016177 -5.73569e-05  -0.00616985 -0.000793217     0.617381  -4.8662e-06   4.9714e-05  -1.4975e-05            1    -0.440204    0.0492377   0.00477571     0.918421    -0.488358  0.000580048     -0.43273   -0.0477919  -0.00406048      0.91296    -0.488787    0.0229712   -0.0184106  -0.00611505    0.0748813    0.0638645     0.139218 -0.000597464      1.13039 -8.74267e-05  0.000608301 -0.000162166    0.0824895    -0.138833 -3.48957e-05      1.13629 -6.33578e-05   0.00182193 -6.02251e-05   -0.0068082 -0.000886115     0.617022 -5.38135e-06    5.681e-05 -1.68024e-05            1     -0.44032    0.0493286   0.00471268      0.91623    -0.486068  0.000473693    -0.432509   -0.0476175  -0.00418853     0.910074    -0.486201    0.0230134   -0.0206435  -0.00697912    0.0840285    0.0630982     0.139143 -0.000605617      1.13046 -6.41556e-05  0.000660087 -0.000173067     0.084016    -0.138734 -4.86469e-05      1.13703 -5.25625e-05    0.0020331 -6.25236e-05  -0.00747636 -0.000975611     0.616676 -5.88336e-06  6.44113e-05 -1.86416e-05            1     -0.44041    0.0494119   0.00465615     0.913874    -0.483639  0.000376422    -0.432268    -0.047444  -0.00431632     0.907031    -0.483471    0.0230219   -0.0228821  -0.00784101    0.0937424    0.0623813     0.139085 -0.000617982      1.13056 -4.49575e-05  0.000723063 -0.000183989    0.0855807    -0.138631 -5.91571e-05      1.13778 -4.41426e-05   0.00225138 -6.44367e-05  -0.00817538  -0.00106087     0.616342 -6.37489e-06  7.26814e-05  -2.0506e-05            1    -0.440479    0.0494864   0.00460677     0.911357    -0.481071  0.000289684    -0.432011   -0.0472725  -0.00444289     0.903835    -0.480595    0.0229948   -0.0251263  -0.00869487     0.104031    0.0617109     0.139044  -0.00063357      1.13068 -2.92397e-05  0.000796641  -0.00019488    0.0871831     -0.13853 -6.78809e-05      1.13856 -3.77833e-05   0.00247697 -6.62201e-05  -0.00890586  -0.00114097     0.616023 -6.91852e-06  8.32006e-05 -2.25824e-05            1    -0.440533    0.0495512   0.00456547     0.908684    -0.478365  0.000215005    -0.431742   -0.0471038  -0.00456708     0.900489    -0.477574    0.0229304   -0.0273755  -0.00953444     0.114895    0.0610853     0.139019 -0.000651865      1.13082 -1.65569e-05   0.00088035 -0.000205782    0.0888231     -0.13844 -7.65068e-05      1.13935 -3.32515e-05   0.00271011 -6.82159e-05  -0.00966625  -0.00121479     0.615717 -8.07023e-06  0.000112097 -2.73372e-05            1    -0.440606    0.0496089   0.00453637     0.905856    -0.475521  0.000153852      -0.4315   -0.0469352  -0.00468453     0.896995    -0.474404     0.022828    -0.029625     -0.01035     0.126288     0.060508     0.139011 -0.000672824      1.13098 -6.60211e-06  0.000973664 -0.000216824    0.0905012    -0.138371 -8.70188e-05      1.14017 -3.03862e-05   0.00295064 -7.08618e-05   -0.0104356  -0.00127976     0.615423 -1.35105e-05  0.000324817 -6.65379e-05            1    -0.441032    0.0497024   0.00456681     0.902859    -0.472522  0.000105982    -0.431653    -0.046723  -0.00474655     0.893351    -0.471048    0.0226838    -0.031816   -0.0111008     0.137684    0.0600293     0.139011  -0.00069658      1.13117  7.06981e-07   0.00107476 -0.000228016    0.0922114    -0.138337 -0.000101581      1.14099 -2.90975e-05   0.00319373 -7.46221e-05   -0.0106867  -0.00131131     0.615236 -3.60332e-05  0.000707742 -0.000225373            1    -0.439703     0.049433   0.00530469     0.896688    -0.426075     0.081533    -0.430145   -0.0463479   -0.0054754      0.88706    -0.423582   -0.0361901   -0.0333517   -0.0114824     0.144965    0.0609983     0.138829  -0.00165276      1.13398   0.00834413  0.000107234  -0.00302647    0.0948938    -0.138349 -0.000460266      1.14533  -0.00162479   0.00512775 -0.000686198
Quaternion norm:
1, 1, 1, 1, 1, 1, 1, 1, 1, 1, 1, 1, 1, 1, 
v measurement:
  -0.0549216  -0.00229706   -0.0332422   -0.0180849    0.0927228   -0.0306595     -0.43645    0.0329006   -0.0814592     0.446108    -0.228222     -1.17665    -0.411575     0.030226    0.0621005     0.446007    -0.149115     0.842923   -0.0479996   0.00711063      0.40885   -0.0447525   -0.0155467    0.0179748    0.0420842    0.0188459   -0.0210562 -0.000920522    0.0300059    0.0156132   -0.0203352    0.0680446   -0.0190395   -0.0151967  0.000230194   -0.0309442
v0 MPC last solution:
  -0.0612431  -0.00232098   -0.0382624   -0.0107677     0.126845   -0.0171407    -0.512683   -0.0157527    -0.108744     0.469545    -0.309913     -1.11979    -0.452288    0.0336416    0.0788715      0.45144    -0.252015     0.905798   -0.0540564 -0.000577137      0.43066   -0.0341259   -0.0147935    0.0166585    0.0478762    0.0179957   -0.0212325  -0.00132263    0.0328233    0.0208777   -0.0222372    0.0747314   -0.0227051   -0.0176615 -1.94891e-05   -0.0309442
Predicted v MPC last solution:
 -0.00229265    -0.021697   -0.0246101    -0.103148   -0.0425952    0.0861365    0.0533072     0.013866   -0.0202999    0.0382589   -0.0103798    0.0874794    0.0552663    0.0141291   -0.0633274    0.0761461  -0.00599842   -0.0583568    0.0123838      0.43237    -0.065963  -0.00943073   0.00508536 -3.18996e-05   0.00479634  -0.00194741 -3.03644e-06    0.0314167  -0.00128417  -0.00261918    0.0268023    0.0025401   0.00803519  6.69697e-05   -0.0248094  -0.00471692
----------------------------------------------------------------------
State at time 55 ms ------------------
q measurement:
 -0.00193138 -0.000117181      0.62047  0.000225185  0.000973422  0.000414136     0.999999    -0.439515    0.0478593   0.00524191     0.928124    -0.499561   0.00110218    -0.434724   -0.0501271  -0.00381599     0.928565    -0.502551    0.0214984  -0.00278996  -0.00109095     0.019186    0.0714658     0.140119 -0.000886481      1.13026 -0.000500716  0.000637911 -0.000103799    0.0731595    -0.139075   0.00028749      1.13137 -0.000241835  0.000484256 -2.86572e-05
q0 MPC last solution:
  -0.0016762  -0.00010549     0.620621  0.000275707  0.000789336  0.000501134            1    -0.437562    0.0476021   0.00558931      0.92601    -0.498623     0.007006    -0.432823   -0.0502656  -0.00409071     0.926411    -0.502023    0.0175102  -0.00255597  -0.00113601    0.0172148    0.0717119     0.140195 -0.000976517      1.13007 -0.000593873  0.000740326 -0.000100189     0.073016    -0.139141   0.00038259      1.13105  -0.00015677  0.000553009  -3.0101e-05
Predicted q MPC over horizon:
  -0.0016762  -0.00010549     0.620621  0.000275707  0.000789336  0.000501134            1    -0.437562    0.0476021   0.00558931      0.92601    -0.498623     0.007006    -0.432823   -0.0502656  -0.00409071     0.926411    -0.502023    0.0175102  -0.00255597  -0.00113601    0.0172148    0.0717119     0.140195 -0.000976517      1.13007 -0.000593873  0.000740326 -0.000100189     0.073016    -0.139141   0.00038259      1.13105  -0.00015677  0.000553009  -3.0101e-05 6.55227e-309 6.55227e-309     0.622451 4.86078e-309  0.000693536  0.000192406            1    -0.440854    0.0483221   0.00487823     0.930221    -0.500604  -0.00484914    -0.435801   -0.0495644  -0.00337123      0.93019      -0.5029    0.0260612  -0.00370893  -0.00103224    0.0251587    0.0706032     0.139973 -0.000751131      1.13046 -0.000366679  0.000513653 -0.000108387    0.0736058       -0.139  0.000160758      1.13195 -0.000315717   0.00048006 -2.75558e-05  -0.00290255 -0.000213878     0.619776  1.19979e-05  8.18124e-05  1.48444e-05            1     -0.43977    0.0487888   0.00497866     0.929534    -0.499778  -0.00500398    -0.434473   -0.0490925  -0.00327914     0.928669    -0.501643    0.0267012  -0.00542307  -0.00129542    0.0314802    0.0694154     0.139879 -0.000667246      1.13039 -0.000296022  0.000482036 -0.000107498    0.0743876    -0.139024  0.000121298      1.13242  -0.00025842  0.000635703 -2.95863e-05     -0.00328 -0.000293798     0.619437  4.82037e-06  2.62053e-05 -7.30076e-06            1    -0.439849    0.0489232   0.00493126     0.928577    -0.498644  -0.00513585    -0.434171   -0.0489606  -0.00333596       0.9269    -0.500289    0.0277426  -0.00749401  -0.00189444    0.0365392    0.0683254     0.139824 -0.000601616      1.13031 -0.000237615  0.000452041 -0.000108963    0.0754517    -0.139023  8.32745e-05      1.13294 -0.000211262  0.000792899 -3.39233e-05  -0.00367756  -0.00037621     0.619107 -2.02036e-06  2.45268e-05 -8.24341e-06            1    -0.440017    0.0490309   0.00485174     0.927438     -0.49735  -0.00526538    -0.433941   -0.0488498  -0.00343115     0.924959    -0.498795    0.0287843  -0.00955815  -0.00253321    0.0419912     0.067244     0.139774 -0.000554688      1.13023 -0.000189207  0.000431004 -0.000112461    0.0766208    -0.138991  5.27035e-05      1.13348 -0.000172556  0.000956598 -3.78065e-05  -0.00410122 -0.000459939     0.618786 -3.17203e-06  2.84815e-05 -9.76015e-06            1    -0.440154     0.049127   0.00478353     0.926111    -0.495907  -0.00539112    -0.433693   -0.0487445    -0.003522     0.922852    -0.497159    0.0298106   -0.0116278  -0.00321771    0.0479956    0.0662452     0.139723 -0.000522883      1.13017  -0.00014909  0.000425301 -0.000117615    0.0778412    -0.138935  2.87381e-05      1.13406 -0.000140986   0.00112597 -4.11433e-05  -0.00455344 -0.000543569     0.618474 -3.79207e-06  3.34388e-05 -1.13905e-05            1     -0.44026    0.0492191   0.00471988     0.924604    -0.494317  -0.00551239    -0.433421   -0.0486363  -0.00361515     0.920582    -0.495378     0.030803    -0.013701  -0.00392571    0.0545809    0.0653177     0.139671 -0.000503974      1.13014 -0.000115771  0.000433888 -0.000124227    0.0791113    -0.138861  1.04866e-05      1.13465 -0.000115306   0.00130168 -4.38807e-05  -0.00503611 -0.000626478     0.618172 -4.29309e-06   3.8926e-05 -1.30901e-05            1    -0.440337    0.0493071   0.00466055      0.92292    -0.492579  -0.00562801    -0.433131   -0.0485244  -0.00371084     0.918153    -0.493446    0.0317427   -0.0157794  -0.00465128    0.0617624    0.0644551     0.139621 -0.000494993      1.13014   -8.805e-05  0.000455805  -0.00013187    0.0804267    -0.138771 -2.97182e-06      1.13527 -9.45176e-05   0.00148399 -4.60497e-05  -0.00555095  -0.00070807     0.617881 -4.78256e-06  4.49185e-05 -1.48065e-05            1     -0.44039    0.0493903   0.00460574     0.921063    -0.490691  -0.00573671    -0.432825   -0.0484086  -0.00380902     0.915568    -0.491358    0.0326102   -0.0178638  -0.00538967     0.069554    0.0636511     0.139576 -0.000493631      1.13016 -6.49593e-05  0.000490222 -0.000140228     0.081785     -0.13867 -1.25907e-05      1.13592 -7.78148e-05   0.00167321 -4.77278e-05  -0.00609948 -0.000787725     0.617601 -5.26307e-06  5.14293e-05 -1.65326e-05            1    -0.440423    0.0494676    0.0045559     0.919036    -0.488653  -0.00583718    -0.432508   -0.0482888  -0.00390941     0.912827     -0.48911    0.0333862   -0.0199546  -0.00613657     0.077969    0.0629009     0.139539 -0.000498096      1.13021 -4.57217e-05   0.00053649  -0.00014907    0.0831849    -0.138563 -1.93946e-05      1.13658 -6.45528e-05   0.00186967 -4.90414e-05  -0.00668309 -0.000864783     0.617332 -5.73076e-06  5.84877e-05 -1.82681e-05            1    -0.440439    0.0495381   0.00451159     0.916839    -0.486463  -0.00592808    -0.432182   -0.0481651  -0.00401171     0.909933    -0.486697    0.0340517   -0.0220522  -0.00688776    0.0870203    0.0622008     0.139512 -0.000507079      1.13029 -2.97221e-05  0.000594114 -0.000158249    0.0846259    -0.138456 -2.45221e-05      1.13727 -5.42238e-05   0.00207373 -5.01716e-05  -0.00730291  -0.00093853     0.617076 -6.18714e-06  6.62591e-05 -2.00259e-05            1     -0.44044    0.0496008   0.00447345     0.914474    -0.484119  -0.00600798    -0.431849   -0.0480377  -0.00411558     0.906884    -0.484114    0.0345889   -0.0241572  -0.00763899    0.0967196    0.0615482     0.139496  -0.00051972      1.13039 -1.64824e-05   0.00066272 -0.000167706    0.0861079    -0.138355 -2.92784e-05      1.13799 -4.64361e-05   0.00228571  -5.1365e-05  -0.00795973  -0.00100818     0.616834 -6.68767e-06  7.63053e-05 -2.19822e-05            1     -0.44043    0.0496548    0.0044424     0.911941     -0.48162  -0.00607542    -0.431516   -0.0479065  -0.00422039     0.903681    -0.481358    0.0349813   -0.0262695  -0.00838569     0.107073    0.0609418     0.139489 -0.000535597      1.13051 -5.64303e-06  0.000742016 -0.000177471    0.0876314    -0.138267 -3.51944e-05      1.13873 -4.08976e-05   0.00250596 -5.29465e-05  -0.00865225  -0.00107274     0.616606 -7.73175e-06  0.000104531 -2.64633e-05            1    -0.440444    0.0497027   0.00442232     0.909237    -0.478963  -0.00612901    -0.431216   -0.0477684  -0.00432245     0.900322     -0.47842    0.0352144   -0.0283851  -0.00912006      0.11804    0.0603847     0.139492 -0.000554717      1.13066  3.04248e-06  0.000831619 -0.000187655    0.0891973    -0.138204 -4.40737e-05      1.13949 -3.74043e-05   0.00273443 -5.53261e-05  -0.00936012  -0.00112988     0.616389 -1.26251e-05  0.000314092 -6.34104e-05            1    -0.440807    0.0497845   0.00445808     0.906347    -0.476127  -0.00616894    -0.431313   -0.0475819  -0.00437599     0.896804    -0.475264    0.0352729   -0.0304489  -0.00980567     0.129105    0.0599257     0.139497 -0.000577189      1.13083  9.62281e-06  0.000929784 -0.000198247     0.090801    -0.138175 -5.78531e-05      1.14027 -3.58349e-05   0.00296651 -5.89281e-05  -0.00954748  -0.00115584     0.616289 -3.40586e-05  0.000661564 -0.000214207            1     -0.43938    0.0494813   0.00528825     0.900176    -0.423702    0.0833251    -0.429725   -0.0471896  -0.00516503     0.890555    -0.421801   -0.0318296   -0.0319052    -0.010153      0.13617    0.0610849     0.139338  -0.00148905       1.1338   0.00667931 -0.000887204  -0.00303953    0.0935575    -0.138211 -0.000422037      1.14465  -0.00144177   0.00387216 -0.000430528
Quaternion norm:
1, 1, 1, 1, 1, 1, 1, 1, 1, 1, 1, 1, 1, 1, 
v measurement:
  -0.0483829  -0.00232576   -0.0285067   -0.0212402    0.0603244   -0.0371232    -0.359151    0.0619959    -0.062371      0.40568    -0.162284     -1.17842    -0.357139    0.0264688    0.0509852     0.418253   -0.0804285     0.766386   -0.0465199   0.00992517     0.385339   -0.0523281   -0.0148619    0.0179868    0.0355395    0.0183438   -0.0198463 -0.000635116     0.027595    0.0116912   -0.0182452    0.0608831   -0.0157381   -0.0126049  0.000353136   -0.0246155
v0 MPC last solution:
  -0.0549216  -0.00229706   -0.0332422   -0.0180849    0.0927228   -0.0306595     -0.43645    0.0329006   -0.0814592     0.446108    -0.228222     -1.17665    -0.411575     0.030226    0.0621005     0.446007    -0.149115     0.842923   -0.0479996   0.00711063      0.40885   -0.0447525   -0.0155467    0.0179748    0.0420842    0.0188459   -0.0210562 -0.000920522    0.0300059    0.0156132   -0.0203352    0.0680446   -0.0190395   -0.0151967  0.000230194   -0.0246155
Predicted v MPC last solution:
 -0.0023051  -0.0171103  -0.0171809   -0.111884  -0.0311279     0.10727   0.0390751   0.0103687  -0.0250242   0.0301466 -0.00886143     0.11383   0.0398568  0.00987447  -0.0680695   0.0614187   0.0120524  -0.0672988  0.00325651    0.385545  -0.0661155 -0.00661996  0.00456341 -0.00345396  0.00387349 -0.00161101 0.000100656   0.0289799 -0.00151861 -0.00184842   0.0222846  0.00314485  0.00790196 2.42131e-05  -0.0184832 -0.00393183
----------------------------------------------------------------------
State at time 60 ms ------------------
q measurement:
 -0.00215421 -0.000129033     0.620341  0.000171175   0.00108251  0.000318657     0.999999    -0.441097    0.0482149   0.00497058     0.930015    -0.500222   -0.0046443     -0.43634   -0.0500039   -0.0035813     0.930543    -0.502812    0.0250842  -0.00302667  -0.00104172    0.0210344    0.0711889     0.140049 -0.000798821      1.13042 -0.000412511  0.000543226 -0.000106243    0.0732929    -0.139025  0.000202848      1.13165 -0.000311629   0.00042827 -2.68464e-05
q0 MPC last solution:
 -0.00193138 -0.000117181      0.62047  0.000225185  0.000973422  0.000414136     0.999999    -0.439515    0.0478593   0.00524191     0.928124    -0.499561   0.00110218    -0.434724   -0.0501271  -0.00381599     0.928565    -0.502551    0.0214984  -0.00278996  -0.00109095     0.019186    0.0714658     0.140119 -0.000886481      1.13026 -0.000500716  0.000637911 -0.000103799    0.0731595    -0.139075   0.00028749      1.13137 -0.000241835  0.000484256 -2.86572e-05
Predicted q MPC over horizon:
 -0.00193138 -0.000117181      0.62047  0.000225185  0.000973422  0.000414136     0.999999    -0.439515    0.0478593   0.00524191     0.928124    -0.499561   0.00110218    -0.434724   -0.0501271  -0.00381599     0.928565    -0.502551    0.0214984  -0.00278996  -0.00109095     0.019186    0.0714658     0.140119 -0.000886481      1.13026 -0.000500716  0.000637911 -0.000103799    0.0731595    -0.139075   0.00028749      1.13137 -0.000241835  0.000484256 -2.86572e-05 7.20749e-309 7.20749e-309     0.622451 5.40086e-309  0.000705568  0.000124716            1    -0.441915     0.048743   0.00468948     0.931883     -0.50094   -0.0107677    -0.436999   -0.0496039  -0.00324167     0.932028    -0.502815    0.0295394  -0.00401037  -0.00103661    0.0264481    0.0702857     0.139929 -0.000665859      1.13056 -0.000286503  0.000426113 -0.000108382    0.0737179    -0.138972  9.34657e-05      1.13217 -0.000362939  0.000436472 -2.52197e-05  -0.00293411  -0.00021748      0.61978   9.9132e-06  8.24953e-05   7.0467e-06            1    -0.440623     0.049067    0.0047529     0.931146    -0.500272   -0.0109433    -0.435418   -0.0493225  -0.00317292     0.930464    -0.501694    0.0311644  -0.00574905  -0.00130776    0.0318842    0.0690969     0.139898  -0.00058685      1.13043 -0.000230318  0.000397357 -0.000104834    0.0744698    -0.138971  7.16695e-05      1.13256  -0.00029684  0.000588796 -2.64122e-05  -0.00321332 -0.000281415     0.619511  2.98009e-06  2.51762e-05 -7.08009e-06            1    -0.440534    0.0491753    0.0047127     0.930204    -0.499347   -0.0111226    -0.434945   -0.0492901    -0.003188     0.928708    -0.500475    0.0337621  -0.00770383  -0.00177169    0.0360869    0.0680197     0.139929  -0.00051803       1.1303 -0.000183799  0.000368015 -0.000102081    0.0754634    -0.138915  5.57547e-05      1.13301 -0.000242502  0.000738753 -2.79582e-05  -0.00351757 -0.000347612     0.619249 -2.14365e-06  2.27797e-05 -8.26371e-06            1    -0.440557    0.0492641   0.00465444     0.929119    -0.498275   -0.0112981    -0.434573   -0.0492797  -0.00322068     0.926813    -0.499142    0.0365404  -0.00964722  -0.00227179    0.0407276    0.0669706     0.139973 -0.000463536      1.13018 -0.000145162  0.000347143 -0.000100929    0.0765353    -0.138819  4.75315e-05      1.13348 -0.000197971  0.000892677 -2.84718e-05  -0.00385274 -0.000414806     0.618994 -3.17145e-06  2.61638e-05 -9.79046e-06            1    -0.440574    0.0493437    0.0046042     0.927875     -0.49706   -0.0114674    -0.434202   -0.0492786  -0.00324698     0.924775    -0.497684    0.0394457   -0.0115905  -0.00280798     0.045969    0.0659988     0.140019 -0.000421793      1.13008 -0.000113032  0.000339948 -0.000101383    0.0776551    -0.138695  4.50927e-05      1.13398 -0.000161648   0.00105152 -2.82363e-05   -0.0042211 -0.000482006     0.618749 -3.81859e-06  3.05813e-05 -1.13801e-05            1    -0.440577    0.0494196   0.00455736     0.926472    -0.495699   -0.0116289    -0.433824   -0.0492779  -0.00327321     0.922593    -0.496088    0.0424051   -0.0135341  -0.00336541    0.0518407    0.0650953     0.140065 -0.000391022      1.13002 -8.62289e-05  0.000345885 -0.000103273    0.0788219     -0.13855   4.7341e-05      1.13451 -0.000132105   0.00121622 -2.73269e-05  -0.00462438 -0.000548857     0.618512 -4.38626e-06  3.55587e-05 -1.30148e-05            1    -0.440567    0.0494917   0.00451386     0.924905    -0.494187    -0.011781    -0.433441   -0.0492738  -0.00330146     0.920265    -0.494341    0.0453336   -0.0154812   -0.0039415    0.0583599    0.0642545     0.140112 -0.000369059      1.12999 -6.38079e-05  0.000364393  -0.00010629    0.0800331     -0.13839  5.31048e-05      1.13507 -0.000108194   0.00138734 -2.58903e-05  -0.00506423 -0.000615026     0.618285 -4.94207e-06  4.10712e-05 -1.46572e-05            1    -0.440544    0.0495595   0.00447388     0.923173    -0.492519   -0.0119219    -0.433056   -0.0492627  -0.00333375      0.91779    -0.492432    0.0481429   -0.0174337   -0.0045348    0.0655425    0.0634711      0.14016 -0.000354343      1.12999 -4.50034e-05  0.000394994 -0.000110236     0.081288    -0.138223  6.11302e-05      1.13566 -8.89875e-05   0.00156542 -2.41204e-05  -0.00554212 -0.000680139     0.618068 -5.47898e-06  4.71344e-05 -1.63015e-05            1    -0.440509    0.0496222   0.00443784     0.921271     -0.49069   -0.0120497    -0.432671   -0.0492416   -0.0033718     0.915166    -0.490353    0.0507509   -0.0193935  -0.00514401    0.0734043     0.062741     0.140211  -0.00034574      1.13001 -2.92021e-05  0.000437325 -0.000114985    0.0825861    -0.138055  7.01219e-05      1.13627 -7.37437e-05   0.00175096 -2.22444e-05  -0.00605943 -0.000743736     0.617863 -5.98906e-06  5.37806e-05 -1.79485e-05            1    -0.440464    0.0496791   0.00440623     0.919196    -0.488697   -0.0121627    -0.432286   -0.0492083  -0.00341695      0.91239    -0.488099    0.0530897   -0.0213618  -0.00576743    0.0819607     0.062061     0.140262 -0.000342444      1.13007 -1.59183e-05  0.000491124 -0.000120469    0.0839276    -0.137894  7.87694e-05      1.13691  -6.1878e-05   0.00194444 -2.05142e-05  -0.00661735 -0.000805254      0.61767 -6.47415e-06  6.11773e-05 -1.96124e-05            1    -0.440408    0.0497293   0.00437965     0.916946    -0.486536    -0.012259    -0.431901   -0.0491613  -0.00346997     0.909458    -0.485664     0.055109   -0.0233395  -0.00640273    0.0912261    0.0614288     0.140314 -0.000343922      1.13015 -4.77385e-06  0.000556204 -0.000126671    0.0853128    -0.137747   8.5731e-05      1.13758 -5.29382e-05   0.00214631 -1.92094e-05  -0.00721673 -0.000864003     0.617491  -6.9939e-06  7.08778e-05 -2.14647e-05            1    -0.440347     0.049772     0.004359     0.914517    -0.484202   -0.0123368    -0.431522   -0.0490999  -0.00353095     0.906366    -0.483047    0.0567767   -0.0253269  -0.00704667      0.10121    0.0608433     0.140366 -0.000349916      1.13026  4.51543e-06  0.000632423 -0.000133631    0.0867423    -0.137621   8.9573e-05      1.13828 -4.65859e-05   0.00235696 -1.86511e-05  -0.00785642 -0.000919058     0.617326 -8.06246e-06  9.86702e-05  -2.5726e-05            1    -0.440311    0.0498097   0.00434799     0.911906    -0.481692   -0.0123944    -0.431179   -0.0490207  -0.00359668     0.903109     -0.48024    0.0580734   -0.0273201  -0.00769242     0.111875    0.0603078     0.140415 -0.000360477       1.1304  1.21434e-05  0.000719522 -0.000141449    0.0882169    -0.137525  8.86904e-05      1.13901 -4.25828e-05   0.00257641 -1.92171e-05  -0.00851637 -0.000968149     0.617174 -1.31872e-05  0.000306482 -6.08674e-05            1    -0.440624    0.0498811   0.00438888     0.909094    -0.478984   -0.0124316    -0.431232   -0.0488838  -0.00362408     0.899681    -0.477208    0.0589869   -0.0292661  -0.00830452     0.122715    0.0598699     0.140458  -0.00037565      1.13057  1.81283e-05  0.000815819  -0.00015008     0.089733     -0.13747  8.14316e-05      1.13975 -4.07827e-05    0.0028002 -2.12743e-05  -0.00864865 -0.000988493     0.617147 -3.45082e-05  0.000623297 -0.000204861            1    -0.439092     0.049545   0.00531121     0.902835    -0.420509    0.0849895    -0.429556   -0.0484917  -0.00445085     0.893382    -0.417508   -0.0150446   -0.0306497  -0.00861097     0.129616    0.0612253     0.140338  -0.00122969      1.13371   0.00521701   -0.0017941  -0.00297483      0.09258    -0.137508 -0.000262583       1.1442  -0.00132704   0.00275781 -9.04869e-05
Quaternion norm:
1, 1, 1, 1, 1, 1, 1, 1, 1, 1, 1, 1, 1, 1, 
v measurement:
 -0.0419656 -0.00236558  -0.0241635  -0.0215532   0.0320864  -0.0386279   -0.287418   0.0756301  -0.0496485    0.359344    -0.11466    -1.12393   -0.299229   0.0237264   0.0447592    0.379338     -0.0359    0.683949  -0.0482375  0.00955777    0.359898  -0.0575659   -0.013354   0.0172486    0.028947   0.0171072  -0.0181499 -0.00042345   0.0258617  0.00880724  -0.0161175   0.0538888  -0.0128043  -0.0101014 0.000396739  -0.0192218
v0 MPC last solution:
  -0.0483829  -0.00232576   -0.0285067   -0.0212402    0.0603244   -0.0371232    -0.359151    0.0619959    -0.062371      0.40568    -0.162284     -1.17842    -0.357139    0.0264688    0.0509852     0.418253   -0.0804285     0.766386   -0.0465199   0.00992517     0.385339   -0.0523281   -0.0148619    0.0179868    0.0355395    0.0183438   -0.0198463 -0.000635116     0.027595    0.0116912   -0.0182452    0.0608831   -0.0157381   -0.0126049  0.000353136   -0.0192218
Predicted v MPC last solution:
 -0.00228803   -0.0134188   -0.0106285    -0.113896   -0.0207952     0.119119    0.0263542   0.00714134   -0.0297869    0.0243487  -0.00854438     0.129637    0.0258033   0.00647258   -0.0720098    0.0539592    0.0375906   -0.0755224  -0.00449806     0.340882   -0.0656869  -0.00413738   0.00407513  -0.00629117   0.00307748  -0.00133342  0.000176698    0.0282531  -0.00139558   -0.0011575    0.0188304   0.00362767   0.00782659 -9.47817e-06   -0.0134481  -0.00312844
----------------------------------------------------------------------
State at time 65 ms ------------------
q measurement:
 -0.00234587 -0.000141001     0.620232  0.000119252   0.00112831  0.000224571     0.999999    -0.442343    0.0486055   0.00475229     0.931672    -0.500693  -0.00999382    -0.437671   -0.0498934   -0.0033706     0.932312    -0.502903    0.0282547  -0.00327861  -0.00100066    0.0227517    0.0708909     0.139987 -0.000716197      1.13055 -0.000331529  0.000457694 -0.000107791    0.0734205    -0.138988  0.000128752       1.1319 -0.000367549  0.000384562 -2.49481e-05
q0 MPC last solution:
 -0.00215421 -0.000129033     0.620341  0.000171175   0.00108251  0.000318657     0.999999    -0.441097    0.0482149   0.00497058     0.930015    -0.500222   -0.0046443     -0.43634   -0.0500039   -0.0035813     0.930543    -0.502812    0.0250842  -0.00302667  -0.00104172    0.0210344    0.0711889     0.140049 -0.000798821      1.13042 -0.000412511  0.000543226 -0.000106243    0.0732929    -0.139025  0.000202848      1.13165 -0.000311629   0.00042827 -2.68464e-05
Predicted q MPC over horizon:
 -0.00215421 -0.000129033     0.620341  0.000171175   0.00108251  0.000318657     0.999999    -0.441097    0.0482149   0.00497058     0.930015    -0.500222   -0.0046443     -0.43634   -0.0500039   -0.0035813     0.930543    -0.502812    0.0250842  -0.00302667  -0.00104172    0.0210344    0.0711889     0.140049 -0.000798821      1.13042 -0.000412511  0.000543226 -0.000106243    0.0732929    -0.139025  0.000202848      1.13165 -0.000311629   0.00042827 -2.68464e-05 7.86272e-309 7.86272e-309     0.622451 5.94095e-309  0.000687947  6.75671e-05            1    -0.442731    0.0491271   0.00451307     0.933264    -0.501166   -0.0159875    -0.437965   -0.0496222  -0.00310242     0.933596    -0.502623     0.032374  -0.00433907  -0.00105865    0.0276216    0.0699605     0.139887 -0.000591883      1.13062 -0.000217505   0.00035047 -0.000108532    0.0738455    -0.138958  3.42565e-05      1.13236 -0.000399647  0.000405526 -2.36742e-05  -0.00296138 -0.000222243     0.619783  7.88604e-06  8.04421e-05  1.45967e-06            1    -0.441317    0.0493312    0.0045431     0.932464    -0.500617   -0.0162525    -0.436271   -0.0494999  -0.00304417     0.932039    -0.501398    0.0348157  -0.00611393  -0.00133055    0.0322993    0.0687753     0.139905 -0.000518919      1.13045 -0.000173737  0.000324512 -0.000103136    0.0746022    -0.138941  2.62155e-05      1.13271 -0.000326705  0.000557014 -2.44616e-05  -0.00316389 -0.000269932     0.619571    1.573e-06  2.40581e-05 -7.06582e-06            1    -0.441086    0.0494185   0.00451221     0.931507    -0.499859   -0.0165725    -0.435721   -0.0495676  -0.00299315     0.930351    -0.500002    0.0391685  -0.00798956   -0.0016523    0.0358488    0.0677159     0.140024 -0.000445338      1.13028 -0.000137382  0.000296993 -9.63121e-05     0.075564    -0.138825   3.1589e-05       1.1331 -0.000266777  0.000703859 -2.30442e-05  -0.00339563 -0.000318696     0.619364 -2.61471e-06  2.12922e-05  -8.3668e-06            1    -0.440985    0.0494912   0.00447286      0.93044    -0.498965   -0.0168852     -0.43529   -0.0496652  -0.00294031     0.928548    -0.498509    0.0440026  -0.00984949  -0.00199533    0.0398802    0.0667002     0.140169 -0.000380981      1.13013 -0.000107077  0.000277506 -9.03921e-05     0.076585    -0.138653  4.62374e-05      1.13352 -0.000217708  0.000852933 -1.97662e-05  -0.00366258 -0.000369315     0.619164 -3.95793e-06   2.4235e-05 -9.91329e-06            1    -0.440895    0.0495581   0.00443815     0.929233     -0.49793   -0.0171881    -0.434881    -0.049756  -0.00289138      0.92663    -0.496898    0.0486607   -0.0117113  -0.00238098    0.0445557    0.0657553       0.1403 -0.000330667      1.13001 -8.17485e-05  0.000270394 -8.68166e-05    0.0776536    -0.138468  6.26247e-05      1.13398 -0.000177688   0.00100635 -1.63506e-05   -0.0039666 -0.000423341     0.618972 -4.73372e-06  2.82036e-05 -1.13984e-05            1    -0.440802    0.0496251   0.00440331     0.927874    -0.496743   -0.0174805    -0.434482   -0.0498041  -0.00287179     0.924594    -0.495174    0.0524228   -0.0135845  -0.00282683    0.0499033    0.0648729     0.140387 -0.000298183      1.12992 -6.05067e-05  0.000275625 -8.66576e-05      0.07877    -0.138306  7.43502e-05      1.13447 -0.000145165   0.00116499 -1.42081e-05  -0.00430871 -0.000481553     0.618789 -5.05282e-06  3.27552e-05 -1.28412e-05            1    -0.440701    0.0496933   0.00436769     0.926354    -0.495397   -0.0177601    -0.434087   -0.0497931    -0.002894     0.922427    -0.493361     0.054916   -0.0154723  -0.00334443     0.055935    0.0640469     0.140418 -0.000284063      1.12987 -4.26342e-05  0.000292872 -9.01801e-05    0.0799298    -0.138186  7.80559e-05      1.13499 -0.000118879    0.0013292 -1.40608e-05  -0.00468997 -0.000542922     0.618615 -5.13071e-06  3.78791e-05 -1.42928e-05            1    -0.440595    0.0497616   0.00433215     0.924669    -0.493888    -0.018023    -0.433689   -0.0497299  -0.00295448     0.920114    -0.491469    0.0562718   -0.0173712  -0.00392424    0.0626634    0.0632728     0.140402 -0.000285027      1.12985 -2.75407e-05  0.000321744 -9.67255e-05    0.0811287    -0.138106   7.4599e-05      1.13553 -9.78017e-05   0.00149944 -1.56449e-05  -0.00511185 -0.000605372     0.618451 -5.20457e-06  4.35921e-05 -1.57882e-05            1    -0.440483    0.0498273   0.00429853     0.922817    -0.492211   -0.0182637    -0.433285   -0.0496334  -0.00303985     0.917645    -0.489478     0.056903   -0.0192764  -0.00454464    0.0701063    0.0625485     0.140363 -0.000295833      1.12986 -1.47415e-05  0.000361987 -0.000105157    0.0823656    -0.138048  6.70976e-05       1.1361 -8.11029e-05   0.00167648 -1.81705e-05  -0.00557602   -0.0006669     0.618299 -5.38878e-06   4.9922e-05 -1.73205e-05            1    -0.440367    0.0498875   0.00426868     0.920795    -0.490362   -0.0184762    -0.432877   -0.0495213  -0.00313691     0.915011    -0.487352    0.0571892    -0.021185  -0.00518551    0.0782849    0.0618731     0.140322 -0.000311928       1.1299 -3.84719e-06  0.000413519 -0.000114493    0.0836419       -0.138  5.82305e-05       1.1367 -6.81265e-05   0.00186123  -2.0964e-05  -0.00608406 -0.000726076      0.61816 -5.67906e-06   5.7034e-05  -1.8884e-05            1    -0.440247      0.04994   0.00424415     0.918597    -0.488335   -0.0186552    -0.432468   -0.0494035  -0.00323768     0.912209     -0.48506    0.0573413   -0.0230961  -0.00583423    0.0872198    0.0612463     0.140289 -0.000330607      1.12997  5.44409e-06  0.000476378 -0.000124179    0.0849593    -0.137956  4.90415e-05      1.13734 -5.83669e-05   0.00205449 -2.37549e-05   -0.0066371 -0.000781922     0.618033 -6.07891e-06  6.64785e-05 -2.06304e-05            1    -0.440127    0.0499834   0.00422624     0.916219    -0.486124   -0.0187962    -0.432063   -0.0492839  -0.00333867     0.909234    -0.482585    0.0574298   -0.0250094  -0.00648412    0.0969255    0.0606682     0.140269 -0.000350762      1.13007  1.33565e-05   0.00055063 -0.000134036    0.0863197    -0.137917   3.9139e-05        1.138  -5.1448e-05   0.00225692 -2.66291e-05   -0.0072342 -0.000833537     0.617922  -6.9941e-06  9.39931e-05 -2.46579e-05            1    -0.440037    0.0500196   0.00421871     0.913654    -0.483723   -0.0188959    -0.431694   -0.0491603  -0.00343614     0.906079    -0.479913    0.0574562   -0.0269211  -0.00712868     0.107369    0.0601429     0.140261  -0.00037228       1.1302  2.00392e-05  0.000636192 -0.000144106    0.0877244    -0.137892  2.72566e-05      1.13869 -4.71054e-05   0.00246863 -2.98939e-05  -0.00785552 -0.000878913     0.617823 -1.13234e-05  0.000300963 -5.79091e-05            1    -0.440301    0.0500846   0.00426203      0.91088    -0.481106   -0.0189528    -0.431715   -0.0489948  -0.00348933     0.902733     -0.47701    0.0573973   -0.0287816  -0.00773647      0.11805    0.0597175      0.14026 -0.000395299      1.13037  2.54841e-05  0.000731467  -0.00015436    0.0891715    -0.137889  1.18155e-05      1.13941 -4.51746e-05   0.00268536 -3.39109e-05  -0.00793886 -0.000895599     0.617859 -3.15073e-05  0.000590367 -0.000195368            1    -0.438652    0.0497154   0.00527435     0.904457    -0.416557    0.0866051    -0.429948   -0.0485537  -0.00441261     0.896311    -0.410656     -0.02627   -0.0301122   -0.0080395      0.12482    0.0612643     0.140131  -0.00126386       1.1337   0.00377741  -0.00263751  -0.00317119    0.0921264    -0.137973 -0.000375698      1.14395  -0.00138152   0.00174058 -8.53429e-06
Quaternion norm:
1, 1, 1, 1, 1, 1, 1, 1, 1, 1, 1, 1, 1, 1, 
v measurement:
  -0.0358635  -0.00238508   -0.0202645   -0.0199957    0.0088354   -0.0367534    -0.223728    0.0786379   -0.0396969     0.312925   -0.0835897     -1.02623    -0.243337    0.0210312    0.0406417     0.336184   -0.0081863     0.601926   -0.0521066   0.00712593     0.333018   -0.0611185   -0.0117313    0.0160955    0.0226656    0.0155676   -0.0162824 -0.000256666    0.0250994   0.00635227   -0.0140049      0.04735   -0.0101175  -0.00770718  0.000396003   -0.0146196
v0 MPC last solution:
 -0.0419656 -0.00236558  -0.0241635  -0.0215532   0.0320864  -0.0386279   -0.287418   0.0756301  -0.0496485    0.359344    -0.11466    -1.12393   -0.299229   0.0237264   0.0447592    0.379338     -0.0359    0.683949  -0.0482375  0.00955777    0.359898  -0.0575659   -0.013354   0.0172486    0.028947   0.0171072  -0.0181499 -0.00042345   0.0258617  0.00880724  -0.0161175   0.0538888  -0.0128043  -0.0101014 0.000396739  -0.0146196
Predicted v MPC last solution:
 -0.00229819   -0.0104192  -0.00523104       -0.111   -0.0116182     0.123983    0.0155611   0.00391798   -0.0344207    0.0202921   -0.0103496     0.136659    0.0145569   0.00304327   -0.0741148    0.0546555     0.045009   -0.0830026   -0.0112644     0.298829   -0.0652734  -0.00287554   0.00344431  -0.00871826   0.00239337  -0.00112555  0.000194371    0.0293971  -0.00211751 -0.000742479    0.0164041   0.00400253   0.00782694  -7.9733e-05  -0.00951285  -0.00235988
----------------------------------------------------------------------
State at time 70 ms ------------------
q measurement:
  -0.0025082 -0.000152876     0.620141  7.31825e-05   0.00112394  0.000138704     0.999999      -0.4433    0.0489844   0.00457728     0.933109    -0.501061    -0.014727    -0.438737   -0.0497977  -0.00317671     0.933863     -0.50289    0.0310377  -0.00355361 -0.000975594    0.0243304    0.0705787     0.139933 -0.000639536      1.13065 -0.000258162  0.000381307 -0.000108536     0.073546    -0.138963  6.52233e-05      1.13212 -0.000410559   0.00035232  -2.3043e-05
q0 MPC last solution:
 -0.00234587 -0.000141001     0.620232  0.000119252   0.00112831  0.000224571     0.999999    -0.442343    0.0486055   0.00475229     0.931672    -0.500693  -0.00999382    -0.437671   -0.0498934   -0.0033706     0.932312    -0.502903    0.0282547  -0.00327861  -0.00100066    0.0227517    0.0708909     0.139987 -0.000716197      1.13055 -0.000331529  0.000457694 -0.000107791    0.0734205    -0.138988  0.000128752       1.1319 -0.000367549  0.000384562 -2.49481e-05
Predicted q MPC over horizon:
 -0.00234587 -0.000141001     0.620232  0.000119252   0.00112831  0.000224571     0.999999    -0.442343    0.0486055   0.00475229     0.931672    -0.500693  -0.00999382    -0.437671   -0.0498934   -0.0033706     0.932312    -0.502903    0.0282547  -0.00327861  -0.00100066    0.0227517    0.0708909     0.139987 -0.000716197      1.13055 -0.000331529  0.000457694 -0.000107791    0.0734205    -0.138988  0.000128752       1.1319 -0.000367549  0.000384562 -2.49481e-05 8.51795e-309 8.51795e-309     0.622451 6.48103e-309  0.000649264  2.10219e-05            1    -0.443343    0.0494623   0.00436453      0.93442    -0.501359   -0.0204125    -0.438709   -0.0496371  -0.00296088     0.934898    -0.502474    0.0349508  -0.00468121  -0.00109495     0.028665    0.0696328     0.139858 -0.000525292      1.13067 -0.000157849  0.000284807 -0.000108022     0.073971    -0.138945 -1.40911e-05      1.13252 -0.000425995  0.000384611  -2.2103e-05  -0.00297823 -0.000228821     0.619787  5.45163e-06  7.63989e-05 -2.87372e-06            1    -0.441874    0.0495761   0.00436233     0.933567    -0.500912   -0.0208861    -0.436945   -0.0496572  -0.00290751     0.933313    -0.501242    0.0384092  -0.00646776  -0.00136736    0.0326588    0.0684539     0.139928   -0.0004561      1.13045 -0.000124844  0.000260521 -0.000100692    0.0747181    -0.138905  -8.8104e-06      1.13282  -0.00034812   0.00053337  -2.2131e-05  -0.00311803 -0.000264801     0.619622 -7.40461e-07  2.29358e-05 -7.42467e-06            1    -0.441527    0.0496581   0.00433329     0.932586    -0.500293   -0.0215203    -0.436329   -0.0498021  -0.00280511     0.931664    -0.499732    0.0442017  -0.00827193  -0.00158814     0.035683    0.0674104      0.14011 -0.000380929      1.13025  -9.7294e-05  0.000234631 -9.09859e-05     0.075643    -0.138749  1.23713e-05      1.13317 -0.000284174  0.000676547 -1.87171e-05  -0.00329121 -0.000306186     0.619462  -4.2214e-06  2.00362e-05  -8.5558e-06            1    -0.441312    0.0497352   0.00429795     0.931503    -0.499538   -0.0221525    -0.435853   -0.0499129  -0.00273369     0.929945    -0.498146     0.049158    -0.010081  -0.00188161    0.0392373    0.0664203     0.140258 -0.000324347      1.13008 -7.42329e-05  0.000217115 -8.48365e-05    0.0766215    -0.138596  3.06171e-05      1.13355 -0.000231884  0.000820773 -1.59668e-05  -0.00350123 -0.000356662     0.619308 -4.36143e-06  2.26407e-05  -9.7657e-06            1    -0.441115    0.0498155   0.00426028      0.93029    -0.498642   -0.0227814    -0.435395   -0.0499278  -0.00273454     0.928123    -0.496607    0.0519076   -0.0119049  -0.00230306    0.0434525    0.0654923     0.140296 -0.000297922      1.12994 -5.48922e-05  0.000211064 -8.51923e-05    0.0776388    -0.138525  3.22237e-05      1.13397 -0.000189295  0.000967188  -1.7163e-05  -0.00374923 -0.000412819     0.619162 -3.96219e-06  2.63271e-05 -1.11153e-05            1    -0.440925    0.0498993   0.00422008     0.928943    -0.497604   -0.0233982    -0.434928   -0.0498754  -0.00278986     0.926167    -0.495119    0.0531555    -0.013732  -0.00281097    0.0483509    0.0646213     0.140261 -0.000293242      1.12983 -3.85894e-05  0.000216162 -9.01694e-05    0.0786868    -0.138504  2.31156e-05       1.1344 -0.000154719   0.00111678 -2.08424e-05  -0.00403794 -0.000470188     0.619025 -4.00084e-06  3.06119e-05  -1.2537e-05            1    -0.440741    0.0499818   0.00418063     0.927454    -0.496414   -0.0239878    -0.434465    -0.049801   -0.0028635     0.924074    -0.493557    0.0539535   -0.0155582  -0.00335342    0.0539646    0.0638057     0.140206 -0.000298855      1.12976 -2.47389e-05   0.00023231 -9.71641e-05    0.0797709    -0.138489  1.22281e-05      1.13487 -0.000126773   0.00127162 -2.48377e-05  -0.00436951 -0.000527216     0.618896 -4.25462e-06  3.54667e-05 -1.39591e-05            1    -0.440563    0.0500593   0.00414411     0.925811    -0.495059    -0.024536    -0.434011   -0.0497171  -0.00294368      0.92184    -0.491855    0.0545841   -0.0173848  -0.00391514    0.0603198    0.0630431     0.140151 -0.000310337      1.12972 -1.28822e-05  0.000259609  -0.00010522    0.0808956    -0.138467  1.89603e-06      1.13538 -0.000104356   0.00143318  -2.8566e-05   -0.0047454 -0.000583328     0.618778 -4.52321e-06  4.09224e-05 -1.54039e-05            1    -0.440389    0.0501301   0.00411176     0.924007     -0.49353   -0.0250318    -0.433565   -0.0496253  -0.00302898     0.919454    -0.489997    0.0550628   -0.0192119  -0.00449284    0.0674365    0.0623322     0.140099 -0.000325933      1.12972 -2.66344e-06  0.000298196 -0.000113996    0.0820619    -0.138441  -7.9284e-06      1.13591 -8.65942e-05    0.0016023 -3.20201e-05  -0.00516698 -0.000637897      0.61867 -4.79003e-06  4.70155e-05 -1.68694e-05            1    -0.440217    0.0501928   0.00408452     0.922032    -0.491818   -0.0254656    -0.433124   -0.0495271  -0.00311842     0.916906    -0.487974    0.0554054   -0.0210396  -0.00508288    0.0753346    0.0616723     0.140054 -0.000344258      1.12975  6.19851e-06  0.000348252 -0.000123227    0.0832705    -0.138412 -1.74709e-05      1.13648 -7.27982e-05   0.00177972  -3.5241e-05  -0.00563561 -0.000690237     0.618575 -5.06931e-06  5.39175e-05 -1.83559e-05            1    -0.440047     0.050246   0.00406335     0.919879    -0.489915   -0.0258288    -0.432687   -0.0494237  -0.00321084     0.914187    -0.485774    0.0556301   -0.0228683  -0.00568145    0.0840343    0.0610634      0.14002 -0.000364276      1.12982  1.39231e-05  0.000409973  -0.00013273     0.084522    -0.138384 -2.71587e-05      1.13708 -6.24346e-05   0.00196613 -3.83254e-05  -0.00615242 -0.000739619     0.618493 -5.40847e-06  6.31844e-05  -2.0013e-05            1     -0.43988    0.0502884    0.0040494     0.917541    -0.487814   -0.0261132    -0.432255   -0.0493163  -0.00330503     0.911288    -0.483385    0.0557498   -0.0246979  -0.00628484    0.0935517    0.0605057     0.139998 -0.000385391      1.12991  2.06755e-05  0.000483536 -0.000142424    0.0858177    -0.138361  -3.7733e-05      1.13771 -5.51036e-05   0.00216213 -4.14543e-05  -0.00671657 -0.000785167     0.618427 -6.19817e-06  9.05709e-05 -2.38362e-05            1    -0.439747    0.0503217   0.00404638     0.915009    -0.485505   -0.0263121    -0.431862    -0.049203  -0.00339725     0.908198    -0.480794     0.055773   -0.0265247  -0.00688696     0.103857    0.0600033     0.139988 -0.000407435      1.13005  2.65654e-05  0.000568935 -0.000152324    0.0871588    -0.138348 -5.02654e-05      1.13838  -5.0522e-05   0.00236792 -4.48966e-05   -0.0073084  -0.00082492     0.618373 -9.98845e-06  0.000297615  -5.5452e-05            1    -0.439972    0.0503793   0.00409323      0.91226    -0.482963   -0.0264207    -0.431859   -0.0490491   -0.0034476     0.904908    -0.477959    0.0557029   -0.0283013  -0.00745751     0.114452    0.0596023     0.139985 -0.000430322      1.13022  3.15634e-05  0.000664574  -0.00016234    0.0885449    -0.138354 -6.59746e-05      1.13908 -4.85095e-05   0.00257938 -4.89371e-05  -0.00734862 -0.000837468     0.618464 -2.86981e-05  0.000563072 -0.000188022            1    -0.438204    0.0499764   0.00519388     0.905624    -0.412298    0.0872954    -0.429995   -0.0485803  -0.00444773     0.898308    -0.405112    -0.037472   -0.0295831  -0.00773671      0.12113    0.0613519      0.13987  -0.00127656      1.13376   0.00256907  -0.00340106  -0.00323274    0.0916178    -0.138457 -0.000451924      1.14373  -0.00138984  0.000792928  0.000213528
Quaternion norm:
1, 1, 1, 1, 1, 1, 1, 1, 1, 1, 1, 1, 1, 1, 
v measurement:
  -0.0301665  -0.00235738   -0.0167997   -0.0172152  -0.00907417   -0.0326541    -0.169846    0.0732173   -0.0322746     0.270093   -0.0677176    -0.894509    -0.192518    0.0179247     0.037628     0.292768   0.00827652     0.526887   -0.0570735   0.00347941     0.304708   -0.0634411   -0.0100951    0.0148684    0.0169577    0.0140476   -0.0145009 -9.83816e-05     0.024894   0.00431194   -0.0119001    0.0413092  -0.00762239  -0.00551562  0.000391384   -0.0105629
v0 MPC last solution:
  -0.0358635  -0.00238508   -0.0202645   -0.0199957    0.0088354   -0.0367534    -0.223728    0.0786379   -0.0396969     0.312925   -0.0835897     -1.02623    -0.243337    0.0210312    0.0406417     0.336184   -0.0081863     0.601926   -0.0521066   0.00712593     0.333018   -0.0611185   -0.0117313    0.0160955    0.0226656    0.0155676   -0.0162824 -0.000256666    0.0250994   0.00635227   -0.0140049      0.04735   -0.0101175  -0.00770718  0.000396003   -0.0105629
Predicted v MPC last solution:
 -0.00231799   -0.0079367  -0.00104278    -0.104645  -0.00397906     0.123705   0.00703847  0.000921942   -0.0381192    0.0169429   -0.0155758     0.139528   0.00472627  0.000238239   -0.0776845    0.0510082     0.067701   -0.0881537   -0.0165582     0.258324   -0.0646886  -0.00118846   0.00299447   -0.0108433   0.00180042  -0.00100627  0.000233448    0.0299457  -0.00204418 -0.000279994    0.0141513   0.00427289   0.00771207 -0.000111632  -0.00624775  -0.00176137
----------------------------------------------------------------------
State at time 75 ms ------------------
q measurement:
 -0.00264336 -0.000164596     0.620067  3.45923e-05   0.00108206  6.43786e-05     0.999999    -0.444015    0.0493254   0.00443115     0.934336     -0.50136   -0.0188258    -0.439567   -0.0497181  -0.00299996     0.935203    -0.502821    0.0334578  -0.00385322 -0.000969446    0.0257654    0.0702577     0.139889 -0.000569063      1.13072 -0.000192535  0.000313563 -0.000108545    0.0736713    -0.138945  1.18466e-05      1.13231 -0.000442193  0.000330183 -2.11669e-05
q0 MPC last solution:
  -0.0025082 -0.000152876     0.620141  7.31825e-05   0.00112394  0.000138704     0.999999      -0.4433    0.0489844   0.00457728     0.933109    -0.501061    -0.014727    -0.438737   -0.0497977  -0.00317671     0.933863     -0.50289    0.0310377  -0.00355361 -0.000975594    0.0243304    0.0705787     0.139933 -0.000639536      1.13065 -0.000258162  0.000381307 -0.000108536     0.073546    -0.138963  6.52233e-05      1.13212 -0.000410559   0.00035232  -2.3043e-05
Predicted q MPC over horizon:
  -0.0025082 -0.000152876     0.620141  7.31825e-05   0.00112394  0.000138704     0.999999      -0.4433    0.0489844   0.00457728     0.933109    -0.501061    -0.014727    -0.438737   -0.0497977  -0.00317671     0.933863     -0.50289    0.0310377  -0.00355361 -0.000975594    0.0243304    0.0705787     0.139933 -0.000639536      1.13065 -0.000258162  0.000381307 -0.000108536     0.073546    -0.138963  6.52233e-05      1.13212 -0.000410559   0.00035232  -2.3043e-05 9.17317e-309 9.17317e-309     0.622451 7.02112e-309  0.000597737 -1.48291e-05            1    -0.443798    0.0497261   0.00423717     0.935398    -0.501592   -0.0239302    -0.439273   -0.0496633  -0.00280936     0.935975    -0.502328    0.0375843  -0.00503587  -0.00113862    0.0295809    0.0693037     0.139851 -0.000462131      1.13069 -0.000104937  0.000226706 -0.000106223    0.0740973    -0.138923 -4.98598e-05      1.13266 -0.000442342  0.000372538 -1.98357e-05  -0.00298647  -0.00023697     0.619793  2.05019e-06  7.11581e-05 -6.27791e-06            1    -0.442318     0.049785   0.00420055     0.934492    -0.501214   -0.0247974    -0.437497   -0.0498083  -0.00274651     0.934367    -0.501041     0.042355  -0.00682572  -0.00141369    0.0329774    0.0681328     0.139977 -0.000394861      1.13044 -8.14651e-05  0.000203608 -9.69471e-05    0.0748388    -0.138849 -3.14899e-05      1.13293 -0.000361352  0.000518335 -1.87704e-05  -0.00307561  -0.00027157     0.619668 -3.11503e-06  2.17641e-05  -7.6727e-06            1    -0.441869    0.0498858   0.00415769     0.933465    -0.500685   -0.0260312    -0.436844   -0.0499549  -0.00264117     0.932776    -0.499415    0.0480888  -0.00859421  -0.00164132    0.0355903    0.0671005     0.140139 -0.000333048      1.13021 -6.17341e-05  0.000179975 -8.83249e-05    0.0757438     -0.13873 -1.08728e-05      1.13324  -0.00029491  0.000658243 -1.69964e-05   -0.0031987 -0.000318434     0.619548 -4.08138e-06  1.89753e-05 -8.51779e-06            1    -0.441549    0.0499933   0.00410749      0.93235    -0.500033   -0.0272928     -0.43631    -0.049983  -0.00262868     0.931115    -0.497936    0.0510593   -0.0103771  -0.00202594    0.0387479    0.0661279     0.140174 -0.000304874      1.13002 -4.51605e-05  0.000164798 -8.71847e-05    0.0766807    -0.138706 -1.07802e-05      1.13358 -0.000240661  0.000796343 -1.97731e-05  -0.00335943 -0.000372818     0.619435 -3.56058e-06  2.14065e-05 -9.66265e-06            1     -0.44126    0.0501067   0.00405321     0.931133     -0.49926    -0.028566    -0.435772   -0.0499329  -0.00268419     0.929331    -0.496638    0.0522005   -0.0121587   -0.0025171    0.0425751     0.065215     0.140116 -0.000302251      1.12987 -3.11632e-05  0.000159638 -9.17337e-05     0.077635    -0.138747 -2.50701e-05      1.13395 -0.000196493  0.000934747 -2.57003e-05  -0.00356178 -0.000428657     0.619328 -3.59158e-06  2.48718e-05 -1.09788e-05            1    -0.440992    0.0502199   0.00399862     0.929799     -0.49835   -0.0298217    -0.435243   -0.0498627  -0.00275807     0.927425    -0.495318    0.0529336   -0.0139328   -0.0030428    0.0471246     0.064356     0.140034 -0.000310951      1.12975 -1.91997e-05   0.00016452 -9.86905e-05    0.0786208     -0.13879  -4.1624e-05      1.13435 -0.000160621   0.00107685 -3.18958e-05  -0.00380807 -0.000484544     0.619229 -3.72822e-06  2.89401e-05 -1.23989e-05            1     -0.44074    0.0503288   0.00394647      0.92833    -0.497284   -0.0310325    -0.434731   -0.0497838   -0.0028384     0.925393    -0.493887    0.0535115   -0.0157021  -0.00358943     0.052427    0.0635501     0.139947  -0.00032654      1.12966 -8.86564e-06  0.000179932 -0.000107084    0.0796466    -0.138824 -5.80307e-05      1.13478 -0.000131627   0.00122471 -3.77968e-05  -0.00409988 -0.000539854      0.61914 -3.91066e-06  3.35802e-05 -1.37921e-05            1    -0.440501    0.0504308   0.00389808     0.926714    -0.496051   -0.0321749    -0.434236    -0.049698  -0.00292326     0.923223    -0.492314    0.0539663   -0.0174697  -0.00415237    0.0585048    0.0627982     0.139861 -0.000346684      1.12961   1.4673e-07  0.000206386 -0.000116414    0.0807141    -0.138849 -7.37981e-05      1.13525 -0.000108379    0.0013795  -4.3285e-05  -0.00443861 -0.000594006     0.619059 -4.12452e-06  3.88346e-05 -1.51697e-05            1    -0.440272    0.0505241   0.00385481     0.924938    -0.494638   -0.0332265    -0.433753   -0.0496062  -0.00301178     0.920903    -0.490583    0.0543099   -0.0192363    -0.004728    0.0653792    0.0620997     0.139782 -0.000369652       1.1296  8.08351e-06  0.000244188  -0.00012631    0.0818234    -0.138865 -8.87984e-05      1.13575 -8.99721e-05   0.00154211 -4.83284e-05  -0.00482571 -0.000646392      0.61899 -4.35024e-06  4.47525e-05 -1.65556e-05            1    -0.440051    0.0506066   0.00381805     0.922992    -0.493034    -0.034165    -0.433279   -0.0495094  -0.00310311     0.918418     -0.48868    0.0545528   -0.0210018   -0.0053129    0.0730721    0.0614537     0.139714 -0.000394099      1.12962  1.51412e-05  0.000293597 -0.000136493    0.0829752    -0.138874 -0.000103105      1.13629 -7.56884e-05   0.00171332 -5.29462e-05  -0.00526259 -0.000696362     0.618934 -4.58919e-06  5.15098e-05 -1.79648e-05            1    -0.439835    0.0506765   0.00378914     0.920866     -0.49123    -0.034969    -0.432812   -0.0494087  -0.00319646     0.915757    -0.486591    0.0547048    -0.022766  -0.00590371    0.0816057    0.0608602     0.139659 -0.000419039      1.12968  2.14736e-05  0.000354894 -0.000146771    0.0841705     -0.13888 -0.000117018      1.13686 -6.49731e-05   0.00189388 -5.72175e-05  -0.00575044 -0.000743215      0.61889  -4.8859e-06    6.067e-05 -1.95427e-05            1    -0.439625     0.050732   0.00376956     0.918549    -0.489215   -0.0356184    -0.432352   -0.0493049  -0.00329083     0.912908    -0.484304    0.0547737   -0.0245283    -0.006497    0.0909983    0.0603198     0.139621 -0.000443872      1.12978  2.71965e-05  0.000428358 -0.000157045    0.0854103    -0.138885 -0.000131121      1.13747 -5.74105e-05   0.00208445 -6.12947e-05  -0.00628853 -0.000786097     0.618862 -5.60465e-06  8.80608e-05 -2.31945e-05            1    -0.439453    0.0507741    0.0037632     0.916033    -0.486981   -0.0360949    -0.431932   -0.0491961  -0.00338276     0.909862    -0.481805    0.0547656   -0.0262852  -0.00708697     0.101222    0.0598369     0.139598 -0.000468395      1.12992  3.23847e-05   0.00051409  -0.00016731    0.0866962    -0.138894 -0.000146309      1.13812 -5.27061e-05    0.0022853 -6.54114e-05  -0.00685723 -0.000823134     0.618848 -9.08272e-06  0.000295977 -5.34652e-05            1    -0.439643    0.0508342   0.00380782     0.913292    -0.484497   -0.0363832    -0.431904   -0.0490493  -0.00343392     0.906602     -0.47905    0.0546824   -0.0279912   -0.0076445     0.111781    0.0594572     0.139587 -0.000492478      1.13009  3.69886e-05  0.000610514 -0.000177457    0.0880291    -0.138915 -0.000163622       1.1388 -5.06695e-05    0.0024924 -6.98173e-05  -0.00685838 -0.000833304     0.618989 -2.68935e-05  0.000540183 -0.000182516            1    -0.437752    0.0504018   0.00499117     0.906406    -0.407704     0.085348    -0.429933   -0.0485515  -0.00451334     0.899781    -0.399758   -0.0477271   -0.0292331  -0.00791219     0.118391    0.0614091     0.139479  -0.00133373      1.13385   0.00140181  -0.00412349  -0.00334244    0.0912284    -0.139041 -0.000559939      1.14358  -0.00148175 -0.000102227  0.000391245
Quaternion norm:
1, 1, 1, 1, 1, 1, 1, 1, 1, 1, 1, 1, 1, 1, 
v measurement:
  -0.0249158   -0.0023318   -0.0137424   -0.0141283   -0.0220923   -0.0277379    -0.124721    0.0645097   -0.0274187     0.229237   -0.0548569    -0.771441    -0.148076    0.0144998    0.0337178     0.251509    0.0165266     0.456102    -0.061916 -0.000358869     0.275611   -0.0648348  -0.00797574    0.0136301    0.0117672    0.0124927   -0.0128342  4.59017e-05    0.0249821   0.00317752  -0.00991341     0.035914  -0.00549184  -0.00363179  0.000380924  -0.00701122
v0 MPC last solution:
  -0.0301665  -0.00235738   -0.0167997   -0.0172152  -0.00907417   -0.0326541    -0.169846    0.0732173   -0.0322746     0.270093   -0.0677176    -0.894509    -0.192518    0.0179247     0.037628     0.292768   0.00827652     0.526887   -0.0570735   0.00347941     0.304708   -0.0634411   -0.0100951    0.0148684    0.0169577    0.0140476   -0.0145009 -9.83816e-05     0.024894   0.00431194   -0.0119001    0.0413092  -0.00762239  -0.00551562  0.000391384  -0.00701122
Predicted v MPC last solution:
 -0.00231131  -0.00585232   0.00188293   -0.0961673   0.00192976     0.120078  0.000967517  -0.00175034   -0.0411794    0.0146183   -0.0257302     0.138907  -0.00436456 -0.000980292   -0.0816353    0.0478554     0.127806    -0.091153   -0.0197818     0.220357   -0.0640609   0.00187217   0.00287178    -0.012756   0.00127496 -0.000959117  0.000329617    0.0302368 -0.000289192  0.000391463    0.0121996   0.00444408    0.0075374 -7.07309e-05   -0.0036381  -0.00142969
----------------------------------------------------------------------
State at time 80 ms ------------------
q measurement:
 -0.00275372 -0.000176084     0.620007  3.52696e-06   0.00101405  2.75789e-06     0.999999    -0.444528    0.0496197   0.00430501      0.93537    -0.501602   -0.0223444    -0.440195   -0.0496561  -0.00284569     0.936345    -0.502726    0.0355389  -0.00417561 -0.000980028    0.0270556    0.0699321     0.139858 -0.000504604      1.13076  -0.00013487  0.000253865 -0.000107869    0.0737979    -0.138928 -3.20494e-05      1.13248 -0.000464513  0.000316541 -1.93223e-05
q0 MPC last solution:
 -0.00264336 -0.000164596     0.620067  3.45923e-05   0.00108206  6.43786e-05     0.999999    -0.444015    0.0493254   0.00443115     0.934336     -0.50136   -0.0188258    -0.439567   -0.0497181  -0.00299996     0.935203    -0.502821    0.0334578  -0.00385322 -0.000969446    0.0257654    0.0702577     0.139889 -0.000569063      1.13072 -0.000192535  0.000313563 -0.000108545    0.0736713    -0.138945  1.18466e-05      1.13231 -0.000442193  0.000330183 -2.11669e-05
Predicted q MPC over horizon:
 -0.00264336 -0.000164596     0.620067  3.45923e-05   0.00108206  6.43786e-05     0.999999    -0.444015    0.0493254   0.00443115     0.934336     -0.50136   -0.0188258    -0.439567   -0.0497181  -0.00299996     0.935203    -0.502821    0.0334578  -0.00385322 -0.000969446    0.0257654    0.0702577     0.139889 -0.000569063      1.13072 -0.000192535  0.000313563 -0.000108545    0.0736713    -0.138945  1.18466e-05      1.13231 -0.000442193  0.000330183 -2.11669e-05  9.8284e-309  9.8284e-309     0.622451 7.56121e-309  0.000539088 -4.20059e-05            1    -0.444125     0.049936   0.00411638     0.936198    -0.501759   -0.0269459    -0.439702   -0.0497106   -0.0026616     0.936873    -0.502131    0.0403645  -0.00539756  -0.00116575    0.0303897    0.0689791     0.139875 -0.000401398      1.13069 -5.93582e-05  0.000175985 -0.000103074    0.0742319    -0.138878 -7.37009e-05      1.13278 -0.000451654  0.000368024  -1.6718e-05  -0.00299064 -0.000243262       0.6198 -1.66029e-06  6.52035e-05 -8.78918e-06            1    -0.442678    0.0499655   0.00404222     0.935249    -0.501362   -0.0284172    -0.437982   -0.0499488  -0.00258278     0.935279    -0.500636    0.0462157  -0.00719184  -0.00144503    0.0333005    0.0678265     0.140032 -0.000339376      1.13042 -4.40533e-05  0.000155094 -9.30104e-05     0.074991     -0.13879 -4.72663e-05      1.13303 -0.000368847  0.000512673 -1.53714e-05  -0.00303887 -0.000282643     0.619709 -4.13338e-06  2.05472e-05 -7.88764e-06            1    -0.442157    0.0501047   0.00396906     0.934187     -0.50082   -0.0306247    -0.437304   -0.0500416  -0.00251454     0.933739    -0.498963    0.0506522  -0.00894225  -0.00175448    0.0355958    0.0668163     0.140099 -0.000303824      1.13018 -3.10947e-05  0.000135177 -8.88636e-05    0.0758805    -0.138782 -4.18475e-05      1.13331 -0.000301019  0.000649207 -1.84341e-05  -0.00312014 -0.000335543     0.619623 -3.48532e-06  1.81036e-05 -8.44057e-06            1    -0.441763    0.0502618   0.00388598     0.933062    -0.500186   -0.0329669    -0.436696   -0.0500016  -0.00255831     0.932097    -0.497681    0.0519754   -0.0106971  -0.00223558    0.0384347    0.0658682     0.140016  -0.00030395      1.12998 -2.01538e-05  0.000122736 -9.29368e-05    0.0767648    -0.138891 -6.15081e-05      1.13361 -0.000245697  0.000780508 -2.68536e-05  -0.00324232 -0.000391366     0.619543 -3.33899e-06  2.04465e-05 -9.62854e-06            1    -0.441411    0.0504264   0.00379858      0.93185    -0.499445   -0.0353981    -0.436101   -0.0499328  -0.00263128     0.930344    -0.496506    0.0526631   -0.0124371  -0.00276628    0.0419774    0.0649718     0.139889 -0.000319259      1.12981 -1.07338e-05  0.000118812 -0.000100495    0.0776688    -0.139014 -8.69519e-05      1.13394 -0.000200635  0.000912696 -3.61728e-05  -0.00340907 -0.000447733      0.61947 -3.32548e-06  2.37361e-05 -1.10203e-05            1    -0.441088     0.050591   0.00371084     0.930528     -0.49857   -0.0378605    -0.435533   -0.0498555  -0.00271173     0.928486    -0.495269    0.0531962   -0.0141683  -0.00332149    0.0462759    0.0641267     0.139748 -0.000343315      1.12968   -2.491e-06    0.0001244 -0.000110086    0.0786104     -0.13913 -0.000113588      1.13431 -0.000164038   0.00104919 -4.53618e-05  -0.00362203 -0.000503907     0.619404 -3.38904e-06  2.76001e-05 -1.23472e-05            1    -0.440787    0.0507512   0.00362498     0.929077    -0.497542   -0.0402949    -0.434989   -0.0497719  -0.00279685     0.926509    -0.493918    0.0536219   -0.0158963  -0.00389487    0.0513559    0.0633363     0.139602 -0.000373069      1.12959   4.8123e-06  0.000140412 -0.000121015    0.0795921    -0.139235 -0.000140259      1.13472 -0.000134476   0.00119156  -5.4171e-05  -0.00388264 -0.000559256     0.619347 -3.48565e-06  3.20697e-05 -1.36541e-05            1    -0.440505    0.0509035   0.00354366     0.927482    -0.496346   -0.0426402    -0.434465   -0.0496829  -0.00288544     0.924397    -0.492429    0.0539533   -0.0176216  -0.00448182    0.0572393    0.0626001      0.13946 -0.000406254      1.12954  1.13686e-05  0.000167316 -0.000132764    0.0806145     -0.13933 -0.000166281      1.13516 -0.000110788   0.00134094 -6.24575e-05  -0.00419234 -0.000613136       0.6193 -3.60613e-06  3.71804e-05 -1.49679e-05            1    -0.440237     0.051044    0.0034694     0.925728    -0.494968   -0.0448358    -0.433957   -0.0495894  -0.00297672     0.922132    -0.490783    0.0541991   -0.0193435  -0.00507799    0.0639491    0.0619175     0.139328 -0.000440992      1.12952  1.73334e-05  0.000205511 -0.000144903    0.0816784    -0.139411  -0.00019115      1.13563 -9.20491e-05   0.00149831 -7.01173e-05  -0.00455263 -0.000664887     0.619263 -3.74839e-06  4.29759e-05 -1.62952e-05            1     -0.43998    0.0511694   0.00340458     0.923802    -0.493396   -0.0468258     -0.43346   -0.0494923  -0.00306992     0.919699    -0.488961    0.0543671   -0.0210616  -0.00567927    0.0715089    0.0612883     0.139212 -0.000475766      1.12954  2.28311e-05  0.000255385 -0.000157095    0.0827846    -0.139481 -0.000214595      1.13615 -7.75246e-05   0.00166455 -7.71018e-05  -0.00496497 -0.000713832     0.619239 -3.91677e-06   4.9635e-05 -1.76473e-05            1    -0.439731    0.0512766   0.00335137     0.921693     -0.49162   -0.0485626    -0.432971   -0.0493926  -0.00316432     0.917085    -0.486949    0.0544639   -0.0227755  -0.00628198    0.0799432    0.0607129     0.139116 -0.000509463       1.1296  2.79593e-05  0.000317326   -0.0001691     0.083934     -0.13954 -0.000236645       1.1367 -6.66477e-05   0.00184046 -8.34354e-05  -0.00543062 -0.000759267     0.619229 -4.15036e-06  5.87346e-05 -1.91624e-05            1     -0.43949    0.0513632    0.0033118     0.919389    -0.489631   -0.0500083    -0.432491   -0.0492908  -0.00325905     0.914276    -0.484733    0.0544952   -0.0244847  -0.00688262    0.0892721    0.0601922     0.139042 -0.000541404       1.1297  3.27914e-05    0.0003917 -0.000180791    0.0851279    -0.139591 -0.000257677      1.13729 -5.89932e-05   0.00202675 -8.92296e-05  -0.00594889 -0.000800366     0.619235  -4.7679e-06  8.62203e-05 -2.26635e-05            1    -0.439287    0.0514296   0.00329008     0.916878     -0.48742   -0.0511341     -0.43205   -0.0491853  -0.00335078      0.91126    -0.482298    0.0544652   -0.0261856  -0.00747574    0.0994696    0.0597308      0.13899 -0.000571358      1.12984  3.73719e-05  0.000478674 -0.000192143    0.0863679    -0.139638 -0.000278436      1.13792 -5.42599e-05   0.00222375 -9.46874e-05  -0.00650008 -0.000835377     0.619254 -7.74136e-06  0.000295586  -5.1721e-05            1     -0.43945    0.0515051   0.00332301     0.914134    -0.484957   -0.0519192    -0.432004   -0.0490446  -0.00340244     0.908021    -0.479597    0.0543748    -0.027835  -0.00803399     0.110037    0.0593735     0.138958 -0.000599203      1.13002  4.16337e-05  0.000576643 -0.000203045    0.0876564    -0.139687 -0.000299851      1.13858 -5.22502e-05   0.00242752 -0.000100039  -0.00646563 -0.000843496      0.61944 -2.44197e-05  0.000520567 -0.000177964            1    -0.437435    0.0510523   0.00457718     0.906967    -0.401939    0.0771646    -0.429924   -0.0485175  -0.00456163     0.900945    -0.393808   -0.0570998   -0.0290466  -0.00829816     0.116605    0.0615289     0.138848  -0.00145118        1.134  0.000309591  -0.00480011  -0.00350586    0.0909911    -0.139843 -0.000717106      1.14351  -0.00161972 -0.000940442  0.000520763
Quaternion norm:
1, 1, 1, 1, 1, 1, 1, 1, 1, 1, 1, 1, 1, 1, 
v measurement:
 -0.0201629 -0.00227788   -0.011069  -0.0112067  -0.0307914  -0.0225698  -0.0881441    0.054974   -0.023888    0.191779  -0.0444077    -0.66033   -0.110434   0.0109376    0.028907    0.213356   0.0203535    0.390283  -0.0662486 -0.00335182    0.246681  -0.0654356 -0.00497454    0.012446  0.00708477   0.0108757  -0.0112814 0.000180837   0.0253825  0.00336195 -0.00807688   0.0313093  -0.0038111 -0.00207787 0.000372426 -0.00404965
v0 MPC last solution:
  -0.0249158   -0.0023318   -0.0137424   -0.0141283   -0.0220923   -0.0277379    -0.124721    0.0645097   -0.0274187     0.229237   -0.0548569    -0.771441    -0.148076    0.0144998    0.0337178     0.251509    0.0165266     0.456102    -0.061916 -0.000358869     0.275611   -0.0648348  -0.00797574    0.0136301    0.0117672    0.0124927   -0.0128342  4.59017e-05    0.0249821   0.00317752  -0.00991341     0.035914  -0.00549184  -0.00363179  0.000380924  -0.00404965
Predicted v MPC last solution:
 -0.00205987  -0.00413731   0.00375454    -0.086502   0.00644693     0.113652  -0.00341243  -0.00408079   -0.0431667    0.0149187   -0.0404707     0.134544   -0.0136349  3.03954e-05   -0.0845681    0.0524121      0.23463    -0.092517   -0.0192693      0.18683   -0.0630284   0.00658508    0.0031361   -0.0142987  0.000824999 -0.000923624  0.000501172    0.0310774   0.00345445   0.00135843    0.0108498   0.00454569   0.00741581  6.39192e-05  -0.00171361  -0.00141515
----------------------------------------------------------------------
State at time 85 ms ------------------
q measurement:
 -0.00284198 -0.000187154     0.619958 -2.06936e-05  0.000929428 -4.59162e-05            1    -0.444882    0.0498666   0.00419378     0.936228    -0.501798    -0.025346    -0.440654   -0.0496114  -0.00271732     0.937309    -0.502621    0.0372959  -0.00451857  -0.00100189    0.0282065    0.0696058     0.139844 -0.000446085      1.13078 -8.56344e-05  0.000201868 -0.000106597    0.0739288    -0.138908 -6.73584e-05      1.13262 -0.000479797  0.000309982  -1.7527e-05
q0 MPC last solution:
 -0.00275372 -0.000176084     0.620007  3.52696e-06   0.00101405  2.75789e-06     0.999999    -0.444528    0.0496197   0.00430501      0.93537    -0.501602   -0.0223444    -0.440195   -0.0496561  -0.00284569     0.936345    -0.502726    0.0355389  -0.00417561 -0.000980028    0.0270556    0.0699321     0.139858 -0.000504604      1.13076  -0.00013487  0.000253865 -0.000107869    0.0737979    -0.138928 -3.20494e-05      1.13248 -0.000464513  0.000316541 -1.93223e-05
Predicted q MPC over horizon:
 -0.00275372 -0.000176084     0.620007  3.52696e-06   0.00101405  2.75789e-06     0.999999    -0.444528    0.0496197   0.00430501      0.93537    -0.501602   -0.0223444    -0.440195   -0.0496561  -0.00284569     0.936345    -0.502726    0.0355389  -0.00417561 -0.000980028    0.0270556    0.0699321     0.139858 -0.000504604      1.13076  -0.00013487  0.000253865 -0.000107869    0.0737979    -0.138928 -3.20494e-05      1.13248 -0.000464513  0.000316541 -1.93223e-05 1.04836e-308 1.04836e-308     0.622451 8.10129e-309  0.000477908 -6.17655e-05            1    -0.444358    0.0501018   0.00400772     0.936842    -0.501835   -0.0294619    -0.440049   -0.0497618   -0.0025295     0.937643    -0.501779    0.0428923  -0.00577095  -0.00117472    0.0311239    0.0686647      0.13992 -0.000345512      1.13068 -2.15323e-05  0.000132894  -9.9356e-05    0.0743921    -0.138819 -8.94609e-05       1.1329 -0.000456578  0.000370745 -1.33868e-05  -0.00299397 -0.000249857     0.619808 -4.36149e-06  5.89565e-05  -1.0683e-05            1     -0.44299    0.0501177   0.00389239     0.935877    -0.501252   -0.0316099    -0.438432   -0.0500258  -0.00245925     0.936089    -0.499997     0.048621   -0.0075708  -0.00149186    0.0336582    0.0675508     0.140046 -0.000298856       1.1304 -1.29833e-05  0.000116346 -9.12289e-05    0.0751856    -0.138774 -6.66032e-05      1.13313 -0.000372804  0.000515651 -1.41715e-05   -0.0030105 -0.000295667     0.619746 -4.15738e-06  1.93563e-05  -7.7677e-06            1    -0.442455    0.0503072   0.00376914     0.934831    -0.500489   -0.0351159    -0.437722   -0.0500495  -0.00244322     0.934571    -0.498347    0.0513945  -0.00929874  -0.00190681    0.0357246    0.0665872     0.139982 -0.000294233      1.13016 -5.69178e-06   0.00010218 -9.29084e-05    0.0760516    -0.138907  -8.2737e-05      1.13339 -0.000304315  0.000648547  -2.3262e-05  -0.00306013 -0.000351341     0.619689 -3.33476e-06  1.73999e-05 -8.36912e-06            1    -0.442044    0.0505291   0.00363141     0.933744    -0.499666   -0.0390289    -0.437049   -0.0499883  -0.00250904      0.93292    -0.497203       0.0522    -0.011005  -0.00244805     0.038343    0.0656798     0.139807 -0.000316826      1.12996  5.82832e-07  9.37712e-05 -0.000101011    0.0768876    -0.139119 -0.000117301      1.13366 -0.000248465  0.000774363 -3.59072e-05  -0.00315343 -0.000408841     0.619637 -2.98601e-06  1.96797e-05 -9.73878e-06            1    -0.441683    0.0507625   0.00348663      0.93258    -0.498741   -0.0431642    -0.436405   -0.0499142  -0.00258955     0.931176    -0.496123     0.052754   -0.0126912  -0.00302593    0.0416957     0.064817     0.139598 -0.000351732      1.12979  6.20654e-06  9.29747e-05 -0.000112156    0.0777511    -0.139335  -0.00015623      1.13396 -0.000202973  0.000901746 -4.89799e-05  -0.00329314 -0.000466432     0.619592 -2.74449e-06  2.27841e-05 -1.10339e-05            1    -0.441358    0.0509917   0.00334323     0.931315    -0.497684   -0.0472562    -0.435792   -0.0498343  -0.00267642     0.929333    -0.494989    0.0531919    -0.014369   -0.0036228    0.0458277    0.0640087      0.13938 -0.000393266      1.12966  1.13411e-05  0.000101605 -0.000125015    0.0786508    -0.139538 -0.000195795       1.1343 -0.000166052   0.00103347 -6.16635e-05  -0.00348083 -0.000522691     0.619554 -2.61003e-06   2.6491e-05 -1.23016e-05            1    -0.441062    0.0512024   0.00321119      0.92993     -0.49648   -0.0510136    -0.435205   -0.0497502  -0.00276685      0.92737     -0.49375    0.0535359   -0.0160379  -0.00422434    0.0507642    0.0632563     0.139174 -0.000436947      1.12957  1.61127e-05  0.000120424 -0.000138525    0.0795888    -0.139716 -0.000233123      1.13468 -0.000136247   0.00117117 -7.33222e-05  -0.00371783 -0.000576429     0.619524 -2.61384e-06  3.08251e-05 -1.35957e-05            1    -0.440789    0.0513835   0.00309886     0.928405    -0.495122   -0.0542036    -0.434638   -0.0496634  -0.00285924     0.925266    -0.492377    0.0537969   -0.0176967  -0.00481914    0.0565278    0.0625593     0.138993 -0.000479243      1.12952  2.06234e-05  0.000149912 -0.000151843    0.0805659    -0.139861 -0.000266006       1.1351 -0.000112377   0.00131609 -8.34672e-05  -0.00400549 -0.000626869     0.619505 -2.74582e-06  3.58234e-05 -1.49175e-05            1    -0.440531    0.0515292   0.00301082     0.926722     -0.49361   -0.0567164    -0.434087   -0.0495748  -0.00295262     0.923005    -0.490847    0.0539834   -0.0193455  -0.00540102    0.0631415    0.0619164     0.138847 -0.000517966      1.12951  2.49542e-05  0.000190468 -0.000164449    0.0815829    -0.139969 -0.000293457      1.13556 -9.35015e-05   0.00146928 -9.18948e-05  -0.00434522 -0.000673642     0.619497 -2.96791e-06  4.15324e-05  -1.6254e-05            1    -0.440282    0.0516397   0.00294763     0.924862    -0.491937   -0.0585689    -0.433548   -0.0494849  -0.00304638     0.920571    -0.489138    0.0541031   -0.0209862  -0.00596922    0.0706298    0.0613265     0.138738 -0.000552319      1.12954   2.9168e-05  0.000242505 -0.000176158    0.0826413    -0.140043 -0.000315766      1.13605 -7.88798e-05   0.00163162 -9.87008e-05  -0.00473854 -0.000716616     0.619501 -3.23749e-06  4.81328e-05 -1.76043e-05            1    -0.440035    0.0517187   0.00290718     0.922808    -0.490094   -0.0598585    -0.433019    -0.049394  -0.00314011     0.917952    -0.487233    0.0541628   -0.0226211  -0.00652646    0.0790183    0.0607891     0.138663 -0.000582503      1.12961  3.33125e-05  0.000306478 -0.000187029    0.0837424    -0.140091 -0.000334125      1.13659 -6.79404e-05   0.00180393 -0.000104196  -0.00518681 -0.000755676      0.61952 -3.55836e-06  5.72154e-05 -1.90988e-05            1    -0.439791    0.0517708   0.00288664     0.920547    -0.488068   -0.0607041    -0.432499    -0.049302  -0.00323336     0.915135    -0.485115    0.0541677    -0.024252  -0.00707624    0.0883294    0.0603048     0.138618 -0.000609245      1.12971  3.74224e-05  0.000382853 -0.000197253    0.0848883    -0.140123 -0.000350173      1.13716 -6.02571e-05   0.00198695 -0.000108799  -0.00568949 -0.000790491     0.619554 -4.22517e-06  8.48752e-05 -2.25049e-05            1    -0.439579    0.0518022   0.00288594     0.918064    -0.485841   -0.0612068    -0.432022   -0.0492063  -0.00332328     0.912108    -0.482767    0.0541215   -0.0258774   -0.0076191    0.0985392    0.0598781     0.138596 -0.000633478      1.12986  4.15146e-05    0.0004719 -0.000207072     0.086081    -0.140149 -0.000365682      1.13778 -5.55284e-05   0.00218101 -0.000112963  -0.00622683 -0.000819689     0.619604 -7.17357e-06  0.000296146 -5.07019e-05            1     -0.43973    0.0518455   0.00293786     0.915331    -0.483377   -0.0614362    -0.431945    -0.049076  -0.00337419     0.908854    -0.480141    0.0540245   -0.0274564  -0.00813227     0.109147    0.0595529      0.13859 -0.000655907      1.13005  4.55056e-05  0.000572022 -0.000216564    0.0873245    -0.140177 -0.000382264      1.13842 -5.35547e-05   0.00238225 -0.000117085  -0.00615918 -0.000823888      0.61983 -2.26081e-05  0.000503315 -0.000175422            1    -0.437598    0.0513451   0.00429111     0.907853    -0.393792    0.0757022    -0.429744   -0.0485202  -0.00461419     0.901486    -0.387959   -0.0665589   -0.0286314  -0.00836657     0.115687    0.0619192     0.138507   -0.0014705      1.13427 -0.000602701  -0.00542839  -0.00349971    0.0907943    -0.140332  -0.00076832      1.14351  -0.00165932  -0.00174526  0.000819297
Quaternion norm:
1, 1, 1, 1, 1, 1, 1, 1, 1, 1, 1, 1, 1, 1, 
v measurement:
  -0.0159712  -0.00217725   -0.0087664  -0.00861825   -0.0360497   -0.0174048   -0.0591636    0.0456063    -0.021256     0.158435   -0.0359349    -0.562033   -0.0792997   0.00759254    0.0235021     0.179216    0.0206948     0.325785   -0.0701904  -0.00509494     0.219485    -0.065249  -0.00121831    0.0112503   0.00288229   0.00914518  -0.00976188  0.000293152    0.0265294   0.00474195  -0.00642984    0.0276308  -0.00258018 -0.000762844  0.000358732  -0.00182456
v0 MPC last solution:
 -0.0201629 -0.00227788   -0.011069  -0.0112067  -0.0307914  -0.0225698  -0.0881441    0.054974   -0.023888    0.191779  -0.0444077    -0.66033   -0.110434   0.0109376    0.028907    0.213356   0.0203535    0.390283  -0.0662486 -0.00335182    0.246681  -0.0654356 -0.00497454    0.012446  0.00708477   0.0108757  -0.0112814 0.000180837   0.0253825  0.00336195 -0.00807688   0.0313093  -0.0038111 -0.00207787 0.000372426 -0.00182456
Predicted v MPC last solution:
-0.00161574 -0.00275812  0.00486722  -0.0764369  0.00965384    0.105135 -0.00678439 -0.00582186  -0.0446348   0.0210022  -0.0513404     0.12497  -0.0213481  0.00259516    -0.08367   0.0741986    0.345143  -0.0932842   -0.016105    0.160151  -0.0613065   0.0112511  0.00346324  -0.0152445 0.000458072 -0.00081585 0.000670504   0.0340368  0.00759088  0.00233579   0.0105802  0.00460455  0.00749827 0.000221165 -0.00021329 -0.00186768
----------------------------------------------------------------------
State at time 90 ms ------------------
q measurement:
 -0.00291107 -0.000197654      0.61992 -3.84574e-05   0.00083548  -8.1445e-05            1     -0.44511    0.0500666   0.00409329     0.936932    -0.501956   -0.0278931    -0.440975   -0.0495843  -0.00261599     0.938114     -0.50252    0.0387499  -0.00488299  -0.00103181    0.0292309    0.0692821     0.139847 -0.000394062      1.13079 -4.51427e-05   0.00015746 -0.000104963    0.0740691    -0.138881 -9.54464e-05      1.13275 -0.000489861  0.000309738 -1.59173e-05
q0 MPC last solution:
 -0.00284198 -0.000187154     0.619958 -2.06936e-05  0.000929428 -4.59162e-05            1    -0.444882    0.0498666   0.00419378     0.936228    -0.501798    -0.025346    -0.440654   -0.0496114  -0.00271732     0.937309    -0.502621    0.0372959  -0.00451857  -0.00100189    0.0282065    0.0696058     0.139844 -0.000446085      1.13078 -8.56344e-05  0.000201868 -0.000106597    0.0739288    -0.138908 -6.73584e-05      1.13262 -0.000479797  0.000309982  -1.7527e-05
Predicted q MPC over horizon:
 -0.00284198 -0.000187154     0.619958 -2.06936e-05  0.000929428 -4.59162e-05            1    -0.444882    0.0498666   0.00419378     0.936228    -0.501798    -0.025346    -0.440654   -0.0496114  -0.00271732     0.937309    -0.502621    0.0372959  -0.00451857  -0.00100189    0.0282065    0.0696058     0.139844 -0.000446085      1.13078 -8.56344e-05  0.000201868 -0.000106597    0.0739288    -0.138908 -6.73584e-05      1.13262 -0.000479797  0.000309982  -1.7527e-05 1.11389e-308 1.11389e-308     0.622451 8.64138e-309  0.000416932 -7.47394e-05            1    -0.444506    0.0502301   0.00391436     0.937332     -0.50187   -0.0315068    -0.440351   -0.0497699  -0.00244234     0.938335    -0.501271    0.0441008  -0.00617737  -0.00120044    0.0318095    0.0683578     0.139945 -0.000303523      1.13066  7.64311e-06  9.78721e-05 -9.73413e-05    0.0745927    -0.138787 -0.000107239      1.13301 -0.000459191  0.000380495 -1.20782e-05  -0.00299696 -0.000256621     0.619817 -5.60663e-06    5.268e-05 -1.18617e-05            1    -0.443226    0.0502398   0.00376704     0.936342    -0.501093   -0.0342274     -0.43887   -0.0500137  -0.00239419     0.936846    -0.499142    0.0489189  -0.00799735  -0.00155348    0.0340532    0.0672899     0.140003 -0.000276922      1.13037  1.10112e-05  8.61404e-05 -9.25574e-05    0.0754267    -0.138817 -9.46034e-05      1.13324 -0.000374886  0.000526343 -1.62426e-05  -0.00298843 -0.000305092     0.619779 -3.95196e-06  1.83688e-05 -7.36179e-06            1    -0.442695    0.0504775   0.00359392     0.935323    -0.500088   -0.0390552    -0.438124   -0.0499956   -0.0024137      0.93532    -0.497541    0.0506177  -0.00969802   -0.0020335    0.0359528    0.0663748      0.13983 -0.000297796      1.13014  1.39254e-05  7.71862e-05 -9.89899e-05    0.0762619    -0.139067 -0.000128213      1.13348 -0.000306071  0.000655494 -3.01165e-05  -0.00301618 -0.000360136     0.619746 -2.54679e-06  1.68929e-05 -8.29074e-06            1    -0.442295    0.0507516   0.00340579     0.934284    -0.499003   -0.0444187    -0.437416   -0.0499329  -0.00247963     0.933667    -0.496392    0.0513531   -0.0113546  -0.00260052    0.0384463    0.0655114     0.139582 -0.000338246      1.12994   1.6653e-05  7.32423e-05 -0.000110262    0.0770714    -0.139358 -0.000173726      1.13372 -0.000249947  0.000778373 -4.58606e-05  -0.00308929 -0.000414667     0.619718 -1.72919e-06  1.90419e-05 -9.69521e-06            1    -0.441956    0.0510057   0.00322989      0.93319    -0.497815   -0.0493311    -0.436735   -0.0498637  -0.00255761     0.931918    -0.495325    0.0518991   -0.0129796  -0.00317533    0.0416962    0.0646989     0.139336 -0.000383318      1.12978  1.93839e-05  7.68155e-05 -0.000122945    0.0779055    -0.139617 -0.000217551      1.13401 -0.000204244  0.000903035 -6.04708e-05  -0.00320949 -0.000464946     0.619696  -1.6212e-06   2.2006e-05 -1.10958e-05            1    -0.441654    0.0511999   0.00309596     0.932005    -0.496564   -0.0529354    -0.436081   -0.0497937  -0.00263957     0.930061    -0.494222    0.0523262   -0.0145813  -0.00371607    0.0457371    0.0639412     0.139142 -0.000423173      1.12966  2.21797e-05  8.89942e-05 -0.000134697    0.0787713    -0.139806 -0.000251709      1.13433  -0.00016714   0.00103223 -7.21432e-05  -0.00337769 -0.000510294     0.619682 -2.02683e-06  2.56299e-05 -1.24661e-05            1    -0.441369    0.0513313   0.00300941      0.93069    -0.495278   -0.0551709    -0.435452   -0.0497239  -0.00272253     0.928083    -0.493022     0.052661   -0.0161683  -0.00421721    0.0505884    0.0632326     0.139006 -0.000455566      1.12958  2.50759e-05   0.00011011 -0.000144957    0.0796725    -0.139923 -0.000275172       1.1347  -0.00013716    0.0011675 -8.07044e-05  -0.00359544 -0.000552178     0.619677 -2.46997e-06  2.99159e-05 -1.37726e-05            1    -0.441091    0.0514215   0.00295562     0.929218    -0.493929   -0.0565449    -0.434847   -0.0496533  -0.00280628     0.925971    -0.491693      0.05292   -0.0177494   -0.0046994    0.0562753    0.0625706     0.138911 -0.000483372      1.12953  2.80854e-05  0.000140922 -0.000154377    0.0806118    -0.139991 -0.000291903       1.1351 -0.000113136   0.00130997 -8.71502e-05  -0.00386479 -0.000591854     0.619683 -2.76802e-06  3.48728e-05 -1.50523e-05            1    -0.440819    0.0514892   0.00292005     0.927572    -0.492461   -0.0575064    -0.434262   -0.0495804  -0.00289131     0.923707    -0.490207    0.0531122   -0.0193285  -0.00518111    0.0628285    0.0619567      0.13884 -0.000509277      1.12952  3.12171e-05  0.000182423  -0.00016357    0.0815918    -0.140034 -0.000305596      1.13555 -9.41409e-05   0.00146069 -9.23979e-05   -0.0041877 -0.000629606     0.619699 -2.97677e-06  4.05429e-05 -1.63341e-05            1    -0.440552    0.0515421   0.00289631     0.925739    -0.490833   -0.0582462    -0.433694   -0.0495044  -0.00297773     0.921274     -0.48854    0.0532434   -0.0209071  -0.00566946    0.0702789    0.0613928     0.138787 -0.000534074      1.12955  3.44827e-05  0.000235437 -0.000172712    0.0826143    -0.140063 -0.000317984      1.13603 -7.94399e-05   0.00162064 -9.68925e-05  -0.00456596 -0.000665151     0.619728  -3.1717e-06   4.7117e-05 -1.76316e-05            1    -0.440288    0.0515816   0.00288313     0.923704    -0.489023   -0.0588131    -0.433139   -0.0494253  -0.00306522     0.918658    -0.486672    0.0533176   -0.0224858  -0.00616547    0.0786559    0.0608799     0.138751 -0.000557659      1.12961  3.78953e-05  0.000300593 -0.000181777    0.0836813    -0.140083 -0.000329821      1.13655  -6.8459e-05   0.00179074 -0.000100846  -0.00500102 -0.000698007     0.619772 -3.41624e-06   5.6211e-05 -1.90734e-05            1    -0.440025    0.0516073   0.00288098      0.92145    -0.487017   -0.0592174    -0.432597   -0.0493433  -0.00315314     0.915844    -0.484584    0.0533387    -0.024065  -0.00666851    0.0879837     0.060419     0.138731  -0.00057993      1.12972  4.14658e-05  0.000378405 -0.000190753    0.0847947      -0.1401 -0.000341788      1.13712 -6.07667e-05   0.00197182 -0.000104456  -0.00549235 -0.000727536     0.619832 -4.01075e-06  8.40997e-05 -2.23753e-05            1    -0.439793    0.0516212   0.00289281     0.918965    -0.484803   -0.0594648    -0.432101   -0.0492563  -0.00323853     0.912816    -0.482256    0.0533094   -0.0256421  -0.00717559    0.0982396    0.0600148     0.138725 -0.000601094      1.12988  4.51943e-05  0.000469158 -0.000199705    0.0859567    -0.140117 -0.000354798      1.13772 -5.60563e-05   0.00216428 -0.000107977  -0.00602001 -0.000752208     0.619907  -6.7869e-06  0.000297617 -4.97724e-05            1    -0.439926    0.0516521   0.00295257     0.916218    -0.482348   -0.0595617     -0.43201   -0.0491345  -0.00328651     0.909556    -0.479641    0.0532296   -0.0271766  -0.00766228     0.108918    0.0597111      0.13873 -0.000621398      1.13007  4.89881e-05  0.000571209 -0.000208599     0.087172    -0.140142 -0.000369862      1.13836 -5.41229e-05   0.00236431  -0.00011167  -0.00592189 -0.000752906     0.620169 -2.15405e-05  0.000488403 -0.000172766            1    -0.437667    0.0511126   0.00440406     0.908393    -0.386253     0.086865    -0.429695   -0.0485481  -0.00460454      0.90187    -0.380945   -0.0767375   -0.0283311  -0.00788014     0.115447    0.0622815     0.138659  -0.00143175      1.13453  -0.00151187  -0.00605879  -0.00358182    0.0907914    -0.140308  -0.00075473      1.14362  -0.00178447  -0.00247544   0.00102979
Quaternion norm:
1, 1, 1, 1, 1, 1, 1, 1, 1, 1, 1, 1, 1, 1, 
v measurement:
  -0.0123836  -0.00205311  -0.00681506   -0.0060499   -0.0387492   -0.0120869    -0.036523    0.0362495   -0.0194115     0.129102   -0.0287991    -0.475893   -0.0539483   0.00390858    0.0181531     0.149042    0.0198312     0.268662   -0.0747106  -0.00661006     0.195425   -0.0644693   0.00191045   0.00988288 -0.000811704   0.00739102  -0.00825784  0.000343331    0.0289608   0.00587201  -0.00510964    0.0248974  -0.00165108  0.000458449  0.000305765 -0.000333638
v0 MPC last solution:
  -0.0159712  -0.00217725   -0.0087664  -0.00861825   -0.0360497   -0.0174048   -0.0591636    0.0456063    -0.021256     0.158435   -0.0359349    -0.562033   -0.0792997   0.00759254    0.0235021     0.179216    0.0206948     0.325785   -0.0701904  -0.00509494     0.219485    -0.065249  -0.00121831    0.0112503   0.00288229   0.00914518  -0.00976188  0.000293152    0.0265294   0.00474195  -0.00642984    0.0276308  -0.00258018 -0.000762844  0.000358732 -0.000333638
Predicted v MPC last solution:
 -0.00131212  -0.00166493   0.00574563   -0.0664496    0.0116312    0.0967032  -0.00933561  -0.00662567   -0.0481589    0.0285897   -0.0540162     0.109521   -0.0232839   0.00387962   -0.0766745     0.114248     0.354799   -0.0956893   -0.0147494     0.140813   -0.0595516    0.0113468   0.00300629   -0.0156479  0.000182578 -0.000637892   0.00063252    0.0398638   0.00736008   0.00244221    0.0114558    0.0046408   0.00781407  0.000186268    0.0011411  -0.00214468
----------------------------------------------------------------------
State at time 95 ms ------------------
q measurement:
  -0.0029639 -0.000207585     0.619891 -4.96605e-05  0.000737763 -0.000103689            1    -0.445241    0.0502201    0.0040004       0.9375     -0.50208   -0.0300402    -0.441184   -0.0495765  -0.00254024     0.938779    -0.502425    0.0399423  -0.00527282  -0.00107117    0.0301447    0.0689635     0.139861  -0.00034944      1.13077 -1.30636e-05  0.000120354 -0.000103313    0.0742244    -0.138852 -0.000118167      1.13287 -0.000495788  0.000315414 -1.47384e-05
q0 MPC last solution:
 -0.00291107 -0.000197654      0.61992 -3.84574e-05   0.00083548  -8.1445e-05            1     -0.44511    0.0500666   0.00409329     0.936932    -0.501956   -0.0278931    -0.440975   -0.0495843  -0.00261599     0.938114     -0.50252    0.0387499  -0.00488299  -0.00103181    0.0292309    0.0692821     0.139847 -0.000394062      1.13079 -4.51427e-05   0.00015746 -0.000104963    0.0740691    -0.138881 -9.54464e-05      1.13275 -0.000489861  0.000309738 -1.59173e-05
Predicted q MPC over horizon:
 -0.00291107 -0.000197654      0.61992 -3.84574e-05   0.00083548  -8.1445e-05            1     -0.44511    0.0500666   0.00409329     0.936932    -0.501956   -0.0278931    -0.440975   -0.0495843  -0.00261599     0.938114     -0.50252    0.0387499  -0.00488299  -0.00103181    0.0292309    0.0692821     0.139847 -0.000394062      1.13079 -4.51427e-05   0.00015746 -0.000104963    0.0740691    -0.138881 -9.54464e-05      1.13275 -0.000489861  0.000309738 -1.59173e-05 1.17941e-308 1.17941e-308     0.622451 9.18146e-309  0.000357803 -7.96394e-05            1    -0.444583    0.0503272   0.00382892     0.937693    -0.501904   -0.0332632    -0.440584   -0.0497487  -0.00240264     0.938922    -0.500793    0.0441954  -0.00662431  -0.00125886    0.0324411    0.0680587      0.13994  -0.00027625      1.13062  2.86253e-05    7.026e-05 -9.72927e-05    0.0748139    -0.138793 -0.000129181      1.13313  -0.00045983  0.000395299 -1.31196e-05  -0.00299782 -0.000264365     0.619827 -5.30258e-06  4.66035e-05 -1.19003e-05            1    -0.443377    0.0503443    0.0036622     0.936653    -0.501023   -0.0365209    -0.439252   -0.0499519   -0.0023737       0.9375    -0.498309    0.0479336  -0.00847585   -0.0016331    0.0344628    0.0670258     0.139923 -0.000269553      1.13034  2.83065e-05  6.20045e-05 -9.61109e-05    0.0756906    -0.138907 -0.000128912      1.13336 -0.000375343  0.000542279 -2.09192e-05  -0.00296981 -0.000310531      0.61981 -3.25429e-06  1.75072e-05 -6.92265e-06            1    -0.442845    0.0506112   0.00346065      0.93565     -0.49989   -0.0422498    -0.438466   -0.0499296  -0.00240147     0.935942    -0.496759    0.0493884    -0.010148  -0.00211763    0.0362491     0.066143     0.139694  -0.00030504      1.13011  2.81183e-05  5.61418e-05 -0.000104969     0.076501    -0.139218 -0.000170299      1.13357  -0.00030643  0.000668487 -3.71095e-05  -0.00298007 -0.000359196     0.619797  -1.3259e-06  1.64741e-05 -8.31193e-06            1    -0.442448    0.0508727   0.00327331     0.934654    -0.498677   -0.0476227    -0.437703   -0.0498819  -0.00246164     0.934244    -0.495684    0.0502209   -0.0117478  -0.00264103    0.0386604    0.0653122     0.139446 -0.000348817      1.12991  2.83368e-05  5.47175e-05 -0.000116189    0.0772819    -0.139512  -0.00021347       1.1338 -0.000250209  0.000788831 -5.26679e-05    -0.003035 -0.000402291      0.61979 -1.26726e-06  1.86067e-05 -9.90915e-06            1    -0.442105    0.0510523   0.00314543     0.933607    -0.497477   -0.0510942    -0.436953   -0.0498336  -0.00253378     0.932436    -0.494747    0.0508617    -0.013302  -0.00310914    0.0418256    0.0645286      0.13927 -0.000383567      1.12975  2.90351e-05  5.94512e-05 -0.000125726    0.0780774    -0.139708 -0.000242851      1.13407 -0.000204396  0.000910668 -6.41189e-05  -0.00313608 -0.000440225      0.61979 -1.85992e-06  2.16045e-05 -1.13435e-05            1    -0.441779    0.0511614   0.00307353      0.93245    -0.496332   -0.0529627    -0.436226   -0.0497869  -0.00261077     0.930521    -0.493819     0.051379   -0.0148356  -0.00353125    0.0457756     0.063786      0.13916 -0.000409869      1.12962  3.01803e-05  7.12286e-05 -0.000133686    0.0788996    -0.139819 -0.000260359      1.13438 -0.000167175   0.00103651 -7.20488e-05  -0.00328572 -0.000475962     0.619797 -2.22263e-06  2.52275e-05 -1.26566e-05            1    -0.441465    0.0512388   0.00302884     0.931156    -0.495161   -0.0541484    -0.435524   -0.0497388  -0.00269155      0.92849     -0.49283    0.0517999   -0.0163628  -0.00394629    0.0505455    0.0630869     0.139078 -0.000433893      1.12953   3.1719e-05  9.16742e-05 -0.000141481    0.0797554    -0.139889 -0.000273224      1.13472 -0.000137109   0.00116799 -7.82531e-05  -0.00348629 -0.000510542     0.619814 -2.42881e-06  2.94828e-05  -1.3928e-05            1    -0.441164    0.0513004   0.00299788     0.929706     -0.49389   -0.0550377    -0.434846   -0.0496873  -0.00277611     0.926323    -0.491734    0.0521345   -0.0178873  -0.00436939    0.0561696    0.0624347     0.139012 -0.000457562      1.12948  3.36126e-05  0.000122087 -0.000149515     0.080648    -0.139937 -0.000284397      1.13511 -0.000113036   0.00130646 -8.34844e-05   -0.0037398 -0.000543979      0.61984  -2.6025e-06  3.44262e-05 -1.51919e-05            1    -0.440872    0.0513502   0.00297698     0.928081    -0.492482   -0.0557398    -0.434189   -0.0496314  -0.00286402     0.924003    -0.490495    0.0523893   -0.0194107  -0.00480399    0.0626792    0.0618303      0.13896 -0.000480832      1.12946  3.58377e-05  0.000163308 -0.000157744    0.0815797     -0.13997 -0.000294699      1.13553 -9.40167e-05   0.00145314 -8.79847e-05  -0.00404815    -0.000576     0.619878 -2.77076e-06  4.01118e-05 -1.64631e-05            1    -0.440585    0.0513889   0.00296529     0.926263     -0.49091   -0.0562918    -0.433548   -0.0495712  -0.00295452     0.921512    -0.489081    0.0525709   -0.0209337  -0.00525084    0.0701053    0.0612744     0.138922  -0.00050334      1.12949    3.838e-05  0.000216055  -0.00016606    0.0825537    -0.139993 -0.000304534        1.136 -7.93063e-05   0.00160916 -9.18937e-05  -0.00441322 -0.000606217     0.619929  -2.9475e-06  4.67253e-05 -1.77505e-05            1      -0.4403    0.0514163   0.00296283     0.924237    -0.489155   -0.0567096    -0.432922   -0.0495067  -0.00304684     0.918834    -0.487463    0.0526853   -0.0224575  -0.00570992    0.0784793    0.0607681     0.138899 -0.000524795      1.12956    4.123e-05  0.000281022  -0.00017439    0.0835729     -0.14001 -0.000314326       1.1365 -6.83282e-05   0.00177558 -9.53544e-05   -0.0048366 -0.000634163     0.619995 -3.17333e-06  5.58993e-05 -1.91806e-05            1    -0.440016    0.0514321   0.00297009     0.921987    -0.487201   -0.0570023    -0.432311   -0.0494382   -0.0031401     0.915956    -0.485617    0.0527376   -0.0239829  -0.00618088    0.0878279    0.0603136      0.13889 -0.000545147      1.12967  4.43805e-05  0.000358853 -0.000182729      0.08464    -0.140024 -0.000324695      1.13705 -6.06506e-05   0.00195331 -9.85548e-05  -0.00531791 -0.000659222     0.620077 -3.72761e-06  8.41291e-05 -2.24519e-05            1    -0.439763    0.0514379   0.00298988     0.919497    -0.485031   -0.0571761    -0.431748   -0.0493635   -0.0032312     0.912861    -0.483519    0.0527312   -0.0255073  -0.00666117    0.0981304    0.0599162     0.138894 -0.000564662      1.12982  4.78193e-05   0.00044995 -0.000191151     0.085758     -0.14004 -0.000336507      1.13764 -5.59669e-05   0.00214287 -0.000101743  -0.00583704 -0.000679916     0.620175 -6.27938e-06  0.000300514 -4.95746e-05            1     -0.43988    0.0514621   0.00305594     0.916738     -0.48261    -0.057236    -0.431599   -0.0492534  -0.00328532     0.909531    -0.481118    0.0526659   -0.0269909  -0.00712726     0.108877    0.0596206     0.138904 -0.000583638      1.13002  5.14448e-05  0.000552713 -0.000199632    0.0869326    -0.140065 -0.000350722      1.13827 -5.40709e-05   0.00234047 -0.000105177  -0.00570962 -0.000677358      0.62047 -2.02788e-05  0.000476778 -0.000172268            1    -0.437491    0.0508852   0.00460451      0.90855    -0.380194    0.0986195    -0.429135   -0.0486379   -0.0046865     0.901493    -0.376308   -0.0865844   -0.0281206  -0.00733131     0.115388    0.0623886     0.138842  -0.00139605      1.13471  -0.00242269  -0.00671733  -0.00367751    0.0906934    -0.140245  -0.00073768      1.14369  -0.00189812   -0.0032377   0.00122471
Quaternion norm:
1, 1, 1, 1, 1, 1, 1, 1, 1, 1, 1, 1, 1, 1, 
v measurement:
 -0.00935896   -0.0019458  -0.00517158  -0.00339692   -0.0394578  -0.00677459   -0.0191162    0.0270054   -0.0180842     0.103338   -0.0221764    -0.399601   -0.0336087 -6.28021e-05    0.0131915     0.122547    0.0181651      0.21935   -0.0801641  -0.00874416     0.174602   -0.0633009   0.00344533   0.00832365  -0.00394957   0.00575478  -0.00683265  0.000317523    0.0323083   0.00565462   -0.0041947      0.02287 -0.000889713   0.00161117  0.000197289  0.000751873
v0 MPC last solution:
  -0.0123836  -0.00205311  -0.00681506   -0.0060499   -0.0387492   -0.0120869    -0.036523    0.0362495   -0.0194115     0.129102   -0.0287991    -0.475893   -0.0539483   0.00390858    0.0181531     0.149042    0.0198312     0.268662   -0.0747106  -0.00661006     0.195425   -0.0644693   0.00191045   0.00988288 -0.000811704   0.00739102  -0.00825784  0.000343331    0.0289608   0.00587201  -0.00510964    0.0248974  -0.00165108  0.000458449  0.000305765  0.000751873
Predicted v MPC last solution:
 -0.00126648 -0.000773314   0.00629466   -0.0567864    0.0124413    0.0891517   -0.0102483  -0.00697472   -0.0531392    0.0338207   -0.0611041    0.0929586   -0.0202311   0.00309641   -0.0683075     0.152779     0.275957   -0.0994206   -0.0160886     0.125596    -0.057876    0.0074117   0.00189865    -0.015728  -1.4216e-05 -0.000462374  0.000423748    0.0455091   0.00288428   0.00173649    0.0123875   0.00465416   0.00809743 -2.59038e-05   0.00220598  -0.00208473
----------------------------------------------------------------------
State at time 100 ms ------------------
q measurement:
 -0.00300202 -0.000217016      0.61987 -5.40102e-05  0.000636662 -0.000112659            1    -0.445283    0.0503273   0.00391304     0.937942    -0.502172    -0.031829    -0.441289   -0.0495897  -0.00248829     0.939316    -0.502343    0.0409095  -0.00569043  -0.00112183    0.0309603    0.0686491     0.139883 -0.000311757      1.13074  1.06087e-05  9.09985e-05 -0.000101847    0.0743934    -0.138824 -0.000136879      1.13298 -0.000498204  0.000327374 -1.39219e-05
q0 MPC last solution:
  -0.0029639 -0.000207585     0.619891 -4.96605e-05  0.000737763 -0.000103689            1    -0.445241    0.0502201    0.0040004       0.9375     -0.50208   -0.0300402    -0.441184   -0.0495765  -0.00254024     0.938779    -0.502425    0.0399423  -0.00527282  -0.00107117    0.0301447    0.0689635     0.139861  -0.00034944      1.13077 -1.30636e-05  0.000120354 -0.000103313    0.0742244    -0.138852 -0.000118167      1.13287 -0.000495788  0.000315414 -1.47384e-05
Predicted q MPC over horizon:
  -0.0029639 -0.000207585     0.619891 -4.96605e-05  0.000737763 -0.000103689            1    -0.445241    0.0502201    0.0040004       0.9375     -0.50208   -0.0300402    -0.441184   -0.0495765  -0.00254024     0.938779    -0.502425    0.0399423  -0.00527282  -0.00107117    0.0301447    0.0689635     0.139861  -0.00034944      1.13077 -1.30636e-05  0.000120354 -0.000103313    0.0742244    -0.138852 -0.000118167      1.13287 -0.000495788  0.000315414 -1.47384e-05 1.17941e-308 1.17941e-308     0.622451 9.18146e-309  0.000357803 -7.96394e-05            1    -0.444583    0.0503272   0.00382892     0.937693    -0.501904   -0.0332632    -0.440584   -0.0497487  -0.00240264     0.938922    -0.500793    0.0441954  -0.00662431  -0.00125886    0.0324411    0.0680587      0.13994  -0.00027625      1.13062  2.86253e-05    7.026e-05 -9.72927e-05    0.0748139    -0.138793 -0.000129181      1.13313  -0.00045983  0.000395299 -1.31196e-05  -0.00299782 -0.000264365     0.619827 -5.30258e-06  4.66035e-05 -1.19003e-05            1    -0.443377    0.0503443    0.0036622     0.936653    -0.501023   -0.0365209    -0.439252   -0.0499519   -0.0023737       0.9375    -0.498309    0.0479336  -0.00847585   -0.0016331    0.0344628    0.0670258     0.139923 -0.000269553      1.13034  2.83065e-05  6.20045e-05 -9.61109e-05    0.0756906    -0.138907 -0.000128912      1.13336 -0.000375343  0.000542279 -2.09192e-05  -0.00296981 -0.000310531      0.61981 -3.25429e-06  1.75072e-05 -6.92265e-06            1    -0.442845    0.0506112   0.00346065      0.93565     -0.49989   -0.0422498    -0.438466   -0.0499296  -0.00240147     0.935942    -0.496759    0.0493884    -0.010148  -0.00211763    0.0362491     0.066143     0.139694  -0.00030504      1.13011  2.81183e-05  5.61418e-05 -0.000104969     0.076501    -0.139218 -0.000170299      1.13357  -0.00030643  0.000668487 -3.71095e-05  -0.00298007 -0.000359196     0.619797  -1.3259e-06  1.64741e-05 -8.31193e-06            1    -0.442448    0.0508727   0.00327331     0.934654    -0.498677   -0.0476227    -0.437703   -0.0498819  -0.00246164     0.934244    -0.495684    0.0502209   -0.0117478  -0.00264103    0.0386604    0.0653122     0.139446 -0.000348817      1.12991  2.83368e-05  5.47175e-05 -0.000116189    0.0772819    -0.139512  -0.00021347       1.1338 -0.000250209  0.000788831 -5.26679e-05    -0.003035 -0.000402291      0.61979 -1.26726e-06  1.86067e-05 -9.90915e-06            1    -0.442105    0.0510523   0.00314543     0.933607    -0.497477   -0.0510942    -0.436953   -0.0498336  -0.00253378     0.932436    -0.494747    0.0508617    -0.013302  -0.00310914    0.0418256    0.0645286      0.13927 -0.000383567      1.12975  2.90351e-05  5.94512e-05 -0.000125726    0.0780774    -0.139708 -0.000242851      1.13407 -0.000204396  0.000910668 -6.41189e-05  -0.00313608 -0.000440225      0.61979 -1.85992e-06  2.16045e-05 -1.13435e-05            1    -0.441779    0.0511614   0.00307353      0.93245    -0.496332   -0.0529627    -0.436226   -0.0497869  -0.00261077     0.930521    -0.493819     0.051379   -0.0148356  -0.00353125    0.0457756     0.063786      0.13916 -0.000409869      1.12962  3.01803e-05  7.12286e-05 -0.000133686    0.0788996    -0.139819 -0.000260359      1.13438 -0.000167175   0.00103651 -7.20488e-05  -0.00328572 -0.000475962     0.619797 -2.22263e-06  2.52275e-05 -1.26566e-05            1    -0.441465    0.0512388   0.00302884     0.931156    -0.495161   -0.0541484    -0.435524   -0.0497388  -0.00269155      0.92849     -0.49283    0.0517999   -0.0163628  -0.00394629    0.0505455    0.0630869     0.139078 -0.000433893      1.12953   3.1719e-05  9.16742e-05 -0.000141481    0.0797554    -0.139889 -0.000273224      1.13472 -0.000137109   0.00116799 -7.82531e-05  -0.00348629 -0.000510542     0.619814 -2.42881e-06  2.94828e-05  -1.3928e-05            1    -0.441164    0.0513004   0.00299788     0.929706     -0.49389   -0.0550377    -0.434846   -0.0496873  -0.00277611     0.926323    -0.491734    0.0521345   -0.0178873  -0.00436939    0.0561696    0.0624347     0.139012 -0.000457562      1.12948  3.36126e-05  0.000122087 -0.000149515     0.080648    -0.139937 -0.000284397      1.13511 -0.000113036   0.00130646 -8.34844e-05   -0.0037398 -0.000543979      0.61984  -2.6025e-06  3.44262e-05 -1.51919e-05            1    -0.440872    0.0513502   0.00297698     0.928081    -0.492482   -0.0557398    -0.434189   -0.0496314  -0.00286402     0.924003    -0.490495    0.0523893   -0.0194107  -0.00480399    0.0626792    0.0618303      0.13896 -0.000480832      1.12946  3.58377e-05  0.000163308 -0.000157744    0.0815797     -0.13997 -0.000294699      1.13553 -9.40167e-05   0.00145314 -8.79847e-05  -0.00404815    -0.000576     0.619878 -2.77076e-06  4.01118e-05 -1.64631e-05            1    -0.440585    0.0513889   0.00296529     0.926263     -0.49091   -0.0562918    -0.433548   -0.0495712  -0.00295452     0.921512    -0.489081    0.0525709   -0.0209337  -0.00525084    0.0701053    0.0612744     0.138922  -0.00050334      1.12949    3.838e-05  0.000216055  -0.00016606    0.0825537    -0.139993 -0.000304534        1.136 -7.93063e-05   0.00160916 -9.18937e-05  -0.00441322 -0.000606217     0.619929  -2.9475e-06  4.67253e-05 -1.77505e-05            1      -0.4403    0.0514163   0.00296283     0.924237    -0.489155   -0.0567096    -0.432922   -0.0495067  -0.00304684     0.918834    -0.487463    0.0526853   -0.0224575  -0.00570992    0.0784793    0.0607681     0.138899 -0.000524795      1.12956    4.123e-05  0.000281022  -0.00017439    0.0835729     -0.14001 -0.000314326       1.1365 -6.83282e-05   0.00177558 -9.53544e-05   -0.0048366 -0.000634163     0.619995 -3.17333e-06  5.58993e-05 -1.91806e-05            1    -0.440016    0.0514321   0.00297009     0.921987    -0.487201   -0.0570023    -0.432311   -0.0494382   -0.0031401     0.915956    -0.485617    0.0527376   -0.0239829  -0.00618088    0.0878279    0.0603136      0.13889 -0.000545147      1.12967  4.43805e-05  0.000358853 -0.000182729      0.08464    -0.140024 -0.000324695      1.13705 -6.06506e-05   0.00195331 -9.85548e-05  -0.00531791 -0.000659222     0.620077 -3.72761e-06  8.41291e-05 -2.24519e-05            1    -0.439763    0.0514379   0.00298988     0.919497    -0.485031   -0.0571761    -0.431748   -0.0493635   -0.0032312     0.912861    -0.483519    0.0527312   -0.0255073  -0.00666117    0.0981304    0.0599162     0.138894 -0.000564662      1.12982  4.78193e-05   0.00044995 -0.000191151     0.085758     -0.14004 -0.000336507      1.13764 -5.59669e-05   0.00214287 -0.000101743  -0.00583704 -0.000679916     0.620175 -6.27938e-06  0.000300514 -4.95746e-05            1     -0.43988    0.0514621   0.00305594     0.916738     -0.48261    -0.057236    -0.431599   -0.0492534  -0.00328532     0.909531    -0.481118    0.0526659   -0.0269909  -0.00712726     0.108877    0.0596206     0.138904 -0.000583638      1.13002  5.14448e-05  0.000552713 -0.000199632    0.0869326    -0.140065 -0.000350722      1.13827 -5.40709e-05   0.00234047 -0.000105177  -0.00570962 -0.000677358      0.62047 -2.02788e-05  0.000476778 -0.000172268            1    -0.437491    0.0508852   0.00460451      0.90855    -0.380194    0.0986195    -0.429135   -0.0486379   -0.0046865     0.901493    -0.376308   -0.0865844   -0.0281206  -0.00733131     0.115388    0.0623886     0.138842  -0.00139605      1.13471  -0.00242269  -0.00671733  -0.00367751    0.0906934    -0.140245  -0.00073768      1.14369  -0.00189812   -0.0032377   0.00122471
Quaternion norm:
1, 1, 1, 1, 1, 1, 1, 1, 1, 1, 1, 1, 1, 1, 
v measurement:
 -0.00647149  -0.00184998  -0.00354361 -0.000607901   -0.0412334  -0.00147806  -0.00127653    0.0177385   -0.0170946     0.078629   -0.0161049    -0.330721   -0.0127805  -0.00440139   0.00857071    0.0974356    0.0152279     0.177041   -0.0857766   -0.0110814     0.155692   -0.0626564   0.00506434   0.00704938  -0.00755831   0.00404552  -0.00520754  0.000276228    0.0346737   0.00552226  -0.00346244    0.0207884   -0.0002232   0.00293223  0.000148311  0.000751873
v0 MPC last solution:
 -0.00935896   -0.0019458  -0.00517158  -0.00339692   -0.0394578  -0.00677459   -0.0191162    0.0270054   -0.0180842     0.103338   -0.0221764    -0.399601   -0.0336087 -6.28021e-05    0.0131915     0.122547    0.0181651      0.21935   -0.0801641  -0.00874416     0.174602   -0.0633009   0.00344533   0.00832365  -0.00394957   0.00575478  -0.00683265  0.000317523    0.0323083   0.00565462   -0.0041947      0.02287 -0.000889713   0.00161117  0.000197289  0.000751873
Predicted v MPC last solution:
 -0.00126648 -0.000773314   0.00629466   -0.0567864    0.0124413    0.0891517   -0.0102483  -0.00697472   -0.0531392    0.0338207   -0.0611041    0.0929586   -0.0202311   0.00309641   -0.0683075     0.152779     0.275957   -0.0994206   -0.0160886     0.125596    -0.057876    0.0074117   0.00189865    -0.015728  -1.4216e-05 -0.000462374  0.000423748    0.0455091   0.00288428   0.00173649    0.0123875   0.00465416   0.00809743 -2.59038e-05   0.00220598  -0.00208473
----------------------------------------------------------------------
State at time 105 ms ------------------
q measurement:
 -0.00302607 -0.000225996     0.619858 -5.12486e-05   0.00052976 -0.000108595            1    -0.445235    0.0503887   0.00383012     0.938263    -0.502236   -0.0332926     -0.44129   -0.0496254  -0.00245824     0.939732    -0.502278    0.0416841  -0.00613621  -0.00118462    0.0316865    0.0683366     0.139914 -0.000279619      1.13069  2.55887e-05  7.01585e-05 -0.000100584    0.0745715    -0.138797 -0.000152379      1.13308 -0.000497523   0.00034629 -1.31885e-05
q0 MPC last solution:
 -0.00300202 -0.000217016      0.61987 -5.40102e-05  0.000636662 -0.000112659            1    -0.445283    0.0503273   0.00391304     0.937942    -0.502172    -0.031829    -0.441289   -0.0495897  -0.00248829     0.939316    -0.502343    0.0409095  -0.00569043  -0.00112183    0.0309603    0.0686491     0.139883 -0.000311757      1.13074  1.06087e-05  9.09985e-05 -0.000101847    0.0743934    -0.138824 -0.000136879      1.13298 -0.000498204  0.000327374 -1.39219e-05
Predicted q MPC over horizon:
 -0.00300202 -0.000217016      0.61987 -5.40102e-05  0.000636662 -0.000112659            1    -0.445283    0.0503273   0.00391304     0.937942    -0.502172    -0.031829    -0.441289   -0.0495897  -0.00248829     0.939316    -0.502343    0.0409095  -0.00569043  -0.00112183    0.0309603    0.0686491     0.139883 -0.000311757      1.13074  1.06087e-05  9.09985e-05 -0.000101847    0.0743934    -0.138824 -0.000136879      1.13298 -0.000498204  0.000327374 -1.39219e-05 1.18043e-308 1.18043e-308     0.622451  9.1899e-309  0.000355993 -7.94606e-05            1    -0.444583    0.0503285   0.00382683       0.9377    -0.501906   -0.0332977    -0.440585    -0.049749  -0.00240271     0.938931    -0.500794     0.044192  -0.00663819  -0.00126104    0.0324557    0.0680496     0.139941 -0.000275609      1.13062  2.89421e-05  6.96789e-05 -9.72874e-05    0.0748195    -0.138793 -0.000129656      1.13313 -0.000459744  0.000395852 -1.31401e-05  -0.00299714  -0.00026451     0.619828 -5.23328e-06  4.64279e-05 -1.18934e-05            1    -0.443379    0.0503453   0.00366079      0.93666    -0.501027   -0.0365438    -0.439255   -0.0499508   -0.0023744     0.937509    -0.498312     0.047903  -0.00848911  -0.00163446    0.0344699    0.0670173     0.139923 -0.000269162      1.13034  2.85669e-05  6.13915e-05 -9.61376e-05    0.0756958    -0.138908 -0.000129452      1.13336  -0.00037527  0.000542694 -2.09691e-05  -0.00296869 -0.000310442     0.619811 -3.24033e-06  1.74883e-05  -6.9292e-06            1    -0.442846    0.0506112   0.00346015     0.935657    -0.499896   -0.0422503    -0.438468   -0.0499285  -0.00240213      0.93595     -0.49676    0.0493522   -0.0101609  -0.00211687    0.0362542    0.0661347     0.139695 -0.000304629      1.13011  2.83343e-05  5.55075e-05  -0.00010497     0.076506    -0.139218 -0.000170701      1.13357 -0.000306366  0.000668857 -3.71386e-05  -0.00297855 -0.000358827     0.619799 -1.32837e-06  1.64704e-05 -8.32141e-06            1    -0.442448     0.050871   0.00327417      0.93466    -0.498687   -0.0475892    -0.437704    -0.049881  -0.00246201     0.934252    -0.495682    0.0501831   -0.0117605  -0.00263764    0.0386644    0.0653039     0.139448  -0.00034823      1.12991  2.85173e-05  5.40562e-05 -0.000116131    0.0772869    -0.139511 -0.000213596       1.1338 -0.000250153  0.000789181 -5.26409e-05  -0.00303313  -0.00040167     0.619792 -1.27506e-06  1.86049e-05 -9.91755e-06            1    -0.442104    0.0510492   0.00314744     0.933613    -0.497491   -0.0510338    -0.436955    -0.049833  -0.00253381     0.932444    -0.494742    0.0508229   -0.0133146  -0.00310344     0.041829    0.0645202     0.139273 -0.000382839      1.12975  2.91871e-05   5.8764e-05 -0.000125621    0.0780824    -0.139706 -0.000242757      1.13407 -0.000204345  0.000911011 -6.40472e-05  -0.00313391 -0.000439415     0.619793 -1.86077e-06   2.1602e-05 -1.13505e-05            1    -0.441777    0.0511577   0.00307613     0.932455    -0.496348   -0.0528915    -0.436228   -0.0497864  -0.00261048      0.93053     -0.49381    0.0513394   -0.0148482  -0.00352398    0.0457791    0.0637777     0.139163 -0.000409113      1.12962  3.03091e-05  7.05382e-05 -0.000133564    0.0789048    -0.139817 -0.000260179      1.13438 -0.000167129   0.00103685 -7.19618e-05  -0.00328331 -0.000474988     0.619801 -2.21965e-06   2.5224e-05 -1.26624e-05            1    -0.441462    0.0512347   0.00303176     0.931161    -0.495177   -0.0540726    -0.435526   -0.0497384  -0.00269096       0.9285    -0.492818    0.0517595   -0.0163754  -0.00393775    0.0505497    0.0630787     0.139082 -0.000433143      1.12953   3.1829e-05  9.09974e-05 -0.000141351    0.0797608    -0.139887 -0.000273009      1.13472 -0.000137068   0.00116834 -7.81613e-05  -0.00348368 -0.000509415     0.619818 -2.42424e-06  2.94792e-05 -1.39328e-05            1    -0.441161     0.051296   0.00300105      0.92971    -0.493907   -0.0549592    -0.434849   -0.0496869  -0.00277521     0.926334    -0.491718    0.0520934      -0.0179   -0.0043597    0.0561752    0.0624267     0.139016  -0.00045682      1.12947  3.37076e-05  0.000121433  -0.00014938    0.0806535    -0.139935 -0.000284161      1.13511 -0.000112999   0.00130684 -8.33898e-05  -0.00373703 -0.000542704     0.619844  -2.5968e-06   3.4423e-05  -1.5196e-05            1    -0.440868    0.0513455   0.00298035     0.928085    -0.492498   -0.0556593    -0.434192   -0.0496312  -0.00286282     0.924015    -0.490474    0.0523476   -0.0194233  -0.00479325    0.0626867    0.0618225     0.138964 -0.000480093      1.12946  3.59212e-05  0.000162683 -0.000157603    0.0815855    -0.139968 -0.000294449      1.13553 -9.39828e-05   0.00145355 -8.78874e-05  -0.00404526 -0.000574583     0.619883 -2.76419e-06  4.01094e-05 -1.64664e-05            1    -0.440581    0.0513839   0.00296883     0.926267    -0.490925   -0.0562097    -0.433552    -0.049571  -0.00295302     0.921524    -0.489055    0.0525286   -0.0209464  -0.00523912    0.0701153    0.0612668     0.138926 -0.000502597      1.12949  3.84547e-05  0.000215468 -0.000165915    0.0825597    -0.139992 -0.000304271        1.136 -7.92751e-05   0.00160961 -9.17933e-05  -0.00441024 -0.000604664     0.619934 -2.94023e-06  4.67242e-05  -1.7753e-05            1    -0.440295    0.0514111   0.00296654      0.92424     -0.48917   -0.0566263    -0.432926   -0.0495066  -0.00304505     0.918847    -0.487433    0.0526427   -0.0224702  -0.00569732    0.0784924    0.0607608     0.138903 -0.000524044      1.12955  4.12983e-05  0.000280479 -0.000174239    0.0835792    -0.140008 -0.000314052      1.13651 -6.82994e-05   0.00177607 -9.52506e-05  -0.00483357  -0.00063248     0.620001 -3.16542e-06  5.59007e-05 -1.91823e-05            1    -0.440011    0.0514266   0.00297394     0.921989    -0.487215   -0.0569182    -0.432316   -0.0494382  -0.00313804     0.915969    -0.485583    0.0526948   -0.0239955   -0.0061675    0.0878447    0.0603065     0.138895 -0.000544384      1.12966  4.44446e-05  0.000358364 -0.000182573    0.0846465    -0.140022  -0.00032441      1.13705 -6.06237e-05   0.00195387 -9.84472e-05  -0.00531486 -0.000657415     0.620084 -3.71863e-06  8.41417e-05 -2.24523e-05            1    -0.439757    0.0514322   0.00299386     0.919498    -0.485044   -0.0570915    -0.431753   -0.0493636   -0.0032289     0.912875    -0.483481    0.0526883   -0.0255199  -0.00664713    0.0981514    0.0599093     0.138898 -0.000563884      1.12982  4.78809e-05  0.000449522  -0.00019099    0.0857647    -0.140038 -0.000336213      1.13765 -5.59416e-05   0.00214348 -0.000101632  -0.00583399 -0.000677992     0.620182 -6.26389e-06  0.000300621 -4.95656e-05            1    -0.439875    0.0514561   0.00306003     0.916738    -0.482621   -0.0571512    -0.431604   -0.0492535  -0.00328282     0.909544    -0.481077     0.052623   -0.0270034  -0.00711269     0.108902     0.059614     0.138908 -0.000582845      1.13001  5.15058e-05  0.000552353 -0.000199468    0.0869395    -0.140063 -0.000350419      1.13827 -5.40471e-05   0.00234115 -0.000105061  -0.00570613  -0.00067535     0.620478 -2.02414e-05  0.000476793 -0.000172242            1    -0.437483    0.0508787   0.00461014     0.908545    -0.380113    0.0988528    -0.429139   -0.0486375  -0.00468515     0.901503    -0.376164   -0.0867792   -0.0281332  -0.00731641     0.115416    0.0623851     0.138847  -0.00139525      1.13471  -0.00243086  -0.00672548  -0.00367937    0.0907031    -0.140243 -0.000737443       1.1437  -0.00190145  -0.00324521   0.00122796
Quaternion norm:
1, 1, 1, 1, 1, 1, 1, 1, 1, 1, 1, 1, 1, 1, 
v measurement:
-0.00371351 -0.00176259 -0.00193077  0.00226543  -0.0439055  0.00367482   0.0169351  0.00864784  -0.0162602   0.0548761  -0.0106084   -0.268251  0.00818704 -0.00897437  0.00435508   0.0738659   0.0113164    0.140969  -0.0914139  -0.0135648    0.138496  -0.0624426  0.00671017   0.0060495  -0.0115294  0.00228838 -0.00346109 0.000238674   0.0361234  0.00543602 -0.00287647   0.0187146 0.000365458  0.00436347 0.000152445 0.000798235
v0 MPC last solution:
 -0.00647149  -0.00184998  -0.00354361 -0.000607901   -0.0412334  -0.00147806  -0.00127653    0.0177385   -0.0170946     0.078629   -0.0161049    -0.330721   -0.0127805  -0.00440139   0.00857071    0.0974356    0.0152279     0.177041   -0.0857766   -0.0110814     0.155692   -0.0626564   0.00506434   0.00704938  -0.00755831   0.00404552  -0.00520754  0.000276228    0.0346737   0.00552226  -0.00346244    0.0207884   -0.0002232   0.00293223  0.000148311  0.000798235
Predicted v MPC last solution:
 -0.00126521 -0.000746782   0.00628815   -0.0564883    0.0124089    0.0888974   -0.0102399  -0.00693808   -0.0531522    0.0337629   -0.0606718    0.0927458   -0.0201192   0.00304107   -0.0684017     0.152526     0.273677    -0.099374   -0.0160962     0.124982   -0.0578234   0.00733884   0.00187839   -0.0157344 -1.73791e-05 -0.000464295  0.000420453    0.0454754   0.00280937   0.00172806    0.0123501   0.00465345   0.00808659 -2.86123e-05   0.00223066  -0.00207461
----------------------------------------------------------------------
State at time 110 ms ------------------
q measurement:
 -0.00303701 -0.000234492     0.619852 -4.20975e-05  0.000418573 -9.37636e-05            1    -0.445105    0.0504096   0.00375284     0.938474    -0.502275   -0.0344636    -0.441198   -0.0496804  -0.00244621     0.940036    -0.502233    0.0422952  -0.00660512   -0.0012584    0.0323272    0.0680258      0.13995 -0.000251861      1.13063  3.27603e-05  5.70843e-05 -9.94303e-05    0.0747537    -0.138771 -0.000165125      1.13317 -0.000493933  0.000371583  -1.2371e-05
q0 MPC last solution:
 -0.00302607 -0.000225996     0.619858 -5.12486e-05   0.00052976 -0.000108595            1    -0.445235    0.0503887   0.00383012     0.938263    -0.502236   -0.0332926     -0.44129   -0.0496254  -0.00245824     0.939732    -0.502278    0.0416841  -0.00613621  -0.00118462    0.0316865    0.0683366     0.139914 -0.000279619      1.13069  2.55887e-05  7.01585e-05 -0.000100584    0.0745715    -0.138797 -0.000152379      1.13308 -0.000497523   0.00034629 -1.31885e-05
Predicted q MPC over horizon:
 -0.00302607 -0.000225996     0.619858 -5.12486e-05   0.00052976 -0.000108595            1    -0.445235    0.0503887   0.00383012     0.938263    -0.502236   -0.0332926     -0.44129   -0.0496254  -0.00245824     0.939732    -0.502278    0.0416841  -0.00613621  -0.00118462    0.0316865    0.0683366     0.139914 -0.000279619      1.13069  2.55887e-05  7.01585e-05 -0.000100584    0.0745715    -0.138797 -0.000152379      1.13308 -0.000497523   0.00034629 -1.31885e-05 1.19681e-308 1.19681e-308     0.622451 9.32492e-309  0.000311025 -7.27291e-05            1    -0.444547    0.0503469   0.00378002     0.937854    -0.501954   -0.0340329     -0.44055   -0.0497645  -0.00240962     0.939109    -0.500884    0.0441339  -0.00696696  -0.00131327    0.0327604    0.0678345     0.139954 -0.000260869      1.13057  3.33205e-05  5.89731e-05  -9.7063e-05    0.0749424    -0.138786 -0.000139244      1.13318 -0.000456892  0.000410709 -1.32339e-05   -0.0029738 -0.000267066     0.619844   -3.182e-06  4.20877e-05  -1.1632e-05            1    -0.443406    0.0503617   0.00363321     0.936821    -0.501132   -0.0369558    -0.439256   -0.0499365  -0.00239508     0.937643    -0.498537    0.0472854  -0.00878861  -0.00165848    0.0345787    0.0668169     0.139926 -0.000258801      1.13028  3.21501e-05  4.89815e-05 -9.63152e-05    0.0757955    -0.138913 -0.000139072      1.13339 -0.000372862  0.000552598 -2.13753e-05  -0.00293454 -0.000307258      0.61984 -2.96515e-06  1.70223e-05 -7.11641e-06            1    -0.442858     0.050601   0.00345511     0.935816    -0.500068   -0.0420773    -0.438458   -0.0499129  -0.00242257     0.936076    -0.496975    0.0486149    -0.010449  -0.00208725    0.0363127     0.065936     0.139717 -0.000293035      1.13005  3.13183e-05  4.18736e-05 -0.000104378    0.0765995    -0.139212 -0.000176706       1.1336 -0.000304306  0.000677067 -3.69745e-05   -0.0029351  -0.00034961      0.61984 -1.40705e-06  1.63727e-05 -8.56191e-06            1    -0.442438    0.0508274    0.0032963     0.934816    -0.498935   -0.0467436    -0.437685     -0.04987  -0.00247683     0.934382    -0.495855    0.0494007   -0.0120406  -0.00255229     0.038696    0.0651053     0.139498 -0.000333422      1.12985  3.10258e-05  3.93311e-05   -0.0001144    0.0773773    -0.139484 -0.000214467      1.13383 -0.000248366  0.000796361 -5.14866e-05  -0.00298142 -0.000387239     0.619847 -1.38787e-06  1.85404e-05 -1.01285e-05            1    -0.442071    0.0509813   0.00319004     0.933761    -0.497806   -0.0497293    -0.436932   -0.0498264   -0.0025422     0.932585    -0.494858    0.0500105   -0.0135906  -0.00297199    0.0418473    0.0643207     0.139343 -0.000366043      1.12968  3.13125e-05   4.3172e-05 -0.000123116    0.0781723    -0.139665 -0.000240139       1.1341 -0.000202782  0.000917525 -6.22407e-05  -0.00307513 -0.000420814      0.61986  -1.8429e-06  2.15183e-05 -1.15332e-05            1    -0.441728    0.0510768   0.00312982       0.9326      -0.4967   -0.0513934    -0.436207   -0.0497832   -0.0026126     0.930687    -0.493862    0.0505032   -0.0151223  -0.00335877    0.0457989    0.0635795     0.139241 -0.000392075      1.12955  3.21224e-05   5.4559e-05 -0.000130755    0.0789956    -0.139773 -0.000256209       1.1344 -0.000165755   0.00104298 -6.99619e-05  -0.00321851 -0.000452646     0.619881 -2.13696e-06  2.51234e-05 -1.28183e-05            1    -0.441401     0.051145   0.00309251     0.931302    -0.495545   -0.0524778    -0.435509    -0.049738  -0.00268703     0.928672      -0.4928    0.0509028   -0.0166481  -0.00374365    0.0505851    0.0628834     0.139165  -0.00041624      1.12946  3.33904e-05  7.49814e-05 -0.000138372    0.0798529    -0.139844 -0.000268423      1.13475 -0.000135854   0.00117432  -7.6099e-05  -0.00341376 -0.000483524      0.61991 -2.31202e-06  2.93782e-05 -1.40698e-05            1    -0.441088    0.0511988   0.00306735     0.929848    -0.494279    -0.053299    -0.434837   -0.0496891  -0.00276533     0.926522    -0.491629    0.0512195    -0.018171  -0.00413906    0.0562389    0.0622349     0.139103 -0.000439988      1.12941  3.50694e-05  0.000105598 -0.000146254    0.0807472    -0.139894 -0.000279164      1.13513 -0.000111917   0.00131288 -8.12793e-05  -0.00366281 -0.000513406      0.61995 -2.46196e-06  3.43331e-05 -1.53187e-05            1    -0.440787    0.0512416   0.00305145     0.928217    -0.492868   -0.0539488    -0.434185   -0.0496358  -0.00284712     0.924215    -0.490314    0.0514603   -0.0196922  -0.00454801    0.0627914    0.0616345     0.139055 -0.000463197      1.12939   3.7128e-05  0.000147227 -0.000154332     0.081681    -0.139929 -0.000289108      1.13556 -9.30092e-05   0.00145986 -8.57182e-05  -0.00396755 -0.000542011     0.620001 -2.61069e-06  4.00405e-05 -1.65756e-05            1     -0.44049    0.0512738   0.00304423     0.926392    -0.491288   -0.0544596     -0.43355   -0.0495781  -0.00293178     0.921735    -0.488825    0.0516314   -0.0212127  -0.00497126    0.0702743     0.061083     0.139022 -0.000485501      1.12942  3.95444e-05  0.000200594 -0.000162494    0.0826571    -0.139953 -0.000298614      1.13603 -7.83911e-05    0.0016164 -8.95505e-05  -0.00432983 -0.000568954     0.620066 -2.77103e-06   4.6689e-05 -1.78493e-05            1    -0.440196    0.0512951   0.00304583     0.924355    -0.489521   -0.0548456    -0.432928   -0.0495163  -0.00301863     0.919063    -0.487136    0.0517387   -0.0227334  -0.00540898    0.0787192    0.0605816     0.139002 -0.000506639      1.12949  4.23036e-05  0.000266401 -0.000170668    0.0836782    -0.139971 -0.000308099      1.13653 -6.74891e-05   0.00178351 -9.29216e-05  -0.00475126 -0.000593773     0.620146 -2.98121e-06  5.59304e-05 -1.92663e-05            1    -0.439902    0.0513054   0.00305678     0.922089     -0.48755   -0.0551151     -0.43232   -0.0494504  -0.00310691     0.916185    -0.485224    0.0517868   -0.0242552  -0.00586105    0.0881536    0.0601323     0.138997 -0.000526598       1.1296  4.53944e-05  0.000345301 -0.000178857    0.0847471    -0.139985 -0.000318179      1.13709 -5.98738e-05   0.00196214 -9.60233e-05  -0.00523146 -0.000615861     0.620243 -3.50718e-06  8.44446e-05 -2.25129e-05            1     -0.43964    0.0513062   0.00307997      0.91958    -0.485361   -0.0552739    -0.431758   -0.0493786  -0.00319357     0.913085    -0.483065    0.0517789   -0.0257755  -0.00632513     0.098557    0.0597406     0.139004 -0.000545679      1.12976  4.88015e-05  0.000437704  -0.00018714    0.0858668    -0.140002 -0.000329724      1.13768 -5.52403e-05   0.00215279 -9.91079e-05  -0.00575011  -0.00063377     0.620355 -5.88893e-06  0.000303213 -4.94389e-05            1    -0.439751    0.0513252   0.00314906     0.916796    -0.482916   -0.0553262    -0.431611   -0.0492716  -0.00324394     0.909742    -0.480608    0.0517147   -0.0272548  -0.00677814     0.109414    0.0594512     0.139017 -0.000564222      1.12996  5.24218e-05  0.000541979 -0.000195503    0.0870433    -0.140026 -0.000343693      1.13831 -5.33829e-05   0.00235168 -0.000102437  -0.00561406 -0.000629284     0.620668 -1.93538e-05  0.000479763 -0.000171635            1    -0.437331    0.0507377   0.00472425     0.908544    -0.378995     0.103057    -0.429126    -0.048648  -0.00466432     0.901649    -0.374147   -0.0901722    -0.028384  -0.00697489      0.11599    0.0622728     0.138961  -0.00137258      1.13472  -0.00252637  -0.00683861  -0.00370504    0.0908495     -0.14021 -0.000730478      1.14379  -0.00197366  -0.00334844   0.00128876
Quaternion norm:
1, 1, 1, 1, 1, 1, 1, 1, 1, 1, 1, 1, 1, 1, 
v measurement:
  -0.0011834  -0.00165837 -0.000466396   0.00460399    -0.044969   0.00741526    0.0319396   0.00124073   -0.0149397    0.0336434   -0.0059742    -0.212395    0.0254542   -0.0124012   0.00116685    0.0525824   0.00739709     0.110531   -0.0953633    -0.015567     0.121426     -0.06203   0.00760705    0.0052545   -0.0149192  0.000857162   -0.0020449  0.000229213    0.0365399   0.00494163  -0.00234666    0.0166485   0.00094238    0.0055281  0.000176961   0.00201607
v0 MPC last solution:
-0.00371351 -0.00176259 -0.00193077  0.00226543  -0.0439055  0.00367482   0.0169351  0.00864784  -0.0162602   0.0548761  -0.0106084   -0.268251  0.00818704 -0.00897437  0.00435508   0.0738659   0.0113164    0.140969  -0.0914139  -0.0135648    0.138496  -0.0624426  0.00671017   0.0060495  -0.0115294  0.00228838 -0.00346109 0.000238674   0.0361234  0.00543602 -0.00287647   0.0187146 0.000365458  0.00436347 0.000152445  0.00201607
Predicted v MPC last solution:
  -0.0012127 -0.000104335   0.00593086   -0.0490717    0.0111906    0.0822642  -0.00950468  -0.00590123    -0.052345    0.0313763   -0.0520824    0.0886257   -0.0174787   0.00188315   -0.0720244      0.13965     0.226906   -0.0971038   -0.0158146     0.108809   -0.0564419   0.00585548   0.00147066   -0.0158477 -6.34495e-05 -0.000565533  0.000360521    0.0435618   0.00148347   0.00162445    0.0110939   0.00462837   0.00769874 -6.77348e-05   0.00282407  -0.00180623
----------------------------------------------------------------------
State at time 115 ms ------------------
q measurement:
 -0.00303614 -0.000242281     0.619854 -2.93276e-05  0.000311826 -7.43162e-05            1    -0.444923    0.0504048   0.00368594     0.938591    -0.502295   -0.0353769    -0.441043   -0.0497433  -0.00244475     0.940243    -0.502204    0.0427692  -0.00708083  -0.00133745    0.0328748    0.0677198     0.139986 -0.000227606      1.13055  3.52686e-05  4.85224e-05 -9.82036e-05    0.0749335    -0.138751 -0.000175072      1.13324 -0.000487215  0.000400543 -1.14724e-05
q0 MPC last solution:
 -0.00303701 -0.000234492     0.619852 -4.20975e-05  0.000418573 -9.37636e-05            1    -0.445105    0.0504096   0.00375284     0.938474    -0.502275   -0.0344636    -0.441198   -0.0496804  -0.00244621     0.940036    -0.502233    0.0422952  -0.00660512   -0.0012584    0.0323272    0.0680258      0.13995 -0.000251861      1.13063  3.27603e-05  5.70843e-05 -9.94303e-05    0.0747537    -0.138771 -0.000165125      1.13317 -0.000493933  0.000371583  -1.2371e-05
Predicted q MPC over horizon:
 -0.00303701 -0.000234492     0.619852 -4.20975e-05  0.000418573 -9.37636e-05            1    -0.445105    0.0504096   0.00375284     0.938474    -0.502275   -0.0344636    -0.441198   -0.0496804  -0.00244621     0.940036    -0.502233    0.0422952  -0.00660512   -0.0012584    0.0323272    0.0680258      0.13995 -0.000251861      1.13063  3.27603e-05  5.70843e-05 -9.94303e-05    0.0747537    -0.138771 -0.000165125      1.13317 -0.000493933  0.000371583  -1.2371e-05 1.22957e-308 1.22957e-308     0.622451 9.59497e-309  0.000211683 -5.38623e-05            1    -0.444403    0.0503674   0.00368475     0.938103    -0.502067   -0.0354751     -0.44037   -0.0498153  -0.00243596     0.939371    -0.501245    0.0440705   -0.0076771  -0.00142663    0.0333204    0.0673686     0.139988  -0.00023073      1.13044  3.65811e-05  4.16729e-05 -9.64035e-05    0.0751872    -0.138775 -0.000157962      1.13328 -0.000448348  0.000446526 -1.30752e-05  -0.00290743 -0.000271284     0.619885  1.02107e-06  3.25448e-05 -1.09411e-05            1    -0.443401    0.0503925   0.00358148     0.937106    -0.501428   -0.0377733    -0.439131   -0.0499268  -0.00244769     0.937786    -0.499358    0.0462621  -0.00941058   -0.0017011    0.0346894    0.0663791     0.139945 -0.000236197      1.13015  3.47584e-05  2.58333e-05  -9.6122e-05    0.0759673    -0.138921 -0.000156874      1.13345 -0.000365707  0.000574518 -2.16459e-05  -0.00284478 -0.000299439     0.619909 -2.45776e-06  1.60195e-05 -7.58654e-06            1    -0.442819    0.0505763   0.00345453     0.936102     -0.50058   -0.0416234    -0.438308   -0.0499054  -0.00247271     0.936207    -0.497821    0.0474401   -0.0110436  -0.00201548    0.0363124     0.065493     0.139783  -0.00026623       1.1299  3.35373e-05  1.41608e-05 -0.000102252    0.0767526    -0.139187 -0.000185595      1.13365 -0.000298231  0.000693864 -3.57532e-05  -0.00282518 -0.000329793     0.619937 -1.62533e-06  1.61726e-05  -9.0973e-06            1    -0.442346    0.0507397   0.00335064     0.935093    -0.499668   -0.0449975    -0.437514   -0.0498748  -0.00251532     0.934524    -0.496657    0.0481933   -0.0126191  -0.00237001    0.0386371     0.064655     0.139621 -0.000300157      1.12969  3.29497e-05  7.79872e-06 -0.000110009    0.0775193    -0.139416 -0.000213183      1.13387  -0.00024316  0.000809675 -4.83543e-05  -0.00285356  -0.00035749     0.619971 -1.58475e-06   1.8405e-05 -1.05738e-05            1     -0.44193    0.0508526   0.00328223     0.934027    -0.498722   -0.0472158     -0.43675   -0.0498425  -0.00256849     0.932751    -0.495594    0.0487877   -0.0141599  -0.00270383    0.0417587    0.0638631       0.1395 -0.000329669      1.12952  3.29966e-05  8.63866e-06 -0.000117396    0.0783074    -0.139575 -0.000232885      1.13413 -0.000198288  0.000928165 -5.80809e-05  -0.00293167 -0.000382997     0.620011 -1.80784e-06   2.1354e-05 -1.19126e-05            1    -0.441548    0.0509268   0.00324306     0.932859    -0.497733    -0.048571    -0.436018   -0.0498086  -0.00262771     0.930879    -0.494525    0.0492694   -0.0156847  -0.00302663    0.0457108    0.0631192     0.139413 -0.000355521      1.12938  3.36055e-05  1.81173e-05 -0.000124509    0.0791253    -0.139681 -0.000246688      1.13443 -0.000161855   0.00105156 -6.55468e-05  -0.00306148 -0.000407552     0.620059  -1.9834e-06  2.49417e-05 -1.31534e-05            1    -0.441191    0.0509806   0.00321954     0.931556    -0.496649   -0.0495102    -0.435316   -0.0497714  -0.00269199     0.928887    -0.493392      0.04966   -0.0172021  -0.00335662    0.0505253    0.0624241     0.139346  -0.00038008      1.12929  3.47083e-05  3.74455e-05 -0.000131822    0.0799769    -0.139754 -0.000257878      1.13477 -0.000132445   0.00118135 -7.16319e-05  -0.00324494 -0.000431547     0.620116 -2.10083e-06  2.92101e-05  -1.4377e-05            1    -0.440854    0.0510223    0.0032053     0.930097    -0.495427   -0.0502392    -0.434639   -0.0497301  -0.00276098     0.926753    -0.492154    0.0499705   -0.0187145  -0.00370197     0.056234    0.0617782     0.139293  -0.00040404      1.12923  3.62551e-05  6.75559e-05 -0.000139432     0.080865    -0.139807 -0.000267924      1.13516 -0.000108912   0.00131883 -7.67654e-05  -0.00348387 -0.000454847     0.620184 -2.20771e-06   3.4203e-05 -1.56073e-05            1    -0.440529    0.0510539   0.00319882     0.928459     -0.49404   -0.0508205     -0.43398   -0.0496843   -0.0028343     0.924455     -0.49078    0.0502083   -0.0202231   -0.0040649    0.0628681    0.0611818     0.139253 -0.000427147      1.12922  3.82107e-05  0.000109214 -0.000147226    0.0817922    -0.139846  -0.00027726      1.13558 -9.03344e-05   0.00146519 -8.11201e-05  -0.00378017  -0.00047715     0.620264 -2.32124e-06  3.99708e-05 -1.68486e-05            1    -0.440212    0.0510756       0.0032      0.92662     -0.49247   -0.0512779    -0.433335   -0.0496342   -0.0029114     0.921973    -0.489241    0.0503793   -0.0217292  -0.00444619    0.0704605    0.0606357     0.139227 -0.000449049      1.12925  4.05498e-05  0.000163151  -0.00015509    0.0827612    -0.139873 -0.000286181      1.13604 -7.59843e-05   0.00162153 -8.48269e-05  -0.00413573 -0.000498068     0.620357 -2.45151e-06  4.67079e-05 -1.81085e-05            1    -0.439897    0.0510871   0.00320923     0.924564      -0.4907    -0.051623      -0.4327   -0.0495797  -0.00299165     0.919289    -0.487509    0.0504887   -0.0232342  -0.00484626    0.0790447    0.0601412     0.139215 -0.000469549      1.12932  4.32548e-05  0.000230085 -0.000162958    0.0837751    -0.139893 -0.000295096      1.13655 -6.52985e-05   0.00178893 -8.80383e-05  -0.00455226 -0.000517142     0.620466 -2.63172e-06  5.61066e-05 -1.95112e-05            1    -0.439583     0.051088    0.0032272      0.92227    -0.488716   -0.0518626    -0.432076   -0.0495211  -0.00307424     0.916388    -0.485558    0.0505406   -0.0247391  -0.00526528    0.0886504    0.0597002     0.139217  -0.00048871      1.12944  4.63132e-05  0.000310696 -0.000170846    0.0848371     -0.13991 -0.000304627       1.1371 -5.78552e-05   0.00196835 -9.09558e-05  -0.00502945  -0.00053377     0.620593 -3.09866e-06  8.52471e-05 -2.27216e-05            1      -0.4393    0.0510801   0.00325693     0.919723    -0.486501   -0.0520014    -0.431496   -0.0494563  -0.00315605     0.913252    -0.483361    0.0505377    -0.026242  -0.00570133    0.0992582    0.0593182     0.139231 -0.000506913       1.1296  4.97095e-05  0.000405415  -0.00017885    0.0859506    -0.139928 -0.000315653       1.1377 -5.33545e-05   0.00216034 -9.38416e-05  -0.00554657 -0.000546565     0.620736 -5.13015e-06  0.000309194   -4.932e-05            1    -0.439399    0.0510901   0.00333208      0.91689    -0.484021   -0.0520429    -0.431337   -0.0493569  -0.00320245     0.909861    -0.480864    0.0504798   -0.0277041  -0.00613216     0.110342    0.0590403     0.139249 -0.000524584      1.12981  5.33395e-05  0.000512556 -0.000186975    0.0871229    -0.139953 -0.000329142      1.13833 -5.15922e-05   0.00236113 -9.69685e-05  -0.00539336 -0.000538498     0.621082 -1.76189e-05  0.000488005 -0.000170641            1    -0.436921    0.0504827   0.00495683     0.908532    -0.377363     0.111063    -0.428801    -0.048719  -0.00465981     0.901676    -0.371532   -0.0962682   -0.0288267  -0.00631688     0.117055     0.061963     0.139203  -0.00132438      1.13471   -0.0027326   -0.0070592  -0.00375901    0.0910084    -0.140145 -0.000716312      1.14392   -0.0021474  -0.00356762   0.00140987
Quaternion norm:
1, 1, 1, 1, 1, 1, 1, 1, 1, 1, 1, 1, 1, 1, 
v measurement:
  0.00106557  -0.00149174  0.000704985   0.00545364   -0.0412864    0.0079977    0.0394058  -0.00237853   -0.0123689    0.0168779  -0.00271999    -0.163818    0.0345706   -0.0127022 -0.000230004    0.0340263   0.00469896    0.0850382   -0.0949956   -0.0159859     0.101766    -0.060705   0.00687705   0.00461491   -0.0165934  0.000257833  -0.00149116  0.000261232     0.035468   0.00351231   -0.0017637    0.0143846   0.00160115   0.00596827   0.00018687    0.0048557
v0 MPC last solution:
  -0.0011834  -0.00165837 -0.000466396   0.00460399    -0.044969   0.00741526    0.0319396   0.00124073   -0.0149397    0.0336434   -0.0059742    -0.212395    0.0254542   -0.0124012   0.00116685    0.0525824   0.00739709     0.110531   -0.0953633    -0.015567     0.121426     -0.06203   0.00760705    0.0052545   -0.0149192  0.000857162   -0.0020449  0.000229213    0.0365399   0.00494163  -0.00234666    0.0166485   0.00094238    0.0055281  0.000176961    0.0048557
Predicted v MPC last solution:
 -0.00104832   0.00129127   0.00454364   -0.0326746   0.00776433    0.0674386  -0.00646103  -0.00364782   -0.0490622    0.0233705   -0.0425212    0.0819274   -0.0118197  -0.00045309   -0.0825242    0.0974727      0.14378   -0.0899763   -0.0142021    0.0713541   -0.0533637     0.002753  0.000671603   -0.0160329 -0.000106237 -0.000895906  0.000249974    0.0374305  -0.00130596   0.00140777   0.00775652   0.00454947   0.00662335 -0.000149626   0.00410588  -0.00124052
----------------------------------------------------------------------
State at time 120 ms ------------------
q measurement:
 -0.00302429 -0.000249261     0.619861 -1.43451e-05  0.000213228 -5.36841e-05            1    -0.444703    0.0503829    0.0036313     0.938628      -0.5023   -0.0360693    -0.440843   -0.0498081  -0.00244894     0.940362    -0.502189    0.0431314  -0.00755472  -0.00141889    0.0333278    0.0674195     0.140018  -0.00020584      1.13046  3.46224e-05  4.26741e-05 -9.66967e-05    0.0751057    -0.138737 -0.000182379      1.13331 -0.000477447  0.000431667 -1.04161e-05
q0 MPC last solution:
 -0.00303614 -0.000242281     0.619854 -2.93276e-05  0.000311826 -7.43162e-05            1    -0.444923    0.0504048   0.00368594     0.938591    -0.502295   -0.0353769    -0.441043   -0.0497433  -0.00244475     0.940243    -0.502204    0.0427692  -0.00708083  -0.00133745    0.0328748    0.0677198     0.139986 -0.000227606      1.13055  3.52686e-05  4.85224e-05 -9.82036e-05    0.0749335    -0.138751 -0.000175072      1.13324 -0.000487215  0.000400543 -1.14724e-05
Predicted q MPC over horizon:
 -0.00303614 -0.000242281     0.619854 -2.93276e-05  0.000311826 -7.43162e-05            1    -0.444923    0.0504048   0.00368594     0.938591    -0.502295   -0.0353769    -0.441043   -0.0497433  -0.00244475     0.940243    -0.502204    0.0427692  -0.00708083  -0.00133745    0.0328748    0.0677198     0.139986 -0.000227606      1.13055  3.52686e-05  4.85224e-05 -9.82036e-05    0.0749335    -0.138751 -0.000175072      1.13324 -0.000487215  0.000400543 -1.14724e-05 1.22957e-308 1.22957e-308     0.622451 9.59497e-309  0.000211683 -5.38623e-05            1    -0.444403    0.0503674   0.00368475     0.938103    -0.502067   -0.0354751     -0.44037   -0.0498153  -0.00243596     0.939371    -0.501245    0.0440705   -0.0076771  -0.00142663    0.0333204    0.0673686     0.139988  -0.00023073      1.13044  3.65811e-05  4.16729e-05 -9.64035e-05    0.0751872    -0.138775 -0.000157962      1.13328 -0.000448348  0.000446526 -1.30752e-05  -0.00290743 -0.000271284     0.619885  1.02107e-06  3.25448e-05 -1.09411e-05            1    -0.443401    0.0503925   0.00358148     0.937106    -0.501428   -0.0377733    -0.439131   -0.0499268  -0.00244769     0.937786    -0.499358    0.0462621  -0.00941058   -0.0017011    0.0346894    0.0663791     0.139945 -0.000236197      1.13015  3.47584e-05  2.58333e-05  -9.6122e-05    0.0759673    -0.138921 -0.000156874      1.13345 -0.000365707  0.000574518 -2.16459e-05  -0.00284478 -0.000299439     0.619909 -2.45776e-06  1.60195e-05 -7.58654e-06            1    -0.442819    0.0505763   0.00345453     0.936102     -0.50058   -0.0416234    -0.438308   -0.0499054  -0.00247271     0.936207    -0.497821    0.0474401   -0.0110436  -0.00201548    0.0363124     0.065493     0.139783  -0.00026623       1.1299  3.35373e-05  1.41608e-05 -0.000102252    0.0767526    -0.139187 -0.000185595      1.13365 -0.000298231  0.000693864 -3.57532e-05  -0.00282518 -0.000329793     0.619937 -1.62533e-06  1.61726e-05  -9.0973e-06            1    -0.442346    0.0507397   0.00335064     0.935093    -0.499668   -0.0449975    -0.437514   -0.0498748  -0.00251532     0.934524    -0.496657    0.0481933   -0.0126191  -0.00237001    0.0386371     0.064655     0.139621 -0.000300157      1.12969  3.29497e-05  7.79872e-06 -0.000110009    0.0775193    -0.139416 -0.000213183      1.13387  -0.00024316  0.000809675 -4.83543e-05  -0.00285356  -0.00035749     0.619971 -1.58475e-06   1.8405e-05 -1.05738e-05            1     -0.44193    0.0508526   0.00328223     0.934027    -0.498722   -0.0472158     -0.43675   -0.0498425  -0.00256849     0.932751    -0.495594    0.0487877   -0.0141599  -0.00270383    0.0417587    0.0638631       0.1395 -0.000329669      1.12952  3.29966e-05  8.63866e-06 -0.000117396    0.0783074    -0.139575 -0.000232885      1.13413 -0.000198288  0.000928165 -5.80809e-05  -0.00293167 -0.000382997     0.620011 -1.80784e-06   2.1354e-05 -1.19126e-05            1    -0.441548    0.0509268   0.00324306     0.932859    -0.497733    -0.048571    -0.436018   -0.0498086  -0.00262771     0.930879    -0.494525    0.0492694   -0.0156847  -0.00302663    0.0457108    0.0631192     0.139413 -0.000355521      1.12938  3.36055e-05  1.81173e-05 -0.000124509    0.0791253    -0.139681 -0.000246688      1.13443 -0.000161855   0.00105156 -6.55468e-05  -0.00306148 -0.000407552     0.620059  -1.9834e-06  2.49417e-05 -1.31534e-05            1    -0.441191    0.0509806   0.00321954     0.931556    -0.496649   -0.0495102    -0.435316   -0.0497714  -0.00269199     0.928887    -0.493392      0.04966   -0.0172021  -0.00335662    0.0505253    0.0624241     0.139346  -0.00038008      1.12929  3.47083e-05  3.74455e-05 -0.000131822    0.0799769    -0.139754 -0.000257878      1.13477 -0.000132445   0.00118135 -7.16319e-05  -0.00324494 -0.000431547     0.620116 -2.10083e-06  2.92101e-05  -1.4377e-05            1    -0.440854    0.0510223    0.0032053     0.930097    -0.495427   -0.0502392    -0.434639   -0.0497301  -0.00276098     0.926753    -0.492154    0.0499705   -0.0187145  -0.00370197     0.056234    0.0617782     0.139293  -0.00040404      1.12923  3.62551e-05  6.75559e-05 -0.000139432     0.080865    -0.139807 -0.000267924      1.13516 -0.000108912   0.00131883 -7.67654e-05  -0.00348387 -0.000454847     0.620184 -2.20771e-06   3.4203e-05 -1.56073e-05            1    -0.440529    0.0510539   0.00319882     0.928459     -0.49404   -0.0508205     -0.43398   -0.0496843   -0.0028343     0.924455     -0.49078    0.0502083   -0.0202231   -0.0040649    0.0628681    0.0611818     0.139253 -0.000427147      1.12922  3.82107e-05  0.000109214 -0.000147226    0.0817922    -0.139846  -0.00027726      1.13558 -9.03344e-05   0.00146519 -8.11201e-05  -0.00378017  -0.00047715     0.620264 -2.32124e-06  3.99708e-05 -1.68486e-05            1    -0.440212    0.0510756       0.0032      0.92662     -0.49247   -0.0512779    -0.433335   -0.0496342   -0.0029114     0.921973    -0.489241    0.0503793   -0.0217292  -0.00444619    0.0704605    0.0606357     0.139227 -0.000449049      1.12925  4.05498e-05  0.000163151  -0.00015509    0.0827612    -0.139873 -0.000286181      1.13604 -7.59843e-05   0.00162153 -8.48269e-05  -0.00413573 -0.000498068     0.620357 -2.45151e-06  4.67079e-05 -1.81085e-05            1    -0.439897    0.0510871   0.00320923     0.924564      -0.4907    -0.051623      -0.4327   -0.0495797  -0.00299165     0.919289    -0.487509    0.0504887   -0.0232342  -0.00484626    0.0790447    0.0601412     0.139215 -0.000469549      1.12932  4.32548e-05  0.000230085 -0.000162958    0.0837751    -0.139893 -0.000295096      1.13655 -6.52985e-05   0.00178893 -8.80383e-05  -0.00455226 -0.000517142     0.620466 -2.63172e-06  5.61066e-05 -1.95112e-05            1    -0.439583     0.051088    0.0032272      0.92227    -0.488716   -0.0518626    -0.432076   -0.0495211  -0.00307424     0.916388    -0.485558    0.0505406   -0.0247391  -0.00526528    0.0886504    0.0597002     0.139217  -0.00048871      1.12944  4.63132e-05  0.000310696 -0.000170846    0.0848371     -0.13991 -0.000304627       1.1371 -5.78552e-05   0.00196835 -9.09558e-05  -0.00502945  -0.00053377     0.620593 -3.09866e-06  8.52471e-05 -2.27216e-05            1      -0.4393    0.0510801   0.00325693     0.919723    -0.486501   -0.0520014    -0.431496   -0.0494563  -0.00315605     0.913252    -0.483361    0.0505377    -0.026242  -0.00570133    0.0992582    0.0593182     0.139231 -0.000506913       1.1296  4.97095e-05  0.000405415  -0.00017885    0.0859506    -0.139928 -0.000315653       1.1377 -5.33545e-05   0.00216034 -9.38416e-05  -0.00554657 -0.000546565     0.620736 -5.13015e-06  0.000309194   -4.932e-05            1    -0.439399    0.0510901   0.00333208      0.91689    -0.484021   -0.0520429    -0.431337   -0.0493569  -0.00320245     0.909861    -0.480864    0.0504798   -0.0277041  -0.00613216     0.110342    0.0590403     0.139249 -0.000524584      1.12981  5.33395e-05  0.000512556 -0.000186975    0.0871229    -0.139953 -0.000329142      1.13833 -5.15922e-05   0.00236113 -9.69685e-05  -0.00539336 -0.000538498     0.621082 -1.76189e-05  0.000488005 -0.000170641            1    -0.436921    0.0504827   0.00495683     0.908532    -0.377363     0.111063    -0.428801    -0.048719  -0.00465981     0.901676    -0.371532   -0.0962682   -0.0288267  -0.00631688     0.117055     0.061963     0.139203  -0.00132438      1.13471   -0.0027326   -0.0070592  -0.00375901    0.0910084    -0.140145 -0.000716312      1.14392   -0.0021474  -0.00356762   0.00140987
Quaternion norm:
1, 1, 1, 1, 1, 1, 1, 1, 1, 1, 1, 1, 1, 1, 
v measurement:
  0.00322853  -0.00133294   0.00188625   0.00636014   -0.0382901   0.00840063    0.0471337  -0.00568328  -0.00999246   0.00110038  3.25039e-05    -0.122585    0.0434425   -0.0131444  -0.00118695    0.0171947   0.00206097    0.0646606   -0.0946338   -0.0165002    0.0833061   -0.0596388   0.00617593   0.00420788   -0.0184733 -0.000394738 -0.000961098  0.000333862    0.0336744   0.00215276  -0.00127148    0.0123013   0.00217635   0.00639099   0.00023147    0.0048557
v0 MPC last solution:
  0.00106557  -0.00149174  0.000704985   0.00545364   -0.0412864    0.0079977    0.0394058  -0.00237853   -0.0123689    0.0168779  -0.00271999    -0.163818    0.0345706   -0.0127022 -0.000230004    0.0340263   0.00469896    0.0850382   -0.0949956   -0.0159859     0.101766    -0.060705   0.00687705   0.00461491   -0.0165934  0.000257833  -0.00149116  0.000261232     0.035468   0.00351231   -0.0017637    0.0143846   0.00160115   0.00596827   0.00018687    0.0048557
Predicted v MPC last solution:
 -0.00104832   0.00129127   0.00454364   -0.0326746   0.00776433    0.0674386  -0.00646103  -0.00364782   -0.0490622    0.0233705   -0.0425212    0.0819274   -0.0118197  -0.00045309   -0.0825242    0.0974727      0.14378   -0.0899763   -0.0142021    0.0713541   -0.0533637     0.002753  0.000671603   -0.0160329 -0.000106237 -0.000895906  0.000249974    0.0374305  -0.00130596   0.00140777   0.00775652   0.00454947   0.00662335 -0.000149626   0.00410588  -0.00124052
----------------------------------------------------------------------
State at time 125 ms ------------------
q measurement:
 -0.00300185 -0.000255475     0.619874  2.98031e-06  0.000121256 -3.23036e-05            1    -0.444444    0.0503455   0.00358803     0.938589    -0.502292   -0.0365775      -0.4406   -0.0498754   -0.0024567     0.940402    -0.502185    0.0434051  -0.00802683  -0.00150317    0.0336916     0.067124     0.140047 -0.000185486      1.13036  3.05376e-05  3.93067e-05 -9.46924e-05     0.075267     -0.13873 -0.000187475      1.13336  -0.00046509  0.000464752 -9.05831e-06
q0 MPC last solution:
 -0.00302429 -0.000249261     0.619861 -1.43451e-05  0.000213228 -5.36841e-05            1    -0.444703    0.0503829    0.0036313     0.938628      -0.5023   -0.0360693    -0.440843   -0.0498081  -0.00244894     0.940362    -0.502189    0.0431314  -0.00755472  -0.00141889    0.0333278    0.0674195     0.140018  -0.00020584      1.13046  3.46224e-05  4.26741e-05 -9.66967e-05    0.0751057    -0.138737 -0.000182379      1.13331 -0.000477447  0.000431667 -1.04161e-05
Predicted q MPC over horizon:
 -0.00302429 -0.000249261     0.619861 -1.43451e-05  0.000213228 -5.36841e-05            1    -0.444703    0.0503829    0.0036313     0.938628      -0.5023   -0.0360693    -0.440843   -0.0498081  -0.00244894     0.940362    -0.502189    0.0431314  -0.00755472  -0.00141889    0.0333278    0.0674195     0.140018  -0.00020584      1.13046  3.46224e-05  4.26741e-05 -9.66967e-05    0.0751057    -0.138737 -0.000182379      1.13331 -0.000477447  0.000431667 -1.04161e-05 1.22957e-308 1.22957e-308     0.622451 9.59497e-309  0.000211683 -5.38623e-05            1    -0.444403    0.0503674   0.00368475     0.938103    -0.502067   -0.0354751     -0.44037   -0.0498153  -0.00243596     0.939371    -0.501245    0.0440705   -0.0076771  -0.00142663    0.0333204    0.0673686     0.139988  -0.00023073      1.13044  3.65811e-05  4.16729e-05 -9.64035e-05    0.0751872    -0.138775 -0.000157962      1.13328 -0.000448348  0.000446526 -1.30752e-05  -0.00290743 -0.000271284     0.619885  1.02107e-06  3.25448e-05 -1.09411e-05            1    -0.443401    0.0503925   0.00358148     0.937106    -0.501428   -0.0377733    -0.439131   -0.0499268  -0.00244769     0.937786    -0.499358    0.0462621  -0.00941058   -0.0017011    0.0346894    0.0663791     0.139945 -0.000236197      1.13015  3.47584e-05  2.58333e-05  -9.6122e-05    0.0759673    -0.138921 -0.000156874      1.13345 -0.000365707  0.000574518 -2.16459e-05  -0.00284478 -0.000299439     0.619909 -2.45776e-06  1.60195e-05 -7.58654e-06            1    -0.442819    0.0505763   0.00345453     0.936102     -0.50058   -0.0416234    -0.438308   -0.0499054  -0.00247271     0.936207    -0.497821    0.0474401   -0.0110436  -0.00201548    0.0363124     0.065493     0.139783  -0.00026623       1.1299  3.35373e-05  1.41608e-05 -0.000102252    0.0767526    -0.139187 -0.000185595      1.13365 -0.000298231  0.000693864 -3.57532e-05  -0.00282518 -0.000329793     0.619937 -1.62533e-06  1.61726e-05  -9.0973e-06            1    -0.442346    0.0507397   0.00335064     0.935093    -0.499668   -0.0449975    -0.437514   -0.0498748  -0.00251532     0.934524    -0.496657    0.0481933   -0.0126191  -0.00237001    0.0386371     0.064655     0.139621 -0.000300157      1.12969  3.29497e-05  7.79872e-06 -0.000110009    0.0775193    -0.139416 -0.000213183      1.13387  -0.00024316  0.000809675 -4.83543e-05  -0.00285356  -0.00035749     0.619971 -1.58475e-06   1.8405e-05 -1.05738e-05            1     -0.44193    0.0508526   0.00328223     0.934027    -0.498722   -0.0472158     -0.43675   -0.0498425  -0.00256849     0.932751    -0.495594    0.0487877   -0.0141599  -0.00270383    0.0417587    0.0638631       0.1395 -0.000329669      1.12952  3.29966e-05  8.63866e-06 -0.000117396    0.0783074    -0.139575 -0.000232885      1.13413 -0.000198288  0.000928165 -5.80809e-05  -0.00293167 -0.000382997     0.620011 -1.80784e-06   2.1354e-05 -1.19126e-05            1    -0.441548    0.0509268   0.00324306     0.932859    -0.497733    -0.048571    -0.436018   -0.0498086  -0.00262771     0.930879    -0.494525    0.0492694   -0.0156847  -0.00302663    0.0457108    0.0631192     0.139413 -0.000355521      1.12938  3.36055e-05  1.81173e-05 -0.000124509    0.0791253    -0.139681 -0.000246688      1.13443 -0.000161855   0.00105156 -6.55468e-05  -0.00306148 -0.000407552     0.620059  -1.9834e-06  2.49417e-05 -1.31534e-05            1    -0.441191    0.0509806   0.00321954     0.931556    -0.496649   -0.0495102    -0.435316   -0.0497714  -0.00269199     0.928887    -0.493392      0.04966   -0.0172021  -0.00335662    0.0505253    0.0624241     0.139346  -0.00038008      1.12929  3.47083e-05  3.74455e-05 -0.000131822    0.0799769    -0.139754 -0.000257878      1.13477 -0.000132445   0.00118135 -7.16319e-05  -0.00324494 -0.000431547     0.620116 -2.10083e-06  2.92101e-05  -1.4377e-05            1    -0.440854    0.0510223    0.0032053     0.930097    -0.495427   -0.0502392    -0.434639   -0.0497301  -0.00276098     0.926753    -0.492154    0.0499705   -0.0187145  -0.00370197     0.056234    0.0617782     0.139293  -0.00040404      1.12923  3.62551e-05  6.75559e-05 -0.000139432     0.080865    -0.139807 -0.000267924      1.13516 -0.000108912   0.00131883 -7.67654e-05  -0.00348387 -0.000454847     0.620184 -2.20771e-06   3.4203e-05 -1.56073e-05            1    -0.440529    0.0510539   0.00319882     0.928459     -0.49404   -0.0508205     -0.43398   -0.0496843   -0.0028343     0.924455     -0.49078    0.0502083   -0.0202231   -0.0040649    0.0628681    0.0611818     0.139253 -0.000427147      1.12922  3.82107e-05  0.000109214 -0.000147226    0.0817922    -0.139846  -0.00027726      1.13558 -9.03344e-05   0.00146519 -8.11201e-05  -0.00378017  -0.00047715     0.620264 -2.32124e-06  3.99708e-05 -1.68486e-05            1    -0.440212    0.0510756       0.0032      0.92662     -0.49247   -0.0512779    -0.433335   -0.0496342   -0.0029114     0.921973    -0.489241    0.0503793   -0.0217292  -0.00444619    0.0704605    0.0606357     0.139227 -0.000449049      1.12925  4.05498e-05  0.000163151  -0.00015509    0.0827612    -0.139873 -0.000286181      1.13604 -7.59843e-05   0.00162153 -8.48269e-05  -0.00413573 -0.000498068     0.620357 -2.45151e-06  4.67079e-05 -1.81085e-05            1    -0.439897    0.0510871   0.00320923     0.924564      -0.4907    -0.051623      -0.4327   -0.0495797  -0.00299165     0.919289    -0.487509    0.0504887   -0.0232342  -0.00484626    0.0790447    0.0601412     0.139215 -0.000469549      1.12932  4.32548e-05  0.000230085 -0.000162958    0.0837751    -0.139893 -0.000295096      1.13655 -6.52985e-05   0.00178893 -8.80383e-05  -0.00455226 -0.000517142     0.620466 -2.63172e-06  5.61066e-05 -1.95112e-05            1    -0.439583     0.051088    0.0032272      0.92227    -0.488716   -0.0518626    -0.432076   -0.0495211  -0.00307424     0.916388    -0.485558    0.0505406   -0.0247391  -0.00526528    0.0886504    0.0597002     0.139217  -0.00048871      1.12944  4.63132e-05  0.000310696 -0.000170846    0.0848371     -0.13991 -0.000304627       1.1371 -5.78552e-05   0.00196835 -9.09558e-05  -0.00502945  -0.00053377     0.620593 -3.09866e-06  8.52471e-05 -2.27216e-05            1      -0.4393    0.0510801   0.00325693     0.919723    -0.486501   -0.0520014    -0.431496   -0.0494563  -0.00315605     0.913252    -0.483361    0.0505377    -0.026242  -0.00570133    0.0992582    0.0593182     0.139231 -0.000506913       1.1296  4.97095e-05  0.000405415  -0.00017885    0.0859506    -0.139928 -0.000315653       1.1377 -5.33545e-05   0.00216034 -9.38416e-05  -0.00554657 -0.000546565     0.620736 -5.13015e-06  0.000309194   -4.932e-05            1    -0.439399    0.0510901   0.00333208      0.91689    -0.484021   -0.0520429    -0.431337   -0.0493569  -0.00320245     0.909861    -0.480864    0.0504798   -0.0277041  -0.00613216     0.110342    0.0590403     0.139249 -0.000524584      1.12981  5.33395e-05  0.000512556 -0.000186975    0.0871229    -0.139953 -0.000329142      1.13833 -5.15922e-05   0.00236113 -9.69685e-05  -0.00539336 -0.000538498     0.621082 -1.76189e-05  0.000488005 -0.000170641            1    -0.436921    0.0504827   0.00495683     0.908532    -0.377363     0.111063    -0.428801    -0.048719  -0.00465981     0.901676    -0.371532   -0.0962682   -0.0288267  -0.00631688     0.117055     0.061963     0.139203  -0.00132438      1.13471   -0.0027326   -0.0070592  -0.00375901    0.0910084    -0.140145 -0.000716312      1.14392   -0.0021474  -0.00356762   0.00140987
Quaternion norm:
1, 1, 1, 1, 1, 1, 1, 1, 1, 1, 1, 1, 1, 1, 
v measurement:
  0.00531818  -0.00118355   0.00308186   0.00731708   -0.0358549   0.00863261     0.054962  -0.00863118   -0.0077805    -0.013652   0.00240373   -0.0885965    0.0519442   -0.0136983  -0.00174743   0.00202664 -0.000233031    0.0486691   -0.0942829   -0.0171075    0.0658379   -0.0587625   0.00550926   0.00400434     -0.02051  -0.00110688 -0.000492258    0.0004519    0.0312366  0.000873764 -0.000861349    0.0104415   0.00265461    0.0067578  0.000301023    0.0048557
v0 MPC last solution:
  0.00322853  -0.00133294   0.00188625   0.00636014   -0.0382901   0.00840063    0.0471337  -0.00568328  -0.00999246   0.00110038  3.25039e-05    -0.122585    0.0434425   -0.0131444  -0.00118695    0.0171947   0.00206097    0.0646606   -0.0946338   -0.0165002    0.0833061   -0.0596388   0.00617593   0.00420788   -0.0184733 -0.000394738 -0.000961098  0.000333862    0.0336744   0.00215276  -0.00127148    0.0123013   0.00217635   0.00639099   0.00023147    0.0048557
Predicted v MPC last solution:
 -0.00104832   0.00129127   0.00454364   -0.0326746   0.00776433    0.0674386  -0.00646103  -0.00364782   -0.0490622    0.0233705   -0.0425212    0.0819274   -0.0118197  -0.00045309   -0.0825242    0.0974727      0.14378   -0.0899763   -0.0142021    0.0713541   -0.0533637     0.002753  0.000671603   -0.0160329 -0.000106237 -0.000895906  0.000249974    0.0374305  -0.00130596   0.00140777   0.00775652   0.00454947   0.00662335 -0.000149626   0.00410588  -0.00124052
----------------------------------------------------------------------
State at time 130 ms ------------------
q measurement:
 -0.00296915 -0.000260973     0.619893  2.27748e-05  3.46599e-05 -1.05867e-05            1    -0.444146    0.0502944   0.00355541     0.938479    -0.502274   -0.0369363    -0.440316   -0.0499458  -0.00246618      0.94037    -0.502192    0.0436103  -0.00849723  -0.00159078    0.0339705    0.0668325     0.140073 -0.000165621      1.13025  2.26916e-05   3.8011e-05  -9.1948e-05    0.0754144    -0.138729  -0.00019074      1.13341 -0.000450658  0.000499421  -7.3003e-06
q0 MPC last solution:
 -0.00300185 -0.000255475     0.619874  2.98031e-06  0.000121256 -3.23036e-05            1    -0.444444    0.0503455   0.00358803     0.938589    -0.502292   -0.0365775      -0.4406   -0.0498754   -0.0024567     0.940402    -0.502185    0.0434051  -0.00802683  -0.00150317    0.0336916     0.067124     0.140047 -0.000185486      1.13036  3.05376e-05  3.93067e-05 -9.46924e-05     0.075267     -0.13873 -0.000187475      1.13336  -0.00046509  0.000464752 -9.05831e-06
Predicted q MPC over horizon:
 -0.00300185 -0.000255475     0.619874  2.98031e-06  0.000121256 -3.23036e-05            1    -0.444444    0.0503455   0.00358803     0.938589    -0.502292   -0.0365775      -0.4406   -0.0498754   -0.0024567     0.940402    -0.502185    0.0434051  -0.00802683  -0.00150317    0.0336916     0.067124     0.140047 -0.000185486      1.13036  3.05376e-05  3.93067e-05 -9.46924e-05     0.075267     -0.13873 -0.000187475      1.13336  -0.00046509  0.000464752 -9.05831e-06 1.22957e-308 1.22957e-308     0.622451 9.59497e-309  0.000211683 -5.38623e-05            1    -0.444403    0.0503674   0.00368475     0.938103    -0.502067   -0.0354751     -0.44037   -0.0498153  -0.00243596     0.939371    -0.501245    0.0440705   -0.0076771  -0.00142663    0.0333204    0.0673686     0.139988  -0.00023073      1.13044  3.65811e-05  4.16729e-05 -9.64035e-05    0.0751872    -0.138775 -0.000157962      1.13328 -0.000448348  0.000446526 -1.30752e-05  -0.00290743 -0.000271284     0.619885  1.02107e-06  3.25448e-05 -1.09411e-05            1    -0.443401    0.0503925   0.00358148     0.937106    -0.501428   -0.0377733    -0.439131   -0.0499268  -0.00244769     0.937786    -0.499358    0.0462621  -0.00941058   -0.0017011    0.0346894    0.0663791     0.139945 -0.000236197      1.13015  3.47584e-05  2.58333e-05  -9.6122e-05    0.0759673    -0.138921 -0.000156874      1.13345 -0.000365707  0.000574518 -2.16459e-05  -0.00284478 -0.000299439     0.619909 -2.45776e-06  1.60195e-05 -7.58654e-06            1    -0.442819    0.0505763   0.00345453     0.936102     -0.50058   -0.0416234    -0.438308   -0.0499054  -0.00247271     0.936207    -0.497821    0.0474401   -0.0110436  -0.00201548    0.0363124     0.065493     0.139783  -0.00026623       1.1299  3.35373e-05  1.41608e-05 -0.000102252    0.0767526    -0.139187 -0.000185595      1.13365 -0.000298231  0.000693864 -3.57532e-05  -0.00282518 -0.000329793     0.619937 -1.62533e-06  1.61726e-05  -9.0973e-06            1    -0.442346    0.0507397   0.00335064     0.935093    -0.499668   -0.0449975    -0.437514   -0.0498748  -0.00251532     0.934524    -0.496657    0.0481933   -0.0126191  -0.00237001    0.0386371     0.064655     0.139621 -0.000300157      1.12969  3.29497e-05  7.79872e-06 -0.000110009    0.0775193    -0.139416 -0.000213183      1.13387  -0.00024316  0.000809675 -4.83543e-05  -0.00285356  -0.00035749     0.619971 -1.58475e-06   1.8405e-05 -1.05738e-05            1     -0.44193    0.0508526   0.00328223     0.934027    -0.498722   -0.0472158     -0.43675   -0.0498425  -0.00256849     0.932751    -0.495594    0.0487877   -0.0141599  -0.00270383    0.0417587    0.0638631       0.1395 -0.000329669      1.12952  3.29966e-05  8.63866e-06 -0.000117396    0.0783074    -0.139575 -0.000232885      1.13413 -0.000198288  0.000928165 -5.80809e-05  -0.00293167 -0.000382997     0.620011 -1.80784e-06   2.1354e-05 -1.19126e-05            1    -0.441548    0.0509268   0.00324306     0.932859    -0.497733    -0.048571    -0.436018   -0.0498086  -0.00262771     0.930879    -0.494525    0.0492694   -0.0156847  -0.00302663    0.0457108    0.0631192     0.139413 -0.000355521      1.12938  3.36055e-05  1.81173e-05 -0.000124509    0.0791253    -0.139681 -0.000246688      1.13443 -0.000161855   0.00105156 -6.55468e-05  -0.00306148 -0.000407552     0.620059  -1.9834e-06  2.49417e-05 -1.31534e-05            1    -0.441191    0.0509806   0.00321954     0.931556    -0.496649   -0.0495102    -0.435316   -0.0497714  -0.00269199     0.928887    -0.493392      0.04966   -0.0172021  -0.00335662    0.0505253    0.0624241     0.139346  -0.00038008      1.12929  3.47083e-05  3.74455e-05 -0.000131822    0.0799769    -0.139754 -0.000257878      1.13477 -0.000132445   0.00118135 -7.16319e-05  -0.00324494 -0.000431547     0.620116 -2.10083e-06  2.92101e-05  -1.4377e-05            1    -0.440854    0.0510223    0.0032053     0.930097    -0.495427   -0.0502392    -0.434639   -0.0497301  -0.00276098     0.926753    -0.492154    0.0499705   -0.0187145  -0.00370197     0.056234    0.0617782     0.139293  -0.00040404      1.12923  3.62551e-05  6.75559e-05 -0.000139432     0.080865    -0.139807 -0.000267924      1.13516 -0.000108912   0.00131883 -7.67654e-05  -0.00348387 -0.000454847     0.620184 -2.20771e-06   3.4203e-05 -1.56073e-05            1    -0.440529    0.0510539   0.00319882     0.928459     -0.49404   -0.0508205     -0.43398   -0.0496843   -0.0028343     0.924455     -0.49078    0.0502083   -0.0202231   -0.0040649    0.0628681    0.0611818     0.139253 -0.000427147      1.12922  3.82107e-05  0.000109214 -0.000147226    0.0817922    -0.139846  -0.00027726      1.13558 -9.03344e-05   0.00146519 -8.11201e-05  -0.00378017  -0.00047715     0.620264 -2.32124e-06  3.99708e-05 -1.68486e-05            1    -0.440212    0.0510756       0.0032      0.92662     -0.49247   -0.0512779    -0.433335   -0.0496342   -0.0029114     0.921973    -0.489241    0.0503793   -0.0217292  -0.00444619    0.0704605    0.0606357     0.139227 -0.000449049      1.12925  4.05498e-05  0.000163151  -0.00015509    0.0827612    -0.139873 -0.000286181      1.13604 -7.59843e-05   0.00162153 -8.48269e-05  -0.00413573 -0.000498068     0.620357 -2.45151e-06  4.67079e-05 -1.81085e-05            1    -0.439897    0.0510871   0.00320923     0.924564      -0.4907    -0.051623      -0.4327   -0.0495797  -0.00299165     0.919289    -0.487509    0.0504887   -0.0232342  -0.00484626    0.0790447    0.0601412     0.139215 -0.000469549      1.12932  4.32548e-05  0.000230085 -0.000162958    0.0837751    -0.139893 -0.000295096      1.13655 -6.52985e-05   0.00178893 -8.80383e-05  -0.00455226 -0.000517142     0.620466 -2.63172e-06  5.61066e-05 -1.95112e-05            1    -0.439583     0.051088    0.0032272      0.92227    -0.488716   -0.0518626    -0.432076   -0.0495211  -0.00307424     0.916388    -0.485558    0.0505406   -0.0247391  -0.00526528    0.0886504    0.0597002     0.139217  -0.00048871      1.12944  4.63132e-05  0.000310696 -0.000170846    0.0848371     -0.13991 -0.000304627       1.1371 -5.78552e-05   0.00196835 -9.09558e-05  -0.00502945  -0.00053377     0.620593 -3.09866e-06  8.52471e-05 -2.27216e-05            1      -0.4393    0.0510801   0.00325693     0.919723    -0.486501   -0.0520014    -0.431496   -0.0494563  -0.00315605     0.913252    -0.483361    0.0505377    -0.026242  -0.00570133    0.0992582    0.0593182     0.139231 -0.000506913       1.1296  4.97095e-05  0.000405415  -0.00017885    0.0859506    -0.139928 -0.000315653       1.1377 -5.33545e-05   0.00216034 -9.38416e-05  -0.00554657 -0.000546565     0.620736 -5.13015e-06  0.000309194   -4.932e-05            1    -0.439399    0.0510901   0.00333208      0.91689    -0.484021   -0.0520429    -0.431337   -0.0493569  -0.00320245     0.909861    -0.480864    0.0504798   -0.0277041  -0.00613216     0.110342    0.0590403     0.139249 -0.000524584      1.12981  5.33395e-05  0.000512556 -0.000186975    0.0871229    -0.139953 -0.000329142      1.13833 -5.15922e-05   0.00236113 -9.69685e-05  -0.00539336 -0.000538498     0.621082 -1.76189e-05  0.000488005 -0.000170641            1    -0.436921    0.0504827   0.00495683     0.908532    -0.377363     0.111063    -0.428801    -0.048719  -0.00465981     0.901676    -0.371532   -0.0962682   -0.0288267  -0.00631688     0.117055     0.061963     0.139203  -0.00132438      1.13471   -0.0027326   -0.0070592  -0.00375901    0.0910084    -0.140145 -0.000716312      1.14392   -0.0021474  -0.00356762   0.00140987
Quaternion norm:
1, 1, 1, 1, 1, 1, 1, 1, 1, 1, 1, 1, 1, 1, 
v measurement:
  0.00734745  -0.00104448   0.00429517   0.00832563   -0.0338834   0.00870413    0.0628048   -0.0112209  -0.00569998   -0.0274226   0.00450318   -0.0614265    0.0600262   -0.0143445  -0.00195051   -0.0115998  -0.00199872    0.0363982   -0.0939489   -0.0178116    0.0491839   -0.0580112     0.004882   0.00397295   -0.0226594  -0.00188728 -0.000118452  0.000620659    0.0282325  -0.00031669 -0.000523098   0.00883651   0.00302606   0.00703793   0.00038698    0.0048557
v0 MPC last solution:
  0.00531818  -0.00118355   0.00308186   0.00731708   -0.0358549   0.00863261     0.054962  -0.00863118   -0.0077805    -0.013652   0.00240373   -0.0885965    0.0519442   -0.0136983  -0.00174743   0.00202664 -0.000233031    0.0486691   -0.0942829   -0.0171075    0.0658379   -0.0587625   0.00550926   0.00400434     -0.02051  -0.00110688 -0.000492258    0.0004519    0.0312366  0.000873764 -0.000861349    0.0104415   0.00265461    0.0067578  0.000301023    0.0048557
Predicted v MPC last solution:
 -0.00104832   0.00129127   0.00454364   -0.0326746   0.00776433    0.0674386  -0.00646103  -0.00364782   -0.0490622    0.0233705   -0.0425212    0.0819274   -0.0118197  -0.00045309   -0.0825242    0.0974727      0.14378   -0.0899763   -0.0142021    0.0713541   -0.0533637     0.002753  0.000671603   -0.0160329 -0.000106237 -0.000895906  0.000249974    0.0374305  -0.00130596   0.00140777   0.00775652   0.00454947   0.00662335 -0.000149626   0.00410588  -0.00124052
----------------------------------------------------------------------
State at time 135 ms ------------------
q measurement:
 -0.00292946 -0.000265417     0.619915  3.88809e-05 -3.10088e-05  3.93638e-06            1    -0.443865    0.0502537   0.00353616     0.938334    -0.502251   -0.0371811    -0.440047   -0.0499991  -0.00247277     0.940287    -0.502196    0.0437592  -0.00894387   -0.0016668     0.034165    0.0665551     0.140089 -0.000148261      1.13015  1.62727e-05  3.51252e-05 -8.91105e-05    0.0755523    -0.138735 -0.000191486      1.13345 -0.000434179  0.000531865 -5.64538e-06
q0 MPC last solution:
 -0.00296915 -0.000260973     0.619893  2.27748e-05  3.46599e-05 -1.05867e-05            1    -0.444146    0.0502944   0.00355541     0.938479    -0.502274   -0.0369363    -0.440316   -0.0499458  -0.00246618      0.94037    -0.502192    0.0436103  -0.00849723  -0.00159078    0.0339705    0.0668325     0.140073 -0.000165621      1.13025  2.26916e-05   3.8011e-05  -9.1948e-05    0.0754144    -0.138729  -0.00019074      1.13341 -0.000450658  0.000499421  -7.3003e-06
Predicted q MPC over horizon:
 -0.00296915 -0.000260973     0.619893  2.27748e-05  3.46599e-05 -1.05867e-05            1    -0.444146    0.0502944   0.00355541     0.938479    -0.502274   -0.0369363    -0.440316   -0.0499458  -0.00246618      0.94037    -0.502192    0.0436103  -0.00849723  -0.00159078    0.0339705    0.0668325     0.140073 -0.000165621      1.13025  2.26916e-05   3.8011e-05  -9.1948e-05    0.0754144    -0.138729  -0.00019074      1.13341 -0.000450658  0.000499421  -7.3003e-06  1.2951e-308  1.2951e-308     0.622451 1.01351e-308 -6.80587e-05  1.35648e-05            1    -0.443311    0.0502517   0.00351157     0.937871    -0.502203   -0.0378116    -0.439256   -0.0500297  -0.00250721     0.939337     -0.50185    0.0440542   -0.0101344  -0.00179577    0.0342996    0.0658486     0.140088  -0.00013779      1.12989  5.60477e-06  1.97531e-05 -8.61423e-05    0.0759404    -0.138774 -0.000182166      1.13351 -0.000381416   0.00060556 -5.81115e-06  -0.00258986 -0.000279526     0.620095  1.72278e-05   5.3142e-06 -7.02581e-06            1    -0.442814    0.0503844   0.00349482     0.937152    -0.502024   -0.0387802    -0.438341   -0.0499421  -0.00255551     0.937647    -0.500921    0.0445782   -0.0115547  -0.00184974    0.0346378    0.0649959     0.140027 -0.000161808      1.12962  9.20046e-06 -1.41355e-05 -8.78567e-05     0.076526    -0.138932 -0.000176269      1.13358 -0.000310464  0.000687106 -1.50593e-05  -0.00246571 -0.000286455     0.620203 -6.66221e-07  1.32717e-05 -9.27625e-06            1    -0.442255    0.0504787   0.00345595     0.936355    -0.501663   -0.0400608    -0.437455   -0.0499066   -0.0025973     0.936092    -0.499827    0.0453199   -0.0130031  -0.00196765    0.0360753    0.0641248     0.139969 -0.000187239      1.12937  1.26958e-05 -4.27711e-05 -9.14101e-05    0.0772113    -0.139144 -0.000191879      1.13374 -0.000252383  0.000779829 -2.79264e-05  -0.00239482 -0.000297489     0.620316 -2.03825e-06  1.56358e-05 -1.09149e-05            1    -0.441745    0.0505373   0.00343827     0.935492     -0.50118   -0.0411971    -0.436622   -0.0498909  -0.00263046     0.934501    -0.498783     0.045849   -0.0144478  -0.00216823    0.0383824     0.063302     0.139905  -0.00021531      1.12916  1.60017e-05 -6.14309e-05 -9.67268e-05    0.0779148    -0.139323 -0.000207622      1.13393  -0.00020498  0.000876644 -3.92809e-05  -0.00237759 -0.000309639     0.620435 -1.95688e-06  1.80302e-05  -1.2122e-05            1    -0.441283    0.0505852   0.00342531     0.934531    -0.500563   -0.0421811     -0.43584   -0.0498725  -0.00266939     0.932839    -0.497725    0.0462649   -0.0158819  -0.00239548    0.0415706    0.0625272     0.139842 -0.000244436      1.12899  1.92064e-05 -6.94474e-05 -0.000103201    0.0786521     -0.13947 -0.000222788      1.13417 -0.000166378  0.000980112  -4.9146e-05  -0.00241541 -0.000321873     0.620561 -1.90774e-06  2.09879e-05 -1.32751e-05            1    -0.440855    0.0506199    0.0034207     0.933437    -0.499803     -0.04291    -0.435102   -0.0498493  -0.00271327     0.931072    -0.496596    0.0465978   -0.0173103  -0.00263899    0.0456694    0.0618055      0.13979 -0.000272473      1.12887  2.23643e-05 -6.57434e-05 -0.000110181    0.0794241    -0.139586 -0.000236164      1.13446 -0.000135071   0.00109162 -5.74143e-05  -0.00251009 -0.000334139     0.620695 -1.92548e-06  2.46396e-05 -1.43901e-05            1    -0.440452    0.0506441   0.00342288      0.93218    -0.498875   -0.0434619      -0.4344   -0.0498213  -0.00276158     0.929172    -0.495354    0.0468643   -0.0187359  -0.00290193    0.0507124    0.0611368     0.139748 -0.000299126      1.12878  2.55217e-05 -4.95842e-05 -0.000117483    0.0802336    -0.139676 -0.000248075      1.13479 -0.000109835   0.00121235 -6.43148e-05   -0.0026636 -0.000346371     0.620839 -1.95926e-06   2.9045e-05 -1.55023e-05            1    -0.440064    0.0506601   0.00343073     0.930733    -0.497757   -0.0439015    -0.433723   -0.0497883   -0.0028141      0.92711    -0.493966    0.0470735   -0.0201592  -0.00318779    0.0567355     0.060521     0.139719 -0.000324255      1.12874  2.87196e-05 -2.02804e-05 -0.000124985    0.0810832    -0.139746   -0.0002589      1.13516 -8.96844e-05   0.00134342 -7.00655e-05  -0.00287803 -0.000358344     0.620996 -2.00462e-06  3.42463e-05 -1.66233e-05            1    -0.439685    0.0506682   0.00344431     0.929073     -0.49643   -0.0442526    -0.433064   -0.0497504  -0.00287073      0.92486    -0.492407    0.0472313   -0.0215808  -0.00349847    0.0637767    0.0599589     0.139702 -0.000347559      1.12875  3.19934e-05  2.28879e-05 -0.000132548    0.0819759    -0.139801 -0.000268833      1.13558 -7.38302e-05   0.00148588 -7.48202e-05  -0.00315556 -0.000369751     0.621166 -2.06801e-06  4.02995e-05 -1.77537e-05            1    -0.439308     0.050668   0.00346408     0.927177    -0.494878   -0.0445258    -0.432417   -0.0497077  -0.00293136     0.922398    -0.490652    0.0473421   -0.0230013  -0.00383548    0.0718759    0.0594522     0.139698 -0.000368829       1.1288  3.53732e-05  8.06699e-05 -0.000140077    0.0829146    -0.139843  -0.00027814      1.13604 -6.16517e-05   0.00164079 -7.87336e-05  -0.00349843 -0.000380227     0.621352 -2.15553e-06   4.7421e-05  -1.8902e-05            1    -0.438926    0.0506592   0.00349065     0.925024    -0.493087   -0.0447268    -0.431776   -0.0496605   -0.0029958       0.9197    -0.488677    0.0474091   -0.0244213  -0.00420027    0.0810738    0.0590027     0.139708  -0.00038806       1.1289  3.88845e-05  0.000153824 -0.000147543    0.0839022    -0.139876  -0.00028726      1.13655  -5.2669e-05   0.00180915 -8.19913e-05  -0.00390865 -0.000389337     0.621556 -2.29318e-06  5.74598e-05  -2.0184e-05            1    -0.438539    0.0506412   0.00352489     0.922595     -0.49104   -0.0448593    -0.431137   -0.0496088  -0.00306367     0.916745    -0.486463    0.0474351   -0.0258411  -0.00459413    0.0914071    0.0586128      0.13973 -0.000405526      1.12904   4.2548e-05  0.000243089 -0.000155002    0.0849417    -0.139904 -0.000296851      1.13711 -4.65235e-05   0.00199191 -8.48262e-05  -0.00438601 -0.000396514     0.621781 -2.68194e-06  8.90312e-05 -2.31377e-05            1     -0.43818    0.0506153    0.0035698     0.919869    -0.488721   -0.0449251    -0.430537   -0.0495508   -0.0031324     0.913512    -0.483984    0.0474221   -0.0272585  -0.00501627     0.102859    0.0582882      0.13976 -0.000421832      1.12924  4.63719e-05  0.000348941 -0.000162597    0.0860366    -0.139933 -0.000307821      1.13772 -4.29605e-05   0.00218964 -8.75293e-05  -0.00490812 -0.000400503     0.622025 -4.39224e-06  0.000332855 -4.77112e-05            1    -0.438231     0.050606   0.00365675      0.91681     -0.48609    -0.044926    -0.430381   -0.0494605     -0.00317     0.909973    -0.481184    0.0473696   -0.0286373  -0.00544518     0.114862    0.0580747     0.139792 -0.000437675      1.12949  5.02662e-05  0.000469376  -0.00017039    0.0871974    -0.139966 -0.000321169      1.13837  -4.1797e-05    0.0023984  -9.0407e-05  -0.00471597  -0.00038586     0.622474 -1.67142e-05  0.000540364 -0.000162665            1    -0.435648    0.0499597   0.00537888     0.908373    -0.374555      0.12747    -0.427783   -0.0487933   -0.0046966     0.901759    -0.366601    -0.109079   -0.0297127  -0.00563698     0.122194    0.0612254     0.139772  -0.00121887      1.13474  -0.00297961  -0.00712708    -0.003948     0.091232    -0.140185 -0.000726658      1.14421  -0.00321035  -0.00371749   0.00163019
Quaternion norm:
1, 1, 1, 1, 1, 1, 1, 1, 1, 1, 1, 1, 1, 1, 
v measurement:
  0.00832615 -0.000785068   0.00458859   0.00519277   -0.0212455    0.0038644    0.0517809  -0.00608686  -0.00266196    -0.029933    0.0045106   -0.0413912    0.0498771  -0.00820277 -0.000846196   -0.0199979  0.000163315    0.0257823   -0.0862499   -0.0134704    0.0321171   -0.0537895    0.0023483   0.00315196   -0.0198967 -0.000892227 -0.000895329  0.000538689     0.027088  -0.00164635  9.62445e-05   0.00694757   0.00346452    0.0061116  0.000294675    0.0115196
v0 MPC last solution:
  0.00734745  -0.00104448   0.00429517   0.00832563   -0.0338834   0.00870413    0.0628048   -0.0112209  -0.00569998   -0.0274226   0.00450318   -0.0614265    0.0600262   -0.0143445  -0.00195051   -0.0115998  -0.00199872    0.0363982   -0.0939489   -0.0178116    0.0491839   -0.0580112     0.004882   0.00397295   -0.0226594  -0.00188728 -0.000118452  0.000620659    0.0282325  -0.00031669 -0.000523098   0.00883651   0.00302606   0.00703793   0.00038698    0.0115196
Predicted v MPC last solution:
-0.000308893   0.00529981  -0.00306816    0.0133399  -0.00387308    0.0206437    0.0069559   0.00131184   -0.0333693   0.00256711   -0.0260858    0.0460048   0.00595954  -0.00215549   -0.0917274    0.0361684   0.00799381   -0.0697699  -0.00268719   -0.0162746   -0.0403812  -0.00331385   -0.0011899   -0.0133711  0.000178602  -0.00170734 -4.00904e-05    0.0243721  -0.00414715    0.0013805  0.000883226   0.00389814   0.00357594 -0.000238067   0.00754267 -0.000193051
----------------------------------------------------------------------
State at time 140 ms ------------------
q measurement:
 -0.00288497 -0.000268578     0.619939  4.72056e-05 -6.56081e-05  6.19296e-06            1    -0.443639     0.050239   0.00353123     0.938178     -0.50223   -0.0373418    -0.439828   -0.0500217  -0.00247285     0.940164    -0.502187    0.0438632  -0.00935213  -0.00172124    0.0342757    0.0662988     0.140094 -0.000134714      1.13005  1.46043e-05  2.80795e-05  -8.6544e-05    0.0756833    -0.138747 -0.000189207      1.13348 -0.000415756  0.000559419 -4.43572e-06
q0 MPC last solution:
 -0.00292946 -0.000265417     0.619915  3.88809e-05 -3.10088e-05  3.93638e-06            1    -0.443865    0.0502537   0.00353616     0.938334    -0.502251   -0.0371811    -0.440047   -0.0499991  -0.00247277     0.940287    -0.502196    0.0437592  -0.00894387   -0.0016668     0.034165    0.0665551     0.140089 -0.000148261      1.13015  1.62727e-05  3.51252e-05 -8.91105e-05    0.0755523    -0.138735 -0.000191486      1.13345 -0.000434179  0.000531865 -5.64538e-06
Predicted q MPC over horizon:
 -0.00292946 -0.000265417     0.619915  3.88809e-05 -3.10088e-05  3.93638e-06            1    -0.443865    0.0502537   0.00353616     0.938334    -0.502251   -0.0371811    -0.440047   -0.0499991  -0.00247277     0.940287    -0.502196    0.0437592  -0.00894387   -0.0016668     0.034165    0.0665551     0.140089 -0.000148261      1.13015  1.62727e-05  3.51252e-05 -8.91105e-05    0.0755523    -0.138735 -0.000191486      1.13345 -0.000434179  0.000531865 -5.64538e-06  1.2951e-308  1.2951e-308     0.622451 1.01351e-308 -6.80587e-05  1.35648e-05            1    -0.443311    0.0502517   0.00351157     0.937871    -0.502203   -0.0378116    -0.439256   -0.0500297  -0.00250721     0.939337     -0.50185    0.0440542   -0.0101344  -0.00179577    0.0342996    0.0658486     0.140088  -0.00013779      1.12989  5.60477e-06  1.97531e-05 -8.61423e-05    0.0759404    -0.138774 -0.000182166      1.13351 -0.000381416   0.00060556 -5.81115e-06  -0.00258986 -0.000279526     0.620095  1.72278e-05   5.3142e-06 -7.02581e-06            1    -0.442814    0.0503844   0.00349482     0.937152    -0.502024   -0.0387802    -0.438341   -0.0499421  -0.00255551     0.937647    -0.500921    0.0445782   -0.0115547  -0.00184974    0.0346378    0.0649959     0.140027 -0.000161808      1.12962  9.20046e-06 -1.41355e-05 -8.78567e-05     0.076526    -0.138932 -0.000176269      1.13358 -0.000310464  0.000687106 -1.50593e-05  -0.00246571 -0.000286455     0.620203 -6.66221e-07  1.32717e-05 -9.27625e-06            1    -0.442255    0.0504787   0.00345595     0.936355    -0.501663   -0.0400608    -0.437455   -0.0499066   -0.0025973     0.936092    -0.499827    0.0453199   -0.0130031  -0.00196765    0.0360753    0.0641248     0.139969 -0.000187239      1.12937  1.26958e-05 -4.27711e-05 -9.14101e-05    0.0772113    -0.139144 -0.000191879      1.13374 -0.000252383  0.000779829 -2.79264e-05  -0.00239482 -0.000297489     0.620316 -2.03825e-06  1.56358e-05 -1.09149e-05            1    -0.441745    0.0505373   0.00343827     0.935492     -0.50118   -0.0411971    -0.436622   -0.0498909  -0.00263046     0.934501    -0.498783     0.045849   -0.0144478  -0.00216823    0.0383824     0.063302     0.139905  -0.00021531      1.12916  1.60017e-05 -6.14309e-05 -9.67268e-05    0.0779148    -0.139323 -0.000207622      1.13393  -0.00020498  0.000876644 -3.92809e-05  -0.00237759 -0.000309639     0.620435 -1.95688e-06  1.80302e-05  -1.2122e-05            1    -0.441283    0.0505852   0.00342531     0.934531    -0.500563   -0.0421811     -0.43584   -0.0498725  -0.00266939     0.932839    -0.497725    0.0462649   -0.0158819  -0.00239548    0.0415706    0.0625272     0.139842 -0.000244436      1.12899  1.92064e-05 -6.94474e-05 -0.000103201    0.0786521     -0.13947 -0.000222788      1.13417 -0.000166378  0.000980112  -4.9146e-05  -0.00241541 -0.000321873     0.620561 -1.90774e-06  2.09879e-05 -1.32751e-05            1    -0.440855    0.0506199    0.0034207     0.933437    -0.499803     -0.04291    -0.435102   -0.0498493  -0.00271327     0.931072    -0.496596    0.0465978   -0.0173103  -0.00263899    0.0456694    0.0618055      0.13979 -0.000272473      1.12887  2.23643e-05 -6.57434e-05 -0.000110181    0.0794241    -0.139586 -0.000236164      1.13446 -0.000135071   0.00109162 -5.74143e-05  -0.00251009 -0.000334139     0.620695 -1.92548e-06  2.46396e-05 -1.43901e-05            1    -0.440452    0.0506441   0.00342288      0.93218    -0.498875   -0.0434619      -0.4344   -0.0498213  -0.00276158     0.929172    -0.495354    0.0468643   -0.0187359  -0.00290193    0.0507124    0.0611368     0.139748 -0.000299126      1.12878  2.55217e-05 -4.95842e-05 -0.000117483    0.0802336    -0.139676 -0.000248075      1.13479 -0.000109835   0.00121235 -6.43148e-05   -0.0026636 -0.000346371     0.620839 -1.95926e-06   2.9045e-05 -1.55023e-05            1    -0.440064    0.0506601   0.00343073     0.930733    -0.497757   -0.0439015    -0.433723   -0.0497883   -0.0028141      0.92711    -0.493966    0.0470735   -0.0201592  -0.00318779    0.0567355     0.060521     0.139719 -0.000324255      1.12874  2.87196e-05 -2.02804e-05 -0.000124985    0.0810832    -0.139746   -0.0002589      1.13516 -8.96844e-05   0.00134342 -7.00655e-05  -0.00287803 -0.000358344     0.620996 -2.00462e-06  3.42463e-05 -1.66233e-05            1    -0.439685    0.0506682   0.00344431     0.929073     -0.49643   -0.0442526    -0.433064   -0.0497504  -0.00287073      0.92486    -0.492407    0.0472313   -0.0215808  -0.00349847    0.0637767    0.0599589     0.139702 -0.000347559      1.12875  3.19934e-05  2.28879e-05 -0.000132548    0.0819759    -0.139801 -0.000268833      1.13558 -7.38302e-05   0.00148588 -7.48202e-05  -0.00315556 -0.000369751     0.621166 -2.06801e-06  4.02995e-05 -1.77537e-05            1    -0.439308     0.050668   0.00346408     0.927177    -0.494878   -0.0445258    -0.432417   -0.0497077  -0.00293136     0.922398    -0.490652    0.0473421   -0.0230013  -0.00383548    0.0718759    0.0594522     0.139698 -0.000368829       1.1288  3.53732e-05  8.06699e-05 -0.000140077    0.0829146    -0.139843  -0.00027814      1.13604 -6.16517e-05   0.00164079 -7.87336e-05  -0.00349843 -0.000380227     0.621352 -2.15553e-06   4.7421e-05  -1.8902e-05            1    -0.438926    0.0506592   0.00349065     0.925024    -0.493087   -0.0447268    -0.431776   -0.0496605   -0.0029958       0.9197    -0.488677    0.0474091   -0.0244213  -0.00420027    0.0810738    0.0590027     0.139708  -0.00038806       1.1289  3.88845e-05  0.000153824 -0.000147543    0.0839022    -0.139876  -0.00028726      1.13655  -5.2669e-05   0.00180915 -8.19913e-05  -0.00390865 -0.000389337     0.621556 -2.29318e-06  5.74598e-05  -2.0184e-05            1    -0.438539    0.0506412   0.00352489     0.922595     -0.49104   -0.0448593    -0.431137   -0.0496088  -0.00306367     0.916745    -0.486463    0.0474351   -0.0258411  -0.00459413    0.0914071    0.0586128      0.13973 -0.000405526      1.12904   4.2548e-05  0.000243089 -0.000155002    0.0849417    -0.139904 -0.000296851      1.13711 -4.65235e-05   0.00199191 -8.48262e-05  -0.00438601 -0.000396514     0.621781 -2.68194e-06  8.90312e-05 -2.31377e-05            1     -0.43818    0.0506153    0.0035698     0.919869    -0.488721   -0.0449251    -0.430537   -0.0495508   -0.0031324     0.913512    -0.483984    0.0474221   -0.0272585  -0.00501627     0.102859    0.0582882      0.13976 -0.000421832      1.12924  4.63719e-05  0.000348941 -0.000162597    0.0860366    -0.139933 -0.000307821      1.13772 -4.29605e-05   0.00218964 -8.75293e-05  -0.00490812 -0.000400503     0.622025 -4.39224e-06  0.000332855 -4.77112e-05            1    -0.438231     0.050606   0.00365675      0.91681     -0.48609    -0.044926    -0.430381   -0.0494605     -0.00317     0.909973    -0.481184    0.0473696   -0.0286373  -0.00544518     0.114862    0.0580747     0.139792 -0.000437675      1.12949  5.02662e-05  0.000469376  -0.00017039    0.0871974    -0.139966 -0.000321169      1.13837  -4.1797e-05    0.0023984  -9.0407e-05  -0.00471597  -0.00038586     0.622474 -1.67142e-05  0.000540364 -0.000162665            1    -0.435648    0.0499597   0.00537888     0.908373    -0.374555      0.12747    -0.427783   -0.0487933   -0.0046966     0.901759    -0.366601    -0.109079   -0.0297127  -0.00563698     0.122194    0.0612254     0.139772  -0.00121887      1.13474  -0.00297961  -0.00712708    -0.003948     0.091232    -0.140185 -0.000726658      1.14421  -0.00321035  -0.00371749   0.00163019
Quaternion norm:
1, 1, 1, 1, 1, 1, 1, 1, 1, 1, 1, 1, 1, 1, 
v measurement:
  0.00927656 -0.000530232   0.00489741   0.00209041  -0.00893435  -0.00108384    0.0409479 -0.000828036  0.000100782    -0.031924   0.00414461   -0.0266283    0.0396139  -0.00207558  0.000574239   -0.0275318   0.00269473    0.0177767   -0.0785941  -0.00917056    0.0155668   -0.0495593 -0.000171323   0.00242554    -0.017222  3.00637e-05  -0.00176362  0.000501779    0.0255748  -0.00291952  0.000693558   0.00528984   0.00382064   0.00509822  0.000207012    0.0115196
v0 MPC last solution:
  0.00832615 -0.000785068   0.00458859   0.00519277   -0.0212455    0.0038644    0.0517809  -0.00608686  -0.00266196    -0.029933    0.0045106   -0.0413912    0.0498771  -0.00820277 -0.000846196   -0.0199979  0.000163315    0.0257823   -0.0862499   -0.0134704    0.0321171   -0.0537895    0.0023483   0.00315196   -0.0198967 -0.000892227 -0.000895329  0.000538689     0.027088  -0.00164635  9.62445e-05   0.00694757   0.00346452    0.0061116  0.000294675    0.0115196
Predicted v MPC last solution:
-0.000308893   0.00529981  -0.00306816    0.0133399  -0.00387308    0.0206437    0.0069559   0.00131184   -0.0333693   0.00256711   -0.0260858    0.0460048   0.00595954  -0.00215549   -0.0917274    0.0361684   0.00799381   -0.0697699  -0.00268719   -0.0162746   -0.0403812  -0.00331385   -0.0011899   -0.0133711  0.000178602  -0.00170734 -4.00904e-05    0.0243721  -0.00414715    0.0013805  0.000883226   0.00389814   0.00357594 -0.000238067   0.00754267 -0.000193051
----------------------------------------------------------------------
State at time 145 ms ------------------
q measurement:
 -0.00283579 -0.000270478     0.619964   4.7793e-05 -6.96962e-05 -4.04915e-06            1    -0.443466     0.050251   0.00353949     0.938014    -0.502211   -0.0374422    -0.439661   -0.0500137  -0.00246513     0.940006    -0.502165    0.0439334  -0.00972227  -0.00175424    0.0343047    0.0660639     0.140085 -0.000124563      1.12998  1.73722e-05  1.64296e-05 -8.40491e-05    0.0758059    -0.138765 -0.000183958       1.1335 -0.000395789  0.000581636 -3.66412e-06
q0 MPC last solution:
 -0.00288497 -0.000268578     0.619939  4.72056e-05 -6.56081e-05  6.19296e-06            1    -0.443639     0.050239   0.00353123     0.938178     -0.50223   -0.0373418    -0.439828   -0.0500217  -0.00247285     0.940164    -0.502187    0.0438632  -0.00935213  -0.00172124    0.0342757    0.0662988     0.140094 -0.000134714      1.13005  1.46043e-05  2.80795e-05  -8.6544e-05    0.0756833    -0.138747 -0.000189207      1.13348 -0.000415756  0.000559419 -4.43572e-06
Predicted q MPC over horizon:
 -0.00288497 -0.000268578     0.619939  4.72056e-05 -6.56081e-05  6.19296e-06            1    -0.443639     0.050239   0.00353123     0.938178     -0.50223   -0.0373418    -0.439828   -0.0500217  -0.00247285     0.940164    -0.502187    0.0438632  -0.00935213  -0.00172124    0.0342757    0.0662988     0.140094 -0.000134714      1.13005  1.46043e-05  2.80795e-05  -8.6544e-05    0.0756833    -0.138747 -0.000189207      1.13348 -0.000415756  0.000559419 -4.43572e-06  1.2951e-308  1.2951e-308     0.622451 1.01351e-308 -6.80587e-05  1.35648e-05            1    -0.443311    0.0502517   0.00351157     0.937871    -0.502203   -0.0378116    -0.439256   -0.0500297  -0.00250721     0.939337     -0.50185    0.0440542   -0.0101344  -0.00179577    0.0342996    0.0658486     0.140088  -0.00013779      1.12989  5.60477e-06  1.97531e-05 -8.61423e-05    0.0759404    -0.138774 -0.000182166      1.13351 -0.000381416   0.00060556 -5.81115e-06  -0.00258986 -0.000279526     0.620095  1.72278e-05   5.3142e-06 -7.02581e-06            1    -0.442814    0.0503844   0.00349482     0.937152    -0.502024   -0.0387802    -0.438341   -0.0499421  -0.00255551     0.937647    -0.500921    0.0445782   -0.0115547  -0.00184974    0.0346378    0.0649959     0.140027 -0.000161808      1.12962  9.20046e-06 -1.41355e-05 -8.78567e-05     0.076526    -0.138932 -0.000176269      1.13358 -0.000310464  0.000687106 -1.50593e-05  -0.00246571 -0.000286455     0.620203 -6.66221e-07  1.32717e-05 -9.27625e-06            1    -0.442255    0.0504787   0.00345595     0.936355    -0.501663   -0.0400608    -0.437455   -0.0499066   -0.0025973     0.936092    -0.499827    0.0453199   -0.0130031  -0.00196765    0.0360753    0.0641248     0.139969 -0.000187239      1.12937  1.26958e-05 -4.27711e-05 -9.14101e-05    0.0772113    -0.139144 -0.000191879      1.13374 -0.000252383  0.000779829 -2.79264e-05  -0.00239482 -0.000297489     0.620316 -2.03825e-06  1.56358e-05 -1.09149e-05            1    -0.441745    0.0505373   0.00343827     0.935492     -0.50118   -0.0411971    -0.436622   -0.0498909  -0.00263046     0.934501    -0.498783     0.045849   -0.0144478  -0.00216823    0.0383824     0.063302     0.139905  -0.00021531      1.12916  1.60017e-05 -6.14309e-05 -9.67268e-05    0.0779148    -0.139323 -0.000207622      1.13393  -0.00020498  0.000876644 -3.92809e-05  -0.00237759 -0.000309639     0.620435 -1.95688e-06  1.80302e-05  -1.2122e-05            1    -0.441283    0.0505852   0.00342531     0.934531    -0.500563   -0.0421811     -0.43584   -0.0498725  -0.00266939     0.932839    -0.497725    0.0462649   -0.0158819  -0.00239548    0.0415706    0.0625272     0.139842 -0.000244436      1.12899  1.92064e-05 -6.94474e-05 -0.000103201    0.0786521     -0.13947 -0.000222788      1.13417 -0.000166378  0.000980112  -4.9146e-05  -0.00241541 -0.000321873     0.620561 -1.90774e-06  2.09879e-05 -1.32751e-05            1    -0.440855    0.0506199    0.0034207     0.933437    -0.499803     -0.04291    -0.435102   -0.0498493  -0.00271327     0.931072    -0.496596    0.0465978   -0.0173103  -0.00263899    0.0456694    0.0618055      0.13979 -0.000272473      1.12887  2.23643e-05 -6.57434e-05 -0.000110181    0.0794241    -0.139586 -0.000236164      1.13446 -0.000135071   0.00109162 -5.74143e-05  -0.00251009 -0.000334139     0.620695 -1.92548e-06  2.46396e-05 -1.43901e-05            1    -0.440452    0.0506441   0.00342288      0.93218    -0.498875   -0.0434619      -0.4344   -0.0498213  -0.00276158     0.929172    -0.495354    0.0468643   -0.0187359  -0.00290193    0.0507124    0.0611368     0.139748 -0.000299126      1.12878  2.55217e-05 -4.95842e-05 -0.000117483    0.0802336    -0.139676 -0.000248075      1.13479 -0.000109835   0.00121235 -6.43148e-05   -0.0026636 -0.000346371     0.620839 -1.95926e-06   2.9045e-05 -1.55023e-05            1    -0.440064    0.0506601   0.00343073     0.930733    -0.497757   -0.0439015    -0.433723   -0.0497883   -0.0028141      0.92711    -0.493966    0.0470735   -0.0201592  -0.00318779    0.0567355     0.060521     0.139719 -0.000324255      1.12874  2.87196e-05 -2.02804e-05 -0.000124985    0.0810832    -0.139746   -0.0002589      1.13516 -8.96844e-05   0.00134342 -7.00655e-05  -0.00287803 -0.000358344     0.620996 -2.00462e-06  3.42463e-05 -1.66233e-05            1    -0.439685    0.0506682   0.00344431     0.929073     -0.49643   -0.0442526    -0.433064   -0.0497504  -0.00287073      0.92486    -0.492407    0.0472313   -0.0215808  -0.00349847    0.0637767    0.0599589     0.139702 -0.000347559      1.12875  3.19934e-05  2.28879e-05 -0.000132548    0.0819759    -0.139801 -0.000268833      1.13558 -7.38302e-05   0.00148588 -7.48202e-05  -0.00315556 -0.000369751     0.621166 -2.06801e-06  4.02995e-05 -1.77537e-05            1    -0.439308     0.050668   0.00346408     0.927177    -0.494878   -0.0445258    -0.432417   -0.0497077  -0.00293136     0.922398    -0.490652    0.0473421   -0.0230013  -0.00383548    0.0718759    0.0594522     0.139698 -0.000368829       1.1288  3.53732e-05  8.06699e-05 -0.000140077    0.0829146    -0.139843  -0.00027814      1.13604 -6.16517e-05   0.00164079 -7.87336e-05  -0.00349843 -0.000380227     0.621352 -2.15553e-06   4.7421e-05  -1.8902e-05            1    -0.438926    0.0506592   0.00349065     0.925024    -0.493087   -0.0447268    -0.431776   -0.0496605   -0.0029958       0.9197    -0.488677    0.0474091   -0.0244213  -0.00420027    0.0810738    0.0590027     0.139708  -0.00038806       1.1289  3.88845e-05  0.000153824 -0.000147543    0.0839022    -0.139876  -0.00028726      1.13655  -5.2669e-05   0.00180915 -8.19913e-05  -0.00390865 -0.000389337     0.621556 -2.29318e-06  5.74598e-05  -2.0184e-05            1    -0.438539    0.0506412   0.00352489     0.922595     -0.49104   -0.0448593    -0.431137   -0.0496088  -0.00306367     0.916745    -0.486463    0.0474351   -0.0258411  -0.00459413    0.0914071    0.0586128      0.13973 -0.000405526      1.12904   4.2548e-05  0.000243089 -0.000155002    0.0849417    -0.139904 -0.000296851      1.13711 -4.65235e-05   0.00199191 -8.48262e-05  -0.00438601 -0.000396514     0.621781 -2.68194e-06  8.90312e-05 -2.31377e-05            1     -0.43818    0.0506153    0.0035698     0.919869    -0.488721   -0.0449251    -0.430537   -0.0495508   -0.0031324     0.913512    -0.483984    0.0474221   -0.0272585  -0.00501627     0.102859    0.0582882      0.13976 -0.000421832      1.12924  4.63719e-05  0.000348941 -0.000162597    0.0860366    -0.139933 -0.000307821      1.13772 -4.29605e-05   0.00218964 -8.75293e-05  -0.00490812 -0.000400503     0.622025 -4.39224e-06  0.000332855 -4.77112e-05            1    -0.438231     0.050606   0.00365675      0.91681     -0.48609    -0.044926    -0.430381   -0.0494605     -0.00317     0.909973    -0.481184    0.0473696   -0.0286373  -0.00544518     0.114862    0.0580747     0.139792 -0.000437675      1.12949  5.02662e-05  0.000469376  -0.00017039    0.0871974    -0.139966 -0.000321169      1.13837  -4.1797e-05    0.0023984  -9.0407e-05  -0.00471597  -0.00038586     0.622474 -1.67142e-05  0.000540364 -0.000162665            1    -0.435648    0.0499597   0.00537888     0.908373    -0.374555      0.12747    -0.427783   -0.0487933   -0.0046966     0.901759    -0.366601    -0.109079   -0.0297127  -0.00563698     0.122194    0.0612254     0.139772  -0.00121887      1.13474  -0.00297961  -0.00712708    -0.003948     0.091232    -0.140185 -0.000726658      1.14421  -0.00321035  -0.00371749   0.00163019
Quaternion norm:
1, 1, 1, 1, 1, 1, 1, 1, 1, 1, 1, 1, 1, 1, 
v measurement:
   0.0102111 -0.000279678    0.0052213  -0.00100249   0.00322048  -0.00611486    0.0301069   0.00458788   0.00266517   -0.0334405   0.00354948   -0.0162164     0.029125    0.0040449   0.00221511   -0.0343647   0.00561016    0.0117633   -0.0709942  -0.00488648 -0.000719839   -0.0452572  -0.00268105    0.0017755   -0.0146192   0.00089622  -0.00271876  0.000501462    0.0237847  -0.00414338   0.00128863   0.00385992   0.00409857   0.00399504  0.000118831    0.0115196
v0 MPC last solution:
  0.00927656 -0.000530232   0.00489741   0.00209041  -0.00893435  -0.00108384    0.0409479 -0.000828036  0.000100782    -0.031924   0.00414461   -0.0266283    0.0396139  -0.00207558  0.000574239   -0.0275318   0.00269473    0.0177767   -0.0785941  -0.00917056    0.0155668   -0.0495593 -0.000171323   0.00242554    -0.017222  3.00637e-05  -0.00176362  0.000501779    0.0255748  -0.00291952  0.000693558   0.00528984   0.00382064   0.00509822  0.000207012    0.0115196
Predicted v MPC last solution:
-0.000308893   0.00529981  -0.00306816    0.0133399  -0.00387308    0.0206437    0.0069559   0.00131184   -0.0333693   0.00256711   -0.0260858    0.0460048   0.00595954  -0.00215549   -0.0917274    0.0361684   0.00799381   -0.0697699  -0.00268719   -0.0162746   -0.0403812  -0.00331385   -0.0011899   -0.0133711  0.000178602  -0.00170734 -4.00904e-05    0.0243721  -0.00414715    0.0013805  0.000883226   0.00389814   0.00357594 -0.000238067   0.00754267 -0.000193051
----------------------------------------------------------------------
State at time 150 ms ------------------
q measurement:
 -0.00278194 -0.000271138     0.619991  4.06389e-05 -4.34229e-05 -2.69625e-05            1    -0.443349    0.0502906   0.00356012     0.937843    -0.502195   -0.0375012    -0.439548   -0.0499751  -0.00244874     0.939815    -0.502128    0.0439781   -0.0100546   -0.0017658    0.0342523    0.0658509     0.140064 -0.000117483      1.12991  2.43464e-05 -2.40654e-07 -8.14668e-05     0.075919     -0.13879 -0.000175683      1.13352 -0.000374648  0.000598075 -3.34545e-06
q0 MPC last solution:
 -0.00283579 -0.000270478     0.619964   4.7793e-05 -6.96962e-05 -4.04915e-06            1    -0.443466     0.050251   0.00353949     0.938014    -0.502211   -0.0374422    -0.439661   -0.0500137  -0.00246513     0.940006    -0.502165    0.0439334  -0.00972227  -0.00175424    0.0343047    0.0660639     0.140085 -0.000124563      1.12998  1.73722e-05  1.64296e-05 -8.40491e-05    0.0758059    -0.138765 -0.000183958       1.1335 -0.000395789  0.000581636 -3.66412e-06
Predicted q MPC over horizon:
 -0.00283579 -0.000270478     0.619964   4.7793e-05 -6.96962e-05 -4.04915e-06            1    -0.443466     0.050251   0.00353949     0.938014    -0.502211   -0.0374422    -0.439661   -0.0500137  -0.00246513     0.940006    -0.502165    0.0439334  -0.00972227  -0.00175424    0.0343047    0.0660639     0.140085 -0.000124563      1.12998  1.73722e-05  1.64296e-05 -8.40491e-05    0.0758059    -0.138765 -0.000183958       1.1335 -0.000395789  0.000581636 -3.66412e-06  1.2951e-308  1.2951e-308     0.622451 1.01351e-308 -6.80587e-05  1.35648e-05            1    -0.443311    0.0502517   0.00351157     0.937871    -0.502203   -0.0378116    -0.439256   -0.0500297  -0.00250721     0.939337     -0.50185    0.0440542   -0.0101344  -0.00179577    0.0342996    0.0658486     0.140088  -0.00013779      1.12989  5.60477e-06  1.97531e-05 -8.61423e-05    0.0759404    -0.138774 -0.000182166      1.13351 -0.000381416   0.00060556 -5.81115e-06  -0.00258986 -0.000279526     0.620095  1.72278e-05   5.3142e-06 -7.02581e-06            1    -0.442814    0.0503844   0.00349482     0.937152    -0.502024   -0.0387802    -0.438341   -0.0499421  -0.00255551     0.937647    -0.500921    0.0445782   -0.0115547  -0.00184974    0.0346378    0.0649959     0.140027 -0.000161808      1.12962  9.20046e-06 -1.41355e-05 -8.78567e-05     0.076526    -0.138932 -0.000176269      1.13358 -0.000310464  0.000687106 -1.50593e-05  -0.00246571 -0.000286455     0.620203 -6.66221e-07  1.32717e-05 -9.27625e-06            1    -0.442255    0.0504787   0.00345595     0.936355    -0.501663   -0.0400608    -0.437455   -0.0499066   -0.0025973     0.936092    -0.499827    0.0453199   -0.0130031  -0.00196765    0.0360753    0.0641248     0.139969 -0.000187239      1.12937  1.26958e-05 -4.27711e-05 -9.14101e-05    0.0772113    -0.139144 -0.000191879      1.13374 -0.000252383  0.000779829 -2.79264e-05  -0.00239482 -0.000297489     0.620316 -2.03825e-06  1.56358e-05 -1.09149e-05            1    -0.441745    0.0505373   0.00343827     0.935492     -0.50118   -0.0411971    -0.436622   -0.0498909  -0.00263046     0.934501    -0.498783     0.045849   -0.0144478  -0.00216823    0.0383824     0.063302     0.139905  -0.00021531      1.12916  1.60017e-05 -6.14309e-05 -9.67268e-05    0.0779148    -0.139323 -0.000207622      1.13393  -0.00020498  0.000876644 -3.92809e-05  -0.00237759 -0.000309639     0.620435 -1.95688e-06  1.80302e-05  -1.2122e-05            1    -0.441283    0.0505852   0.00342531     0.934531    -0.500563   -0.0421811     -0.43584   -0.0498725  -0.00266939     0.932839    -0.497725    0.0462649   -0.0158819  -0.00239548    0.0415706    0.0625272     0.139842 -0.000244436      1.12899  1.92064e-05 -6.94474e-05 -0.000103201    0.0786521     -0.13947 -0.000222788      1.13417 -0.000166378  0.000980112  -4.9146e-05  -0.00241541 -0.000321873     0.620561 -1.90774e-06  2.09879e-05 -1.32751e-05            1    -0.440855    0.0506199    0.0034207     0.933437    -0.499803     -0.04291    -0.435102   -0.0498493  -0.00271327     0.931072    -0.496596    0.0465978   -0.0173103  -0.00263899    0.0456694    0.0618055      0.13979 -0.000272473      1.12887  2.23643e-05 -6.57434e-05 -0.000110181    0.0794241    -0.139586 -0.000236164      1.13446 -0.000135071   0.00109162 -5.74143e-05  -0.00251009 -0.000334139     0.620695 -1.92548e-06  2.46396e-05 -1.43901e-05            1    -0.440452    0.0506441   0.00342288      0.93218    -0.498875   -0.0434619      -0.4344   -0.0498213  -0.00276158     0.929172    -0.495354    0.0468643   -0.0187359  -0.00290193    0.0507124    0.0611368     0.139748 -0.000299126      1.12878  2.55217e-05 -4.95842e-05 -0.000117483    0.0802336    -0.139676 -0.000248075      1.13479 -0.000109835   0.00121235 -6.43148e-05   -0.0026636 -0.000346371     0.620839 -1.95926e-06   2.9045e-05 -1.55023e-05            1    -0.440064    0.0506601   0.00343073     0.930733    -0.497757   -0.0439015    -0.433723   -0.0497883   -0.0028141      0.92711    -0.493966    0.0470735   -0.0201592  -0.00318779    0.0567355     0.060521     0.139719 -0.000324255      1.12874  2.87196e-05 -2.02804e-05 -0.000124985    0.0810832    -0.139746   -0.0002589      1.13516 -8.96844e-05   0.00134342 -7.00655e-05  -0.00287803 -0.000358344     0.620996 -2.00462e-06  3.42463e-05 -1.66233e-05            1    -0.439685    0.0506682   0.00344431     0.929073     -0.49643   -0.0442526    -0.433064   -0.0497504  -0.00287073      0.92486    -0.492407    0.0472313   -0.0215808  -0.00349847    0.0637767    0.0599589     0.139702 -0.000347559      1.12875  3.19934e-05  2.28879e-05 -0.000132548    0.0819759    -0.139801 -0.000268833      1.13558 -7.38302e-05   0.00148588 -7.48202e-05  -0.00315556 -0.000369751     0.621166 -2.06801e-06  4.02995e-05 -1.77537e-05            1    -0.439308     0.050668   0.00346408     0.927177    -0.494878   -0.0445258    -0.432417   -0.0497077  -0.00293136     0.922398    -0.490652    0.0473421   -0.0230013  -0.00383548    0.0718759    0.0594522     0.139698 -0.000368829       1.1288  3.53732e-05  8.06699e-05 -0.000140077    0.0829146    -0.139843  -0.00027814      1.13604 -6.16517e-05   0.00164079 -7.87336e-05  -0.00349843 -0.000380227     0.621352 -2.15553e-06   4.7421e-05  -1.8902e-05            1    -0.438926    0.0506592   0.00349065     0.925024    -0.493087   -0.0447268    -0.431776   -0.0496605   -0.0029958       0.9197    -0.488677    0.0474091   -0.0244213  -0.00420027    0.0810738    0.0590027     0.139708  -0.00038806       1.1289  3.88845e-05  0.000153824 -0.000147543    0.0839022    -0.139876  -0.00028726      1.13655  -5.2669e-05   0.00180915 -8.19913e-05  -0.00390865 -0.000389337     0.621556 -2.29318e-06  5.74598e-05  -2.0184e-05            1    -0.438539    0.0506412   0.00352489     0.922595     -0.49104   -0.0448593    -0.431137   -0.0496088  -0.00306367     0.916745    -0.486463    0.0474351   -0.0258411  -0.00459413    0.0914071    0.0586128      0.13973 -0.000405526      1.12904   4.2548e-05  0.000243089 -0.000155002    0.0849417    -0.139904 -0.000296851      1.13711 -4.65235e-05   0.00199191 -8.48262e-05  -0.00438601 -0.000396514     0.621781 -2.68194e-06  8.90312e-05 -2.31377e-05            1     -0.43818    0.0506153    0.0035698     0.919869    -0.488721   -0.0449251    -0.430537   -0.0495508   -0.0031324     0.913512    -0.483984    0.0474221   -0.0272585  -0.00501627     0.102859    0.0582882      0.13976 -0.000421832      1.12924  4.63719e-05  0.000348941 -0.000162597    0.0860366    -0.139933 -0.000307821      1.13772 -4.29605e-05   0.00218964 -8.75293e-05  -0.00490812 -0.000400503     0.622025 -4.39224e-06  0.000332855 -4.77112e-05            1    -0.438231     0.050606   0.00365675      0.91681     -0.48609    -0.044926    -0.430381   -0.0494605     -0.00317     0.909973    -0.481184    0.0473696   -0.0286373  -0.00544518     0.114862    0.0580747     0.139792 -0.000437675      1.12949  5.02662e-05  0.000469376  -0.00017039    0.0871974    -0.139966 -0.000321169      1.13837  -4.1797e-05    0.0023984  -9.0407e-05  -0.00471597  -0.00038586     0.622474 -1.67142e-05  0.000540364 -0.000162665            1    -0.435648    0.0499597   0.00537888     0.908373    -0.374555      0.12747    -0.427783   -0.0487933   -0.0046966     0.901759    -0.366601    -0.109079   -0.0297127  -0.00563698     0.122194    0.0612254     0.139772  -0.00121887      1.13474  -0.00297961  -0.00712708    -0.003948     0.091232    -0.140185 -0.000726658      1.14421  -0.00321035  -0.00371749   0.00163019
Quaternion norm:
1, 1, 1, 1, 1, 1, 1, 1, 1, 1, 1, 1, 1, 1, 
v measurement:
   0.0111425 -3.24671e-05   0.00555935  -0.00410473    0.0153786   -0.0112062    0.0190958    0.0101647   0.00508116   -0.0345483   0.00283381  -0.00925393    0.0183224    0.0101694   0.00400216   -0.0406582   0.00888735   0.00724718   -0.0634591 -0.000592689   -0.0169836    -0.040821  -0.00518722   0.00118291   -0.0120732   0.00172321  -0.00375453  0.000529767    0.0218119  -0.00532849   0.00190331   0.00264622   0.00430564   0.00280518  2.61928e-05    0.0115196
v0 MPC last solution:
   0.0102111 -0.000279678    0.0052213  -0.00100249   0.00322048  -0.00611486    0.0301069   0.00458788   0.00266517   -0.0334405   0.00354948   -0.0162164     0.029125    0.0040449   0.00221511   -0.0343647   0.00561016    0.0117633   -0.0709942  -0.00488648 -0.000719839   -0.0452572  -0.00268105    0.0017755   -0.0146192   0.00089622  -0.00271876  0.000501462    0.0237847  -0.00414338   0.00128863   0.00385992   0.00409857   0.00399504  0.000118831    0.0115196
Predicted v MPC last solution:
-0.000308893   0.00529981  -0.00306816    0.0133399  -0.00387308    0.0206437    0.0069559   0.00131184   -0.0333693   0.00256711   -0.0260858    0.0460048   0.00595954  -0.00215549   -0.0917274    0.0361684   0.00799381   -0.0697699  -0.00268719   -0.0162746   -0.0403812  -0.00331385   -0.0011899   -0.0133711  0.000178602  -0.00170734 -4.00904e-05    0.0243721  -0.00414715    0.0013805  0.000883226   0.00389814   0.00357594 -0.000238067   0.00754267 -0.000193051
----------------------------------------------------------------------
State at time 155 ms ------------------
q measurement:
 -0.00272341 -0.000270571      0.62002  2.56926e-05   1.3455e-05 -6.26687e-05            1    -0.443287    0.0503586   0.00359246     0.937668    -0.502183   -0.0375335     -0.43949   -0.0499059  -0.00242313     0.939594    -0.502073    0.0440038   -0.0103495  -0.00175579    0.0341181    0.0656606     0.140031 -0.000113244      1.12986  3.53836e-05 -2.23139e-05 -7.86769e-05    0.0760219     -0.13882 -0.000164217      1.13353 -0.000352661  0.000608323  -3.5111e-06
q0 MPC last solution:
 -0.00278194 -0.000271138     0.619991  4.06389e-05 -4.34229e-05 -2.69625e-05            1    -0.443349    0.0502906   0.00356012     0.937843    -0.502195   -0.0375012    -0.439548   -0.0499751  -0.00244874     0.939815    -0.502128    0.0439781   -0.0100546   -0.0017658    0.0342523    0.0658509     0.140064 -0.000117483      1.12991  2.43464e-05 -2.40654e-07 -8.14668e-05     0.075919     -0.13879 -0.000175683      1.13352 -0.000374648  0.000598075 -3.34545e-06
Predicted q MPC over horizon:
 -0.00278194 -0.000271138     0.619991  4.06389e-05 -4.34229e-05 -2.69625e-05            1    -0.443349    0.0502906   0.00356012     0.937843    -0.502195   -0.0375012    -0.439548   -0.0499751  -0.00244874     0.939815    -0.502128    0.0439781   -0.0100546   -0.0017658    0.0342523    0.0658509     0.140064 -0.000117483      1.12991  2.43464e-05 -2.40654e-07 -8.14668e-05     0.075919     -0.13879 -0.000175683      1.13352 -0.000374648  0.000598075 -3.34545e-06  1.2951e-308  1.2951e-308     0.622451 1.01351e-308 -6.80587e-05  1.35648e-05            1    -0.443311    0.0502517   0.00351157     0.937871    -0.502203   -0.0378116    -0.439256   -0.0500297  -0.00250721     0.939337     -0.50185    0.0440542   -0.0101344  -0.00179577    0.0342996    0.0658486     0.140088  -0.00013779      1.12989  5.60477e-06  1.97531e-05 -8.61423e-05    0.0759404    -0.138774 -0.000182166      1.13351 -0.000381416   0.00060556 -5.81115e-06  -0.00258986 -0.000279526     0.620095  1.72278e-05   5.3142e-06 -7.02581e-06            1    -0.442814    0.0503844   0.00349482     0.937152    -0.502024   -0.0387802    -0.438341   -0.0499421  -0.00255551     0.937647    -0.500921    0.0445782   -0.0115547  -0.00184974    0.0346378    0.0649959     0.140027 -0.000161808      1.12962  9.20046e-06 -1.41355e-05 -8.78567e-05     0.076526    -0.138932 -0.000176269      1.13358 -0.000310464  0.000687106 -1.50593e-05  -0.00246571 -0.000286455     0.620203 -6.66221e-07  1.32717e-05 -9.27625e-06            1    -0.442255    0.0504787   0.00345595     0.936355    -0.501663   -0.0400608    -0.437455   -0.0499066   -0.0025973     0.936092    -0.499827    0.0453199   -0.0130031  -0.00196765    0.0360753    0.0641248     0.139969 -0.000187239      1.12937  1.26958e-05 -4.27711e-05 -9.14101e-05    0.0772113    -0.139144 -0.000191879      1.13374 -0.000252383  0.000779829 -2.79264e-05  -0.00239482 -0.000297489     0.620316 -2.03825e-06  1.56358e-05 -1.09149e-05            1    -0.441745    0.0505373   0.00343827     0.935492     -0.50118   -0.0411971    -0.436622   -0.0498909  -0.00263046     0.934501    -0.498783     0.045849   -0.0144478  -0.00216823    0.0383824     0.063302     0.139905  -0.00021531      1.12916  1.60017e-05 -6.14309e-05 -9.67268e-05    0.0779148    -0.139323 -0.000207622      1.13393  -0.00020498  0.000876644 -3.92809e-05  -0.00237759 -0.000309639     0.620435 -1.95688e-06  1.80302e-05  -1.2122e-05            1    -0.441283    0.0505852   0.00342531     0.934531    -0.500563   -0.0421811     -0.43584   -0.0498725  -0.00266939     0.932839    -0.497725    0.0462649   -0.0158819  -0.00239548    0.0415706    0.0625272     0.139842 -0.000244436      1.12899  1.92064e-05 -6.94474e-05 -0.000103201    0.0786521     -0.13947 -0.000222788      1.13417 -0.000166378  0.000980112  -4.9146e-05  -0.00241541 -0.000321873     0.620561 -1.90774e-06  2.09879e-05 -1.32751e-05            1    -0.440855    0.0506199    0.0034207     0.933437    -0.499803     -0.04291    -0.435102   -0.0498493  -0.00271327     0.931072    -0.496596    0.0465978   -0.0173103  -0.00263899    0.0456694    0.0618055      0.13979 -0.000272473      1.12887  2.23643e-05 -6.57434e-05 -0.000110181    0.0794241    -0.139586 -0.000236164      1.13446 -0.000135071   0.00109162 -5.74143e-05  -0.00251009 -0.000334139     0.620695 -1.92548e-06  2.46396e-05 -1.43901e-05            1    -0.440452    0.0506441   0.00342288      0.93218    -0.498875   -0.0434619      -0.4344   -0.0498213  -0.00276158     0.929172    -0.495354    0.0468643   -0.0187359  -0.00290193    0.0507124    0.0611368     0.139748 -0.000299126      1.12878  2.55217e-05 -4.95842e-05 -0.000117483    0.0802336    -0.139676 -0.000248075      1.13479 -0.000109835   0.00121235 -6.43148e-05   -0.0026636 -0.000346371     0.620839 -1.95926e-06   2.9045e-05 -1.55023e-05            1    -0.440064    0.0506601   0.00343073     0.930733    -0.497757   -0.0439015    -0.433723   -0.0497883   -0.0028141      0.92711    -0.493966    0.0470735   -0.0201592  -0.00318779    0.0567355     0.060521     0.139719 -0.000324255      1.12874  2.87196e-05 -2.02804e-05 -0.000124985    0.0810832    -0.139746   -0.0002589      1.13516 -8.96844e-05   0.00134342 -7.00655e-05  -0.00287803 -0.000358344     0.620996 -2.00462e-06  3.42463e-05 -1.66233e-05            1    -0.439685    0.0506682   0.00344431     0.929073     -0.49643   -0.0442526    -0.433064   -0.0497504  -0.00287073      0.92486    -0.492407    0.0472313   -0.0215808  -0.00349847    0.0637767    0.0599589     0.139702 -0.000347559      1.12875  3.19934e-05  2.28879e-05 -0.000132548    0.0819759    -0.139801 -0.000268833      1.13558 -7.38302e-05   0.00148588 -7.48202e-05  -0.00315556 -0.000369751     0.621166 -2.06801e-06  4.02995e-05 -1.77537e-05            1    -0.439308     0.050668   0.00346408     0.927177    -0.494878   -0.0445258    -0.432417   -0.0497077  -0.00293136     0.922398    -0.490652    0.0473421   -0.0230013  -0.00383548    0.0718759    0.0594522     0.139698 -0.000368829       1.1288  3.53732e-05  8.06699e-05 -0.000140077    0.0829146    -0.139843  -0.00027814      1.13604 -6.16517e-05   0.00164079 -7.87336e-05  -0.00349843 -0.000380227     0.621352 -2.15553e-06   4.7421e-05  -1.8902e-05            1    -0.438926    0.0506592   0.00349065     0.925024    -0.493087   -0.0447268    -0.431776   -0.0496605   -0.0029958       0.9197    -0.488677    0.0474091   -0.0244213  -0.00420027    0.0810738    0.0590027     0.139708  -0.00038806       1.1289  3.88845e-05  0.000153824 -0.000147543    0.0839022    -0.139876  -0.00028726      1.13655  -5.2669e-05   0.00180915 -8.19913e-05  -0.00390865 -0.000389337     0.621556 -2.29318e-06  5.74598e-05  -2.0184e-05            1    -0.438539    0.0506412   0.00352489     0.922595     -0.49104   -0.0448593    -0.431137   -0.0496088  -0.00306367     0.916745    -0.486463    0.0474351   -0.0258411  -0.00459413    0.0914071    0.0586128      0.13973 -0.000405526      1.12904   4.2548e-05  0.000243089 -0.000155002    0.0849417    -0.139904 -0.000296851      1.13711 -4.65235e-05   0.00199191 -8.48262e-05  -0.00438601 -0.000396514     0.621781 -2.68194e-06  8.90312e-05 -2.31377e-05            1     -0.43818    0.0506153    0.0035698     0.919869    -0.488721   -0.0449251    -0.430537   -0.0495508   -0.0031324     0.913512    -0.483984    0.0474221   -0.0272585  -0.00501627     0.102859    0.0582882      0.13976 -0.000421832      1.12924  4.63719e-05  0.000348941 -0.000162597    0.0860366    -0.139933 -0.000307821      1.13772 -4.29605e-05   0.00218964 -8.75293e-05  -0.00490812 -0.000400503     0.622025 -4.39224e-06  0.000332855 -4.77112e-05            1    -0.438231     0.050606   0.00365675      0.91681     -0.48609    -0.044926    -0.430381   -0.0494605     -0.00317     0.909973    -0.481184    0.0473696   -0.0286373  -0.00544518     0.114862    0.0580747     0.139792 -0.000437675      1.12949  5.02662e-05  0.000469376  -0.00017039    0.0871974    -0.139966 -0.000321169      1.13837  -4.1797e-05    0.0023984  -9.0407e-05  -0.00471597  -0.00038586     0.622474 -1.67142e-05  0.000540364 -0.000162665            1    -0.435648    0.0499597   0.00537888     0.908373    -0.374555      0.12747    -0.427783   -0.0487933   -0.0046966     0.901759    -0.366601    -0.109079   -0.0297127  -0.00563698     0.122194    0.0612254     0.139772  -0.00121887      1.13474  -0.00297961  -0.00712708    -0.003948     0.091232    -0.140185 -0.000726658      1.14421  -0.00321035  -0.00371749   0.00163019
Quaternion norm:
1, 1, 1, 1, 1, 1, 1, 1, 1, 1, 1, 1, 1, 1, 
v measurement:
   0.0120837   0.00021273    0.0059103  -0.00723476    0.0276968   -0.0163389   0.00776836    0.0158941   0.00737989   -0.0353185   0.00207383   -0.0049265   0.00712146     0.016311   0.00587659   -0.0465613    0.0124878   0.00384277   -0.0559935   0.00373753   -0.0334629   -0.0361887  -0.00769778  0.000628229  -0.00956882   0.00252855   -0.0048641   0.00057907    0.0197529  -0.00648768   0.00256043   0.00163164   0.00445075    0.0015358 -7.38186e-05    0.0115196
v0 MPC last solution:
   0.0111425 -3.24671e-05   0.00555935  -0.00410473    0.0153786   -0.0112062    0.0190958    0.0101647   0.00508116   -0.0345483   0.00283381  -0.00925393    0.0183224    0.0101694   0.00400216   -0.0406582   0.00888735   0.00724718   -0.0634591 -0.000592689   -0.0169836    -0.040821  -0.00518722   0.00118291   -0.0120732   0.00172321  -0.00375453  0.000529767    0.0218119  -0.00532849   0.00190331   0.00264622   0.00430564   0.00280518  2.61928e-05    0.0115196
Predicted v MPC last solution:
-0.000308893   0.00529981  -0.00306816    0.0133399  -0.00387308    0.0206437    0.0069559   0.00131184   -0.0333693   0.00256711   -0.0260858    0.0460048   0.00595954  -0.00215549   -0.0917274    0.0361684   0.00799381   -0.0697699  -0.00268719   -0.0162746   -0.0403812  -0.00331385   -0.0011899   -0.0133711  0.000178602  -0.00170734 -4.00904e-05    0.0243721  -0.00414715    0.0013805  0.000883226   0.00389814   0.00357594 -0.000238067   0.00754267 -0.000193051
----------------------------------------------------------------------
State at time 160 ms ------------------
q measurement:
 -0.00266011 -0.000268786     0.620051  2.85668e-06  0.000101576 -0.000111247            1    -0.443283    0.0504556     0.003636      0.93749    -0.502175   -0.0375504    -0.439489   -0.0498058  -0.00238801     0.939344    -0.501999    0.0440149   -0.0106072  -0.00172395    0.0339002    0.0654942     0.139985 -0.000111716      1.12982  5.04295e-05 -5.01384e-05 -7.55969e-05    0.0761145    -0.138856 -0.000149277      1.13353 -0.000330111  0.000612011 -4.20445e-06
q0 MPC last solution:
 -0.00272341 -0.000270571      0.62002  2.56926e-05   1.3455e-05 -6.26687e-05            1    -0.443287    0.0503586   0.00359246     0.937668    -0.502183   -0.0375335     -0.43949   -0.0499059  -0.00242313     0.939594    -0.502073    0.0440038   -0.0103495  -0.00175579    0.0341181    0.0656606     0.140031 -0.000113244      1.12986  3.53836e-05 -2.23139e-05 -7.86769e-05    0.0760219     -0.13882 -0.000164217      1.13353 -0.000352661  0.000608323  -3.5111e-06
Predicted q MPC over horizon:
 -0.00272341 -0.000270571      0.62002  2.56926e-05   1.3455e-05 -6.26687e-05            1    -0.443287    0.0503586   0.00359246     0.937668    -0.502183   -0.0375335     -0.43949   -0.0499059  -0.00242313     0.939594    -0.502073    0.0440038   -0.0103495  -0.00175579    0.0341181    0.0656606     0.140031 -0.000113244      1.12986  3.53836e-05 -2.23139e-05 -7.86769e-05    0.0760219     -0.13882 -0.000164217      1.13353 -0.000352661  0.000608323  -3.5111e-06  1.2951e-308  1.2951e-308     0.622451 1.01351e-308 -6.80587e-05  1.35648e-05            1    -0.443311    0.0502517   0.00351157     0.937871    -0.502203   -0.0378116    -0.439256   -0.0500297  -0.00250721     0.939337     -0.50185    0.0440542   -0.0101344  -0.00179577    0.0342996    0.0658486     0.140088  -0.00013779      1.12989  5.60477e-06  1.97531e-05 -8.61423e-05    0.0759404    -0.138774 -0.000182166      1.13351 -0.000381416   0.00060556 -5.81115e-06  -0.00258986 -0.000279526     0.620095  1.72278e-05   5.3142e-06 -7.02581e-06            1    -0.442814    0.0503844   0.00349482     0.937152    -0.502024   -0.0387802    -0.438341   -0.0499421  -0.00255551     0.937647    -0.500921    0.0445782   -0.0115547  -0.00184974    0.0346378    0.0649959     0.140027 -0.000161808      1.12962  9.20046e-06 -1.41355e-05 -8.78567e-05     0.076526    -0.138932 -0.000176269      1.13358 -0.000310464  0.000687106 -1.50593e-05  -0.00246571 -0.000286455     0.620203 -6.66221e-07  1.32717e-05 -9.27625e-06            1    -0.442255    0.0504787   0.00345595     0.936355    -0.501663   -0.0400608    -0.437455   -0.0499066   -0.0025973     0.936092    -0.499827    0.0453199   -0.0130031  -0.00196765    0.0360753    0.0641248     0.139969 -0.000187239      1.12937  1.26958e-05 -4.27711e-05 -9.14101e-05    0.0772113    -0.139144 -0.000191879      1.13374 -0.000252383  0.000779829 -2.79264e-05  -0.00239482 -0.000297489     0.620316 -2.03825e-06  1.56358e-05 -1.09149e-05            1    -0.441745    0.0505373   0.00343827     0.935492     -0.50118   -0.0411971    -0.436622   -0.0498909  -0.00263046     0.934501    -0.498783     0.045849   -0.0144478  -0.00216823    0.0383824     0.063302     0.139905  -0.00021531      1.12916  1.60017e-05 -6.14309e-05 -9.67268e-05    0.0779148    -0.139323 -0.000207622      1.13393  -0.00020498  0.000876644 -3.92809e-05  -0.00237759 -0.000309639     0.620435 -1.95688e-06  1.80302e-05  -1.2122e-05            1    -0.441283    0.0505852   0.00342531     0.934531    -0.500563   -0.0421811     -0.43584   -0.0498725  -0.00266939     0.932839    -0.497725    0.0462649   -0.0158819  -0.00239548    0.0415706    0.0625272     0.139842 -0.000244436      1.12899  1.92064e-05 -6.94474e-05 -0.000103201    0.0786521     -0.13947 -0.000222788      1.13417 -0.000166378  0.000980112  -4.9146e-05  -0.00241541 -0.000321873     0.620561 -1.90774e-06  2.09879e-05 -1.32751e-05            1    -0.440855    0.0506199    0.0034207     0.933437    -0.499803     -0.04291    -0.435102   -0.0498493  -0.00271327     0.931072    -0.496596    0.0465978   -0.0173103  -0.00263899    0.0456694    0.0618055      0.13979 -0.000272473      1.12887  2.23643e-05 -6.57434e-05 -0.000110181    0.0794241    -0.139586 -0.000236164      1.13446 -0.000135071   0.00109162 -5.74143e-05  -0.00251009 -0.000334139     0.620695 -1.92548e-06  2.46396e-05 -1.43901e-05            1    -0.440452    0.0506441   0.00342288      0.93218    -0.498875   -0.0434619      -0.4344   -0.0498213  -0.00276158     0.929172    -0.495354    0.0468643   -0.0187359  -0.00290193    0.0507124    0.0611368     0.139748 -0.000299126      1.12878  2.55217e-05 -4.95842e-05 -0.000117483    0.0802336    -0.139676 -0.000248075      1.13479 -0.000109835   0.00121235 -6.43148e-05   -0.0026636 -0.000346371     0.620839 -1.95926e-06   2.9045e-05 -1.55023e-05            1    -0.440064    0.0506601   0.00343073     0.930733    -0.497757   -0.0439015    -0.433723   -0.0497883   -0.0028141      0.92711    -0.493966    0.0470735   -0.0201592  -0.00318779    0.0567355     0.060521     0.139719 -0.000324255      1.12874  2.87196e-05 -2.02804e-05 -0.000124985    0.0810832    -0.139746   -0.0002589      1.13516 -8.96844e-05   0.00134342 -7.00655e-05  -0.00287803 -0.000358344     0.620996 -2.00462e-06  3.42463e-05 -1.66233e-05            1    -0.439685    0.0506682   0.00344431     0.929073     -0.49643   -0.0442526    -0.433064   -0.0497504  -0.00287073      0.92486    -0.492407    0.0472313   -0.0215808  -0.00349847    0.0637767    0.0599589     0.139702 -0.000347559      1.12875  3.19934e-05  2.28879e-05 -0.000132548    0.0819759    -0.139801 -0.000268833      1.13558 -7.38302e-05   0.00148588 -7.48202e-05  -0.00315556 -0.000369751     0.621166 -2.06801e-06  4.02995e-05 -1.77537e-05            1    -0.439308     0.050668   0.00346408     0.927177    -0.494878   -0.0445258    -0.432417   -0.0497077  -0.00293136     0.922398    -0.490652    0.0473421   -0.0230013  -0.00383548    0.0718759    0.0594522     0.139698 -0.000368829       1.1288  3.53732e-05  8.06699e-05 -0.000140077    0.0829146    -0.139843  -0.00027814      1.13604 -6.16517e-05   0.00164079 -7.87336e-05  -0.00349843 -0.000380227     0.621352 -2.15553e-06   4.7421e-05  -1.8902e-05            1    -0.438926    0.0506592   0.00349065     0.925024    -0.493087   -0.0447268    -0.431776   -0.0496605   -0.0029958       0.9197    -0.488677    0.0474091   -0.0244213  -0.00420027    0.0810738    0.0590027     0.139708  -0.00038806       1.1289  3.88845e-05  0.000153824 -0.000147543    0.0839022    -0.139876  -0.00028726      1.13655  -5.2669e-05   0.00180915 -8.19913e-05  -0.00390865 -0.000389337     0.621556 -2.29318e-06  5.74598e-05  -2.0184e-05            1    -0.438539    0.0506412   0.00352489     0.922595     -0.49104   -0.0448593    -0.431137   -0.0496088  -0.00306367     0.916745    -0.486463    0.0474351   -0.0258411  -0.00459413    0.0914071    0.0586128      0.13973 -0.000405526      1.12904   4.2548e-05  0.000243089 -0.000155002    0.0849417    -0.139904 -0.000296851      1.13711 -4.65235e-05   0.00199191 -8.48262e-05  -0.00438601 -0.000396514     0.621781 -2.68194e-06  8.90312e-05 -2.31377e-05            1     -0.43818    0.0506153    0.0035698     0.919869    -0.488721   -0.0449251    -0.430537   -0.0495508   -0.0031324     0.913512    -0.483984    0.0474221   -0.0272585  -0.00501627     0.102859    0.0582882      0.13976 -0.000421832      1.12924  4.63719e-05  0.000348941 -0.000162597    0.0860366    -0.139933 -0.000307821      1.13772 -4.29605e-05   0.00218964 -8.75293e-05  -0.00490812 -0.000400503     0.622025 -4.39224e-06  0.000332855 -4.77112e-05            1    -0.438231     0.050606   0.00365675      0.91681     -0.48609    -0.044926    -0.430381   -0.0494605     -0.00317     0.909973    -0.481184    0.0473696   -0.0286373  -0.00544518     0.114862    0.0580747     0.139792 -0.000437675      1.12949  5.02662e-05  0.000469376  -0.00017039    0.0871974    -0.139966 -0.000321169      1.13837  -4.1797e-05    0.0023984  -9.0407e-05  -0.00471597  -0.00038586     0.622474 -1.67142e-05  0.000540364 -0.000162665            1    -0.435648    0.0499597   0.00537888     0.908373    -0.374555      0.12747    -0.427783   -0.0487933   -0.0046966     0.901759    -0.366601    -0.109079   -0.0297127  -0.00563698     0.122194    0.0612254     0.139772  -0.00121887      1.13474  -0.00297961  -0.00712708    -0.003948     0.091232    -0.140185 -0.000726658      1.14421  -0.00321035  -0.00371749   0.00163019
Quaternion norm:
1, 1, 1, 1, 1, 1, 1, 1, 1, 1, 1, 1, 1, 1, 
v measurement:
  0.0130477 0.000457452  0.00627273  -0.0104116   0.0403346  -0.0214974 -0.00402052   0.0217652  0.00957856   -0.035817  0.00131926 -0.00253907 -0.00457194   0.0224846  0.00779057  -0.0522051   0.0163694  0.00125478  -0.0485978  0.00813273  -0.0504001  -0.0312981  -0.0102218 9.12762e-05  -0.0070899  0.00333035 -0.00604057 0.000641974   0.0177072 -0.00763515  0.00328318  0.00079537  0.00454335 0.000196875 -0.00018327   0.0115196
v0 MPC last solution:
   0.0120837   0.00021273    0.0059103  -0.00723476    0.0276968   -0.0163389   0.00776836    0.0158941   0.00737989   -0.0353185   0.00207383   -0.0049265   0.00712146     0.016311   0.00587659   -0.0465613    0.0124878   0.00384277   -0.0559935   0.00373753   -0.0334629   -0.0361887  -0.00769778  0.000628229  -0.00956882   0.00252855   -0.0048641   0.00057907    0.0197529  -0.00648768   0.00256043   0.00163164   0.00445075    0.0015358 -7.38186e-05    0.0115196
Predicted v MPC last solution:
-0.000308893   0.00529981  -0.00306816    0.0133399  -0.00387308    0.0206437    0.0069559   0.00131184   -0.0333693   0.00256711   -0.0260858    0.0460048   0.00595954  -0.00215549   -0.0917274    0.0361684   0.00799381   -0.0697699  -0.00268719   -0.0162746   -0.0403812  -0.00331385   -0.0011899   -0.0133711  0.000178602  -0.00170734 -4.00904e-05    0.0243721  -0.00414715    0.0013805  0.000883226   0.00389814   0.00357594 -0.000238067   0.00754267 -0.000193051
----------------------------------------------------------------------
State at time 165 ms ------------------
q measurement:
 -0.00259188 -0.000265781     0.620083 -2.80157e-05  0.000221988 -0.000172743            1     -0.44334    0.0505824   0.00369024      0.93731    -0.502171   -0.0375596    -0.439548   -0.0496748  -0.00234331     0.939066    -0.501904     0.044015   -0.0108282  -0.00166986    0.0335956    0.0653532     0.139926 -0.000112875      1.12979  6.95223e-05 -8.40288e-05 -7.21804e-05    0.0761971    -0.138897 -0.000130466      1.13353  -0.00030723  0.000608826 -5.47708e-06
q0 MPC last solution:
 -0.00266011 -0.000268786     0.620051  2.85668e-06  0.000101576 -0.000111247            1    -0.443283    0.0504556     0.003636      0.93749    -0.502175   -0.0375504    -0.439489   -0.0498058  -0.00238801     0.939344    -0.501999    0.0440149   -0.0106072  -0.00172395    0.0339002    0.0654942     0.139985 -0.000111716      1.12982  5.04295e-05 -5.01384e-05 -7.55969e-05    0.0761145    -0.138856 -0.000149277      1.13353 -0.000330111  0.000612011 -4.20445e-06
Predicted q MPC over horizon:
 -0.00266011 -0.000268786     0.620051  2.85668e-06  0.000101576 -0.000111247            1    -0.443283    0.0504556     0.003636      0.93749    -0.502175   -0.0375504    -0.439489   -0.0498058  -0.00238801     0.939344    -0.501999    0.0440149   -0.0106072  -0.00172395    0.0339002    0.0654942     0.139985 -0.000111716      1.12982  5.04295e-05 -5.01384e-05 -7.55969e-05    0.0761145    -0.138856 -0.000149277      1.13353 -0.000330111  0.000612011 -4.20445e-06  1.2951e-308  1.2951e-308     0.622451 1.01351e-308 -6.80587e-05  1.35648e-05            1    -0.443311    0.0502517   0.00351157     0.937871    -0.502203   -0.0378116    -0.439256   -0.0500297  -0.00250721     0.939337     -0.50185    0.0440542   -0.0101344  -0.00179577    0.0342996    0.0658486     0.140088  -0.00013779      1.12989  5.60477e-06  1.97531e-05 -8.61423e-05    0.0759404    -0.138774 -0.000182166      1.13351 -0.000381416   0.00060556 -5.81115e-06  -0.00258986 -0.000279526     0.620095  1.72278e-05   5.3142e-06 -7.02581e-06            1    -0.442814    0.0503844   0.00349482     0.937152    -0.502024   -0.0387802    -0.438341   -0.0499421  -0.00255551     0.937647    -0.500921    0.0445782   -0.0115547  -0.00184974    0.0346378    0.0649959     0.140027 -0.000161808      1.12962  9.20046e-06 -1.41355e-05 -8.78567e-05     0.076526    -0.138932 -0.000176269      1.13358 -0.000310464  0.000687106 -1.50593e-05  -0.00246571 -0.000286455     0.620203 -6.66221e-07  1.32717e-05 -9.27625e-06            1    -0.442255    0.0504787   0.00345595     0.936355    -0.501663   -0.0400608    -0.437455   -0.0499066   -0.0025973     0.936092    -0.499827    0.0453199   -0.0130031  -0.00196765    0.0360753    0.0641248     0.139969 -0.000187239      1.12937  1.26958e-05 -4.27711e-05 -9.14101e-05    0.0772113    -0.139144 -0.000191879      1.13374 -0.000252383  0.000779829 -2.79264e-05  -0.00239482 -0.000297489     0.620316 -2.03825e-06  1.56358e-05 -1.09149e-05            1    -0.441745    0.0505373   0.00343827     0.935492     -0.50118   -0.0411971    -0.436622   -0.0498909  -0.00263046     0.934501    -0.498783     0.045849   -0.0144478  -0.00216823    0.0383824     0.063302     0.139905  -0.00021531      1.12916  1.60017e-05 -6.14309e-05 -9.67268e-05    0.0779148    -0.139323 -0.000207622      1.13393  -0.00020498  0.000876644 -3.92809e-05  -0.00237759 -0.000309639     0.620435 -1.95688e-06  1.80302e-05  -1.2122e-05            1    -0.441283    0.0505852   0.00342531     0.934531    -0.500563   -0.0421811     -0.43584   -0.0498725  -0.00266939     0.932839    -0.497725    0.0462649   -0.0158819  -0.00239548    0.0415706    0.0625272     0.139842 -0.000244436      1.12899  1.92064e-05 -6.94474e-05 -0.000103201    0.0786521     -0.13947 -0.000222788      1.13417 -0.000166378  0.000980112  -4.9146e-05  -0.00241541 -0.000321873     0.620561 -1.90774e-06  2.09879e-05 -1.32751e-05            1    -0.440855    0.0506199    0.0034207     0.933437    -0.499803     -0.04291    -0.435102   -0.0498493  -0.00271327     0.931072    -0.496596    0.0465978   -0.0173103  -0.00263899    0.0456694    0.0618055      0.13979 -0.000272473      1.12887  2.23643e-05 -6.57434e-05 -0.000110181    0.0794241    -0.139586 -0.000236164      1.13446 -0.000135071   0.00109162 -5.74143e-05  -0.00251009 -0.000334139     0.620695 -1.92548e-06  2.46396e-05 -1.43901e-05            1    -0.440452    0.0506441   0.00342288      0.93218    -0.498875   -0.0434619      -0.4344   -0.0498213  -0.00276158     0.929172    -0.495354    0.0468643   -0.0187359  -0.00290193    0.0507124    0.0611368     0.139748 -0.000299126      1.12878  2.55217e-05 -4.95842e-05 -0.000117483    0.0802336    -0.139676 -0.000248075      1.13479 -0.000109835   0.00121235 -6.43148e-05   -0.0026636 -0.000346371     0.620839 -1.95926e-06   2.9045e-05 -1.55023e-05            1    -0.440064    0.0506601   0.00343073     0.930733    -0.497757   -0.0439015    -0.433723   -0.0497883   -0.0028141      0.92711    -0.493966    0.0470735   -0.0201592  -0.00318779    0.0567355     0.060521     0.139719 -0.000324255      1.12874  2.87196e-05 -2.02804e-05 -0.000124985    0.0810832    -0.139746   -0.0002589      1.13516 -8.96844e-05   0.00134342 -7.00655e-05  -0.00287803 -0.000358344     0.620996 -2.00462e-06  3.42463e-05 -1.66233e-05            1    -0.439685    0.0506682   0.00344431     0.929073     -0.49643   -0.0442526    -0.433064   -0.0497504  -0.00287073      0.92486    -0.492407    0.0472313   -0.0215808  -0.00349847    0.0637767    0.0599589     0.139702 -0.000347559      1.12875  3.19934e-05  2.28879e-05 -0.000132548    0.0819759    -0.139801 -0.000268833      1.13558 -7.38302e-05   0.00148588 -7.48202e-05  -0.00315556 -0.000369751     0.621166 -2.06801e-06  4.02995e-05 -1.77537e-05            1    -0.439308     0.050668   0.00346408     0.927177    -0.494878   -0.0445258    -0.432417   -0.0497077  -0.00293136     0.922398    -0.490652    0.0473421   -0.0230013  -0.00383548    0.0718759    0.0594522     0.139698 -0.000368829       1.1288  3.53732e-05  8.06699e-05 -0.000140077    0.0829146    -0.139843  -0.00027814      1.13604 -6.16517e-05   0.00164079 -7.87336e-05  -0.00349843 -0.000380227     0.621352 -2.15553e-06   4.7421e-05  -1.8902e-05            1    -0.438926    0.0506592   0.00349065     0.925024    -0.493087   -0.0447268    -0.431776   -0.0496605   -0.0029958       0.9197    -0.488677    0.0474091   -0.0244213  -0.00420027    0.0810738    0.0590027     0.139708  -0.00038806       1.1289  3.88845e-05  0.000153824 -0.000147543    0.0839022    -0.139876  -0.00028726      1.13655  -5.2669e-05   0.00180915 -8.19913e-05  -0.00390865 -0.000389337     0.621556 -2.29318e-06  5.74598e-05  -2.0184e-05            1    -0.438539    0.0506412   0.00352489     0.922595     -0.49104   -0.0448593    -0.431137   -0.0496088  -0.00306367     0.916745    -0.486463    0.0474351   -0.0258411  -0.00459413    0.0914071    0.0586128      0.13973 -0.000405526      1.12904   4.2548e-05  0.000243089 -0.000155002    0.0849417    -0.139904 -0.000296851      1.13711 -4.65235e-05   0.00199191 -8.48262e-05  -0.00438601 -0.000396514     0.621781 -2.68194e-06  8.90312e-05 -2.31377e-05            1     -0.43818    0.0506153    0.0035698     0.919869    -0.488721   -0.0449251    -0.430537   -0.0495508   -0.0031324     0.913512    -0.483984    0.0474221   -0.0272585  -0.00501627     0.102859    0.0582882      0.13976 -0.000421832      1.12924  4.63719e-05  0.000348941 -0.000162597    0.0860366    -0.139933 -0.000307821      1.13772 -4.29605e-05   0.00218964 -8.75293e-05  -0.00490812 -0.000400503     0.622025 -4.39224e-06  0.000332855 -4.77112e-05            1    -0.438231     0.050606   0.00365675      0.91681     -0.48609    -0.044926    -0.430381   -0.0494605     -0.00317     0.909973    -0.481184    0.0473696   -0.0286373  -0.00544518     0.114862    0.0580747     0.139792 -0.000437675      1.12949  5.02662e-05  0.000469376  -0.00017039    0.0871974    -0.139966 -0.000321169      1.13837  -4.1797e-05    0.0023984  -9.0407e-05  -0.00471597  -0.00038586     0.622474 -1.67142e-05  0.000540364 -0.000162665            1    -0.435648    0.0499597   0.00537888     0.908373    -0.374555      0.12747    -0.427783   -0.0487933   -0.0046966     0.901759    -0.366601    -0.109079   -0.0297127  -0.00563698     0.122194    0.0612254     0.139772  -0.00121887      1.13474  -0.00297961  -0.00712708    -0.003948     0.091232    -0.140185 -0.000726658      1.14421  -0.00321035  -0.00371749   0.00163019
Quaternion norm:
1, 1, 1, 1, 1, 1, 1, 1, 1, 1, 1, 1, 1, 1, 
v measurement:
    0.014048  0.000703342   0.00664516   -0.0136556    0.0534588   -0.0266688   -0.0164251     0.027769    0.0116836   -0.0360989  0.000599711  -0.00152482   -0.0168689    0.0287069   0.00970395   -0.0577006    0.0204944 -0.000740279   -0.0412693    0.0126235   -0.0680474   -0.0260857    -0.012769 -0.000448936  -0.00461879   0.00414734  -0.00727736  0.000711212    0.0157775  -0.00878598   0.00409499  0.000114293    0.0045929  -0.00119965 -0.000303538    0.0115196
v0 MPC last solution:
  0.0130477 0.000457452  0.00627273  -0.0104116   0.0403346  -0.0214974 -0.00402052   0.0217652  0.00957856   -0.035817  0.00131926 -0.00253907 -0.00457194   0.0224846  0.00779057  -0.0522051   0.0163694  0.00125478  -0.0485978  0.00813273  -0.0504001  -0.0312981  -0.0102218 9.12762e-05  -0.0070899  0.00333035 -0.00604057 0.000641974   0.0177072 -0.00763515  0.00328318  0.00079537  0.00454335 0.000196875 -0.00018327   0.0115196
Predicted v MPC last solution:
-0.000308893   0.00529981  -0.00306816    0.0133399  -0.00387308    0.0206437    0.0069559   0.00131184   -0.0333693   0.00256711   -0.0260858    0.0460048   0.00595954  -0.00215549   -0.0917274    0.0361684   0.00799381   -0.0697699  -0.00268719   -0.0162746   -0.0403812  -0.00331385   -0.0011899   -0.0133711  0.000178602  -0.00170734 -4.00904e-05    0.0243721  -0.00414715    0.0013805  0.000883226   0.00389814   0.00357594 -0.000238067   0.00754267 -0.000193051
----------------------------------------------------------------------
State at time 170 ms ------------------
q measurement:
 -0.00251848 -0.000261548     0.620118 -6.71239e-05  0.000376171 -0.000247171            1    -0.443462    0.0507396   0.00375473     0.937129     -0.50217   -0.0375666    -0.439672   -0.0495124  -0.00228913     0.938761    -0.501789    0.0440065   -0.0110127  -0.00159294    0.0331999    0.0652394     0.139854 -0.000116801      1.12977  9.27959e-05 -0.000124268 -6.84174e-05    0.0762708    -0.138945 -0.000107267      1.13353 -0.000284207   0.00059852 -7.38572e-06
q0 MPC last solution:
 -0.00259188 -0.000265781     0.620083 -2.80157e-05  0.000221988 -0.000172743            1     -0.44334    0.0505824   0.00369024      0.93731    -0.502171   -0.0375596    -0.439548   -0.0496748  -0.00234331     0.939066    -0.501904     0.044015   -0.0108282  -0.00166986    0.0335956    0.0653532     0.139926 -0.000112875      1.12979  6.95223e-05 -8.40288e-05 -7.21804e-05    0.0761971    -0.138897 -0.000130466      1.13353  -0.00030723  0.000608826 -5.47708e-06
Predicted q MPC over horizon:
 -0.00259188 -0.000265781     0.620083 -2.80157e-05  0.000221988 -0.000172743            1     -0.44334    0.0505824   0.00369024      0.93731    -0.502171   -0.0375596    -0.439548   -0.0496748  -0.00234331     0.939066    -0.501904     0.044015   -0.0108282  -0.00166986    0.0335956    0.0653532     0.139926 -0.000112875      1.12979  6.95223e-05 -8.40288e-05 -7.21804e-05    0.0761971    -0.138897 -0.000130466      1.13353  -0.00030723  0.000608826 -5.47708e-06  1.2951e-308  1.2951e-308     0.622451 1.01351e-308 -6.80587e-05  1.35648e-05            1    -0.443311    0.0502517   0.00351157     0.937871    -0.502203   -0.0378116    -0.439256   -0.0500297  -0.00250721     0.939337     -0.50185    0.0440542   -0.0101344  -0.00179577    0.0342996    0.0658486     0.140088  -0.00013779      1.12989  5.60477e-06  1.97531e-05 -8.61423e-05    0.0759404    -0.138774 -0.000182166      1.13351 -0.000381416   0.00060556 -5.81115e-06  -0.00258986 -0.000279526     0.620095  1.72278e-05   5.3142e-06 -7.02581e-06            1    -0.442814    0.0503844   0.00349482     0.937152    -0.502024   -0.0387802    -0.438341   -0.0499421  -0.00255551     0.937647    -0.500921    0.0445782   -0.0115547  -0.00184974    0.0346378    0.0649959     0.140027 -0.000161808      1.12962  9.20046e-06 -1.41355e-05 -8.78567e-05     0.076526    -0.138932 -0.000176269      1.13358 -0.000310464  0.000687106 -1.50593e-05  -0.00246571 -0.000286455     0.620203 -6.66221e-07  1.32717e-05 -9.27625e-06            1    -0.442255    0.0504787   0.00345595     0.936355    -0.501663   -0.0400608    -0.437455   -0.0499066   -0.0025973     0.936092    -0.499827    0.0453199   -0.0130031  -0.00196765    0.0360753    0.0641248     0.139969 -0.000187239      1.12937  1.26958e-05 -4.27711e-05 -9.14101e-05    0.0772113    -0.139144 -0.000191879      1.13374 -0.000252383  0.000779829 -2.79264e-05  -0.00239482 -0.000297489     0.620316 -2.03825e-06  1.56358e-05 -1.09149e-05            1    -0.441745    0.0505373   0.00343827     0.935492     -0.50118   -0.0411971    -0.436622   -0.0498909  -0.00263046     0.934501    -0.498783     0.045849   -0.0144478  -0.00216823    0.0383824     0.063302     0.139905  -0.00021531      1.12916  1.60017e-05 -6.14309e-05 -9.67268e-05    0.0779148    -0.139323 -0.000207622      1.13393  -0.00020498  0.000876644 -3.92809e-05  -0.00237759 -0.000309639     0.620435 -1.95688e-06  1.80302e-05  -1.2122e-05            1    -0.441283    0.0505852   0.00342531     0.934531    -0.500563   -0.0421811     -0.43584   -0.0498725  -0.00266939     0.932839    -0.497725    0.0462649   -0.0158819  -0.00239548    0.0415706    0.0625272     0.139842 -0.000244436      1.12899  1.92064e-05 -6.94474e-05 -0.000103201    0.0786521     -0.13947 -0.000222788      1.13417 -0.000166378  0.000980112  -4.9146e-05  -0.00241541 -0.000321873     0.620561 -1.90774e-06  2.09879e-05 -1.32751e-05            1    -0.440855    0.0506199    0.0034207     0.933437    -0.499803     -0.04291    -0.435102   -0.0498493  -0.00271327     0.931072    -0.496596    0.0465978   -0.0173103  -0.00263899    0.0456694    0.0618055      0.13979 -0.000272473      1.12887  2.23643e-05 -6.57434e-05 -0.000110181    0.0794241    -0.139586 -0.000236164      1.13446 -0.000135071   0.00109162 -5.74143e-05  -0.00251009 -0.000334139     0.620695 -1.92548e-06  2.46396e-05 -1.43901e-05            1    -0.440452    0.0506441   0.00342288      0.93218    -0.498875   -0.0434619      -0.4344   -0.0498213  -0.00276158     0.929172    -0.495354    0.0468643   -0.0187359  -0.00290193    0.0507124    0.0611368     0.139748 -0.000299126      1.12878  2.55217e-05 -4.95842e-05 -0.000117483    0.0802336    -0.139676 -0.000248075      1.13479 -0.000109835   0.00121235 -6.43148e-05   -0.0026636 -0.000346371     0.620839 -1.95926e-06   2.9045e-05 -1.55023e-05            1    -0.440064    0.0506601   0.00343073     0.930733    -0.497757   -0.0439015    -0.433723   -0.0497883   -0.0028141      0.92711    -0.493966    0.0470735   -0.0201592  -0.00318779    0.0567355     0.060521     0.139719 -0.000324255      1.12874  2.87196e-05 -2.02804e-05 -0.000124985    0.0810832    -0.139746   -0.0002589      1.13516 -8.96844e-05   0.00134342 -7.00655e-05  -0.00287803 -0.000358344     0.620996 -2.00462e-06  3.42463e-05 -1.66233e-05            1    -0.439685    0.0506682   0.00344431     0.929073     -0.49643   -0.0442526    -0.433064   -0.0497504  -0.00287073      0.92486    -0.492407    0.0472313   -0.0215808  -0.00349847    0.0637767    0.0599589     0.139702 -0.000347559      1.12875  3.19934e-05  2.28879e-05 -0.000132548    0.0819759    -0.139801 -0.000268833      1.13558 -7.38302e-05   0.00148588 -7.48202e-05  -0.00315556 -0.000369751     0.621166 -2.06801e-06  4.02995e-05 -1.77537e-05            1    -0.439308     0.050668   0.00346408     0.927177    -0.494878   -0.0445258    -0.432417   -0.0497077  -0.00293136     0.922398    -0.490652    0.0473421   -0.0230013  -0.00383548    0.0718759    0.0594522     0.139698 -0.000368829       1.1288  3.53732e-05  8.06699e-05 -0.000140077    0.0829146    -0.139843  -0.00027814      1.13604 -6.16517e-05   0.00164079 -7.87336e-05  -0.00349843 -0.000380227     0.621352 -2.15553e-06   4.7421e-05  -1.8902e-05            1    -0.438926    0.0506592   0.00349065     0.925024    -0.493087   -0.0447268    -0.431776   -0.0496605   -0.0029958       0.9197    -0.488677    0.0474091   -0.0244213  -0.00420027    0.0810738    0.0590027     0.139708  -0.00038806       1.1289  3.88845e-05  0.000153824 -0.000147543    0.0839022    -0.139876  -0.00028726      1.13655  -5.2669e-05   0.00180915 -8.19913e-05  -0.00390865 -0.000389337     0.621556 -2.29318e-06  5.74598e-05  -2.0184e-05            1    -0.438539    0.0506412   0.00352489     0.922595     -0.49104   -0.0448593    -0.431137   -0.0496088  -0.00306367     0.916745    -0.486463    0.0474351   -0.0258411  -0.00459413    0.0914071    0.0586128      0.13973 -0.000405526      1.12904   4.2548e-05  0.000243089 -0.000155002    0.0849417    -0.139904 -0.000296851      1.13711 -4.65235e-05   0.00199191 -8.48262e-05  -0.00438601 -0.000396514     0.621781 -2.68194e-06  8.90312e-05 -2.31377e-05            1     -0.43818    0.0506153    0.0035698     0.919869    -0.488721   -0.0449251    -0.430537   -0.0495508   -0.0031324     0.913512    -0.483984    0.0474221   -0.0272585  -0.00501627     0.102859    0.0582882      0.13976 -0.000421832      1.12924  4.63719e-05  0.000348941 -0.000162597    0.0860366    -0.139933 -0.000307821      1.13772 -4.29605e-05   0.00218964 -8.75293e-05  -0.00490812 -0.000400503     0.622025 -4.39224e-06  0.000332855 -4.77112e-05            1    -0.438231     0.050606   0.00365675      0.91681     -0.48609    -0.044926    -0.430381   -0.0494605     -0.00317     0.909973    -0.481184    0.0473696   -0.0286373  -0.00544518     0.114862    0.0580747     0.139792 -0.000437675      1.12949  5.02662e-05  0.000469376  -0.00017039    0.0871974    -0.139966 -0.000321169      1.13837  -4.1797e-05    0.0023984  -9.0407e-05  -0.00471597  -0.00038586     0.622474 -1.67142e-05  0.000540364 -0.000162665            1    -0.435648    0.0499597   0.00537888     0.908373    -0.374555      0.12747    -0.427783   -0.0487933   -0.0046966     0.901759    -0.366601    -0.109079   -0.0297127  -0.00563698     0.122194    0.0612254     0.139772  -0.00121887      1.13474  -0.00297961  -0.00712708    -0.003948     0.091232    -0.140185 -0.000726658      1.14421  -0.00321035  -0.00371749   0.00163019
Quaternion norm:
1, 1, 1, 1, 1, 1, 1, 1, 1, 1, 1, 1, 1, 1, 
v measurement:
   0.0150984  0.000952083   0.00702615   -0.0169886    0.0672469   -0.0318422   -0.0296156    0.0339014    0.0136931    -0.036205 -6.96193e-05   -0.0014397   -0.0299021    0.0349962    0.0115818   -0.0631398    0.0248326  -0.00231036   -0.0340028    0.0172428   -0.0866714   -0.0204853   -0.0153499  -0.00101441  -0.00213608   0.00499889  -0.00856832  0.000779574    0.0140707  -0.00995584   0.00501965  -0.00043609    0.0046086  -0.00264046 -0.000435443    0.0115196
v0 MPC last solution:
    0.014048  0.000703342   0.00664516   -0.0136556    0.0534588   -0.0266688   -0.0164251     0.027769    0.0116836   -0.0360989  0.000599711  -0.00152482   -0.0168689    0.0287069   0.00970395   -0.0577006    0.0204944 -0.000740279   -0.0412693    0.0126235   -0.0680474   -0.0260857    -0.012769 -0.000448936  -0.00461879   0.00414734  -0.00727736  0.000711212    0.0157775  -0.00878598   0.00409499  0.000114293    0.0045929  -0.00119965 -0.000303538    0.0115196
Predicted v MPC last solution:
-0.000308893   0.00529981  -0.00306816    0.0133399  -0.00387308    0.0206437    0.0069559   0.00131184   -0.0333693   0.00256711   -0.0260858    0.0460048   0.00595954  -0.00215549   -0.0917274    0.0361684   0.00799381   -0.0697699  -0.00268719   -0.0162746   -0.0403812  -0.00331385   -0.0011899   -0.0133711  0.000178602  -0.00170734 -4.00904e-05    0.0243721  -0.00414715    0.0013805  0.000883226   0.00389814   0.00357594 -0.000238067   0.00754267 -0.000193051
----------------------------------------------------------------------
State at time 175 ms ------------------
q measurement:
 -0.00243964  -0.00025607     0.620154 -0.000114724  0.000566068 -0.000334523            1    -0.443652    0.0509278   0.00382895     0.936948    -0.502172   -0.0375752    -0.439862   -0.0493183  -0.00222576     0.938429    -0.501651     0.043991   -0.0111611  -0.00149245    0.0327075    0.0651549      0.13977 -0.000123691      1.12977  0.000120483  -0.00017111 -6.43341e-05    0.0763369    -0.138998 -7.90426e-05      1.13353 -0.000261183  0.000580915 -9.98988e-06
q0 MPC last solution:
 -0.00251848 -0.000261548     0.620118 -6.71239e-05  0.000376171 -0.000247171            1    -0.443462    0.0507396   0.00375473     0.937129     -0.50217   -0.0375666    -0.439672   -0.0495124  -0.00228913     0.938761    -0.501789    0.0440065   -0.0110127  -0.00159294    0.0331999    0.0652394     0.139854 -0.000116801      1.12977  9.27959e-05 -0.000124268 -6.84174e-05    0.0762708    -0.138945 -0.000107267      1.13353 -0.000284207   0.00059852 -7.38572e-06
Predicted q MPC over horizon:
 -0.00251848 -0.000261548     0.620118 -6.71239e-05  0.000376171 -0.000247171            1    -0.443462    0.0507396   0.00375473     0.937129     -0.50217   -0.0375666    -0.439672   -0.0495124  -0.00228913     0.938761    -0.501789    0.0440065   -0.0110127  -0.00159294    0.0331999    0.0652394     0.139854 -0.000116801      1.12977  9.27959e-05 -0.000124268 -6.84174e-05    0.0762708    -0.138945 -0.000107267      1.13353 -0.000284207   0.00059852 -7.38572e-06  1.2951e-308  1.2951e-308     0.622451 1.01351e-308 -6.80587e-05  1.35648e-05            1    -0.443311    0.0502517   0.00351157     0.937871    -0.502203   -0.0378116    -0.439256   -0.0500297  -0.00250721     0.939337     -0.50185    0.0440542   -0.0101344  -0.00179577    0.0342996    0.0658486     0.140088  -0.00013779      1.12989  5.60477e-06  1.97531e-05 -8.61423e-05    0.0759404    -0.138774 -0.000182166      1.13351 -0.000381416   0.00060556 -5.81115e-06  -0.00258986 -0.000279526     0.620095  1.72278e-05   5.3142e-06 -7.02581e-06            1    -0.442814    0.0503844   0.00349482     0.937152    -0.502024   -0.0387802    -0.438341   -0.0499421  -0.00255551     0.937647    -0.500921    0.0445782   -0.0115547  -0.00184974    0.0346378    0.0649959     0.140027 -0.000161808      1.12962  9.20046e-06 -1.41355e-05 -8.78567e-05     0.076526    -0.138932 -0.000176269      1.13358 -0.000310464  0.000687106 -1.50593e-05  -0.00246571 -0.000286455     0.620203 -6.66221e-07  1.32717e-05 -9.27625e-06            1    -0.442255    0.0504787   0.00345595     0.936355    -0.501663   -0.0400608    -0.437455   -0.0499066   -0.0025973     0.936092    -0.499827    0.0453199   -0.0130031  -0.00196765    0.0360753    0.0641248     0.139969 -0.000187239      1.12937  1.26958e-05 -4.27711e-05 -9.14101e-05    0.0772113    -0.139144 -0.000191879      1.13374 -0.000252383  0.000779829 -2.79264e-05  -0.00239482 -0.000297489     0.620316 -2.03825e-06  1.56358e-05 -1.09149e-05            1    -0.441745    0.0505373   0.00343827     0.935492     -0.50118   -0.0411971    -0.436622   -0.0498909  -0.00263046     0.934501    -0.498783     0.045849   -0.0144478  -0.00216823    0.0383824     0.063302     0.139905  -0.00021531      1.12916  1.60017e-05 -6.14309e-05 -9.67268e-05    0.0779148    -0.139323 -0.000207622      1.13393  -0.00020498  0.000876644 -3.92809e-05  -0.00237759 -0.000309639     0.620435 -1.95688e-06  1.80302e-05  -1.2122e-05            1    -0.441283    0.0505852   0.00342531     0.934531    -0.500563   -0.0421811     -0.43584   -0.0498725  -0.00266939     0.932839    -0.497725    0.0462649   -0.0158819  -0.00239548    0.0415706    0.0625272     0.139842 -0.000244436      1.12899  1.92064e-05 -6.94474e-05 -0.000103201    0.0786521     -0.13947 -0.000222788      1.13417 -0.000166378  0.000980112  -4.9146e-05  -0.00241541 -0.000321873     0.620561 -1.90774e-06  2.09879e-05 -1.32751e-05            1    -0.440855    0.0506199    0.0034207     0.933437    -0.499803     -0.04291    -0.435102   -0.0498493  -0.00271327     0.931072    -0.496596    0.0465978   -0.0173103  -0.00263899    0.0456694    0.0618055      0.13979 -0.000272473      1.12887  2.23643e-05 -6.57434e-05 -0.000110181    0.0794241    -0.139586 -0.000236164      1.13446 -0.000135071   0.00109162 -5.74143e-05  -0.00251009 -0.000334139     0.620695 -1.92548e-06  2.46396e-05 -1.43901e-05            1    -0.440452    0.0506441   0.00342288      0.93218    -0.498875   -0.0434619      -0.4344   -0.0498213  -0.00276158     0.929172    -0.495354    0.0468643   -0.0187359  -0.00290193    0.0507124    0.0611368     0.139748 -0.000299126      1.12878  2.55217e-05 -4.95842e-05 -0.000117483    0.0802336    -0.139676 -0.000248075      1.13479 -0.000109835   0.00121235 -6.43148e-05   -0.0026636 -0.000346371     0.620839 -1.95926e-06   2.9045e-05 -1.55023e-05            1    -0.440064    0.0506601   0.00343073     0.930733    -0.497757   -0.0439015    -0.433723   -0.0497883   -0.0028141      0.92711    -0.493966    0.0470735   -0.0201592  -0.00318779    0.0567355     0.060521     0.139719 -0.000324255      1.12874  2.87196e-05 -2.02804e-05 -0.000124985    0.0810832    -0.139746   -0.0002589      1.13516 -8.96844e-05   0.00134342 -7.00655e-05  -0.00287803 -0.000358344     0.620996 -2.00462e-06  3.42463e-05 -1.66233e-05            1    -0.439685    0.0506682   0.00344431     0.929073     -0.49643   -0.0442526    -0.433064   -0.0497504  -0.00287073      0.92486    -0.492407    0.0472313   -0.0215808  -0.00349847    0.0637767    0.0599589     0.139702 -0.000347559      1.12875  3.19934e-05  2.28879e-05 -0.000132548    0.0819759    -0.139801 -0.000268833      1.13558 -7.38302e-05   0.00148588 -7.48202e-05  -0.00315556 -0.000369751     0.621166 -2.06801e-06  4.02995e-05 -1.77537e-05            1    -0.439308     0.050668   0.00346408     0.927177    -0.494878   -0.0445258    -0.432417   -0.0497077  -0.00293136     0.922398    -0.490652    0.0473421   -0.0230013  -0.00383548    0.0718759    0.0594522     0.139698 -0.000368829       1.1288  3.53732e-05  8.06699e-05 -0.000140077    0.0829146    -0.139843  -0.00027814      1.13604 -6.16517e-05   0.00164079 -7.87336e-05  -0.00349843 -0.000380227     0.621352 -2.15553e-06   4.7421e-05  -1.8902e-05            1    -0.438926    0.0506592   0.00349065     0.925024    -0.493087   -0.0447268    -0.431776   -0.0496605   -0.0029958       0.9197    -0.488677    0.0474091   -0.0244213  -0.00420027    0.0810738    0.0590027     0.139708  -0.00038806       1.1289  3.88845e-05  0.000153824 -0.000147543    0.0839022    -0.139876  -0.00028726      1.13655  -5.2669e-05   0.00180915 -8.19913e-05  -0.00390865 -0.000389337     0.621556 -2.29318e-06  5.74598e-05  -2.0184e-05            1    -0.438539    0.0506412   0.00352489     0.922595     -0.49104   -0.0448593    -0.431137   -0.0496088  -0.00306367     0.916745    -0.486463    0.0474351   -0.0258411  -0.00459413    0.0914071    0.0586128      0.13973 -0.000405526      1.12904   4.2548e-05  0.000243089 -0.000155002    0.0849417    -0.139904 -0.000296851      1.13711 -4.65235e-05   0.00199191 -8.48262e-05  -0.00438601 -0.000396514     0.621781 -2.68194e-06  8.90312e-05 -2.31377e-05            1     -0.43818    0.0506153    0.0035698     0.919869    -0.488721   -0.0449251    -0.430537   -0.0495508   -0.0031324     0.913512    -0.483984    0.0474221   -0.0272585  -0.00501627     0.102859    0.0582882      0.13976 -0.000421832      1.12924  4.63719e-05  0.000348941 -0.000162597    0.0860366    -0.139933 -0.000307821      1.13772 -4.29605e-05   0.00218964 -8.75293e-05  -0.00490812 -0.000400503     0.622025 -4.39224e-06  0.000332855 -4.77112e-05            1    -0.438231     0.050606   0.00365675      0.91681     -0.48609    -0.044926    -0.430381   -0.0494605     -0.00317     0.909973    -0.481184    0.0473696   -0.0286373  -0.00544518     0.114862    0.0580747     0.139792 -0.000437675      1.12949  5.02662e-05  0.000469376  -0.00017039    0.0871974    -0.139966 -0.000321169      1.13837  -4.1797e-05    0.0023984  -9.0407e-05  -0.00471597  -0.00038586     0.622474 -1.67142e-05  0.000540364 -0.000162665            1    -0.435648    0.0499597   0.00537888     0.908373    -0.374555      0.12747    -0.427783   -0.0487933   -0.0046966     0.901759    -0.366601    -0.109079   -0.0297127  -0.00563698     0.122194    0.0612254     0.139772  -0.00121887      1.13474  -0.00297961  -0.00712708    -0.003948     0.091232    -0.140185 -0.000726658      1.14421  -0.00321035  -0.00371749   0.00163019
Quaternion norm:
1, 1, 1, 1, 1, 1, 1, 1, 1, 1, 1, 1, 1, 1, 
v measurement:
   0.0162133   0.00120537   0.00741426   -0.0204338    0.0818902   -0.0370081    -0.043783    0.0401633    0.0155978   -0.0361611 -0.000683259  -0.00194899   -0.0438283    0.0413723    0.0133924   -0.0685974    0.0293636  -0.00358107   -0.0267908    0.0220257    -0.106558    -0.014427   -0.0179752  -0.00162843  0.000379528   0.00590502  -0.00990775  0.000839832    0.0126991   -0.0111609   0.00608178 -0.000881003   0.00459947  -0.00411122  -0.00057937    0.0115196
v0 MPC last solution:
   0.0150984  0.000952083   0.00702615   -0.0169886    0.0672469   -0.0318422   -0.0296156    0.0339014    0.0136931    -0.036205 -6.96193e-05   -0.0014397   -0.0299021    0.0349962    0.0115818   -0.0631398    0.0248326  -0.00231036   -0.0340028    0.0172428   -0.0866714   -0.0204853   -0.0153499  -0.00101441  -0.00213608   0.00499889  -0.00856832  0.000779574    0.0140707  -0.00995584   0.00501965  -0.00043609    0.0046086  -0.00264046 -0.000435443    0.0115196
Predicted v MPC last solution:
-0.000308893   0.00529981  -0.00306816    0.0133399  -0.00387308    0.0206437    0.0069559   0.00131184   -0.0333693   0.00256711   -0.0260858    0.0460048   0.00595954  -0.00215549   -0.0917274    0.0361684   0.00799381   -0.0697699  -0.00268719   -0.0162746   -0.0403812  -0.00331385   -0.0011899   -0.0133711  0.000178602  -0.00170734 -4.00904e-05    0.0243721  -0.00414715    0.0013805  0.000883226   0.00389814   0.00357594 -0.000238067   0.00754267 -0.000193051
----------------------------------------------------------------------
State at time 180 ms ------------------
q measurement:
 -0.00235496 -0.000249323     0.620192 -0.000171133  0.000794125 -0.000434766            1    -0.443916    0.0511478   0.00391235     0.936767    -0.502177   -0.0375874    -0.440126    -0.049092  -0.00215361      0.93807     -0.50149    0.0439698   -0.0112735  -0.00136746     0.032111    0.0651024     0.139672 -0.000133861      1.12978  0.000152918  -0.00022478 -5.99927e-05    0.0763974    -0.139058 -4.50278e-05      1.13352 -0.000238256  0.000555905 -1.33499e-05
q0 MPC last solution:
 -0.00243964  -0.00025607     0.620154 -0.000114724  0.000566068 -0.000334523            1    -0.443652    0.0509278   0.00382895     0.936948    -0.502172   -0.0375752    -0.439862   -0.0493183  -0.00222576     0.938429    -0.501651     0.043991   -0.0111611  -0.00149245    0.0327075    0.0651549      0.13977 -0.000123691      1.12977  0.000120483  -0.00017111 -6.43341e-05    0.0763369    -0.138998 -7.90426e-05      1.13353 -0.000261183  0.000580915 -9.98988e-06
Predicted q MPC over horizon:
 -0.00243964  -0.00025607     0.620154 -0.000114724  0.000566068 -0.000334523            1    -0.443652    0.0509278   0.00382895     0.936948    -0.502172   -0.0375752    -0.439862   -0.0493183  -0.00222576     0.938429    -0.501651     0.043991   -0.0111611  -0.00149245    0.0327075    0.0651549      0.13977 -0.000123691      1.12977  0.000120483  -0.00017111 -6.43341e-05    0.0763369    -0.138998 -7.90426e-05      1.13353 -0.000261183  0.000580915 -9.98988e-06  1.2951e-308  1.2951e-308     0.622451 1.01351e-308 -6.80587e-05  1.35648e-05            1    -0.443311    0.0502517   0.00351157     0.937871    -0.502203   -0.0378116    -0.439256   -0.0500297  -0.00250721     0.939337     -0.50185    0.0440542   -0.0101344  -0.00179577    0.0342996    0.0658486     0.140088  -0.00013779      1.12989  5.60477e-06  1.97531e-05 -8.61423e-05    0.0759404    -0.138774 -0.000182166      1.13351 -0.000381416   0.00060556 -5.81115e-06  -0.00258986 -0.000279526     0.620095  1.72278e-05   5.3142e-06 -7.02581e-06            1    -0.442814    0.0503844   0.00349482     0.937152    -0.502024   -0.0387802    -0.438341   -0.0499421  -0.00255551     0.937647    -0.500921    0.0445782   -0.0115547  -0.00184974    0.0346378    0.0649959     0.140027 -0.000161808      1.12962  9.20046e-06 -1.41355e-05 -8.78567e-05     0.076526    -0.138932 -0.000176269      1.13358 -0.000310464  0.000687106 -1.50593e-05  -0.00246571 -0.000286455     0.620203 -6.66221e-07  1.32717e-05 -9.27625e-06            1    -0.442255    0.0504787   0.00345595     0.936355    -0.501663   -0.0400608    -0.437455   -0.0499066   -0.0025973     0.936092    -0.499827    0.0453199   -0.0130031  -0.00196765    0.0360753    0.0641248     0.139969 -0.000187239      1.12937  1.26958e-05 -4.27711e-05 -9.14101e-05    0.0772113    -0.139144 -0.000191879      1.13374 -0.000252383  0.000779829 -2.79264e-05  -0.00239482 -0.000297489     0.620316 -2.03825e-06  1.56358e-05 -1.09149e-05            1    -0.441745    0.0505373   0.00343827     0.935492     -0.50118   -0.0411971    -0.436622   -0.0498909  -0.00263046     0.934501    -0.498783     0.045849   -0.0144478  -0.00216823    0.0383824     0.063302     0.139905  -0.00021531      1.12916  1.60017e-05 -6.14309e-05 -9.67268e-05    0.0779148    -0.139323 -0.000207622      1.13393  -0.00020498  0.000876644 -3.92809e-05  -0.00237759 -0.000309639     0.620435 -1.95688e-06  1.80302e-05  -1.2122e-05            1    -0.441283    0.0505852   0.00342531     0.934531    -0.500563   -0.0421811     -0.43584   -0.0498725  -0.00266939     0.932839    -0.497725    0.0462649   -0.0158819  -0.00239548    0.0415706    0.0625272     0.139842 -0.000244436      1.12899  1.92064e-05 -6.94474e-05 -0.000103201    0.0786521     -0.13947 -0.000222788      1.13417 -0.000166378  0.000980112  -4.9146e-05  -0.00241541 -0.000321873     0.620561 -1.90774e-06  2.09879e-05 -1.32751e-05            1    -0.440855    0.0506199    0.0034207     0.933437    -0.499803     -0.04291    -0.435102   -0.0498493  -0.00271327     0.931072    -0.496596    0.0465978   -0.0173103  -0.00263899    0.0456694    0.0618055      0.13979 -0.000272473      1.12887  2.23643e-05 -6.57434e-05 -0.000110181    0.0794241    -0.139586 -0.000236164      1.13446 -0.000135071   0.00109162 -5.74143e-05  -0.00251009 -0.000334139     0.620695 -1.92548e-06  2.46396e-05 -1.43901e-05            1    -0.440452    0.0506441   0.00342288      0.93218    -0.498875   -0.0434619      -0.4344   -0.0498213  -0.00276158     0.929172    -0.495354    0.0468643   -0.0187359  -0.00290193    0.0507124    0.0611368     0.139748 -0.000299126      1.12878  2.55217e-05 -4.95842e-05 -0.000117483    0.0802336    -0.139676 -0.000248075      1.13479 -0.000109835   0.00121235 -6.43148e-05   -0.0026636 -0.000346371     0.620839 -1.95926e-06   2.9045e-05 -1.55023e-05            1    -0.440064    0.0506601   0.00343073     0.930733    -0.497757   -0.0439015    -0.433723   -0.0497883   -0.0028141      0.92711    -0.493966    0.0470735   -0.0201592  -0.00318779    0.0567355     0.060521     0.139719 -0.000324255      1.12874  2.87196e-05 -2.02804e-05 -0.000124985    0.0810832    -0.139746   -0.0002589      1.13516 -8.96844e-05   0.00134342 -7.00655e-05  -0.00287803 -0.000358344     0.620996 -2.00462e-06  3.42463e-05 -1.66233e-05            1    -0.439685    0.0506682   0.00344431     0.929073     -0.49643   -0.0442526    -0.433064   -0.0497504  -0.00287073      0.92486    -0.492407    0.0472313   -0.0215808  -0.00349847    0.0637767    0.0599589     0.139702 -0.000347559      1.12875  3.19934e-05  2.28879e-05 -0.000132548    0.0819759    -0.139801 -0.000268833      1.13558 -7.38302e-05   0.00148588 -7.48202e-05  -0.00315556 -0.000369751     0.621166 -2.06801e-06  4.02995e-05 -1.77537e-05            1    -0.439308     0.050668   0.00346408     0.927177    -0.494878   -0.0445258    -0.432417   -0.0497077  -0.00293136     0.922398    -0.490652    0.0473421   -0.0230013  -0.00383548    0.0718759    0.0594522     0.139698 -0.000368829       1.1288  3.53732e-05  8.06699e-05 -0.000140077    0.0829146    -0.139843  -0.00027814      1.13604 -6.16517e-05   0.00164079 -7.87336e-05  -0.00349843 -0.000380227     0.621352 -2.15553e-06   4.7421e-05  -1.8902e-05            1    -0.438926    0.0506592   0.00349065     0.925024    -0.493087   -0.0447268    -0.431776   -0.0496605   -0.0029958       0.9197    -0.488677    0.0474091   -0.0244213  -0.00420027    0.0810738    0.0590027     0.139708  -0.00038806       1.1289  3.88845e-05  0.000153824 -0.000147543    0.0839022    -0.139876  -0.00028726      1.13655  -5.2669e-05   0.00180915 -8.19913e-05  -0.00390865 -0.000389337     0.621556 -2.29318e-06  5.74598e-05  -2.0184e-05            1    -0.438539    0.0506412   0.00352489     0.922595     -0.49104   -0.0448593    -0.431137   -0.0496088  -0.00306367     0.916745    -0.486463    0.0474351   -0.0258411  -0.00459413    0.0914071    0.0586128      0.13973 -0.000405526      1.12904   4.2548e-05  0.000243089 -0.000155002    0.0849417    -0.139904 -0.000296851      1.13711 -4.65235e-05   0.00199191 -8.48262e-05  -0.00438601 -0.000396514     0.621781 -2.68194e-06  8.90312e-05 -2.31377e-05            1     -0.43818    0.0506153    0.0035698     0.919869    -0.488721   -0.0449251    -0.430537   -0.0495508   -0.0031324     0.913512    -0.483984    0.0474221   -0.0272585  -0.00501627     0.102859    0.0582882      0.13976 -0.000421832      1.12924  4.63719e-05  0.000348941 -0.000162597    0.0860366    -0.139933 -0.000307821      1.13772 -4.29605e-05   0.00218964 -8.75293e-05  -0.00490812 -0.000400503     0.622025 -4.39224e-06  0.000332855 -4.77112e-05            1    -0.438231     0.050606   0.00365675      0.91681     -0.48609    -0.044926    -0.430381   -0.0494605     -0.00317     0.909973    -0.481184    0.0473696   -0.0286373  -0.00544518     0.114862    0.0580747     0.139792 -0.000437675      1.12949  5.02662e-05  0.000469376  -0.00017039    0.0871974    -0.139966 -0.000321169      1.13837  -4.1797e-05    0.0023984  -9.0407e-05  -0.00471597  -0.00038586     0.622474 -1.67142e-05  0.000540364 -0.000162665            1    -0.435648    0.0499597   0.00537888     0.908373    -0.374555      0.12747    -0.427783   -0.0487933   -0.0046966     0.901759    -0.366601    -0.109079   -0.0297127  -0.00563698     0.122194    0.0612254     0.139772  -0.00121887      1.13474  -0.00297961  -0.00712708    -0.003948     0.091232    -0.140185 -0.000726658      1.14421  -0.00321035  -0.00371749   0.00163019
Quaternion norm:
1, 1, 1, 1, 1, 1, 1, 1, 1, 1, 1, 1, 1, 1, 
v measurement:
   0.0174078   0.00146491   0.00780812   -0.0240165    0.0975964   -0.0421576   -0.0591423    0.0465609     0.017383    -0.035979  -0.00124181  -0.00281027   -0.0588306     0.047856     0.015106   -0.0741335    0.0340764  -0.00464612   -0.0196246    0.0270094    -0.128015  -0.00783558   -0.0206561  -0.00231589   0.00295121   0.00688637   -0.0112903  0.000884689    0.0117812    -0.012418   0.00730735  -0.00124594   0.00457449   -0.0055968 -0.000735381    0.0115196
v0 MPC last solution:
   0.0162133   0.00120537   0.00741426   -0.0204338    0.0818902   -0.0370081    -0.043783    0.0401633    0.0155978   -0.0361611 -0.000683259  -0.00194899   -0.0438283    0.0413723    0.0133924   -0.0685974    0.0293636  -0.00358107   -0.0267908    0.0220257    -0.106558    -0.014427   -0.0179752  -0.00162843  0.000379528   0.00590502  -0.00990775  0.000839832    0.0126991   -0.0111609   0.00608178 -0.000881003   0.00459947  -0.00411122  -0.00057937    0.0115196
Predicted v MPC last solution:
-0.000308893   0.00529981  -0.00306816    0.0133399  -0.00387308    0.0206437    0.0069559   0.00131184   -0.0333693   0.00256711   -0.0260858    0.0460048   0.00595954  -0.00215549   -0.0917274    0.0361684   0.00799381   -0.0697699  -0.00268719   -0.0162746   -0.0403812  -0.00331385   -0.0011899   -0.0133711  0.000178602  -0.00170734 -4.00904e-05    0.0243721  -0.00414715    0.0013805  0.000883226   0.00389814   0.00357594 -0.000238067   0.00754267 -0.000193051
----------------------------------------------------------------------
State at time 185 ms ------------------
q measurement:
 -0.00226401 -0.000241274     0.620232 -0.000236732   0.00106334 -0.000547847     0.999999    -0.444262    0.0514001   0.00400426     0.936588    -0.502185   -0.0376045    -0.440469    -0.048833  -0.00207326     0.937682    -0.501305    0.0439438   -0.0113503  -0.00121684    0.0314017    0.0650845      0.13956 -0.000147758       1.1298   0.00019054 -0.000285479 -5.54926e-05    0.0764551    -0.139124 -4.32214e-06      1.13352 -0.000215477  0.000523463 -1.75259e-05
q0 MPC last solution:
 -0.00235496 -0.000249323     0.620192 -0.000171133  0.000794125 -0.000434766            1    -0.443916    0.0511478   0.00391235     0.936767    -0.502177   -0.0375874    -0.440126    -0.049092  -0.00215361      0.93807     -0.50149    0.0439698   -0.0112735  -0.00136746     0.032111    0.0651024     0.139672 -0.000133861      1.12978  0.000152918  -0.00022478 -5.99927e-05    0.0763974    -0.139058 -4.50278e-05      1.13352 -0.000238256  0.000555905 -1.33499e-05
Predicted q MPC over horizon:
 -0.00235496 -0.000249323     0.620192 -0.000171133  0.000794125 -0.000434766            1    -0.443916    0.0511478   0.00391235     0.936767    -0.502177   -0.0375874    -0.440126    -0.049092  -0.00215361      0.93807     -0.50149    0.0439698   -0.0112735  -0.00136746     0.032111    0.0651024     0.139672 -0.000133861      1.12978  0.000152918  -0.00022478 -5.99927e-05    0.0763974    -0.139058 -4.50278e-05      1.13352 -0.000238256  0.000555905 -1.33499e-05  1.2951e-308  1.2951e-308     0.622451 1.01351e-308 -6.80587e-05  1.35648e-05            1    -0.443311    0.0502517   0.00351157     0.937871    -0.502203   -0.0378116    -0.439256   -0.0500297  -0.00250721     0.939337     -0.50185    0.0440542   -0.0101344  -0.00179577    0.0342996    0.0658486     0.140088  -0.00013779      1.12989  5.60477e-06  1.97531e-05 -8.61423e-05    0.0759404    -0.138774 -0.000182166      1.13351 -0.000381416   0.00060556 -5.81115e-06  -0.00258986 -0.000279526     0.620095  1.72278e-05   5.3142e-06 -7.02581e-06            1    -0.442814    0.0503844   0.00349482     0.937152    -0.502024   -0.0387802    -0.438341   -0.0499421  -0.00255551     0.937647    -0.500921    0.0445782   -0.0115547  -0.00184974    0.0346378    0.0649959     0.140027 -0.000161808      1.12962  9.20046e-06 -1.41355e-05 -8.78567e-05     0.076526    -0.138932 -0.000176269      1.13358 -0.000310464  0.000687106 -1.50593e-05  -0.00246571 -0.000286455     0.620203 -6.66221e-07  1.32717e-05 -9.27625e-06            1    -0.442255    0.0504787   0.00345595     0.936355    -0.501663   -0.0400608    -0.437455   -0.0499066   -0.0025973     0.936092    -0.499827    0.0453199   -0.0130031  -0.00196765    0.0360753    0.0641248     0.139969 -0.000187239      1.12937  1.26958e-05 -4.27711e-05 -9.14101e-05    0.0772113    -0.139144 -0.000191879      1.13374 -0.000252383  0.000779829 -2.79264e-05  -0.00239482 -0.000297489     0.620316 -2.03825e-06  1.56358e-05 -1.09149e-05            1    -0.441745    0.0505373   0.00343827     0.935492     -0.50118   -0.0411971    -0.436622   -0.0498909  -0.00263046     0.934501    -0.498783     0.045849   -0.0144478  -0.00216823    0.0383824     0.063302     0.139905  -0.00021531      1.12916  1.60017e-05 -6.14309e-05 -9.67268e-05    0.0779148    -0.139323 -0.000207622      1.13393  -0.00020498  0.000876644 -3.92809e-05  -0.00237759 -0.000309639     0.620435 -1.95688e-06  1.80302e-05  -1.2122e-05            1    -0.441283    0.0505852   0.00342531     0.934531    -0.500563   -0.0421811     -0.43584   -0.0498725  -0.00266939     0.932839    -0.497725    0.0462649   -0.0158819  -0.00239548    0.0415706    0.0625272     0.139842 -0.000244436      1.12899  1.92064e-05 -6.94474e-05 -0.000103201    0.0786521     -0.13947 -0.000222788      1.13417 -0.000166378  0.000980112  -4.9146e-05  -0.00241541 -0.000321873     0.620561 -1.90774e-06  2.09879e-05 -1.32751e-05            1    -0.440855    0.0506199    0.0034207     0.933437    -0.499803     -0.04291    -0.435102   -0.0498493  -0.00271327     0.931072    -0.496596    0.0465978   -0.0173103  -0.00263899    0.0456694    0.0618055      0.13979 -0.000272473      1.12887  2.23643e-05 -6.57434e-05 -0.000110181    0.0794241    -0.139586 -0.000236164      1.13446 -0.000135071   0.00109162 -5.74143e-05  -0.00251009 -0.000334139     0.620695 -1.92548e-06  2.46396e-05 -1.43901e-05            1    -0.440452    0.0506441   0.00342288      0.93218    -0.498875   -0.0434619      -0.4344   -0.0498213  -0.00276158     0.929172    -0.495354    0.0468643   -0.0187359  -0.00290193    0.0507124    0.0611368     0.139748 -0.000299126      1.12878  2.55217e-05 -4.95842e-05 -0.000117483    0.0802336    -0.139676 -0.000248075      1.13479 -0.000109835   0.00121235 -6.43148e-05   -0.0026636 -0.000346371     0.620839 -1.95926e-06   2.9045e-05 -1.55023e-05            1    -0.440064    0.0506601   0.00343073     0.930733    -0.497757   -0.0439015    -0.433723   -0.0497883   -0.0028141      0.92711    -0.493966    0.0470735   -0.0201592  -0.00318779    0.0567355     0.060521     0.139719 -0.000324255      1.12874  2.87196e-05 -2.02804e-05 -0.000124985    0.0810832    -0.139746   -0.0002589      1.13516 -8.96844e-05   0.00134342 -7.00655e-05  -0.00287803 -0.000358344     0.620996 -2.00462e-06  3.42463e-05 -1.66233e-05            1    -0.439685    0.0506682   0.00344431     0.929073     -0.49643   -0.0442526    -0.433064   -0.0497504  -0.00287073      0.92486    -0.492407    0.0472313   -0.0215808  -0.00349847    0.0637767    0.0599589     0.139702 -0.000347559      1.12875  3.19934e-05  2.28879e-05 -0.000132548    0.0819759    -0.139801 -0.000268833      1.13558 -7.38302e-05   0.00148588 -7.48202e-05  -0.00315556 -0.000369751     0.621166 -2.06801e-06  4.02995e-05 -1.77537e-05            1    -0.439308     0.050668   0.00346408     0.927177    -0.494878   -0.0445258    -0.432417   -0.0497077  -0.00293136     0.922398    -0.490652    0.0473421   -0.0230013  -0.00383548    0.0718759    0.0594522     0.139698 -0.000368829       1.1288  3.53732e-05  8.06699e-05 -0.000140077    0.0829146    -0.139843  -0.00027814      1.13604 -6.16517e-05   0.00164079 -7.87336e-05  -0.00349843 -0.000380227     0.621352 -2.15553e-06   4.7421e-05  -1.8902e-05            1    -0.438926    0.0506592   0.00349065     0.925024    -0.493087   -0.0447268    -0.431776   -0.0496605   -0.0029958       0.9197    -0.488677    0.0474091   -0.0244213  -0.00420027    0.0810738    0.0590027     0.139708  -0.00038806       1.1289  3.88845e-05  0.000153824 -0.000147543    0.0839022    -0.139876  -0.00028726      1.13655  -5.2669e-05   0.00180915 -8.19913e-05  -0.00390865 -0.000389337     0.621556 -2.29318e-06  5.74598e-05  -2.0184e-05            1    -0.438539    0.0506412   0.00352489     0.922595     -0.49104   -0.0448593    -0.431137   -0.0496088  -0.00306367     0.916745    -0.486463    0.0474351   -0.0258411  -0.00459413    0.0914071    0.0586128      0.13973 -0.000405526      1.12904   4.2548e-05  0.000243089 -0.000155002    0.0849417    -0.139904 -0.000296851      1.13711 -4.65235e-05   0.00199191 -8.48262e-05  -0.00438601 -0.000396514     0.621781 -2.68194e-06  8.90312e-05 -2.31377e-05            1     -0.43818    0.0506153    0.0035698     0.919869    -0.488721   -0.0449251    -0.430537   -0.0495508   -0.0031324     0.913512    -0.483984    0.0474221   -0.0272585  -0.00501627     0.102859    0.0582882      0.13976 -0.000421832      1.12924  4.63719e-05  0.000348941 -0.000162597    0.0860366    -0.139933 -0.000307821      1.13772 -4.29605e-05   0.00218964 -8.75293e-05  -0.00490812 -0.000400503     0.622025 -4.39224e-06  0.000332855 -4.77112e-05            1    -0.438231     0.050606   0.00365675      0.91681     -0.48609    -0.044926    -0.430381   -0.0494605     -0.00317     0.909973    -0.481184    0.0473696   -0.0286373  -0.00544518     0.114862    0.0580747     0.139792 -0.000437675      1.12949  5.02662e-05  0.000469376  -0.00017039    0.0871974    -0.139966 -0.000321169      1.13837  -4.1797e-05    0.0023984  -9.0407e-05  -0.00471597  -0.00038586     0.622474 -1.67142e-05  0.000540364 -0.000162665            1    -0.435648    0.0499597   0.00537888     0.908373    -0.374555      0.12747    -0.427783   -0.0487933   -0.0046966     0.901759    -0.366601    -0.109079   -0.0297127  -0.00563698     0.122194    0.0612254     0.139772  -0.00121887      1.13474  -0.00297961  -0.00712708    -0.003948     0.091232    -0.140185 -0.000726658      1.14421  -0.00321035  -0.00371749   0.00163019
Quaternion norm:
1, 1, 1, 1, 1, 1, 1, 1, 1, 1, 1, 1, 1, 1, 
v measurement:
   0.0186984   0.00173242   0.00820636   -0.0277637     0.114593   -0.0472824   -0.0759355    0.0531054    0.0190289   -0.0356578  -0.00174925  -0.00385569   -0.0751193    0.0544696    0.0166935   -0.0797966    0.0389692   -0.0055753   -0.0124946    0.0322339    -0.151379 -0.000629261   -0.0234041  -0.00310363   0.00560392   0.00796431   -0.0127109   0.00090672    0.0114432   -0.0137444   0.00872452  -0.00155635     0.004543   -0.0070814 -0.000903308    0.0115196
v0 MPC last solution:
   0.0174078   0.00146491   0.00780812   -0.0240165    0.0975964   -0.0421576   -0.0591423    0.0465609     0.017383    -0.035979  -0.00124181  -0.00281027   -0.0588306     0.047856     0.015106   -0.0741335    0.0340764  -0.00464612   -0.0196246    0.0270094    -0.128015  -0.00783558   -0.0206561  -0.00231589   0.00295121   0.00688637   -0.0112903  0.000884689    0.0117812    -0.012418   0.00730735  -0.00124594   0.00457449   -0.0055968 -0.000735381    0.0115196
Predicted v MPC last solution:
-0.000308893   0.00529981  -0.00306816    0.0133399  -0.00387308    0.0206437    0.0069559   0.00131184   -0.0333693   0.00256711   -0.0260858    0.0460048   0.00595954  -0.00215549   -0.0917274    0.0361684   0.00799381   -0.0697699  -0.00268719   -0.0162746   -0.0403812  -0.00331385   -0.0011899   -0.0133711  0.000178602  -0.00170734 -4.00904e-05    0.0243721  -0.00414715    0.0013805  0.000883226   0.00389814   0.00357594 -0.000238067   0.00754267 -0.000193051
----------------------------------------------------------------------
State at time 190 ms ------------------
q measurement:
 -0.00216624 -0.000231882     0.620274 -0.000311971    0.0013773 -0.000673692     0.999999    -0.444696    0.0516857   0.00410392     0.936412    -0.502195   -0.0376272    -0.440897   -0.0485404  -0.00198543     0.937266    -0.501095    0.0439133   -0.0113914  -0.00103927    0.0305688    0.0651048     0.139435  -0.00016597      1.12984    0.0002339 -0.000353381 -5.09704e-05    0.0765131    -0.139197  4.41244e-05      1.13351  -0.00019285  0.000483644 -2.25765e-05
q0 MPC last solution:
 -0.00226401 -0.000241274     0.620232 -0.000236732   0.00106334 -0.000547847     0.999999    -0.444262    0.0514001   0.00400426     0.936588    -0.502185   -0.0376045    -0.440469    -0.048833  -0.00207326     0.937682    -0.501305    0.0439438   -0.0113503  -0.00121684    0.0314017    0.0650845      0.13956 -0.000147758       1.1298   0.00019054 -0.000285479 -5.54926e-05    0.0764551    -0.139124 -4.32214e-06      1.13352 -0.000215477  0.000523463 -1.75259e-05
Predicted q MPC over horizon:
 -0.00226401 -0.000241274     0.620232 -0.000236732   0.00106334 -0.000547847     0.999999    -0.444262    0.0514001   0.00400426     0.936588    -0.502185   -0.0376045    -0.440469    -0.048833  -0.00207326     0.937682    -0.501305    0.0439438   -0.0113503  -0.00121684    0.0314017    0.0650845      0.13956 -0.000147758       1.1298   0.00019054 -0.000285479 -5.54926e-05    0.0764551    -0.139124 -4.32214e-06      1.13352 -0.000215477  0.000523463 -1.75259e-05  1.2951e-308  1.2951e-308     0.622451 1.01351e-308 -6.80587e-05  1.35648e-05            1    -0.443311    0.0502517   0.00351157     0.937871    -0.502203   -0.0378116    -0.439256   -0.0500297  -0.00250721     0.939337     -0.50185    0.0440542   -0.0101344  -0.00179577    0.0342996    0.0658486     0.140088  -0.00013779      1.12989  5.60477e-06  1.97531e-05 -8.61423e-05    0.0759404    -0.138774 -0.000182166      1.13351 -0.000381416   0.00060556 -5.81115e-06  -0.00258986 -0.000279526     0.620095  1.72278e-05   5.3142e-06 -7.02581e-06            1    -0.442814    0.0503844   0.00349482     0.937152    -0.502024   -0.0387802    -0.438341   -0.0499421  -0.00255551     0.937647    -0.500921    0.0445782   -0.0115547  -0.00184974    0.0346378    0.0649959     0.140027 -0.000161808      1.12962  9.20046e-06 -1.41355e-05 -8.78567e-05     0.076526    -0.138932 -0.000176269      1.13358 -0.000310464  0.000687106 -1.50593e-05  -0.00246571 -0.000286455     0.620203 -6.66221e-07  1.32717e-05 -9.27625e-06            1    -0.442255    0.0504787   0.00345595     0.936355    -0.501663   -0.0400608    -0.437455   -0.0499066   -0.0025973     0.936092    -0.499827    0.0453199   -0.0130031  -0.00196765    0.0360753    0.0641248     0.139969 -0.000187239      1.12937  1.26958e-05 -4.27711e-05 -9.14101e-05    0.0772113    -0.139144 -0.000191879      1.13374 -0.000252383  0.000779829 -2.79264e-05  -0.00239482 -0.000297489     0.620316 -2.03825e-06  1.56358e-05 -1.09149e-05            1    -0.441745    0.0505373   0.00343827     0.935492     -0.50118   -0.0411971    -0.436622   -0.0498909  -0.00263046     0.934501    -0.498783     0.045849   -0.0144478  -0.00216823    0.0383824     0.063302     0.139905  -0.00021531      1.12916  1.60017e-05 -6.14309e-05 -9.67268e-05    0.0779148    -0.139323 -0.000207622      1.13393  -0.00020498  0.000876644 -3.92809e-05  -0.00237759 -0.000309639     0.620435 -1.95688e-06  1.80302e-05  -1.2122e-05            1    -0.441283    0.0505852   0.00342531     0.934531    -0.500563   -0.0421811     -0.43584   -0.0498725  -0.00266939     0.932839    -0.497725    0.0462649   -0.0158819  -0.00239548    0.0415706    0.0625272     0.139842 -0.000244436      1.12899  1.92064e-05 -6.94474e-05 -0.000103201    0.0786521     -0.13947 -0.000222788      1.13417 -0.000166378  0.000980112  -4.9146e-05  -0.00241541 -0.000321873     0.620561 -1.90774e-06  2.09879e-05 -1.32751e-05            1    -0.440855    0.0506199    0.0034207     0.933437    -0.499803     -0.04291    -0.435102   -0.0498493  -0.00271327     0.931072    -0.496596    0.0465978   -0.0173103  -0.00263899    0.0456694    0.0618055      0.13979 -0.000272473      1.12887  2.23643e-05 -6.57434e-05 -0.000110181    0.0794241    -0.139586 -0.000236164      1.13446 -0.000135071   0.00109162 -5.74143e-05  -0.00251009 -0.000334139     0.620695 -1.92548e-06  2.46396e-05 -1.43901e-05            1    -0.440452    0.0506441   0.00342288      0.93218    -0.498875   -0.0434619      -0.4344   -0.0498213  -0.00276158     0.929172    -0.495354    0.0468643   -0.0187359  -0.00290193    0.0507124    0.0611368     0.139748 -0.000299126      1.12878  2.55217e-05 -4.95842e-05 -0.000117483    0.0802336    -0.139676 -0.000248075      1.13479 -0.000109835   0.00121235 -6.43148e-05   -0.0026636 -0.000346371     0.620839 -1.95926e-06   2.9045e-05 -1.55023e-05            1    -0.440064    0.0506601   0.00343073     0.930733    -0.497757   -0.0439015    -0.433723   -0.0497883   -0.0028141      0.92711    -0.493966    0.0470735   -0.0201592  -0.00318779    0.0567355     0.060521     0.139719 -0.000324255      1.12874  2.87196e-05 -2.02804e-05 -0.000124985    0.0810832    -0.139746   -0.0002589      1.13516 -8.96844e-05   0.00134342 -7.00655e-05  -0.00287803 -0.000358344     0.620996 -2.00462e-06  3.42463e-05 -1.66233e-05            1    -0.439685    0.0506682   0.00344431     0.929073     -0.49643   -0.0442526    -0.433064   -0.0497504  -0.00287073      0.92486    -0.492407    0.0472313   -0.0215808  -0.00349847    0.0637767    0.0599589     0.139702 -0.000347559      1.12875  3.19934e-05  2.28879e-05 -0.000132548    0.0819759    -0.139801 -0.000268833      1.13558 -7.38302e-05   0.00148588 -7.48202e-05  -0.00315556 -0.000369751     0.621166 -2.06801e-06  4.02995e-05 -1.77537e-05            1    -0.439308     0.050668   0.00346408     0.927177    -0.494878   -0.0445258    -0.432417   -0.0497077  -0.00293136     0.922398    -0.490652    0.0473421   -0.0230013  -0.00383548    0.0718759    0.0594522     0.139698 -0.000368829       1.1288  3.53732e-05  8.06699e-05 -0.000140077    0.0829146    -0.139843  -0.00027814      1.13604 -6.16517e-05   0.00164079 -7.87336e-05  -0.00349843 -0.000380227     0.621352 -2.15553e-06   4.7421e-05  -1.8902e-05            1    -0.438926    0.0506592   0.00349065     0.925024    -0.493087   -0.0447268    -0.431776   -0.0496605   -0.0029958       0.9197    -0.488677    0.0474091   -0.0244213  -0.00420027    0.0810738    0.0590027     0.139708  -0.00038806       1.1289  3.88845e-05  0.000153824 -0.000147543    0.0839022    -0.139876  -0.00028726      1.13655  -5.2669e-05   0.00180915 -8.19913e-05  -0.00390865 -0.000389337     0.621556 -2.29318e-06  5.74598e-05  -2.0184e-05            1    -0.438539    0.0506412   0.00352489     0.922595     -0.49104   -0.0448593    -0.431137   -0.0496088  -0.00306367     0.916745    -0.486463    0.0474351   -0.0258411  -0.00459413    0.0914071    0.0586128      0.13973 -0.000405526      1.12904   4.2548e-05  0.000243089 -0.000155002    0.0849417    -0.139904 -0.000296851      1.13711 -4.65235e-05   0.00199191 -8.48262e-05  -0.00438601 -0.000396514     0.621781 -2.68194e-06  8.90312e-05 -2.31377e-05            1     -0.43818    0.0506153    0.0035698     0.919869    -0.488721   -0.0449251    -0.430537   -0.0495508   -0.0031324     0.913512    -0.483984    0.0474221   -0.0272585  -0.00501627     0.102859    0.0582882      0.13976 -0.000421832      1.12924  4.63719e-05  0.000348941 -0.000162597    0.0860366    -0.139933 -0.000307821      1.13772 -4.29605e-05   0.00218964 -8.75293e-05  -0.00490812 -0.000400503     0.622025 -4.39224e-06  0.000332855 -4.77112e-05            1    -0.438231     0.050606   0.00365675      0.91681     -0.48609    -0.044926    -0.430381   -0.0494605     -0.00317     0.909973    -0.481184    0.0473696   -0.0286373  -0.00544518     0.114862    0.0580747     0.139792 -0.000437675      1.12949  5.02662e-05  0.000469376  -0.00017039    0.0871974    -0.139966 -0.000321169      1.13837  -4.1797e-05    0.0023984  -9.0407e-05  -0.00471597  -0.00038586     0.622474 -1.67142e-05  0.000540364 -0.000162665            1    -0.435648    0.0499597   0.00537888     0.908373    -0.374555      0.12747    -0.427783   -0.0487933   -0.0046966     0.901759    -0.366601    -0.109079   -0.0297127  -0.00563698     0.122194    0.0612254     0.139772  -0.00121887      1.13474  -0.00297961  -0.00712708    -0.003948     0.091232    -0.140185 -0.000726658      1.14421  -0.00321035  -0.00371749   0.00163019
Quaternion norm:
1, 1, 1, 1, 1, 1, 1, 1, 1, 1, 1, 1, 1, 1, 
v measurement:
  0.0201025  0.00200965  0.00860768  -0.0317043     0.13313  -0.0523739  -0.0944341   0.0598119   0.0205114  -0.0351857 -0.00221095 -0.00497519  -0.0929341   0.0612365   0.0181257  -0.0856265   0.0440484 -0.00642052 -0.00539019   0.0377412   -0.177021  0.00728235  -0.0262311 -0.00402088  0.00836432  0.00916085  -0.0141643 0.000898319   0.0118206  -0.0151588   0.0103644 -0.00183744  0.00451512 -0.00854856 -0.00108285   0.0115196
v0 MPC last solution:
   0.0186984   0.00173242   0.00820636   -0.0277637     0.114593   -0.0472824   -0.0759355    0.0531054    0.0190289   -0.0356578  -0.00174925  -0.00385569   -0.0751193    0.0544696    0.0166935   -0.0797966    0.0389692   -0.0055753   -0.0124946    0.0322339    -0.151379 -0.000629261   -0.0234041  -0.00310363   0.00560392   0.00796431   -0.0127109   0.00090672    0.0114432   -0.0137444   0.00872452  -0.00155635     0.004543   -0.0070814 -0.000903308    0.0115196
Predicted v MPC last solution:
-0.000308893   0.00529981  -0.00306816    0.0133399  -0.00387308    0.0206437    0.0069559   0.00131184   -0.0333693   0.00256711   -0.0260858    0.0460048   0.00595954  -0.00215549   -0.0917274    0.0361684   0.00799381   -0.0697699  -0.00268719   -0.0162746   -0.0403812  -0.00331385   -0.0011899   -0.0133711  0.000178602  -0.00170734 -4.00904e-05    0.0243721  -0.00414715    0.0013805  0.000883226   0.00389814   0.00357594 -0.000238067   0.00754267 -0.000193051
----------------------------------------------------------------------
State at time 195 ms ------------------
q measurement:
 -0.00206102   -0.0002211     0.620318 -0.000397377   0.00174028 -0.000812205     0.999998    -0.445229    0.0520054   0.00421044     0.936237    -0.502207   -0.0376554     -0.44142   -0.0482135  -0.00189098      0.93682    -0.500859    0.0438788   -0.0113971 -0.000833203    0.0295999     0.065167     0.139295 -0.000189239      1.12989  0.000283656 -0.000428635  -4.6602e-05    0.0765755    -0.139277  0.000101529       1.1335 -0.000170321  0.000436587 -2.85588e-05
q0 MPC last solution:
 -0.00216624 -0.000231882     0.620274 -0.000311971    0.0013773 -0.000673692     0.999999    -0.444696    0.0516857   0.00410392     0.936412    -0.502195   -0.0376272    -0.440897   -0.0485404  -0.00198543     0.937266    -0.501095    0.0439133   -0.0113914  -0.00103927    0.0305688    0.0651048     0.139435  -0.00016597      1.12984    0.0002339 -0.000353381 -5.09704e-05    0.0765131    -0.139197  4.41244e-05      1.13351  -0.00019285  0.000483644 -2.25765e-05
Predicted q MPC over horizon:
 -0.00216624 -0.000231882     0.620274 -0.000311971    0.0013773 -0.000673692     0.999999    -0.444696    0.0516857   0.00410392     0.936412    -0.502195   -0.0376272    -0.440897   -0.0485404  -0.00198543     0.937266    -0.501095    0.0439133   -0.0113914  -0.00103927    0.0305688    0.0651048     0.139435  -0.00016597      1.12984    0.0002339 -0.000353381 -5.09704e-05    0.0765131    -0.139197  4.41244e-05      1.13351  -0.00019285  0.000483644 -2.25765e-05  1.2951e-308  1.2951e-308     0.622451 1.01351e-308 -6.80587e-05  1.35648e-05            1    -0.443311    0.0502517   0.00351157     0.937871    -0.502203   -0.0378116    -0.439256   -0.0500297  -0.00250721     0.939337     -0.50185    0.0440542   -0.0101344  -0.00179577    0.0342996    0.0658486     0.140088  -0.00013779      1.12989  5.60477e-06  1.97531e-05 -8.61423e-05    0.0759404    -0.138774 -0.000182166      1.13351 -0.000381416   0.00060556 -5.81115e-06  -0.00258986 -0.000279526     0.620095  1.72278e-05   5.3142e-06 -7.02581e-06            1    -0.442814    0.0503844   0.00349482     0.937152    -0.502024   -0.0387802    -0.438341   -0.0499421  -0.00255551     0.937647    -0.500921    0.0445782   -0.0115547  -0.00184974    0.0346378    0.0649959     0.140027 -0.000161808      1.12962  9.20046e-06 -1.41355e-05 -8.78567e-05     0.076526    -0.138932 -0.000176269      1.13358 -0.000310464  0.000687106 -1.50593e-05  -0.00246571 -0.000286455     0.620203 -6.66221e-07  1.32717e-05 -9.27625e-06            1    -0.442255    0.0504787   0.00345595     0.936355    -0.501663   -0.0400608    -0.437455   -0.0499066   -0.0025973     0.936092    -0.499827    0.0453199   -0.0130031  -0.00196765    0.0360753    0.0641248     0.139969 -0.000187239      1.12937  1.26958e-05 -4.27711e-05 -9.14101e-05    0.0772113    -0.139144 -0.000191879      1.13374 -0.000252383  0.000779829 -2.79264e-05  -0.00239482 -0.000297489     0.620316 -2.03825e-06  1.56358e-05 -1.09149e-05            1    -0.441745    0.0505373   0.00343827     0.935492     -0.50118   -0.0411971    -0.436622   -0.0498909  -0.00263046     0.934501    -0.498783     0.045849   -0.0144478  -0.00216823    0.0383824     0.063302     0.139905  -0.00021531      1.12916  1.60017e-05 -6.14309e-05 -9.67268e-05    0.0779148    -0.139323 -0.000207622      1.13393  -0.00020498  0.000876644 -3.92809e-05  -0.00237759 -0.000309639     0.620435 -1.95688e-06  1.80302e-05  -1.2122e-05            1    -0.441283    0.0505852   0.00342531     0.934531    -0.500563   -0.0421811     -0.43584   -0.0498725  -0.00266939     0.932839    -0.497725    0.0462649   -0.0158819  -0.00239548    0.0415706    0.0625272     0.139842 -0.000244436      1.12899  1.92064e-05 -6.94474e-05 -0.000103201    0.0786521     -0.13947 -0.000222788      1.13417 -0.000166378  0.000980112  -4.9146e-05  -0.00241541 -0.000321873     0.620561 -1.90774e-06  2.09879e-05 -1.32751e-05            1    -0.440855    0.0506199    0.0034207     0.933437    -0.499803     -0.04291    -0.435102   -0.0498493  -0.00271327     0.931072    -0.496596    0.0465978   -0.0173103  -0.00263899    0.0456694    0.0618055      0.13979 -0.000272473      1.12887  2.23643e-05 -6.57434e-05 -0.000110181    0.0794241    -0.139586 -0.000236164      1.13446 -0.000135071   0.00109162 -5.74143e-05  -0.00251009 -0.000334139     0.620695 -1.92548e-06  2.46396e-05 -1.43901e-05            1    -0.440452    0.0506441   0.00342288      0.93218    -0.498875   -0.0434619      -0.4344   -0.0498213  -0.00276158     0.929172    -0.495354    0.0468643   -0.0187359  -0.00290193    0.0507124    0.0611368     0.139748 -0.000299126      1.12878  2.55217e-05 -4.95842e-05 -0.000117483    0.0802336    -0.139676 -0.000248075      1.13479 -0.000109835   0.00121235 -6.43148e-05   -0.0026636 -0.000346371     0.620839 -1.95926e-06   2.9045e-05 -1.55023e-05            1    -0.440064    0.0506601   0.00343073     0.930733    -0.497757   -0.0439015    -0.433723   -0.0497883   -0.0028141      0.92711    -0.493966    0.0470735   -0.0201592  -0.00318779    0.0567355     0.060521     0.139719 -0.000324255      1.12874  2.87196e-05 -2.02804e-05 -0.000124985    0.0810832    -0.139746   -0.0002589      1.13516 -8.96844e-05   0.00134342 -7.00655e-05  -0.00287803 -0.000358344     0.620996 -2.00462e-06  3.42463e-05 -1.66233e-05            1    -0.439685    0.0506682   0.00344431     0.929073     -0.49643   -0.0442526    -0.433064   -0.0497504  -0.00287073      0.92486    -0.492407    0.0472313   -0.0215808  -0.00349847    0.0637767    0.0599589     0.139702 -0.000347559      1.12875  3.19934e-05  2.28879e-05 -0.000132548    0.0819759    -0.139801 -0.000268833      1.13558 -7.38302e-05   0.00148588 -7.48202e-05  -0.00315556 -0.000369751     0.621166 -2.06801e-06  4.02995e-05 -1.77537e-05            1    -0.439308     0.050668   0.00346408     0.927177    -0.494878   -0.0445258    -0.432417   -0.0497077  -0.00293136     0.922398    -0.490652    0.0473421   -0.0230013  -0.00383548    0.0718759    0.0594522     0.139698 -0.000368829       1.1288  3.53732e-05  8.06699e-05 -0.000140077    0.0829146    -0.139843  -0.00027814      1.13604 -6.16517e-05   0.00164079 -7.87336e-05  -0.00349843 -0.000380227     0.621352 -2.15553e-06   4.7421e-05  -1.8902e-05            1    -0.438926    0.0506592   0.00349065     0.925024    -0.493087   -0.0447268    -0.431776   -0.0496605   -0.0029958       0.9197    -0.488677    0.0474091   -0.0244213  -0.00420027    0.0810738    0.0590027     0.139708  -0.00038806       1.1289  3.88845e-05  0.000153824 -0.000147543    0.0839022    -0.139876  -0.00028726      1.13655  -5.2669e-05   0.00180915 -8.19913e-05  -0.00390865 -0.000389337     0.621556 -2.29318e-06  5.74598e-05  -2.0184e-05            1    -0.438539    0.0506412   0.00352489     0.922595     -0.49104   -0.0448593    -0.431137   -0.0496088  -0.00306367     0.916745    -0.486463    0.0474351   -0.0258411  -0.00459413    0.0914071    0.0586128      0.13973 -0.000405526      1.12904   4.2548e-05  0.000243089 -0.000155002    0.0849417    -0.139904 -0.000296851      1.13711 -4.65235e-05   0.00199191 -8.48262e-05  -0.00438601 -0.000396514     0.621781 -2.68194e-06  8.90312e-05 -2.31377e-05            1     -0.43818    0.0506153    0.0035698     0.919869    -0.488721   -0.0449251    -0.430537   -0.0495508   -0.0031324     0.913512    -0.483984    0.0474221   -0.0272585  -0.00501627     0.102859    0.0582882      0.13976 -0.000421832      1.12924  4.63719e-05  0.000348941 -0.000162597    0.0860366    -0.139933 -0.000307821      1.13772 -4.29605e-05   0.00218964 -8.75293e-05  -0.00490812 -0.000400503     0.622025 -4.39224e-06  0.000332855 -4.77112e-05            1    -0.438231     0.050606   0.00365675      0.91681     -0.48609    -0.044926    -0.430381   -0.0494605     -0.00317     0.909973    -0.481184    0.0473696   -0.0286373  -0.00544518     0.114862    0.0580747     0.139792 -0.000437675      1.12949  5.02662e-05  0.000469376  -0.00017039    0.0871974    -0.139966 -0.000321169      1.13837  -4.1797e-05    0.0023984  -9.0407e-05  -0.00471597  -0.00038586     0.622474 -1.67142e-05  0.000540364 -0.000162665            1    -0.435648    0.0499597   0.00537888     0.908373    -0.374555      0.12747    -0.427783   -0.0487933   -0.0046966     0.901759    -0.366601    -0.109079   -0.0297127  -0.00563698     0.122194    0.0612254     0.139772  -0.00121887      1.13474  -0.00297961  -0.00712708    -0.003948     0.091232    -0.140185 -0.000726658      1.14421  -0.00321035  -0.00371749   0.00163019
Quaternion norm:
1, 1, 1, 1, 1, 1, 1, 1, 1, 1, 1, 1, 1, 1, 
v measurement:
  0.0216395  0.00229844  0.00901076  -0.0358692    0.153483  -0.0574233   -0.114942   0.0666993   0.0218025  -0.0345419 -0.00263229 -0.00610191   -0.112546   0.0681812   0.0193723  -0.0916568   0.0493275 -0.00722043  0.00169935   0.0435763   -0.205346       0.016  -0.0291493 -0.00509974   0.0112605   0.0104987  -0.0156451 0.000851643   0.0130597  -0.0166806   0.0122622 -0.00211401  0.00450223  -0.0099811 -0.00127369   0.0115196
v0 MPC last solution:
  0.0201025  0.00200965  0.00860768  -0.0317043     0.13313  -0.0523739  -0.0944341   0.0598119   0.0205114  -0.0351857 -0.00221095 -0.00497519  -0.0929341   0.0612365   0.0181257  -0.0856265   0.0440484 -0.00642052 -0.00539019   0.0377412   -0.177021  0.00728235  -0.0262311 -0.00402088  0.00836432  0.00916085  -0.0141643 0.000898319   0.0118206  -0.0151588   0.0103644 -0.00183744  0.00451512 -0.00854856 -0.00108285   0.0115196
Predicted v MPC last solution:
-0.000308893   0.00529981  -0.00306816    0.0133399  -0.00387308    0.0206437    0.0069559   0.00131184   -0.0333693   0.00256711   -0.0260858    0.0460048   0.00595954  -0.00215549   -0.0917274    0.0361684   0.00799381   -0.0697699  -0.00268719   -0.0162746   -0.0403812  -0.00331385   -0.0011899   -0.0133711  0.000178602  -0.00170734 -4.00904e-05    0.0243721  -0.00414715    0.0013805  0.000883226   0.00389814   0.00357594 -0.000238067   0.00754267 -0.000193051
----------------------------------------------------------------------
State at time 200 ms ------------------
q measurement:
 -0.00197396 -0.000217013     0.620364 -0.000455784   0.00198018 -0.000903881     0.999998      -0.4455     0.052223   0.00427702     0.936008    -0.502179   -0.0376811    -0.441676   -0.0479895  -0.00183924     0.936403    -0.500669    0.0438503   -0.0114823 -0.000746066    0.0290674    0.0651522     0.139169 -0.000211485      1.12992  0.000328757 -0.000493508 -4.37281e-05    0.0766793    -0.139353   0.00015309       1.1335 -0.000146442  0.000405426 -3.40565e-05
q0 MPC last solution:
 -0.00206102   -0.0002211     0.620318 -0.000397377   0.00174028 -0.000812205     0.999998    -0.445229    0.0520054   0.00421044     0.936237    -0.502207   -0.0376554     -0.44142   -0.0482135  -0.00189098      0.93682    -0.500859    0.0438788   -0.0113971 -0.000833203    0.0295999     0.065167     0.139295 -0.000189239      1.12989  0.000283656 -0.000428635  -4.6602e-05    0.0765755    -0.139277  0.000101529       1.1335 -0.000170321  0.000436587 -2.85588e-05
Predicted q MPC over horizon:
 -0.00206102   -0.0002211     0.620318 -0.000397377   0.00174028 -0.000812205     0.999998    -0.445229    0.0520054   0.00421044     0.936237    -0.502207   -0.0376554     -0.44142   -0.0482135  -0.00189098      0.93682    -0.500859    0.0438788   -0.0113971 -0.000833203    0.0295999     0.065167     0.139295 -0.000189239      1.12989  0.000283656 -0.000428635  -4.6602e-05    0.0765755    -0.139277  0.000101529       1.1335 -0.000170321  0.000436587 -2.85588e-05 1.36062e-308 1.36062e-308     0.622451 1.06751e-308    0.0013822 -0.000585613     0.999996    -0.444071    0.0516286   0.00391373     0.935866    -0.502292   -0.0377625    -0.439429   -0.0485859   -0.0022521     0.935155     -0.50047    0.0439057   -0.0128344  -0.00179372    0.0320407    0.0642223     0.139028 -0.000271829      1.12974  0.000357525 -0.000555435 -5.47946e-05    0.0773277    -0.139455  0.000175896       1.1337 -0.000112067  0.000457765 -4.99821e-05   -0.0019522 -0.000388933     0.620733 -2.68326e-05  0.000149034 -4.47992e-05     0.999996    -0.441285    0.0505565    0.0033663      0.93547    -0.502251   -0.0379628    -0.435654   -0.0496799  -0.00287135     0.933721    -0.500432    0.0441668   -0.0149056   -0.0035658    0.0381797    0.0627037     0.139142 -0.000304602      1.12934  0.000299897 -0.000495289  -7.6481e-05      0.07819    -0.139549  8.66749e-05      1.13399 -8.86794e-05  0.000643261 -6.32668e-05  -0.00189164 -0.000437121     0.620935  -6.5916e-06  3.19791e-05 -1.60412e-05     0.999996    -0.440536    0.0505553   0.00332336     0.934652    -0.501963   -0.0382564    -0.434573   -0.0496987  -0.00298052     0.932293    -0.500091    0.0444473   -0.0160947  -0.00426071    0.0416016     0.061948     0.139292 -0.000309843       1.1291  0.000251896 -0.000435383 -8.64763e-05    0.0786687     -0.13971  9.94372e-06      1.13413 -7.02844e-05  0.000767929 -7.21393e-05  -0.00187034 -0.000480718     0.621144 -4.58725e-06  2.31078e-05 -1.45102e-05     0.999996    -0.440023    0.0506133   0.00330422     0.933672    -0.501495   -0.0385375    -0.433769   -0.0496486  -0.00307052     0.930741    -0.499607    0.0446563   -0.0172287  -0.00490072    0.0455963     0.061291     0.139396 -0.000320592      1.12892  0.000213142  -0.00037617  -9.6784e-05    0.0791698     -0.13986 -5.67853e-05      1.13431 -5.53717e-05  0.000889593 -8.03541e-05  -0.00190385 -0.000523226     0.621362 -4.69711e-06  2.54818e-05 -1.50399e-05     0.999996    -0.439548    0.0506724   0.00328864     0.932511     -0.50083   -0.0388122    -0.433019   -0.0495876  -0.00316105     0.929041    -0.498934    0.0448159   -0.0183485  -0.00555144    0.0505243    0.0606885     0.139471 -0.000335597      1.12879  0.000182129 -0.000314425 -0.000107491    0.0797218    -0.139994 -0.000114557      1.13453 -4.33367e-05   0.00101536  -8.7896e-05   -0.0019964 -0.000564827      0.62159 -4.90841e-06  2.96237e-05 -1.59012e-05     0.999996    -0.439082    0.0507257   0.00327767     0.931139     -0.49995   -0.0390602    -0.432298   -0.0495213  -0.00325211     0.927165     -0.49804    0.0449364   -0.0194619   -0.0062204    0.0564661    0.0601432     0.139527 -0.000353088      1.12873  0.000157545 -0.000247069 -0.000118325     0.080325    -0.140114 -0.000164504      1.13481 -3.37203e-05   0.00114772 -9.47338e-05  -0.00215115 -0.000605401     0.621831 -5.16306e-06  3.46713e-05 -1.67922e-05     0.999996    -0.438619    0.0507718   0.00327179     0.929533    -0.498835   -0.0392739    -0.431595     -0.04945  -0.00334435     0.925083    -0.496902    0.0450227   -0.0205706  -0.00690884    0.0634756    0.0596575     0.139572 -0.000371735      1.12871  0.000138326 -0.000171661 -0.000129074    0.0809812    -0.140222 -0.000207628      1.13514 -2.61504e-05   0.00128867 -0.000100851  -0.00237127  -0.00064481     0.622086 -5.44257e-06  4.05964e-05 -1.76843e-05     0.999996    -0.438151    0.0508101   0.00327156     0.927667    -0.497466   -0.0394547    -0.430902    -0.049374  -0.00343816      0.92277      -0.4955    0.0450777   -0.0216744  -0.00761833    0.0716063    0.0592338     0.139612 -0.000390566      1.12876  0.000123614 -8.61063e-05  -0.00013959    0.0816924    -0.140319 -0.000244916      1.13551  -2.0329e-05   0.00144001 -0.000106281  -0.00265997 -0.000682858     0.622358 -5.73516e-06  4.74468e-05 -1.85793e-05     0.999996    -0.437674    0.0508401   0.00327766     0.925518    -0.495825   -0.0396029    -0.430214   -0.0492932  -0.00353381     0.920199    -0.493815    0.0451035   -0.0227729  -0.00835055    0.0809129    0.0588747     0.139652 -0.000408891      1.12886  0.000112728  1.14826e-05 -0.000149783     0.082461    -0.140407  -0.00027729      1.13594 -1.60207e-05   0.00160338  -0.00011109  -0.00302049 -0.000719286      0.62265 -6.03938e-06  5.52963e-05 -1.94775e-05     0.999996    -0.437182     0.050861   0.00329076     0.923063    -0.493893   -0.0397183    -0.429523   -0.0492077  -0.00363156     0.917344    -0.491829    0.0451015   -0.0238658  -0.00910723    0.0914521    0.0585832     0.139693 -0.000426313      1.12902  0.000105128  0.000122835 -0.000159621    0.0832893    -0.140488 -0.000305658      1.13642 -1.30435e-05   0.00178031  -0.00011538    -0.003456 -0.000753768     0.622963 -6.35986e-06  6.44191e-05 -2.03841e-05     0.999996     -0.43667    0.0508722   0.00331162     0.920279    -0.491653   -0.0398005    -0.428824   -0.0491179  -0.00373158     0.914181    -0.489525    0.0450731   -0.0249529   -0.0098902     0.103281    0.0583626     0.139738 -0.000442768      1.12924  0.000100395  0.000249536 -0.000169146    0.0841797    -0.140566 -0.000330962      1.13696 -1.12606e-05   0.00197225 -0.000119299   -0.0039693  -0.00078589     0.623302 -6.74606e-06  7.71415e-05 -2.13822e-05     0.999996    -0.436138    0.0508729   0.00334114     0.917142    -0.489086   -0.0398493    -0.428114   -0.0490237  -0.00383387     0.910683    -0.486883    0.0450194   -0.0260338   -0.0107011      0.11645    0.0582164     0.139783 -0.000458571      1.12952  9.82162e-05  0.000393012 -0.000178488    0.0851339    -0.140644  -0.00035422      1.13756 -1.05738e-05    0.0021805 -0.000123049  -0.00456028  -0.00081507      0.62367  -7.6986e-06  0.000116861 -2.36282e-05     0.999996    -0.435627    0.0508644   0.00338143     0.913629    -0.486172   -0.0398642    -0.427437   -0.0489233  -0.00393715     0.906825    -0.483882    0.0449412   -0.0271068   -0.0115383     0.130943    0.0581516     0.139827 -0.000474491      1.12988  9.83586e-05  0.000554194  -0.00018787    0.0861557    -0.140725 -0.000376547      1.13821 -1.09138e-05   0.00240585 -0.000126889  -0.00520088 -0.000839802     0.624065 -1.36605e-05  0.000423113 -4.23619e-05     0.999996    -0.435627    0.0508711   0.00345202     0.909697    -0.482858   -0.0398452    -0.427297   -0.0487902   -0.0040215     0.902568    -0.480459    0.0448364   -0.0281466   -0.0123668     0.146049    0.0582159     0.139857 -0.000491587      1.13029  0.000100572  0.000730161 -0.000197431    0.0872657    -0.140813 -0.000399005      1.13892  -1.2192e-05   0.00264406  -0.00013109   -0.0050136  -0.00083462     0.624653 -4.27712e-05  0.000778626 -0.000138545     0.999996    -0.432904     0.050193   0.00525729     0.900997    -0.368424     0.142536    -0.424621   -0.0480794  -0.00564144     0.894175    -0.363138    -0.119427   -0.0289981   -0.0128279     0.155478    0.0617605     0.139833  -0.00137696      1.13633  -0.00244879  -0.00522962   -0.0047521     0.091425    -0.141105 -0.000929974      1.14522  -0.00837536  -0.00256099   0.00145099
Quaternion norm:
0.999995, 0.999992, 0.999992, 0.999992, 0.999992, 0.999992, 0.999992, 0.999992, 0.999992, 0.999992, 0.999992, 0.999992, 0.999992, 0.999992, 
v measurement:
   0.0145451 -0.000131307   0.00949542   -0.0150791    0.0577519   -0.0228483   -0.0136798    0.0280794   0.00763292   -0.0535938    0.0110624  -0.00446589   -0.0106504    0.0292158   0.00431984   -0.0779058     0.030537  -0.00470359   -0.0295421  3.21434e-05   -0.0408336   -0.0155466   -0.0224874  -0.00403196   0.00231614    0.0080482   -0.0112031  0.000388071    0.0259602   -0.0141777   0.00900767   0.00301567    0.0049354  -0.00373282 -0.000980168  -0.00722251
v0 MPC last solution:
  0.0216395  0.00229844  0.00901076  -0.0358692    0.153483  -0.0574233   -0.114942   0.0666993   0.0218025  -0.0345419 -0.00263229 -0.00610191   -0.112546   0.0681812   0.0193723  -0.0916568   0.0493275 -0.00722043  0.00169935   0.0435763   -0.205346       0.016  -0.0291493 -0.00509974   0.0112605   0.0104987  -0.0156451 0.000851643   0.0130597  -0.0166806   0.0122622 -0.00211401  0.00450223  -0.0099811 -0.00127369 -0.00722251
Predicted v MPC last solution:
-0.00823802   0.0112101   0.0531563   -0.225106    0.102736     0.23074    -0.10437  -0.0514753   -0.002617 -0.00582724 -0.00459853    0.311574   -0.105424  -0.0554837  -0.0747687  -0.0103757  0.00990657   -0.145433   -0.139628    0.449431   -0.110478  0.00248296 -0.00315926  -0.0261885 -0.00311189  0.00296507 -0.00167092   0.0621521 -0.00114295 -0.00482549   0.0225962  0.00132318   0.0120989 -0.00086864  0.00368702 -0.00260572
----------------------------------------------------------------------
State at time 205 ms ------------------
q measurement:
 -0.00192221 -0.000224985     0.620413 -0.000462519   0.00198152 -0.000909195     0.999998    -0.445265    0.0522477    0.0042723     0.935681    -0.502084   -0.0376981    -0.441425   -0.0479599  -0.00186297     0.936054    -0.500573    0.0438343   -0.0117237 -0.000876128     0.029355    0.0649804     0.139077 -0.000228574       1.1299  0.000361678 -0.000536257 -4.32369e-05    0.0768482    -0.139416  0.000188108      1.13353 -0.000120998   0.00040542 -3.80137e-05
q0 MPC last solution:
 -0.00197396 -0.000217013     0.620364 -0.000455784   0.00198018 -0.000903881     0.999998      -0.4455     0.052223   0.00427702     0.936008    -0.502179   -0.0376811    -0.441676   -0.0479895  -0.00183924     0.936403    -0.500669    0.0438503   -0.0114823 -0.000746066    0.0290674    0.0651522     0.139169 -0.000211485      1.12992  0.000328757 -0.000493508 -4.37281e-05    0.0766793    -0.139353   0.00015309       1.1335 -0.000146442  0.000405426 -3.40565e-05
Predicted q MPC over horizon:
 -0.00197396 -0.000217013     0.620364 -0.000455784   0.00198018 -0.000903881     0.999998      -0.4455     0.052223   0.00427702     0.936008    -0.502179   -0.0376811    -0.441676   -0.0479895  -0.00183924     0.936403    -0.500669    0.0438503   -0.0114823 -0.000746066    0.0290674    0.0651522     0.139169 -0.000211485      1.12992  0.000328757 -0.000493508 -4.37281e-05    0.0766793    -0.139353   0.00015309       1.1335 -0.000146442  0.000405426 -3.40565e-05 1.36062e-308 1.36062e-308     0.622451 1.06751e-308    0.0013822 -0.000585613     0.999996    -0.444071    0.0516286   0.00391373     0.935866    -0.502292   -0.0377625    -0.439429   -0.0485859   -0.0022521     0.935155     -0.50047    0.0439057   -0.0128344  -0.00179372    0.0320407    0.0642223     0.139028 -0.000271829      1.12974  0.000357525 -0.000555435 -5.47946e-05    0.0773277    -0.139455  0.000175896       1.1337 -0.000112067  0.000457765 -4.99821e-05   -0.0019522 -0.000388933     0.620733 -2.68326e-05  0.000149034 -4.47992e-05     0.999996    -0.441285    0.0505565    0.0033663      0.93547    -0.502251   -0.0379628    -0.435654   -0.0496799  -0.00287135     0.933721    -0.500432    0.0441668   -0.0149056   -0.0035658    0.0381797    0.0627037     0.139142 -0.000304602      1.12934  0.000299897 -0.000495289  -7.6481e-05      0.07819    -0.139549  8.66749e-05      1.13399 -8.86794e-05  0.000643261 -6.32668e-05  -0.00189164 -0.000437121     0.620935  -6.5916e-06  3.19791e-05 -1.60412e-05     0.999996    -0.440536    0.0505553   0.00332336     0.934652    -0.501963   -0.0382564    -0.434573   -0.0496987  -0.00298052     0.932293    -0.500091    0.0444473   -0.0160947  -0.00426071    0.0416016     0.061948     0.139292 -0.000309843       1.1291  0.000251896 -0.000435383 -8.64763e-05    0.0786687     -0.13971  9.94372e-06      1.13413 -7.02844e-05  0.000767929 -7.21393e-05  -0.00187034 -0.000480718     0.621144 -4.58725e-06  2.31078e-05 -1.45102e-05     0.999996    -0.440023    0.0506133   0.00330422     0.933672    -0.501495   -0.0385375    -0.433769   -0.0496486  -0.00307052     0.930741    -0.499607    0.0446563   -0.0172287  -0.00490072    0.0455963     0.061291     0.139396 -0.000320592      1.12892  0.000213142  -0.00037617  -9.6784e-05    0.0791698     -0.13986 -5.67853e-05      1.13431 -5.53717e-05  0.000889593 -8.03541e-05  -0.00190385 -0.000523226     0.621362 -4.69711e-06  2.54818e-05 -1.50399e-05     0.999996    -0.439548    0.0506724   0.00328864     0.932511     -0.50083   -0.0388122    -0.433019   -0.0495876  -0.00316105     0.929041    -0.498934    0.0448159   -0.0183485  -0.00555144    0.0505243    0.0606885     0.139471 -0.000335597      1.12879  0.000182129 -0.000314425 -0.000107491    0.0797218    -0.139994 -0.000114557      1.13453 -4.33367e-05   0.00101536  -8.7896e-05   -0.0019964 -0.000564827      0.62159 -4.90841e-06  2.96237e-05 -1.59012e-05     0.999996    -0.439082    0.0507257   0.00327767     0.931139     -0.49995   -0.0390602    -0.432298   -0.0495213  -0.00325211     0.927165     -0.49804    0.0449364   -0.0194619   -0.0062204    0.0564661    0.0601432     0.139527 -0.000353088      1.12873  0.000157545 -0.000247069 -0.000118325     0.080325    -0.140114 -0.000164504      1.13481 -3.37203e-05   0.00114772 -9.47338e-05  -0.00215115 -0.000605401     0.621831 -5.16306e-06  3.46713e-05 -1.67922e-05     0.999996    -0.438619    0.0507718   0.00327179     0.929533    -0.498835   -0.0392739    -0.431595     -0.04945  -0.00334435     0.925083    -0.496902    0.0450227   -0.0205706  -0.00690884    0.0634756    0.0596575     0.139572 -0.000371735      1.12871  0.000138326 -0.000171661 -0.000129074    0.0809812    -0.140222 -0.000207628      1.13514 -2.61504e-05   0.00128867 -0.000100851  -0.00237127  -0.00064481     0.622086 -5.44257e-06  4.05964e-05 -1.76843e-05     0.999996    -0.438151    0.0508101   0.00327156     0.927667    -0.497466   -0.0394547    -0.430902    -0.049374  -0.00343816      0.92277      -0.4955    0.0450777   -0.0216744  -0.00761833    0.0716063    0.0592338     0.139612 -0.000390566      1.12876  0.000123614 -8.61063e-05  -0.00013959    0.0816924    -0.140319 -0.000244916      1.13551  -2.0329e-05   0.00144001 -0.000106281  -0.00265997 -0.000682858     0.622358 -5.73516e-06  4.74468e-05 -1.85793e-05     0.999996    -0.437674    0.0508401   0.00327766     0.925518    -0.495825   -0.0396029    -0.430214   -0.0492932  -0.00353381     0.920199    -0.493815    0.0451035   -0.0227729  -0.00835055    0.0809129    0.0588747     0.139652 -0.000408891      1.12886  0.000112728  1.14826e-05 -0.000149783     0.082461    -0.140407  -0.00027729      1.13594 -1.60207e-05   0.00160338  -0.00011109  -0.00302049 -0.000719286      0.62265 -6.03938e-06  5.52963e-05 -1.94775e-05     0.999996    -0.437182     0.050861   0.00329076     0.923063    -0.493893   -0.0397183    -0.429523   -0.0492077  -0.00363156     0.917344    -0.491829    0.0451015   -0.0238658  -0.00910723    0.0914521    0.0585832     0.139693 -0.000426313      1.12902  0.000105128  0.000122835 -0.000159621    0.0832893    -0.140488 -0.000305658      1.13642 -1.30435e-05   0.00178031  -0.00011538    -0.003456 -0.000753768     0.622963 -6.35986e-06  6.44191e-05 -2.03841e-05     0.999996     -0.43667    0.0508722   0.00331162     0.920279    -0.491653   -0.0398005    -0.428824   -0.0491179  -0.00373158     0.914181    -0.489525    0.0450731   -0.0249529   -0.0098902     0.103281    0.0583626     0.139738 -0.000442768      1.12924  0.000100395  0.000249536 -0.000169146    0.0841797    -0.140566 -0.000330962      1.13696 -1.12606e-05   0.00197225 -0.000119299   -0.0039693  -0.00078589     0.623302 -6.74606e-06  7.71415e-05 -2.13822e-05     0.999996    -0.436138    0.0508729   0.00334114     0.917142    -0.489086   -0.0398493    -0.428114   -0.0490237  -0.00383387     0.910683    -0.486883    0.0450194   -0.0260338   -0.0107011      0.11645    0.0582164     0.139783 -0.000458571      1.12952  9.82162e-05  0.000393012 -0.000178488    0.0851339    -0.140644  -0.00035422      1.13756 -1.05738e-05    0.0021805 -0.000123049  -0.00456028  -0.00081507      0.62367  -7.6986e-06  0.000116861 -2.36282e-05     0.999996    -0.435627    0.0508644   0.00338143     0.913629    -0.486172   -0.0398642    -0.427437   -0.0489233  -0.00393715     0.906825    -0.483882    0.0449412   -0.0271068   -0.0115383     0.130943    0.0581516     0.139827 -0.000474491      1.12988  9.83586e-05  0.000554194  -0.00018787    0.0861557    -0.140725 -0.000376547      1.13821 -1.09138e-05   0.00240585 -0.000126889  -0.00520088 -0.000839802     0.624065 -1.36605e-05  0.000423113 -4.23619e-05     0.999996    -0.435627    0.0508711   0.00345202     0.909697    -0.482858   -0.0398452    -0.427297   -0.0487902   -0.0040215     0.902568    -0.480459    0.0448364   -0.0281466   -0.0123668     0.146049    0.0582159     0.139857 -0.000491587      1.13029  0.000100572  0.000730161 -0.000197431    0.0872657    -0.140813 -0.000399005      1.13892  -1.2192e-05   0.00264406  -0.00013109   -0.0050136  -0.00083462     0.624653 -4.27712e-05  0.000778626 -0.000138545     0.999996    -0.432904     0.050193   0.00525729     0.900997    -0.368424     0.142536    -0.424621   -0.0480794  -0.00564144     0.894175    -0.363138    -0.119427   -0.0289981   -0.0128279     0.155478    0.0617605     0.139833  -0.00137696      1.13633  -0.00244879  -0.00522962   -0.0047521     0.091425    -0.141105 -0.000929974      1.14522  -0.00837536  -0.00256099   0.00145099
Quaternion norm:
0.999995, 0.999992, 0.999992, 0.999992, 0.999992, 0.999992, 0.999992, 0.999992, 0.999992, 0.999992, 0.999992, 0.999992, 0.999992, 0.999992, 
v measurement:
  0.00748997  -0.00255287   0.00997801   0.00555919   -0.0376813     0.011676    0.0876477   -0.0104648  -0.00667255   -0.0730988    0.0243574  -0.00268981     0.091095  -0.00957888   -0.0107933   -0.0644307    0.0117326  -0.00220254    -0.060784   -0.0433765     0.123193   -0.0469067    -0.015844  -0.00300201  -0.00658845   0.00559312  -0.00677594  -9.9193e-05    0.0389362   -0.0116843   0.00564271   0.00830521   0.00515758   0.00247615 -0.000662393  -0.00722251
v0 MPC last solution:
   0.0145451 -0.000131307   0.00949542   -0.0150791    0.0577519   -0.0228483   -0.0136798    0.0280794   0.00763292   -0.0535938    0.0110624  -0.00446589   -0.0106504    0.0292158   0.00431984   -0.0779058     0.030537  -0.00470359   -0.0295421  3.21434e-05   -0.0408336   -0.0155466   -0.0224874  -0.00403196   0.00231614    0.0080482   -0.0112031  0.000388071    0.0259602   -0.0141777   0.00900767   0.00301567    0.0049354  -0.00373282 -0.000980168  -0.00722251
Predicted v MPC last solution:
-0.00823802   0.0112101   0.0531563   -0.225106    0.102736     0.23074    -0.10437  -0.0514753   -0.002617 -0.00582724 -0.00459853    0.311574   -0.105424  -0.0554837  -0.0747687  -0.0103757  0.00990657   -0.145433   -0.139628    0.449431   -0.110478  0.00248296 -0.00315926  -0.0261885 -0.00311189  0.00296507 -0.00167092   0.0621521 -0.00114295 -0.00482549   0.0225962  0.00132318   0.0120989 -0.00086864  0.00368702 -0.00260572
----------------------------------------------------------------------
State at time 210 ms ------------------
q measurement:
 -0.00189319 -0.000240912     0.620463 -0.000436663   0.00183957 -0.000862813     0.999998    -0.444726     0.052154   0.00422571     0.935294    -0.501945    -0.037709    -0.440872   -0.0480483  -0.00192983     0.935749    -0.500532    0.0438243   -0.0120747  -0.00114676    0.0301583    0.0647356     0.139016 -0.000240001      1.12987  0.000384971 -0.000561775 -4.39613e-05     0.077036     -0.13947  0.000211153      1.13358 -9.58246e-05  0.000424301 -4.06678e-05
q0 MPC last solution:
 -0.00192221 -0.000224985     0.620413 -0.000462519   0.00198152 -0.000909195     0.999998    -0.445265    0.0522477    0.0042723     0.935681    -0.502084   -0.0376981    -0.441425   -0.0479599  -0.00186297     0.936054    -0.500573    0.0438343   -0.0117237 -0.000876128     0.029355    0.0649804     0.139077 -0.000228574       1.1299  0.000361678 -0.000536257 -4.32369e-05    0.0768482    -0.139416  0.000188108      1.13353 -0.000120998   0.00040542 -3.80137e-05
Predicted q MPC over horizon:
 -0.00192221 -0.000224985     0.620413 -0.000462519   0.00198152 -0.000909195     0.999998    -0.445265    0.0522477    0.0042723     0.935681    -0.502084   -0.0376981    -0.441425   -0.0479599  -0.00186297     0.936054    -0.500573    0.0438343   -0.0117237 -0.000876128     0.029355    0.0649804     0.139077 -0.000228574       1.1299  0.000361678 -0.000536257 -4.32369e-05    0.0768482    -0.139416  0.000188108      1.13353 -0.000120998   0.00040542 -3.80137e-05 1.42614e-308 1.42614e-308     0.622451 1.12152e-308  0.000993508 -0.000475005     0.999999     -0.44262    0.0513114   0.00388073     0.934685    -0.501748   -0.0364742    -0.438143   -0.0488019  -0.00240379     0.934602    -0.500469    0.0429757   -0.0137438  -0.00252911    0.0342584    0.0639159     0.139039 -0.000265047      1.12969  0.000382834 -0.000552533 -5.34768e-05    0.0775358    -0.139547  0.000204659      1.13374 -6.22037e-05  0.000522784 -4.82062e-05   -0.0019098 -0.000421189     0.620819 -1.75814e-05  0.000115136 -5.46676e-05     0.999999    -0.440513    0.0503642     0.003535     0.934111    -0.501533   -0.0328364    -0.435153   -0.0495271  -0.00299463     0.933027    -0.500446    0.0412093   -0.0155836  -0.00407264    0.0397837    0.0628347     0.139257 -0.000274057       1.1294  0.000319718 -0.000472602 -6.85783e-05    0.0781088    -0.139596  0.000125763      1.13396   -4.877e-05  0.000683686  -5.6132e-05  -0.00188855 -0.000469398     0.621014 -1.47453e-05  3.03133e-05  -1.1892e-05     0.999999    -0.439942    0.0501982   0.00356337     0.933346    -0.501181   -0.0287693    -0.434142   -0.0494502  -0.00320773      0.93147    -0.500064    0.0395859   -0.0164668  -0.00476538    0.0437154    0.0620511     0.139434  -0.00027865      1.12916  0.000268303 -0.000407373 -7.94105e-05    0.0786216    -0.139649  5.88686e-05      1.13414 -3.76969e-05  0.000814267 -6.26917e-05  -0.00190989 -0.000519024     0.621215 -6.92559e-06  2.52938e-05 -1.42709e-05     0.999999    -0.439489    0.0501304   0.00363649     0.932317    -0.500609    -0.026007     -0.43342   -0.0493294  -0.00331786     0.929858    -0.499145    0.0383519   -0.0174074  -0.00550205    0.0483388    0.0614902     0.139565 -0.000286913      1.12904  0.000226698 -0.000332482 -8.99304e-05    0.0791358    -0.139701  4.91522e-06      1.13435 -2.89543e-05  0.000941667 -6.74351e-05  -0.00198819 -0.000569376     0.621426 -6.06203e-06  2.83635e-05 -1.51863e-05     0.999999    -0.439043    0.0501194   0.00366758     0.931047    -0.499805   -0.0244216    -0.432796   -0.0491972  -0.00342383      0.92816     -0.49782    0.0373709   -0.0183966  -0.00626042    0.0539349     0.060994      0.13964 -0.000303609      1.12897    0.0001934  -0.00025376 -0.000101713    0.0797209    -0.139782 -4.69939e-05      1.13461 -2.20106e-05   0.00107546 -7.31208e-05  -0.00212634 -0.000621024     0.621649 -6.02821e-06  3.28961e-05 -1.58103e-05     0.999999     -0.43859    0.0501474   0.00367196     0.929525    -0.498758   -0.0238199    -0.432228   -0.0490619  -0.00352323     0.926323    -0.496162    0.0365527   -0.0194156  -0.00706095    0.0605638    0.0605584     0.139672 -0.000327177      1.12896  0.000166983 -0.000168845 -0.000114577    0.0803679    -0.139891 -9.78671e-05      1.13493 -1.65959e-05   0.00121705 -7.97478e-05  -0.00232682 -0.000673003     0.621885 -6.15129e-06  3.83286e-05 -1.64446e-05     0.999999    -0.438125    0.0501965   0.00366247     0.927739    -0.497455   -0.0238309     -0.43169   -0.0489243  -0.00361907     0.924298    -0.494212    0.0358386   -0.0204501  -0.00789639    0.0682723    0.0601868     0.139678 -0.000354119      1.12901    0.0001463 -7.54872e-05 -0.000127809    0.0810718    -0.140015 -0.000146197      1.13529 -1.24905e-05   0.00136783 -8.67049e-05   -0.0025924 -0.000724317     0.622136 -6.38345e-06  4.46561e-05  -1.7125e-05     0.999999    -0.437648    0.0502526   0.00364887     0.925675    -0.495881   -0.0241513    -0.431163   -0.0487853  -0.00371375     0.922044    -0.491993     0.035197     -0.02149  -0.00875854     0.077111    0.0598828     0.139677 -0.000381451      1.12912  0.000130429  2.83634e-05 -0.000140797    0.0818298    -0.140143  -0.00019069       1.1357 -9.52047e-06   0.00152923 -9.34788e-05  -0.00292608 -0.000774288     0.622406 -6.68231e-06  5.19287e-05 -1.78376e-05     0.999999    -0.437154    0.0503073   0.00363702     0.923316    -0.494022   -0.0246081    -0.430634   -0.0486457  -0.00380897     0.919524    -0.489514    0.0346117   -0.0225284   -0.0096436    0.0871337    0.0596502     0.139678 -0.000407426      1.12928  0.000118633  0.000144563 -0.000153202    0.0826409    -0.140269  -0.00023098      1.13617 -7.55099e-06   0.00170262 -9.98243e-05  -0.00333091 -0.000822363     0.622697 -7.03012e-06  6.02233e-05 -1.85755e-05     0.999999    -0.436641     0.050355   0.00363087     0.920641    -0.491866   -0.0250929    -0.430091    -0.048506  -0.00390606     0.916706    -0.486779    0.0340722   -0.0235604     -0.01055    0.0983963    0.0594922     0.139687 -0.000431088      1.12951  0.000110331  0.000274804 -0.000164869    0.0835047    -0.140392 -0.000267196      1.13668 -6.48043e-06   0.00188928 -0.000105657  -0.00380988 -0.000868017     0.623013 -7.42487e-06  6.98262e-05 -1.93402e-05     0.999999    -0.436104     0.050392   0.00363332     0.917633    -0.489397   -0.0255343    -0.429523   -0.0483669  -0.00400605     0.913558    -0.483787    0.0335724   -0.0245821   -0.0114772     0.110955    0.0594122     0.139707 -0.000452118      1.12979  0.000105071   0.00042063 -0.000175784    0.0844206    -0.140512 -0.000299798      1.13725 -6.23508e-06   0.00209043 -0.000111011  -0.00436563 -0.000910687     0.623357 -7.92415e-06  8.31634e-05 -2.02005e-05     0.999999    -0.435543    0.0504154   0.00364675     0.914269    -0.486602   -0.0258839    -0.428923   -0.0482289  -0.00410963      0.91005    -0.480536    0.0331105   -0.0255903   -0.0124253     0.124861    0.0594133     0.139735 -0.000470785      1.13015  0.000102511  0.000583417 -0.000186069     0.085388    -0.140629 -0.000329477      1.13787 -6.76489e-06   0.00230717 -0.000116012  -0.00499776 -0.000949656     0.623732 -9.11718e-06  0.000124633 -2.21464e-05     0.999999    -0.435002    0.0504249   0.00367398     0.910526    -0.483462   -0.0261079    -0.428334   -0.0480907  -0.00421631     0.906152    -0.477016    0.0326894   -0.0265811    -0.013391     0.140094    0.0595015     0.139768 -0.000488001      1.13057  0.000102398  0.000763996  -0.00019599    0.0864079    -0.140746 -0.000357118      1.13854 -8.03497e-06    0.0025401 -0.000120868  -0.00567681 -0.000983263     0.624138 -1.64215e-05  0.000443828 -3.84261e-05     0.999999    -0.434994    0.0504435   0.00373078     0.906363    -0.479928   -0.0261852    -0.428276   -0.0479269  -0.00431099     0.901819    -0.473175    0.0323122   -0.0275307   -0.0143345     0.155912    0.0597202     0.139793 -0.000505307      1.13105  0.000104467  0.000958885 -0.000205799    0.0875022    -0.140865  -0.00038359      1.13926 -9.96756e-06   0.00278481 -0.000125812  -0.00548506 -0.000982238     0.624741 -5.03287e-05  0.000815534 -0.000126823     0.999999    -0.432104    0.0497248   0.00564027     0.897025    -0.359438     0.167577    -0.425505   -0.0471648  -0.00602902     0.892858    -0.348781    -0.142579   -0.0283198   -0.0148642     0.165722    0.0635626     0.139756  -0.00145731       1.1375  -0.00315367  -0.00511739  -0.00505104    0.0918206     -0.14119 -0.000964115      1.14582  -0.00983674  -0.00279574   0.00145722
Quaternion norm:
0.999998, 0.999999, 0.999999, 0.999999, 0.999999, 0.999999, 0.999999, 0.999999, 0.999999, 0.999999, 0.999999, 0.999999, 0.999999, 0.999999, 
v measurement:
  0.00461073  -0.00360687    0.0101006    0.0135672   -0.0697193    0.0231259     0.121323   -0.0242661   -0.0110619   -0.0805943    0.0298933  -0.00185318     0.123762   -0.0230991   -0.0150921   -0.0587605   0.00572471  -0.00184593   -0.0764756   -0.0613273     0.185955   -0.0503955  -0.00977444  -0.00178298   -0.0083341   0.00400744  -0.00397936 -0.000178974    0.0365025   -0.0100866   0.00388049   0.00873099   0.00491702   0.00462576 -0.000443754  -0.00403016
v0 MPC last solution:
  0.00748997  -0.00255287   0.00997801   0.00555919   -0.0376813     0.011676    0.0876477   -0.0104648  -0.00667255   -0.0730988    0.0243574  -0.00268981     0.091095  -0.00957888   -0.0107933   -0.0644307    0.0117326  -0.00220254    -0.060784   -0.0433765     0.123193   -0.0469067    -0.015844  -0.00300201  -0.00658845   0.00559312  -0.00677594  -9.9193e-05    0.0389362   -0.0116843   0.00564271   0.00830521   0.00515758   0.00247615 -0.000662393  -0.00403016
Predicted v MPC last solution:
 -0.00736652    0.0105329    0.0421426    -0.159925    0.0751428     0.176774   -0.0831657   -0.0324862   -0.0265702   0.00924113     0.125035     0.237018   -0.0746286   -0.0432841   -0.0808068  -0.00137188   -0.0836349     -0.14122    -0.121923     0.367131   -0.0595394    0.0120665 -0.000645504   -0.0145141  -0.00347752   0.00514872 -0.000924838    0.0298302  -0.00142075  -0.00398787    0.0123849  0.000721869   0.00926031 -0.000356908   0.00181192  -0.00233479
----------------------------------------------------------------------
State at time 215 ms ------------------
q measurement:
 -0.00187552 -0.000260731     0.620514 -0.000397043    0.0016403 -0.000796673     0.999998    -0.444069     0.052013   0.00416353     0.934879    -0.501786   -0.0377172    -0.440204   -0.0481832  -0.00201211     0.935463    -0.500511    0.0438164   -0.0124703  -0.00148139    0.0311999    0.0644756     0.138985 -0.000245018      1.12982  0.000401743 -0.000576305 -4.47991e-05    0.0772081    -0.139514  0.000226802      1.13362 -7.20384e-05  0.000451236 -4.23204e-05
q0 MPC last solution:
 -0.00189319 -0.000240912     0.620463 -0.000436663   0.00183957 -0.000862813     0.999998    -0.444726     0.052154   0.00422571     0.935294    -0.501945    -0.037709    -0.440872   -0.0480483  -0.00192983     0.935749    -0.500532    0.0438243   -0.0120747  -0.00114676    0.0301583    0.0647356     0.139016 -0.000240001      1.12987  0.000384971 -0.000561775 -4.39613e-05     0.077036     -0.13947  0.000211153      1.13358 -9.58246e-05  0.000424301 -4.06678e-05
Predicted q MPC over horizon:
 -0.00189319 -0.000240912     0.620463 -0.000436663   0.00183957 -0.000862813     0.999998    -0.444726     0.052154   0.00422571     0.935294    -0.501945    -0.037709    -0.440872   -0.0480483  -0.00192983     0.935749    -0.500532    0.0438243   -0.0120747  -0.00114676    0.0301583    0.0647356     0.139016 -0.000240001      1.12987  0.000384971 -0.000561775 -4.39613e-05     0.077036     -0.13947  0.000211153      1.13358 -9.58246e-05  0.000424301 -4.06678e-05 1.49166e-308 1.49166e-308     0.622451 1.17553e-308  0.000827629 -0.000414126            1    -0.442058    0.0511683    0.0038304     0.934296    -0.501607   -0.0361354    -0.437471    -0.048983  -0.00247084     0.934217    -0.501007    0.0441388   -0.0139944  -0.00283882     0.035319    0.0636357     0.139105 -0.000252444      1.12962  0.000389589 -0.000557087 -5.22197e-05    0.0776328    -0.139542  0.000215218      1.13376 -4.13452e-05  0.000553508 -4.75969e-05  -0.00187906 -0.000420178     0.620867 -1.81928e-05  9.91683e-05 -4.73656e-05            1    -0.440296    0.0502807   0.00357463     0.933834    -0.501569   -0.0312306    -0.434584    -0.049783  -0.00294184     0.932306     -0.50194    0.0463019   -0.0154415  -0.00412008    0.0404703    0.0626041     0.139537 -0.000221203      1.12932  0.000325198 -0.000482179 -5.75827e-05    0.0780529    -0.139359  0.000177333      1.13393 -3.14725e-05  0.000697927 -4.55719e-05  -0.00185195 -0.000456011     0.621065 -1.70046e-05  2.93823e-05 -1.38067e-05            1    -0.439716    0.0501325   0.00363287     0.933069     -0.50164   -0.0274259    -0.433366   -0.0499588  -0.00301493     0.930411    -0.502417    0.0502859   -0.0161412  -0.00466933    0.0444174     0.061873     0.139936 -0.000183045       1.1291   0.00027268 -0.000416525 -5.79667e-05    0.0783984    -0.139144  0.000161173      1.13407 -2.34096e-05  0.000814988 -3.96735e-05  -0.00186623 -0.000501775     0.621271 -7.25634e-06  2.60708e-05 -1.42317e-05            1    -0.439168    0.0501594   0.00366974     0.931961    -0.501698   -0.0269047    -0.432404   -0.0500975  -0.00301217     0.928491    -0.502491    0.0545425   -0.0169606   -0.0053632    0.0490653    0.0613021     0.140215  -0.00016354      1.12896  0.000230132 -0.000345895 -6.17523e-05    0.0787435    -0.139038   0.00013615      1.13423 -1.71094e-05  0.000928189 -3.74516e-05  -0.00193366 -0.000548358     0.621487 -6.58319e-06  2.96258e-05 -1.48469e-05            1    -0.438622    0.0502251   0.00368205     0.930624    -0.501566    -0.026951    -0.431465   -0.0502057  -0.00303268     0.926402    -0.502475    0.0585727   -0.0177829  -0.00607389    0.0546534    0.0607819     0.140445  -0.00015113      1.12888  0.000195994 -0.000272984 -6.65001e-05    0.0791328    -0.138961  0.000113977      1.13443 -1.21276e-05    0.0010455 -3.60029e-05  -0.00205659 -0.000596407     0.621716 -7.12685e-06  3.45038e-05 -1.55389e-05            1    -0.438071    0.0502987   0.00368956     0.929059    -0.501209   -0.0271832    -0.430498   -0.0502933  -0.00307802     0.924079    -0.502487    0.0621962   -0.0185952  -0.00682436    0.0612344    0.0603214     0.140644 -0.000142627      1.12885   0.00016879 -0.000194876    -7.16e-05    0.0795454    -0.138904  9.46437e-05      1.13467 -8.30157e-06   0.00116744 -3.50871e-05  -0.00223642 -0.000646361      0.62196 -7.74924e-06     4.03e-05 -1.62259e-05            1     -0.43751     0.050377   0.00369448     0.927254    -0.500618   -0.0275686    -0.429467   -0.0503609  -0.00315492     0.921464    -0.502623    0.0653338   -0.0193829  -0.00762321    0.0688436    0.0599204     0.140814 -0.000137722      1.12887  0.000147337 -0.000109623 -7.70803e-05    0.0799726    -0.138872  7.67116e-05      1.13495 -5.48315e-06   0.00129478 -3.47997e-05  -0.00247488 -0.000698258     0.622222 -8.34232e-06  4.70308e-05 -1.69903e-05            1    -0.436941    0.0504585   0.00369764     0.925203    -0.499778   -0.0280818    -0.428341   -0.0504093  -0.00326889     0.918502    -0.502969    0.0679596   -0.0201329   -0.0084733    0.0775203    0.0595817      0.14096 -0.000135931      1.12895  0.000130677 -1.53286e-05 -8.29026e-05    0.0804051    -0.138865  5.91785e-05      1.13525 -3.56057e-06   0.00142813 -3.51748e-05  -0.00277436 -0.000751905     0.622504 -8.92332e-06  5.47592e-05 -1.78773e-05            1    -0.436362     0.050541   0.00369997     0.922892    -0.498661   -0.0286849    -0.427097   -0.0504397  -0.00342337     0.915147    -0.503576    0.0700685   -0.0208351  -0.00937494    0.0873114    0.0593097     0.141083 -0.000136758      1.12908  0.000118047  8.98517e-05 -8.90174e-05     0.080837    -0.138885  4.13009e-05      1.13558  -2.4496e-06   0.00156837 -3.62305e-05  -0.00313823 -0.000806924     0.622808 -9.50053e-06   6.3561e-05  -1.8895e-05            1    -0.435774    0.0506212   0.00370275     0.920309    -0.497236   -0.0293283    -0.425724   -0.0504521  -0.00361927     0.911368    -0.504438    0.0716549   -0.0214846   -0.0103269    0.0982754    0.0591095     0.141187 -0.000139952      1.12927  0.000108853  0.000207808  -9.5434e-05    0.0812685    -0.138933  2.23746e-05      1.13595 -2.08796e-06   0.00171686  -3.8018e-05  -0.00357069  -0.00086276     0.623138 -1.00774e-05  7.37085e-05 -2.00038e-05            1    -0.435178    0.0506951   0.00370759     0.917434    -0.495462   -0.0299539    -0.424225   -0.0504456   -0.0038551     0.907146    -0.505494    0.0727104    -0.022082   -0.0113268      0.11048    0.0589872     0.141271 -0.000145588      1.12952  0.000102646    0.0003405 -0.000102242     0.081706     -0.13901  1.68843e-06      1.13634 -2.43204e-06    0.0018755 -4.06294e-05  -0.00407598 -0.000918703     0.623497 -1.07133e-05  8.76689e-05 -2.12298e-05            1    -0.434579    0.0507583   0.00371642     0.914245    -0.493296   -0.0304991    -0.422614   -0.0504189  -0.00412792     0.902472    -0.506652    0.0732311   -0.0226302   -0.0123709     0.123993     0.058949     0.141334 -0.000154116      1.12983  9.90951e-05  0.000489816 -0.000109621    0.0821581    -0.139116 -2.14645e-05      1.13678  -3.4542e-06   0.00204635  -4.4193e-05  -0.00465484 -0.000973891     0.623887 -1.19934e-05  0.000130558 -2.39445e-05            1    -0.434026    0.0508093   0.00373261     0.910719    -0.490697   -0.0309057    -0.420947   -0.0503689  -0.00443397     0.897325     -0.50784    0.0732179   -0.0231281   -0.0134524     0.138802    0.0590041      0.14137 -0.000166485      1.13022  9.79525e-05  0.000657011 -0.000117852    0.0826319    -0.139253 -4.78062e-05      1.13726 -5.13635e-06   0.00223067 -4.88775e-05  -0.00527669  -0.00102651     0.624308 -1.91464e-05  0.000459644 -4.74259e-05            1    -0.434047    0.0508764    0.0037818      0.90682    -0.487597   -0.0311288    -0.419759   -0.0502634  -0.00474862     0.891659    -0.509022    0.0726701    -0.023536   -0.0145303     0.154138     0.059203     0.141368 -0.000184238      1.13067  9.89329e-05  0.000838846 -0.000127175    0.0831418    -0.139421 -7.79562e-05      1.13777 -7.42105e-06   0.00242328 -5.48574e-05  -0.00503164  -0.00103583     0.624933 -5.72818e-05  0.000829963 -0.000146412            1    -0.431063     0.050136   0.00576736     0.897184    -0.361392      0.17292    -0.416103   -0.0495163  -0.00664182     0.881997    -0.385827     -0.10405   -0.0239394   -0.0151485     0.163581     0.063236       0.1413  -0.00120528      1.13729  -0.00630087  -0.00619219  -0.00526392    0.0871578    -0.139811  -0.00073771      1.14398   -0.0105731  -0.00524619   0.00140036
Quaternion norm:
1, 1, 1, 1, 1, 1, 1, 1, 1, 1, 1, 1, 1, 1, 
v measurement:
  0.00274977  -0.00420843    0.0101627    0.0174208    -0.086632    0.0286579     0.138545   -0.0308264   -0.0133293   -0.0844081    0.0331224  -0.00152406     0.140568   -0.0295817   -0.0173495   -0.0562283   0.00326012  -0.00141233    -0.080898   -0.0707003     0.223628   -0.0531827  -0.00358904 -0.000451304  -0.00990262   0.00288893  -0.00218158 -0.000162107    0.0328527  -0.00776139   0.00258036   0.00859744   0.00461358   0.00587418 -0.000257448  -0.00267028
v0 MPC last solution:
  0.00461073  -0.00360687    0.0101006    0.0135672   -0.0697193    0.0231259     0.121323   -0.0242661   -0.0110619   -0.0805943    0.0298933  -0.00185318     0.123762   -0.0230991   -0.0150921   -0.0587605   0.00572471  -0.00184593   -0.0764756   -0.0613273     0.185955   -0.0503955  -0.00977444  -0.00178298   -0.0083341   0.00400744  -0.00397936 -0.000178974    0.0365025   -0.0100866   0.00388049   0.00873099   0.00491702   0.00462576 -0.000443754  -0.00267028
Predicted v MPC last solution:
 -0.00650635    0.0103087    0.0358384    -0.132667    0.0666043     0.145594    -0.074181   -0.0285532   -0.0191714   0.00397642     0.159247     0.216478   -0.0703278   -0.0390392   -0.0943174   -0.0531093    0.0333104    -0.115492    -0.107893     0.330211    -0.059603    0.0187263  0.000537304   -0.0161683  -0.00354558   0.00444881 -0.000647204    0.0231718   0.00292562  -0.00347518   0.00994903  0.000530909     0.008295  -0.00024945   0.00213614  -0.00130827
----------------------------------------------------------------------
State at time 220 ms ------------------
q measurement:
 -0.00186764 -0.000283606     0.620565 -0.000347571   0.00139551 -0.000716793     0.999999    -0.443318    0.0518391   0.00409055     0.934445    -0.501611   -0.0377243    -0.439444   -0.0483507  -0.00210529     0.935189    -0.500502    0.0438103   -0.0128883  -0.00186392    0.0324396    0.0641992     0.138986 -0.000242605      1.12976  0.000412208  -0.00058164 -4.55953e-05    0.0773578    -0.139545  0.000234789      1.13366 -5.06129e-05  0.000483946 -4.30979e-05
q0 MPC last solution:
 -0.00187552 -0.000260731     0.620514 -0.000397043    0.0016403 -0.000796673     0.999998    -0.444069     0.052013   0.00416353     0.934879    -0.501786   -0.0377172    -0.440204   -0.0481832  -0.00201211     0.935463    -0.500511    0.0438164   -0.0124703  -0.00148139    0.0311999    0.0644756     0.138985 -0.000245018      1.12982  0.000401743 -0.000576305 -4.47991e-05    0.0772081    -0.139514  0.000226802      1.13362 -7.20384e-05  0.000451236 -4.23204e-05
Predicted q MPC over horizon:
 -0.00187552 -0.000260731     0.620514 -0.000397043    0.0016403 -0.000796673     0.999998    -0.444069     0.052013   0.00416353     0.934879    -0.501786   -0.0377172    -0.440204   -0.0481832  -0.00201211     0.935463    -0.500511    0.0438164   -0.0124703  -0.00148139    0.0311999    0.0644756     0.138985 -0.000245018      1.12982  0.000401743 -0.000576305 -4.47991e-05    0.0772081    -0.139514  0.000226802      1.13362 -7.20384e-05  0.000451236 -4.23204e-05 1.49166e-308 1.49166e-308     0.622451 1.17553e-308  0.000827629 -0.000414126            1    -0.442058    0.0511683    0.0038304     0.934296    -0.501607   -0.0361354    -0.437471    -0.048983  -0.00247084     0.934217    -0.501007    0.0441388   -0.0139944  -0.00283882     0.035319    0.0636357     0.139105 -0.000252444      1.12962  0.000389589 -0.000557087 -5.22197e-05    0.0776328    -0.139542  0.000215218      1.13376 -4.13452e-05  0.000553508 -4.75969e-05  -0.00187906 -0.000420178     0.620867 -1.81928e-05  9.91683e-05 -4.73656e-05            1    -0.440296    0.0502807   0.00357463     0.933834    -0.501569   -0.0312306    -0.434584    -0.049783  -0.00294184     0.932306     -0.50194    0.0463019   -0.0154415  -0.00412008    0.0404703    0.0626041     0.139537 -0.000221203      1.12932  0.000325198 -0.000482179 -5.75827e-05    0.0780529    -0.139359  0.000177333      1.13393 -3.14725e-05  0.000697927 -4.55719e-05  -0.00185195 -0.000456011     0.621065 -1.70046e-05  2.93823e-05 -1.38067e-05            1    -0.439716    0.0501325   0.00363287     0.933069     -0.50164   -0.0274259    -0.433366   -0.0499588  -0.00301493     0.930411    -0.502417    0.0502859   -0.0161412  -0.00466933    0.0444174     0.061873     0.139936 -0.000183045       1.1291   0.00027268 -0.000416525 -5.79667e-05    0.0783984    -0.139144  0.000161173      1.13407 -2.34096e-05  0.000814988 -3.96735e-05  -0.00186623 -0.000501775     0.621271 -7.25634e-06  2.60708e-05 -1.42317e-05            1    -0.439168    0.0501594   0.00366974     0.931961    -0.501698   -0.0269047    -0.432404   -0.0500975  -0.00301217     0.928491    -0.502491    0.0545425   -0.0169606   -0.0053632    0.0490653    0.0613021     0.140215  -0.00016354      1.12896  0.000230132 -0.000345895 -6.17523e-05    0.0787435    -0.139038   0.00013615      1.13423 -1.71094e-05  0.000928189 -3.74516e-05  -0.00193366 -0.000548358     0.621487 -6.58319e-06  2.96258e-05 -1.48469e-05            1    -0.438622    0.0502251   0.00368205     0.930624    -0.501566    -0.026951    -0.431465   -0.0502057  -0.00303268     0.926402    -0.502475    0.0585727   -0.0177829  -0.00607389    0.0546534    0.0607819     0.140445  -0.00015113      1.12888  0.000195994 -0.000272984 -6.65001e-05    0.0791328    -0.138961  0.000113977      1.13443 -1.21276e-05    0.0010455 -3.60029e-05  -0.00205659 -0.000596407     0.621716 -7.12685e-06  3.45038e-05 -1.55389e-05            1    -0.438071    0.0502987   0.00368956     0.929059    -0.501209   -0.0271832    -0.430498   -0.0502933  -0.00307802     0.924079    -0.502487    0.0621962   -0.0185952  -0.00682436    0.0612344    0.0603214     0.140644 -0.000142627      1.12885   0.00016879 -0.000194876    -7.16e-05    0.0795454    -0.138904  9.46437e-05      1.13467 -8.30157e-06   0.00116744 -3.50871e-05  -0.00223642 -0.000646361      0.62196 -7.74924e-06     4.03e-05 -1.62259e-05            1     -0.43751     0.050377   0.00369448     0.927254    -0.500618   -0.0275686    -0.429467   -0.0503609  -0.00315492     0.921464    -0.502623    0.0653338   -0.0193829  -0.00762321    0.0688436    0.0599204     0.140814 -0.000137722      1.12887  0.000147337 -0.000109623 -7.70803e-05    0.0799726    -0.138872  7.67116e-05      1.13495 -5.48315e-06   0.00129478 -3.47997e-05  -0.00247488 -0.000698258     0.622222 -8.34232e-06  4.70308e-05 -1.69903e-05            1    -0.436941    0.0504585   0.00369764     0.925203    -0.499778   -0.0280818    -0.428341   -0.0504093  -0.00326889     0.918502    -0.502969    0.0679596   -0.0201329   -0.0084733    0.0775203    0.0595817      0.14096 -0.000135931      1.12895  0.000130677 -1.53286e-05 -8.29026e-05    0.0804051    -0.138865  5.91785e-05      1.13525 -3.56057e-06   0.00142813 -3.51748e-05  -0.00277436 -0.000751905     0.622504 -8.92332e-06  5.47592e-05 -1.78773e-05            1    -0.436362     0.050541   0.00369997     0.922892    -0.498661   -0.0286849    -0.427097   -0.0504397  -0.00342337     0.915147    -0.503576    0.0700685   -0.0208351  -0.00937494    0.0873114    0.0593097     0.141083 -0.000136758      1.12908  0.000118047  8.98517e-05 -8.90174e-05     0.080837    -0.138885  4.13009e-05      1.13558  -2.4496e-06   0.00156837 -3.62305e-05  -0.00313823 -0.000806924     0.622808 -9.50053e-06   6.3561e-05  -1.8895e-05            1    -0.435774    0.0506212   0.00370275     0.920309    -0.497236   -0.0293283    -0.425724   -0.0504521  -0.00361927     0.911368    -0.504438    0.0716549   -0.0214846   -0.0103269    0.0982754    0.0591095     0.141187 -0.000139952      1.12927  0.000108853  0.000207808  -9.5434e-05    0.0812685    -0.138933  2.23746e-05      1.13595 -2.08796e-06   0.00171686  -3.8018e-05  -0.00357069  -0.00086276     0.623138 -1.00774e-05  7.37085e-05 -2.00038e-05            1    -0.435178    0.0506951   0.00370759     0.917434    -0.495462   -0.0299539    -0.424225   -0.0504456   -0.0038551     0.907146    -0.505494    0.0727104    -0.022082   -0.0113268      0.11048    0.0589872     0.141271 -0.000145588      1.12952  0.000102646    0.0003405 -0.000102242     0.081706     -0.13901  1.68843e-06      1.13634 -2.43204e-06    0.0018755 -4.06294e-05  -0.00407598 -0.000918703     0.623497 -1.07133e-05  8.76689e-05 -2.12298e-05            1    -0.434579    0.0507583   0.00371642     0.914245    -0.493296   -0.0304991    -0.422614   -0.0504189  -0.00412792     0.902472    -0.506652    0.0732311   -0.0226302   -0.0123709     0.123993     0.058949     0.141334 -0.000154116      1.12983  9.90951e-05  0.000489816 -0.000109621    0.0821581    -0.139116 -2.14645e-05      1.13678  -3.4542e-06   0.00204635  -4.4193e-05  -0.00465484 -0.000973891     0.623887 -1.19934e-05  0.000130558 -2.39445e-05            1    -0.434026    0.0508093   0.00373261     0.910719    -0.490697   -0.0309057    -0.420947   -0.0503689  -0.00443397     0.897325     -0.50784    0.0732179   -0.0231281   -0.0134524     0.138802    0.0590041      0.14137 -0.000166485      1.13022  9.79525e-05  0.000657011 -0.000117852    0.0826319    -0.139253 -4.78062e-05      1.13726 -5.13635e-06   0.00223067 -4.88775e-05  -0.00527669  -0.00102651     0.624308 -1.91464e-05  0.000459644 -4.74259e-05            1    -0.434047    0.0508764    0.0037818      0.90682    -0.487597   -0.0311288    -0.419759   -0.0502634  -0.00474862     0.891659    -0.509022    0.0726701    -0.023536   -0.0145303     0.154138     0.059203     0.141368 -0.000184238      1.13067  9.89329e-05  0.000838846 -0.000127175    0.0831418    -0.139421 -7.79562e-05      1.13777 -7.42105e-06   0.00242328 -5.48574e-05  -0.00503164  -0.00103583     0.624933 -5.72818e-05  0.000829963 -0.000146412            1    -0.431063     0.050136   0.00576736     0.897184    -0.361392      0.17292    -0.416103   -0.0495163  -0.00664182     0.881997    -0.385827     -0.10405   -0.0239394   -0.0151485     0.163581     0.063236       0.1413  -0.00120528      1.13729  -0.00630087  -0.00619219  -0.00526392    0.0871578    -0.139811  -0.00073771      1.14398   -0.0105731  -0.00524619   0.00140036
Quaternion norm:
1, 1, 1, 1, 1, 1, 1, 1, 1, 1, 1, 1, 1, 1, 
v measurement:
 0.000732138  -0.00483094    0.0102651    0.0214339    -0.105756    0.0341304      0.15834   -0.0374187   -0.0154151   -0.0886822    0.0364139  -0.00136317     0.159731    -0.036124   -0.0194753   -0.0538178  0.000808731  -0.00109135   -0.0854313   -0.0804261     0.264618   -0.0567914   0.00280216   0.00114282   -0.0117896   0.00152799 -0.000314232 -0.000158761     0.027814  -0.00516394  0.000885802   0.00885527   0.00402797   0.00696565 -9.01798e-05  -0.00267028
v0 MPC last solution:
  0.00274977  -0.00420843    0.0101627    0.0174208    -0.086632    0.0286579     0.138545   -0.0308264   -0.0133293   -0.0844081    0.0331224  -0.00152406     0.140568   -0.0295817   -0.0173495   -0.0562283   0.00326012  -0.00141233    -0.080898   -0.0707003     0.223628   -0.0531827  -0.00358904 -0.000451304  -0.00990262   0.00288893  -0.00218158 -0.000162107    0.0328527  -0.00776139   0.00258036   0.00859744   0.00461358   0.00587418 -0.000257448  -0.00267028
Predicted v MPC last solution:
 -0.00650635    0.0103087    0.0358384    -0.132667    0.0666043     0.145594    -0.074181   -0.0285532   -0.0191714   0.00397642     0.159247     0.216478   -0.0703278   -0.0390392   -0.0943174   -0.0531093    0.0333104    -0.115492    -0.107893     0.330211    -0.059603    0.0187263  0.000537304   -0.0161683  -0.00354558   0.00444881 -0.000647204    0.0231718   0.00292562  -0.00347518   0.00994903  0.000530909     0.008295  -0.00024945   0.00213614  -0.00130827
----------------------------------------------------------------------
State at time 225 ms ------------------
q measurement:
 -0.00187041 -0.000309652     0.620617 -0.000287792   0.00109909 -0.000623312     0.999999    -0.442459     0.051632   0.00400771     0.933987    -0.501419   -0.0377309    -0.438581   -0.0485513  -0.00220866     0.934926    -0.500505    0.0438056   -0.0133294  -0.00229632    0.0338957    0.0639019      0.13902 -0.000231333       1.1297  0.000415057 -0.000577403 -4.63992e-05    0.0774777    -0.139562  0.000232976      1.13371 -3.29829e-05   0.00052162 -4.30988e-05
q0 MPC last solution:
 -0.00186764 -0.000283606     0.620565 -0.000347571   0.00139551 -0.000716793     0.999999    -0.443318    0.0518391   0.00409055     0.934445    -0.501611   -0.0377243    -0.439444   -0.0483507  -0.00210529     0.935189    -0.500502    0.0438103   -0.0128883  -0.00186392    0.0324396    0.0641992     0.138986 -0.000242605      1.12976  0.000412208  -0.00058164 -4.55953e-05    0.0773578    -0.139545  0.000234789      1.13366 -5.06129e-05  0.000483946 -4.30979e-05
Predicted q MPC over horizon:
 -0.00186764 -0.000283606     0.620565 -0.000347571   0.00139551 -0.000716793     0.999999    -0.443318    0.0518391   0.00409055     0.934445    -0.501611   -0.0377243    -0.439444   -0.0483507  -0.00210529     0.935189    -0.500502    0.0438103   -0.0128883  -0.00186392    0.0324396    0.0641992     0.138986 -0.000242605      1.12976  0.000412208  -0.00058164 -4.55953e-05    0.0773578    -0.139545  0.000234789      1.13366 -5.06129e-05  0.000483946 -4.30979e-05 1.49166e-308 1.49166e-308     0.622451 1.17553e-308  0.000827629 -0.000414126            1    -0.442058    0.0511683    0.0038304     0.934296    -0.501607   -0.0361354    -0.437471    -0.048983  -0.00247084     0.934217    -0.501007    0.0441388   -0.0139944  -0.00283882     0.035319    0.0636357     0.139105 -0.000252444      1.12962  0.000389589 -0.000557087 -5.22197e-05    0.0776328    -0.139542  0.000215218      1.13376 -4.13452e-05  0.000553508 -4.75969e-05  -0.00187906 -0.000420178     0.620867 -1.81928e-05  9.91683e-05 -4.73656e-05            1    -0.440296    0.0502807   0.00357463     0.933834    -0.501569   -0.0312306    -0.434584    -0.049783  -0.00294184     0.932306     -0.50194    0.0463019   -0.0154415  -0.00412008    0.0404703    0.0626041     0.139537 -0.000221203      1.12932  0.000325198 -0.000482179 -5.75827e-05    0.0780529    -0.139359  0.000177333      1.13393 -3.14725e-05  0.000697927 -4.55719e-05  -0.00185195 -0.000456011     0.621065 -1.70046e-05  2.93823e-05 -1.38067e-05            1    -0.439716    0.0501325   0.00363287     0.933069     -0.50164   -0.0274259    -0.433366   -0.0499588  -0.00301493     0.930411    -0.502417    0.0502859   -0.0161412  -0.00466933    0.0444174     0.061873     0.139936 -0.000183045       1.1291   0.00027268 -0.000416525 -5.79667e-05    0.0783984    -0.139144  0.000161173      1.13407 -2.34096e-05  0.000814988 -3.96735e-05  -0.00186623 -0.000501775     0.621271 -7.25634e-06  2.60708e-05 -1.42317e-05            1    -0.439168    0.0501594   0.00366974     0.931961    -0.501698   -0.0269047    -0.432404   -0.0500975  -0.00301217     0.928491    -0.502491    0.0545425   -0.0169606   -0.0053632    0.0490653    0.0613021     0.140215  -0.00016354      1.12896  0.000230132 -0.000345895 -6.17523e-05    0.0787435    -0.139038   0.00013615      1.13423 -1.71094e-05  0.000928189 -3.74516e-05  -0.00193366 -0.000548358     0.621487 -6.58319e-06  2.96258e-05 -1.48469e-05            1    -0.438622    0.0502251   0.00368205     0.930624    -0.501566    -0.026951    -0.431465   -0.0502057  -0.00303268     0.926402    -0.502475    0.0585727   -0.0177829  -0.00607389    0.0546534    0.0607819     0.140445  -0.00015113      1.12888  0.000195994 -0.000272984 -6.65001e-05    0.0791328    -0.138961  0.000113977      1.13443 -1.21276e-05    0.0010455 -3.60029e-05  -0.00205659 -0.000596407     0.621716 -7.12685e-06  3.45038e-05 -1.55389e-05            1    -0.438071    0.0502987   0.00368956     0.929059    -0.501209   -0.0271832    -0.430498   -0.0502933  -0.00307802     0.924079    -0.502487    0.0621962   -0.0185952  -0.00682436    0.0612344    0.0603214     0.140644 -0.000142627      1.12885   0.00016879 -0.000194876    -7.16e-05    0.0795454    -0.138904  9.46437e-05      1.13467 -8.30157e-06   0.00116744 -3.50871e-05  -0.00223642 -0.000646361      0.62196 -7.74924e-06     4.03e-05 -1.62259e-05            1     -0.43751     0.050377   0.00369448     0.927254    -0.500618   -0.0275686    -0.429467   -0.0503609  -0.00315492     0.921464    -0.502623    0.0653338   -0.0193829  -0.00762321    0.0688436    0.0599204     0.140814 -0.000137722      1.12887  0.000147337 -0.000109623 -7.70803e-05    0.0799726    -0.138872  7.67116e-05      1.13495 -5.48315e-06   0.00129478 -3.47997e-05  -0.00247488 -0.000698258     0.622222 -8.34232e-06  4.70308e-05 -1.69903e-05            1    -0.436941    0.0504585   0.00369764     0.925203    -0.499778   -0.0280818    -0.428341   -0.0504093  -0.00326889     0.918502    -0.502969    0.0679596   -0.0201329   -0.0084733    0.0775203    0.0595817      0.14096 -0.000135931      1.12895  0.000130677 -1.53286e-05 -8.29026e-05    0.0804051    -0.138865  5.91785e-05      1.13525 -3.56057e-06   0.00142813 -3.51748e-05  -0.00277436 -0.000751905     0.622504 -8.92332e-06  5.47592e-05 -1.78773e-05            1    -0.436362     0.050541   0.00369997     0.922892    -0.498661   -0.0286849    -0.427097   -0.0504397  -0.00342337     0.915147    -0.503576    0.0700685   -0.0208351  -0.00937494    0.0873114    0.0593097     0.141083 -0.000136758      1.12908  0.000118047  8.98517e-05 -8.90174e-05     0.080837    -0.138885  4.13009e-05      1.13558  -2.4496e-06   0.00156837 -3.62305e-05  -0.00313823 -0.000806924     0.622808 -9.50053e-06   6.3561e-05  -1.8895e-05            1    -0.435774    0.0506212   0.00370275     0.920309    -0.497236   -0.0293283    -0.425724   -0.0504521  -0.00361927     0.911368    -0.504438    0.0716549   -0.0214846   -0.0103269    0.0982754    0.0591095     0.141187 -0.000139952      1.12927  0.000108853  0.000207808  -9.5434e-05    0.0812685    -0.138933  2.23746e-05      1.13595 -2.08796e-06   0.00171686  -3.8018e-05  -0.00357069  -0.00086276     0.623138 -1.00774e-05  7.37085e-05 -2.00038e-05            1    -0.435178    0.0506951   0.00370759     0.917434    -0.495462   -0.0299539    -0.424225   -0.0504456   -0.0038551     0.907146    -0.505494    0.0727104    -0.022082   -0.0113268      0.11048    0.0589872     0.141271 -0.000145588      1.12952  0.000102646    0.0003405 -0.000102242     0.081706     -0.13901  1.68843e-06      1.13634 -2.43204e-06    0.0018755 -4.06294e-05  -0.00407598 -0.000918703     0.623497 -1.07133e-05  8.76689e-05 -2.12298e-05            1    -0.434579    0.0507583   0.00371642     0.914245    -0.493296   -0.0304991    -0.422614   -0.0504189  -0.00412792     0.902472    -0.506652    0.0732311   -0.0226302   -0.0123709     0.123993     0.058949     0.141334 -0.000154116      1.12983  9.90951e-05  0.000489816 -0.000109621    0.0821581    -0.139116 -2.14645e-05      1.13678  -3.4542e-06   0.00204635  -4.4193e-05  -0.00465484 -0.000973891     0.623887 -1.19934e-05  0.000130558 -2.39445e-05            1    -0.434026    0.0508093   0.00373261     0.910719    -0.490697   -0.0309057    -0.420947   -0.0503689  -0.00443397     0.897325     -0.50784    0.0732179   -0.0231281   -0.0134524     0.138802    0.0590041      0.14137 -0.000166485      1.13022  9.79525e-05  0.000657011 -0.000117852    0.0826319    -0.139253 -4.78062e-05      1.13726 -5.13635e-06   0.00223067 -4.88775e-05  -0.00527669  -0.00102651     0.624308 -1.91464e-05  0.000459644 -4.74259e-05            1    -0.434047    0.0508764    0.0037818      0.90682    -0.487597   -0.0311288    -0.419759   -0.0502634  -0.00474862     0.891659    -0.509022    0.0726701    -0.023536   -0.0145303     0.154138     0.059203     0.141368 -0.000184238      1.13067  9.89329e-05  0.000838846 -0.000127175    0.0831418    -0.139421 -7.79562e-05      1.13777 -7.42105e-06   0.00242328 -5.48574e-05  -0.00503164  -0.00103583     0.624933 -5.72818e-05  0.000829963 -0.000146412            1    -0.431063     0.050136   0.00576736     0.897184    -0.361392      0.17292    -0.416103   -0.0495163  -0.00664182     0.881997    -0.385827     -0.10405   -0.0239394   -0.0151485     0.163581     0.063236       0.1413  -0.00120528      1.13729  -0.00630087  -0.00619219  -0.00526392    0.0871578    -0.139811  -0.00073771      1.14398   -0.0105731  -0.00524619   0.00140036
Quaternion norm:
1, 1, 1, 1, 1, 1, 1, 1, 1, 1, 1, 1, 1, 1, 
v measurement:
 -0.00147113  -0.00547667    0.0104129     0.025648    -0.127479    0.0395463     0.181127   -0.0441024   -0.0173109   -0.0934489     0.039806   -0.0013039     0.181669   -0.0427749   -0.0214522   -0.0515425   -0.0016561 -0.000847135   -0.0900749   -0.0905784      0.30951   -0.0614006   0.00942432   0.00303811   -0.0140315 -0.000108328   0.00163345 -0.000162626    0.0211881  -0.00226335  -0.00125901   0.00950616   0.00315204   0.00789184  5.71553e-05  -0.00267028
v0 MPC last solution:
 0.000732138  -0.00483094    0.0102651    0.0214339    -0.105756    0.0341304      0.15834   -0.0374187   -0.0154151   -0.0886822    0.0364139  -0.00136317     0.159731    -0.036124   -0.0194753   -0.0538178  0.000808731  -0.00109135   -0.0854313   -0.0804261     0.264618   -0.0567914   0.00280216   0.00114282   -0.0117896   0.00152799 -0.000314232 -0.000158761     0.027814  -0.00516394  0.000885802   0.00885527   0.00402797   0.00696565 -9.01798e-05  -0.00267028
Predicted v MPC last solution:
 -0.00650635    0.0103087    0.0358384    -0.132667    0.0666043     0.145594    -0.074181   -0.0285532   -0.0191714   0.00397642     0.159247     0.216478   -0.0703278   -0.0390392   -0.0943174   -0.0531093    0.0333104    -0.115492    -0.107893     0.330211    -0.059603    0.0187263  0.000537304   -0.0161683  -0.00354558   0.00444881 -0.000647204    0.0231718   0.00292562  -0.00347518   0.00994903  0.000530909     0.008295  -0.00024945   0.00213614  -0.00130827
----------------------------------------------------------------------
State at time 230 ms ------------------
q measurement:
 -0.00188488 -0.000338997     0.620669 -0.000217145    0.0007439 -0.000516375            1    -0.441476    0.0513911     0.003916     0.933504    -0.501209   -0.0377374    -0.437598   -0.0487855  -0.00232142     0.934675    -0.500521     0.043802   -0.0137939  -0.00278096    0.0355896     0.063578     0.139088  -0.00020958      1.12962    0.0004088 -0.000563154  -4.7225e-05    0.0775591    -0.139564  0.000218926      1.13376 -2.06296e-05  0.000563419 -4.24218e-05
q0 MPC last solution:
 -0.00187041 -0.000309652     0.620617 -0.000287792   0.00109909 -0.000623312     0.999999    -0.442459     0.051632   0.00400771     0.933987    -0.501419   -0.0377309    -0.438581   -0.0485513  -0.00220866     0.934926    -0.500505    0.0438056   -0.0133294  -0.00229632    0.0338957    0.0639019      0.13902 -0.000231333       1.1297  0.000415057 -0.000577403 -4.63992e-05    0.0774777    -0.139562  0.000232976      1.13371 -3.29829e-05   0.00052162 -4.30988e-05
Predicted q MPC over horizon:
 -0.00187041 -0.000309652     0.620617 -0.000287792   0.00109909 -0.000623312     0.999999    -0.442459     0.051632   0.00400771     0.933987    -0.501419   -0.0377309    -0.438581   -0.0485513  -0.00220866     0.934926    -0.500505    0.0438056   -0.0133294  -0.00229632    0.0338957    0.0639019      0.13902 -0.000231333       1.1297  0.000415057 -0.000577403 -4.63992e-05    0.0774777    -0.139562  0.000232976      1.13371 -3.29829e-05   0.00052162 -4.30988e-05 1.49166e-308 1.49166e-308     0.622451 1.17553e-308  0.000827629 -0.000414126            1    -0.442058    0.0511683    0.0038304     0.934296    -0.501607   -0.0361354    -0.437471    -0.048983  -0.00247084     0.934217    -0.501007    0.0441388   -0.0139944  -0.00283882     0.035319    0.0636357     0.139105 -0.000252444      1.12962  0.000389589 -0.000557087 -5.22197e-05    0.0776328    -0.139542  0.000215218      1.13376 -4.13452e-05  0.000553508 -4.75969e-05  -0.00187906 -0.000420178     0.620867 -1.81928e-05  9.91683e-05 -4.73656e-05            1    -0.440296    0.0502807   0.00357463     0.933834    -0.501569   -0.0312306    -0.434584    -0.049783  -0.00294184     0.932306     -0.50194    0.0463019   -0.0154415  -0.00412008    0.0404703    0.0626041     0.139537 -0.000221203      1.12932  0.000325198 -0.000482179 -5.75827e-05    0.0780529    -0.139359  0.000177333      1.13393 -3.14725e-05  0.000697927 -4.55719e-05  -0.00185195 -0.000456011     0.621065 -1.70046e-05  2.93823e-05 -1.38067e-05            1    -0.439716    0.0501325   0.00363287     0.933069     -0.50164   -0.0274259    -0.433366   -0.0499588  -0.00301493     0.930411    -0.502417    0.0502859   -0.0161412  -0.00466933    0.0444174     0.061873     0.139936 -0.000183045       1.1291   0.00027268 -0.000416525 -5.79667e-05    0.0783984    -0.139144  0.000161173      1.13407 -2.34096e-05  0.000814988 -3.96735e-05  -0.00186623 -0.000501775     0.621271 -7.25634e-06  2.60708e-05 -1.42317e-05            1    -0.439168    0.0501594   0.00366974     0.931961    -0.501698   -0.0269047    -0.432404   -0.0500975  -0.00301217     0.928491    -0.502491    0.0545425   -0.0169606   -0.0053632    0.0490653    0.0613021     0.140215  -0.00016354      1.12896  0.000230132 -0.000345895 -6.17523e-05    0.0787435    -0.139038   0.00013615      1.13423 -1.71094e-05  0.000928189 -3.74516e-05  -0.00193366 -0.000548358     0.621487 -6.58319e-06  2.96258e-05 -1.48469e-05            1    -0.438622    0.0502251   0.00368205     0.930624    -0.501566    -0.026951    -0.431465   -0.0502057  -0.00303268     0.926402    -0.502475    0.0585727   -0.0177829  -0.00607389    0.0546534    0.0607819     0.140445  -0.00015113      1.12888  0.000195994 -0.000272984 -6.65001e-05    0.0791328    -0.138961  0.000113977      1.13443 -1.21276e-05    0.0010455 -3.60029e-05  -0.00205659 -0.000596407     0.621716 -7.12685e-06  3.45038e-05 -1.55389e-05            1    -0.438071    0.0502987   0.00368956     0.929059    -0.501209   -0.0271832    -0.430498   -0.0502933  -0.00307802     0.924079    -0.502487    0.0621962   -0.0185952  -0.00682436    0.0612344    0.0603214     0.140644 -0.000142627      1.12885   0.00016879 -0.000194876    -7.16e-05    0.0795454    -0.138904  9.46437e-05      1.13467 -8.30157e-06   0.00116744 -3.50871e-05  -0.00223642 -0.000646361      0.62196 -7.74924e-06     4.03e-05 -1.62259e-05            1     -0.43751     0.050377   0.00369448     0.927254    -0.500618   -0.0275686    -0.429467   -0.0503609  -0.00315492     0.921464    -0.502623    0.0653338   -0.0193829  -0.00762321    0.0688436    0.0599204     0.140814 -0.000137722      1.12887  0.000147337 -0.000109623 -7.70803e-05    0.0799726    -0.138872  7.67116e-05      1.13495 -5.48315e-06   0.00129478 -3.47997e-05  -0.00247488 -0.000698258     0.622222 -8.34232e-06  4.70308e-05 -1.69903e-05            1    -0.436941    0.0504585   0.00369764     0.925203    -0.499778   -0.0280818    -0.428341   -0.0504093  -0.00326889     0.918502    -0.502969    0.0679596   -0.0201329   -0.0084733    0.0775203    0.0595817      0.14096 -0.000135931      1.12895  0.000130677 -1.53286e-05 -8.29026e-05    0.0804051    -0.138865  5.91785e-05      1.13525 -3.56057e-06   0.00142813 -3.51748e-05  -0.00277436 -0.000751905     0.622504 -8.92332e-06  5.47592e-05 -1.78773e-05            1    -0.436362     0.050541   0.00369997     0.922892    -0.498661   -0.0286849    -0.427097   -0.0504397  -0.00342337     0.915147    -0.503576    0.0700685   -0.0208351  -0.00937494    0.0873114    0.0593097     0.141083 -0.000136758      1.12908  0.000118047  8.98517e-05 -8.90174e-05     0.080837    -0.138885  4.13009e-05      1.13558  -2.4496e-06   0.00156837 -3.62305e-05  -0.00313823 -0.000806924     0.622808 -9.50053e-06   6.3561e-05  -1.8895e-05            1    -0.435774    0.0506212   0.00370275     0.920309    -0.497236   -0.0293283    -0.425724   -0.0504521  -0.00361927     0.911368    -0.504438    0.0716549   -0.0214846   -0.0103269    0.0982754    0.0591095     0.141187 -0.000139952      1.12927  0.000108853  0.000207808  -9.5434e-05    0.0812685    -0.138933  2.23746e-05      1.13595 -2.08796e-06   0.00171686  -3.8018e-05  -0.00357069  -0.00086276     0.623138 -1.00774e-05  7.37085e-05 -2.00038e-05            1    -0.435178    0.0506951   0.00370759     0.917434    -0.495462   -0.0299539    -0.424225   -0.0504456   -0.0038551     0.907146    -0.505494    0.0727104    -0.022082   -0.0113268      0.11048    0.0589872     0.141271 -0.000145588      1.12952  0.000102646    0.0003405 -0.000102242     0.081706     -0.13901  1.68843e-06      1.13634 -2.43204e-06    0.0018755 -4.06294e-05  -0.00407598 -0.000918703     0.623497 -1.07133e-05  8.76689e-05 -2.12298e-05            1    -0.434579    0.0507583   0.00371642     0.914245    -0.493296   -0.0304991    -0.422614   -0.0504189  -0.00412792     0.902472    -0.506652    0.0732311   -0.0226302   -0.0123709     0.123993     0.058949     0.141334 -0.000154116      1.12983  9.90951e-05  0.000489816 -0.000109621    0.0821581    -0.139116 -2.14645e-05      1.13678  -3.4542e-06   0.00204635  -4.4193e-05  -0.00465484 -0.000973891     0.623887 -1.19934e-05  0.000130558 -2.39445e-05            1    -0.434026    0.0508093   0.00373261     0.910719    -0.490697   -0.0309057    -0.420947   -0.0503689  -0.00443397     0.897325     -0.50784    0.0732179   -0.0231281   -0.0134524     0.138802    0.0590041      0.14137 -0.000166485      1.13022  9.79525e-05  0.000657011 -0.000117852    0.0826319    -0.139253 -4.78062e-05      1.13726 -5.13635e-06   0.00223067 -4.88775e-05  -0.00527669  -0.00102651     0.624308 -1.91464e-05  0.000459644 -4.74259e-05            1    -0.434047    0.0508764    0.0037818      0.90682    -0.487597   -0.0311288    -0.419759   -0.0502634  -0.00474862     0.891659    -0.509022    0.0726701    -0.023536   -0.0145303     0.154138     0.059203     0.141368 -0.000184238      1.13067  9.89329e-05  0.000838846 -0.000127175    0.0831418    -0.139421 -7.79562e-05      1.13777 -7.42105e-06   0.00242328 -5.48574e-05  -0.00503164  -0.00103583     0.624933 -5.72818e-05  0.000829963 -0.000146412            1    -0.431063     0.050136   0.00576736     0.897184    -0.361392      0.17292    -0.416103   -0.0495163  -0.00664182     0.881997    -0.385827     -0.10405   -0.0239394   -0.0151485     0.163581     0.063236       0.1413  -0.00120528      1.13729  -0.00630087  -0.00619219  -0.00526392    0.0871578    -0.139811  -0.00073771      1.14398   -0.0105731  -0.00524619   0.00140036
Quaternion norm:
1, 1, 1, 1, 1, 1, 1, 1, 1, 1, 1, 1, 1, 1, 
v measurement:
 -0.00389158  -0.00614805    0.0106125    0.0301032     -0.15223    0.0449028     0.207381   -0.0509245   -0.0189991   -0.0987607    0.0433292  -0.00129838     0.206847   -0.0495754   -0.0232601   -0.0494239  -0.00415629 -0.000652053     -0.09482    -0.101233     0.358953   -0.0672062     0.016305   0.00527364   -0.0166693  -0.00205783   0.00367378 -0.000166261    0.0127621  0.000972956  -0.00391663    0.0105429   0.00197557   0.00864941  0.000185106  -0.00267028
v0 MPC last solution:
 -0.00147113  -0.00547667    0.0104129     0.025648    -0.127479    0.0395463     0.181127   -0.0441024   -0.0173109   -0.0934489     0.039806   -0.0013039     0.181669   -0.0427749   -0.0214522   -0.0515425   -0.0016561 -0.000847135   -0.0900749   -0.0905784      0.30951   -0.0614006   0.00942432   0.00303811   -0.0140315 -0.000108328   0.00163345 -0.000162626    0.0211881  -0.00226335  -0.00125901   0.00950616   0.00315204   0.00789184  5.71553e-05  -0.00267028
Predicted v MPC last solution:
 -0.00650635    0.0103087    0.0358384    -0.132667    0.0666043     0.145594    -0.074181   -0.0285532   -0.0191714   0.00397642     0.159247     0.216478   -0.0703278   -0.0390392   -0.0943174   -0.0531093    0.0333104    -0.115492    -0.107893     0.330211    -0.059603    0.0187263  0.000537304   -0.0161683  -0.00354558   0.00444881 -0.000647204    0.0231718   0.00292562  -0.00347518   0.00994903  0.000530909     0.008295  -0.00024945   0.00213614  -0.00130827
----------------------------------------------------------------------
State at time 235 ms ------------------
q measurement:
 -0.00191222 -0.000371782     0.620723  -0.00013497  0.000321669 -0.000396137            1     -0.44035    0.0511155   0.00381654     0.932993    -0.500981   -0.0377439    -0.436479   -0.0490542  -0.00244265     0.934434     -0.50055    0.0437992   -0.0142825  -0.00332058    0.0375462    0.0632209     0.139191 -0.000175526      1.12953  0.000391744 -0.000538389  -4.8046e-05    0.0775924    -0.139548  0.000189871      1.13382  -1.5091e-05  0.000608505 -4.11582e-05
q0 MPC last solution:
 -0.00188488 -0.000338997     0.620669 -0.000217145    0.0007439 -0.000516375            1    -0.441476    0.0513911     0.003916     0.933504    -0.501209   -0.0377374    -0.437598   -0.0487855  -0.00232142     0.934675    -0.500521     0.043802   -0.0137939  -0.00278096    0.0355896     0.063578     0.139088  -0.00020958      1.12962    0.0004088 -0.000563154  -4.7225e-05    0.0775591    -0.139564  0.000218926      1.13376 -2.06296e-05  0.000563419 -4.24218e-05
Predicted q MPC over horizon:
 -0.00188488 -0.000338997     0.620669 -0.000217145    0.0007439 -0.000516375            1    -0.441476    0.0513911     0.003916     0.933504    -0.501209   -0.0377374    -0.437598   -0.0487855  -0.00232142     0.934675    -0.500521     0.043802   -0.0137939  -0.00278096    0.0355896     0.063578     0.139088  -0.00020958      1.12962    0.0004088 -0.000563154  -4.7225e-05    0.0775591    -0.139564  0.000218926      1.13376 -2.06296e-05  0.000563419 -4.24218e-05 1.49166e-308 1.49166e-308     0.622451 1.17553e-308  0.000827629 -0.000414126            1    -0.442058    0.0511683    0.0038304     0.934296    -0.501607   -0.0361354    -0.437471    -0.048983  -0.00247084     0.934217    -0.501007    0.0441388   -0.0139944  -0.00283882     0.035319    0.0636357     0.139105 -0.000252444      1.12962  0.000389589 -0.000557087 -5.22197e-05    0.0776328    -0.139542  0.000215218      1.13376 -4.13452e-05  0.000553508 -4.75969e-05  -0.00187906 -0.000420178     0.620867 -1.81928e-05  9.91683e-05 -4.73656e-05            1    -0.440296    0.0502807   0.00357463     0.933834    -0.501569   -0.0312306    -0.434584    -0.049783  -0.00294184     0.932306     -0.50194    0.0463019   -0.0154415  -0.00412008    0.0404703    0.0626041     0.139537 -0.000221203      1.12932  0.000325198 -0.000482179 -5.75827e-05    0.0780529    -0.139359  0.000177333      1.13393 -3.14725e-05  0.000697927 -4.55719e-05  -0.00185195 -0.000456011     0.621065 -1.70046e-05  2.93823e-05 -1.38067e-05            1    -0.439716    0.0501325   0.00363287     0.933069     -0.50164   -0.0274259    -0.433366   -0.0499588  -0.00301493     0.930411    -0.502417    0.0502859   -0.0161412  -0.00466933    0.0444174     0.061873     0.139936 -0.000183045       1.1291   0.00027268 -0.000416525 -5.79667e-05    0.0783984    -0.139144  0.000161173      1.13407 -2.34096e-05  0.000814988 -3.96735e-05  -0.00186623 -0.000501775     0.621271 -7.25634e-06  2.60708e-05 -1.42317e-05            1    -0.439168    0.0501594   0.00366974     0.931961    -0.501698   -0.0269047    -0.432404   -0.0500975  -0.00301217     0.928491    -0.502491    0.0545425   -0.0169606   -0.0053632    0.0490653    0.0613021     0.140215  -0.00016354      1.12896  0.000230132 -0.000345895 -6.17523e-05    0.0787435    -0.139038   0.00013615      1.13423 -1.71094e-05  0.000928189 -3.74516e-05  -0.00193366 -0.000548358     0.621487 -6.58319e-06  2.96258e-05 -1.48469e-05            1    -0.438622    0.0502251   0.00368205     0.930624    -0.501566    -0.026951    -0.431465   -0.0502057  -0.00303268     0.926402    -0.502475    0.0585727   -0.0177829  -0.00607389    0.0546534    0.0607819     0.140445  -0.00015113      1.12888  0.000195994 -0.000272984 -6.65001e-05    0.0791328    -0.138961  0.000113977      1.13443 -1.21276e-05    0.0010455 -3.60029e-05  -0.00205659 -0.000596407     0.621716 -7.12685e-06  3.45038e-05 -1.55389e-05            1    -0.438071    0.0502987   0.00368956     0.929059    -0.501209   -0.0271832    -0.430498   -0.0502933  -0.00307802     0.924079    -0.502487    0.0621962   -0.0185952  -0.00682436    0.0612344    0.0603214     0.140644 -0.000142627      1.12885   0.00016879 -0.000194876    -7.16e-05    0.0795454    -0.138904  9.46437e-05      1.13467 -8.30157e-06   0.00116744 -3.50871e-05  -0.00223642 -0.000646361      0.62196 -7.74924e-06     4.03e-05 -1.62259e-05            1     -0.43751     0.050377   0.00369448     0.927254    -0.500618   -0.0275686    -0.429467   -0.0503609  -0.00315492     0.921464    -0.502623    0.0653338   -0.0193829  -0.00762321    0.0688436    0.0599204     0.140814 -0.000137722      1.12887  0.000147337 -0.000109623 -7.70803e-05    0.0799726    -0.138872  7.67116e-05      1.13495 -5.48315e-06   0.00129478 -3.47997e-05  -0.00247488 -0.000698258     0.622222 -8.34232e-06  4.70308e-05 -1.69903e-05            1    -0.436941    0.0504585   0.00369764     0.925203    -0.499778   -0.0280818    -0.428341   -0.0504093  -0.00326889     0.918502    -0.502969    0.0679596   -0.0201329   -0.0084733    0.0775203    0.0595817      0.14096 -0.000135931      1.12895  0.000130677 -1.53286e-05 -8.29026e-05    0.0804051    -0.138865  5.91785e-05      1.13525 -3.56057e-06   0.00142813 -3.51748e-05  -0.00277436 -0.000751905     0.622504 -8.92332e-06  5.47592e-05 -1.78773e-05            1    -0.436362     0.050541   0.00369997     0.922892    -0.498661   -0.0286849    -0.427097   -0.0504397  -0.00342337     0.915147    -0.503576    0.0700685   -0.0208351  -0.00937494    0.0873114    0.0593097     0.141083 -0.000136758      1.12908  0.000118047  8.98517e-05 -8.90174e-05     0.080837    -0.138885  4.13009e-05      1.13558  -2.4496e-06   0.00156837 -3.62305e-05  -0.00313823 -0.000806924     0.622808 -9.50053e-06   6.3561e-05  -1.8895e-05            1    -0.435774    0.0506212   0.00370275     0.920309    -0.497236   -0.0293283    -0.425724   -0.0504521  -0.00361927     0.911368    -0.504438    0.0716549   -0.0214846   -0.0103269    0.0982754    0.0591095     0.141187 -0.000139952      1.12927  0.000108853  0.000207808  -9.5434e-05    0.0812685    -0.138933  2.23746e-05      1.13595 -2.08796e-06   0.00171686  -3.8018e-05  -0.00357069  -0.00086276     0.623138 -1.00774e-05  7.37085e-05 -2.00038e-05            1    -0.435178    0.0506951   0.00370759     0.917434    -0.495462   -0.0299539    -0.424225   -0.0504456   -0.0038551     0.907146    -0.505494    0.0727104    -0.022082   -0.0113268      0.11048    0.0589872     0.141271 -0.000145588      1.12952  0.000102646    0.0003405 -0.000102242     0.081706     -0.13901  1.68843e-06      1.13634 -2.43204e-06    0.0018755 -4.06294e-05  -0.00407598 -0.000918703     0.623497 -1.07133e-05  8.76689e-05 -2.12298e-05            1    -0.434579    0.0507583   0.00371642     0.914245    -0.493296   -0.0304991    -0.422614   -0.0504189  -0.00412792     0.902472    -0.506652    0.0732311   -0.0226302   -0.0123709     0.123993     0.058949     0.141334 -0.000154116      1.12983  9.90951e-05  0.000489816 -0.000109621    0.0821581    -0.139116 -2.14645e-05      1.13678  -3.4542e-06   0.00204635  -4.4193e-05  -0.00465484 -0.000973891     0.623887 -1.19934e-05  0.000130558 -2.39445e-05            1    -0.434026    0.0508093   0.00373261     0.910719    -0.490697   -0.0309057    -0.420947   -0.0503689  -0.00443397     0.897325     -0.50784    0.0732179   -0.0231281   -0.0134524     0.138802    0.0590041      0.14137 -0.000166485      1.13022  9.79525e-05  0.000657011 -0.000117852    0.0826319    -0.139253 -4.78062e-05      1.13726 -5.13635e-06   0.00223067 -4.88775e-05  -0.00527669  -0.00102651     0.624308 -1.91464e-05  0.000459644 -4.74259e-05            1    -0.434047    0.0508764    0.0037818      0.90682    -0.487597   -0.0311288    -0.419759   -0.0502634  -0.00474862     0.891659    -0.509022    0.0726701    -0.023536   -0.0145303     0.154138     0.059203     0.141368 -0.000184238      1.13067  9.89329e-05  0.000838846 -0.000127175    0.0831418    -0.139421 -7.79562e-05      1.13777 -7.42105e-06   0.00242328 -5.48574e-05  -0.00503164  -0.00103583     0.624933 -5.72818e-05  0.000829963 -0.000146412            1    -0.431063     0.050136   0.00576736     0.897184    -0.361392      0.17292    -0.416103   -0.0495163  -0.00664182     0.881997    -0.385827     -0.10405   -0.0239394   -0.0151485     0.163581     0.063236       0.1413  -0.00120528      1.13729  -0.00630087  -0.00619219  -0.00526392    0.0871578    -0.139811  -0.00073771      1.14398   -0.0105731  -0.00524619   0.00140036
Quaternion norm:
1, 1, 1, 1, 1, 1, 1, 1, 1, 1, 1, 1, 1, 1, 
v measurement:
 -0.00656373  -0.00684764    0.0108711    0.0348398    -0.180492    0.0501935     0.237641   -0.0579241   -0.0204556    -0.104689    0.0470081  -0.00131295     0.235787   -0.0565617   -0.0248756   -0.0474912  -0.00671042 -0.000484398   -0.0996503    -0.112468      0.41367   -0.0744227    0.0234748   0.00788882   -0.0197501  -0.00436421   0.00582145 -0.000160995   0.00230634   0.00457937  -0.00715668     0.011948  0.000486639   0.00924062  0.000295632  -0.00267028
v0 MPC last solution:
 -0.00389158  -0.00614805    0.0106125    0.0301032     -0.15223    0.0449028     0.207381   -0.0509245   -0.0189991   -0.0987607    0.0433292  -0.00129838     0.206847   -0.0495754   -0.0232601   -0.0494239  -0.00415629 -0.000652053     -0.09482    -0.101233     0.358953   -0.0672062     0.016305   0.00527364   -0.0166693  -0.00205783   0.00367378 -0.000166261    0.0127621  0.000972956  -0.00391663    0.0105429   0.00197557   0.00864941  0.000185106  -0.00267028
Predicted v MPC last solution:
 -0.00650635    0.0103087    0.0358384    -0.132667    0.0666043     0.145594    -0.074181   -0.0285532   -0.0191714   0.00397642     0.159247     0.216478   -0.0703278   -0.0390392   -0.0943174   -0.0531093    0.0333104    -0.115492    -0.107893     0.330211    -0.059603    0.0187263  0.000537304   -0.0161683  -0.00354558   0.00444881 -0.000647204    0.0231718   0.00292562  -0.00347518   0.00994903  0.000530909     0.008295  -0.00024945   0.00213614  -0.00130827
----------------------------------------------------------------------
State at time 240 ms ------------------
q measurement:
 -0.00193577 -0.000403547     0.620776 -6.10819e-05 -4.25432e-05 -0.000288992            1    -0.439356    0.0508714     0.003726     0.932498    -0.500756   -0.0377552    -0.435492   -0.0492911  -0.00255354     0.934185    -0.500553    0.0437926    -0.014745  -0.00383722     0.039378    0.0629152     0.139297 -0.000140894      1.12945  0.000372234 -0.000509649 -4.87626e-05    0.0776045    -0.139532  0.000158367      1.13387 -1.19503e-05  0.000650931 -3.96791e-05
q0 MPC last solution:
 -0.00191222 -0.000371782     0.620723  -0.00013497  0.000321669 -0.000396137            1     -0.44035    0.0511155   0.00381654     0.932993    -0.500981   -0.0377439    -0.436479   -0.0490542  -0.00244265     0.934434     -0.50055    0.0437992   -0.0142825  -0.00332058    0.0375462    0.0632209     0.139191 -0.000175526      1.12953  0.000391744 -0.000538389  -4.8046e-05    0.0775924    -0.139548  0.000189871      1.13382  -1.5091e-05  0.000608505 -4.11582e-05
Predicted q MPC over horizon:
 -0.00191222 -0.000371782     0.620723  -0.00013497  0.000321669 -0.000396137            1     -0.44035    0.0511155   0.00381654     0.932993    -0.500981   -0.0377439    -0.436479   -0.0490542  -0.00244265     0.934434     -0.50055    0.0437992   -0.0142825  -0.00332058    0.0375462    0.0632209     0.139191 -0.000175526      1.12953  0.000391744 -0.000538389  -4.8046e-05    0.0775924    -0.139548  0.000189871      1.13382  -1.5091e-05  0.000608505 -4.11582e-05 1.55719e-308 1.55719e-308     0.622451 1.22954e-308 -0.000304935 -9.18615e-05     0.999999    -0.438365    0.0504828   0.00352383     0.931556    -0.500241   -0.0374049    -0.434196   -0.0496477  -0.00283085     0.933029    -0.500268    0.0437442   -0.0158912  -0.00499471     0.042607    0.0626413     0.139533 -0.000102137      1.12936  0.000318676 -0.000417857 -5.33092e-05    0.0776657    -0.139531  9.94387e-05      1.13392 -9.11197e-06   0.00073908 -3.80056e-05  -0.00186472  -0.00054006     0.621108  2.19949e-05 -4.96198e-06 -2.44549e-05     0.999998    -0.438706    0.0504625   0.00337681     0.930853    -0.499664   -0.0358031    -0.433906   -0.0496004  -0.00308933     0.931222    -0.499728    0.0441118    -0.016578  -0.00586404    0.0457749    0.0625141     0.139682 -0.000126227      1.12933  0.000266153  -0.00031885 -6.38099e-05    0.0779557    -0.139573   5.6804e-05        1.134 -6.38368e-06  0.000836437 -4.11391e-05  -0.00190738 -0.000593221     0.621303 -1.18832e-05   2.3664e-05 -1.16616e-05     0.999998    -0.438486    0.0505112   0.00332004     0.930035    -0.499042   -0.0342704    -0.433164   -0.0495225  -0.00323455     0.929427    -0.499212    0.0453555   -0.0168644   -0.0066769    0.0507453    0.0620819     0.139769 -0.000158321      1.12926  0.000224191 -0.000236159 -7.63877e-05    0.0783538     -0.13961  1.28593e-05      1.13418 -3.81041e-06   0.00095007 -4.72455e-05  -0.00199854 -0.000652895      0.62151 -6.67365e-06  3.08039e-05 -1.34049e-05     0.999998    -0.438123     0.050558   0.00331378     0.928882    -0.498331   -0.0339075    -0.432411   -0.0495097  -0.00329471     0.927506     -0.49849     0.047082   -0.0172856  -0.00765144    0.0566743    0.0618073     0.139853 -0.000184786      1.12927  0.000190216 -0.000143386 -8.77028e-05    0.0786986    -0.139661 -2.47292e-05      1.13437  -2.1654e-06   0.00106257 -5.24776e-05  -0.00214254 -0.000711433     0.621729 -7.28428e-06  3.60887e-05 -1.41327e-05     0.999998    -0.437715    0.0506204   0.00329855     0.927448    -0.497428   -0.0337993    -0.431653   -0.0494874  -0.00336653     0.925398    -0.497643    0.0488431   -0.0177122  -0.00862371    0.0635779    0.0615683     0.139927 -0.000209014      1.12933  0.000163064 -4.64678e-05 -9.84682e-05    0.0790817    -0.139711 -5.70804e-05       1.1346 -1.07989e-06   0.00118197 -5.70664e-05  -0.00234259 -0.000769804     0.621964 -7.91649e-06   4.1856e-05 -1.47343e-05     0.999998    -0.437272    0.0506821    0.0032864     0.925732    -0.496303   -0.0337831    -0.430879   -0.0494588  -0.00344939     0.923061    -0.496712    0.0504718   -0.0181485  -0.00961743    0.0715054    0.0613893     0.139998 -0.000230251      1.12944  0.000141534  5.82488e-05 -0.000108528    0.0794859    -0.139766 -8.53197e-05      1.13487 -5.48501e-07   0.00130865 -6.11402e-05   -0.0026018 -0.000828309     0.622215 -8.57401e-06  4.84687e-05 -1.52175e-05     0.999998    -0.436797    0.0507426   0.00327746     0.923723    -0.494938   -0.0338415    -0.430068    -0.049421  -0.00354847     0.920453     -0.49573     0.051894   -0.0185834   -0.0106382    0.0805105    0.0612727     0.140066  -0.00024909      1.12961  0.000124685  0.000172771 -0.000118038    0.0799111    -0.139828 -0.000110924      1.13517 -5.29614e-07   0.00144386 -6.49262e-05   -0.0029234 -0.000887055     0.622486 -9.21907e-06  5.60283e-05 -1.57183e-05     0.999998    -0.436291    0.0508011   0.00327214      0.92141    -0.493315   -0.0339623    -0.429203   -0.0493734  -0.00366703     0.917533    -0.494727    0.0530802   -0.0190066   -0.0116897    0.0906498    0.0612223      0.14013 -0.000265838      1.12982  0.000111759  0.000298948 -0.000127087    0.0803559    -0.139902 -0.000135005      1.13552 -9.94734e-07    0.0015887 -6.85952e-05  -0.00331087 -0.000945996     0.622779 -9.85634e-06  6.46055e-05  -1.6284e-05     0.999998    -0.435753    0.0508566   0.00327094      0.91878    -0.491412   -0.0341292    -0.428272   -0.0493157  -0.00380717     0.914265    -0.493717    0.0540189   -0.0194104   -0.0127744     0.101984    0.0612423     0.140193 -0.000280766       1.1301  0.000102154  0.000438566 -0.000135762    0.0808201     -0.13999 -0.000158443       1.1359 -1.92605e-06   0.00174437 -7.22882e-05  -0.00376806  -0.00100497     0.623098 -1.04924e-05  7.42853e-05  -1.6921e-05     0.999998    -0.435184    0.0509075   0.00327448     0.915815    -0.489205   -0.0343224    -0.427265   -0.0492475  -0.00396965      0.91062    -0.492688    0.0547018   -0.0197902   -0.0138938      0.11458     0.061338     0.140253  -0.00029428      1.13043  9.53968e-05  0.000593402 -0.000144184    0.0813059    -0.140094 -0.000182026      1.13632 -3.31478e-06   0.00191225 -7.61481e-05  -0.00429911  -0.00106367     0.623446 -1.11422e-05  8.53765e-05   -1.761e-05     0.999998    -0.434582     0.050952   0.00328361     0.912496    -0.486665   -0.0345191    -0.426181   -0.0491679  -0.00415391     0.906576    -0.491598    0.0551217   -0.0201445   -0.0150487     0.128508    0.0615146     0.140307 -0.000307001      1.13083  9.11269e-05  0.000765234 -0.000152534    0.0818176    -0.140216 -0.000206478      1.13679 -5.15979e-06   0.00209398 -8.03236e-05  -0.00490786  -0.00112171     0.623827 -1.19073e-05  0.000100578 -1.83661e-05     0.999998    -0.433949    0.0509881   0.00329931       0.9088    -0.483761   -0.0346954    -0.425028   -0.0490759  -0.00435873     0.902113    -0.490391    0.0552745   -0.0204737   -0.0162389     0.143834    0.0617774     0.140354 -0.000319832       1.1313  8.90755e-05  0.000955746 -0.000161065    0.0823607    -0.140357 -0.000232436      1.13731 -7.46595e-06    0.0022912 -8.49634e-05  -0.00559448  -0.00117851     0.624245 -1.37022e-05  0.000147173 -1.99463e-05     0.999998    -0.433339    0.0510163   0.00332274     0.904701    -0.480462   -0.0348288     -0.42386   -0.0489685  -0.00458287     0.897208    -0.489016    0.0551594   -0.0207762   -0.0174602     0.160543    0.0621344     0.140386 -0.000334066      1.13183  8.90404e-05   0.00116599 -0.000170105    0.0829408    -0.140518 -0.000260429      1.13787 -1.02367e-05   0.00250492 -9.02087e-05  -0.00632589  -0.00123232     0.624698 -2.49364e-05  0.000504268 -3.31442e-05     0.999998    -0.433328     0.051062   0.00336124      0.90016      -0.4767    -0.034902    -0.423257   -0.0488168  -0.00481905      0.89181     -0.48742    0.0547729   -0.0210326   -0.0186652     0.177802    0.0626297     0.140388  -0.00035151      1.13243  9.07835e-05   0.00139174 -0.000179919    0.0835868    -0.140697 -0.000290719      1.13848 -1.34021e-05   0.00273034 -9.61483e-05  -0.00610691  -0.00123985     0.625356 -7.31935e-05  0.000937623 -0.000102494     0.999998    -0.430139    0.0502794   0.00544807     0.889753     -0.34497     0.176641    -0.419847   -0.0480065  -0.00675619     0.881686    -0.355167    -0.134382    -0.021352   -0.0193785     0.188447      0.06707     0.140327  -0.00139244      1.13972  -0.00597283  -0.00485937  -0.00558607    0.0878946     -0.14109 -0.000917783      1.14523     -0.01387  -0.00429559   0.00159011
Quaternion norm:
0.999998, 0.999996, 0.999996, 0.999996, 0.999996, 0.999996, 0.999996, 0.999996, 0.999996, 0.999996, 0.999996, 0.999996, 0.999996, 0.999996, 
v measurement:
 -0.00350706   -0.0060371    0.0104528    0.0261578    -0.122946    0.0379506     0.173599   -0.0428061   -0.0165048    -0.095387    0.0439623  -0.00286503     0.172167   -0.0413147   -0.0203484   -0.0512808   0.00319575  -0.00188676   -0.0877668    -0.097318     0.335534   -0.0524971    0.0198477   0.00634871   -0.0138104  -0.00362259   0.00569418 -0.000128035   0.00220789   0.00237091  -0.00583301   0.00859122  0.000669784   0.00795092  0.000293261   0.00614986
v0 MPC last solution:
 -0.00656373  -0.00684764    0.0108711    0.0348398    -0.180492    0.0501935     0.237641   -0.0579241   -0.0204556    -0.104689    0.0470081  -0.00131295     0.235787   -0.0565617   -0.0248756   -0.0474912  -0.00671042 -0.000484398   -0.0996503    -0.112468      0.41367   -0.0744227    0.0234748   0.00788882   -0.0197501  -0.00436421   0.00582145 -0.000160995   0.00230634   0.00457937  -0.00715668     0.011948  0.000486639   0.00924062  0.000295632   0.00614986
Predicted v MPC last solution:
 -0.00384765   0.00911774   0.00224515    0.0551707    0.0106165    -0.039212  -0.00537314   -0.0087947   -0.0390976    0.0269319    0.0351723  -0.00751767  -0.00278769   -0.0139436   -0.0930382    0.0348732  -0.00502124   -0.0612181   -0.0549457     0.092408    0.0164663    0.0106988 -0.000549994   0.00310774  -0.00294265   0.00623174 -0.000365331   0.00501993   -0.0028835  -0.00188654  -0.00107157  0.000111262   0.00381684  1.96267e-05 -0.000986479  -0.00228489
----------------------------------------------------------------------
State at time 245 ms ------------------
q measurement:
 -0.00194482 -0.000431391     0.620827 -8.32238e-06 -0.000267773 -0.000212477            1    -0.438671    0.0507019   0.00365603     0.932048    -0.500544   -0.0377737    -0.434814   -0.0494528  -0.00264111     0.933917    -0.500508    0.0437791   -0.0151487  -0.00427981    0.0408341    0.0627146     0.139386 -0.000112629       1.1294   0.00035584 -0.000481638 -4.92498e-05    0.0776103    -0.139526  0.000131321       1.1339  -9.0002e-06  0.000686264 -3.82744e-05
q0 MPC last solution:
 -0.00193577 -0.000403547     0.620776 -6.10819e-05 -4.25432e-05 -0.000288992            1    -0.439356    0.0508714     0.003726     0.932498    -0.500756   -0.0377552    -0.435492   -0.0492911  -0.00255354     0.934185    -0.500553    0.0437926    -0.014745  -0.00383722     0.039378    0.0629152     0.139297 -0.000140894      1.12945  0.000372234 -0.000509649 -4.87626e-05    0.0776045    -0.139532  0.000158367      1.13387 -1.19503e-05  0.000650931 -3.96791e-05
Predicted q MPC over horizon:
 -0.00193577 -0.000403547     0.620776 -6.10819e-05 -4.25432e-05 -0.000288992            1    -0.439356    0.0508714     0.003726     0.932498    -0.500756   -0.0377552    -0.435492   -0.0492911  -0.00255354     0.934185    -0.500553    0.0437926    -0.014745  -0.00383722     0.039378    0.0629152     0.139297 -0.000140894      1.12945  0.000372234 -0.000509649 -4.87626e-05    0.0776045    -0.139532  0.000158367      1.13387 -1.19503e-05  0.000650931 -3.96791e-05 1.55719e-308 1.55719e-308     0.622451 1.22954e-308 -0.000304935 -9.18615e-05     0.999999    -0.438365    0.0504828   0.00352383     0.931556    -0.500241   -0.0374049    -0.434196   -0.0496477  -0.00283085     0.933029    -0.500268    0.0437442   -0.0158912  -0.00499471     0.042607    0.0626413     0.139533 -0.000102137      1.12936  0.000318676 -0.000417857 -5.33092e-05    0.0776657    -0.139531  9.94387e-05      1.13392 -9.11197e-06   0.00073908 -3.80056e-05  -0.00186472  -0.00054006     0.621108  2.19949e-05 -4.96198e-06 -2.44549e-05     0.999998    -0.438706    0.0504625   0.00337681     0.930853    -0.499664   -0.0358031    -0.433906   -0.0496004  -0.00308933     0.931222    -0.499728    0.0441118    -0.016578  -0.00586404    0.0457749    0.0625141     0.139682 -0.000126227      1.12933  0.000266153  -0.00031885 -6.38099e-05    0.0779557    -0.139573   5.6804e-05        1.134 -6.38368e-06  0.000836437 -4.11391e-05  -0.00190738 -0.000593221     0.621303 -1.18832e-05   2.3664e-05 -1.16616e-05     0.999998    -0.438486    0.0505112   0.00332004     0.930035    -0.499042   -0.0342704    -0.433164   -0.0495225  -0.00323455     0.929427    -0.499212    0.0453555   -0.0168644   -0.0066769    0.0507453    0.0620819     0.139769 -0.000158321      1.12926  0.000224191 -0.000236159 -7.63877e-05    0.0783538     -0.13961  1.28593e-05      1.13418 -3.81041e-06   0.00095007 -4.72455e-05  -0.00199854 -0.000652895      0.62151 -6.67365e-06  3.08039e-05 -1.34049e-05     0.999998    -0.438123     0.050558   0.00331378     0.928882    -0.498331   -0.0339075    -0.432411   -0.0495097  -0.00329471     0.927506     -0.49849     0.047082   -0.0172856  -0.00765144    0.0566743    0.0618073     0.139853 -0.000184786      1.12927  0.000190216 -0.000143386 -8.77028e-05    0.0786986    -0.139661 -2.47292e-05      1.13437  -2.1654e-06   0.00106257 -5.24776e-05  -0.00214254 -0.000711433     0.621729 -7.28428e-06  3.60887e-05 -1.41327e-05     0.999998    -0.437715    0.0506204   0.00329855     0.927448    -0.497428   -0.0337993    -0.431653   -0.0494874  -0.00336653     0.925398    -0.497643    0.0488431   -0.0177122  -0.00862371    0.0635779    0.0615683     0.139927 -0.000209014      1.12933  0.000163064 -4.64678e-05 -9.84682e-05    0.0790817    -0.139711 -5.70804e-05       1.1346 -1.07989e-06   0.00118197 -5.70664e-05  -0.00234259 -0.000769804     0.621964 -7.91649e-06   4.1856e-05 -1.47343e-05     0.999998    -0.437272    0.0506821    0.0032864     0.925732    -0.496303   -0.0337831    -0.430879   -0.0494588  -0.00344939     0.923061    -0.496712    0.0504718   -0.0181485  -0.00961743    0.0715054    0.0613893     0.139998 -0.000230251      1.12944  0.000141534  5.82488e-05 -0.000108528    0.0794859    -0.139766 -8.53197e-05      1.13487 -5.48501e-07   0.00130865 -6.11402e-05   -0.0026018 -0.000828309     0.622215 -8.57401e-06  4.84687e-05 -1.52175e-05     0.999998    -0.436797    0.0507426   0.00327746     0.923723    -0.494938   -0.0338415    -0.430068    -0.049421  -0.00354847     0.920453     -0.49573     0.051894   -0.0185834   -0.0106382    0.0805105    0.0612727     0.140066  -0.00024909      1.12961  0.000124685  0.000172771 -0.000118038    0.0799111    -0.139828 -0.000110924      1.13517 -5.29614e-07   0.00144386 -6.49262e-05   -0.0029234 -0.000887055     0.622486 -9.21907e-06  5.60283e-05 -1.57183e-05     0.999998    -0.436291    0.0508011   0.00327214      0.92141    -0.493315   -0.0339623    -0.429203   -0.0493734  -0.00366703     0.917533    -0.494727    0.0530802   -0.0190066   -0.0116897    0.0906498    0.0612223      0.14013 -0.000265838      1.12982  0.000111759  0.000298948 -0.000127087    0.0803559    -0.139902 -0.000135005      1.13552 -9.94734e-07    0.0015887 -6.85952e-05  -0.00331087 -0.000945996     0.622779 -9.85634e-06  6.46055e-05  -1.6284e-05     0.999998    -0.435753    0.0508566   0.00327094      0.91878    -0.491412   -0.0341292    -0.428272   -0.0493157  -0.00380717     0.914265    -0.493717    0.0540189   -0.0194104   -0.0127744     0.101984    0.0612423     0.140193 -0.000280766       1.1301  0.000102154  0.000438566 -0.000135762    0.0808201     -0.13999 -0.000158443       1.1359 -1.92605e-06   0.00174437 -7.22882e-05  -0.00376806  -0.00100497     0.623098 -1.04924e-05  7.42853e-05  -1.6921e-05     0.999998    -0.435184    0.0509075   0.00327448     0.915815    -0.489205   -0.0343224    -0.427265   -0.0492475  -0.00396965      0.91062    -0.492688    0.0547018   -0.0197902   -0.0138938      0.11458     0.061338     0.140253  -0.00029428      1.13043  9.53968e-05  0.000593402 -0.000144184    0.0813059    -0.140094 -0.000182026      1.13632 -3.31478e-06   0.00191225 -7.61481e-05  -0.00429911  -0.00106367     0.623446 -1.11422e-05  8.53765e-05   -1.761e-05     0.999998    -0.434582     0.050952   0.00328361     0.912496    -0.486665   -0.0345191    -0.426181   -0.0491679  -0.00415391     0.906576    -0.491598    0.0551217   -0.0201445   -0.0150487     0.128508    0.0615146     0.140307 -0.000307001      1.13083  9.11269e-05  0.000765234 -0.000152534    0.0818176    -0.140216 -0.000206478      1.13679 -5.15979e-06   0.00209398 -8.03236e-05  -0.00490786  -0.00112171     0.623827 -1.19073e-05  0.000100578 -1.83661e-05     0.999998    -0.433949    0.0509881   0.00329931       0.9088    -0.483761   -0.0346954    -0.425028   -0.0490759  -0.00435873     0.902113    -0.490391    0.0552745   -0.0204737   -0.0162389     0.143834    0.0617774     0.140354 -0.000319832       1.1313  8.90755e-05  0.000955746 -0.000161065    0.0823607    -0.140357 -0.000232436      1.13731 -7.46595e-06    0.0022912 -8.49634e-05  -0.00559448  -0.00117851     0.624245 -1.37022e-05  0.000147173 -1.99463e-05     0.999998    -0.433339    0.0510163   0.00332274     0.904701    -0.480462   -0.0348288     -0.42386   -0.0489685  -0.00458287     0.897208    -0.489016    0.0551594   -0.0207762   -0.0174602     0.160543    0.0621344     0.140386 -0.000334066      1.13183  8.90404e-05   0.00116599 -0.000170105    0.0829408    -0.140518 -0.000260429      1.13787 -1.02367e-05   0.00250492 -9.02087e-05  -0.00632589  -0.00123232     0.624698 -2.49364e-05  0.000504268 -3.31442e-05     0.999998    -0.433328     0.051062   0.00336124      0.90016      -0.4767    -0.034902    -0.423257   -0.0488168  -0.00481905      0.89181     -0.48742    0.0547729   -0.0210326   -0.0186652     0.177802    0.0626297     0.140388  -0.00035151      1.13243  9.07835e-05   0.00139174 -0.000179919    0.0835868    -0.140697 -0.000290719      1.13848 -1.34021e-05   0.00273034 -9.61483e-05  -0.00610691  -0.00123985     0.625356 -7.31935e-05  0.000937623 -0.000102494     0.999998    -0.430139    0.0502794   0.00544807     0.889753     -0.34497     0.176641    -0.419847   -0.0480065  -0.00675619     0.881686    -0.355167    -0.134382    -0.021352   -0.0193785     0.188447      0.06707     0.140327  -0.00139244      1.13972  -0.00597283  -0.00485937  -0.00558607    0.0878946     -0.14109 -0.000917783      1.14523     -0.01387  -0.00429559   0.00159011
Quaternion norm:
0.999998, 0.999996, 0.999996, 0.999996, 0.999996, 0.999996, 0.999996, 0.999996, 0.999996, 0.999996, 0.999996, 0.999996, 0.999996, 0.999996, 
v measurement:
-0.000698236  -0.00526376    0.0100705    0.0178207   -0.0685456    0.0256956     0.112955   -0.0279886   -0.0122882   -0.0864234    0.0412135  -0.00422551     0.111899   -0.0263609   -0.0155975   -0.0551662    0.0128381  -0.00324156   -0.0760881   -0.0827153     0.262248   -0.0320487    0.0164542   0.00524069  -0.00806367  -0.00307199    0.0055379 -7.52564e-05  0.000252677  0.000564914  -0.00521109   0.00556209  0.000493461    0.0064519   0.00026982   0.00614986
v0 MPC last solution:
 -0.00350706   -0.0060371    0.0104528    0.0261578    -0.122946    0.0379506     0.173599   -0.0428061   -0.0165048    -0.095387    0.0439623  -0.00286503     0.172167   -0.0413147   -0.0203484   -0.0512808   0.00319575  -0.00188676   -0.0877668    -0.097318     0.335534   -0.0524971    0.0198477   0.00634871   -0.0138104  -0.00362259   0.00569418 -0.000128035   0.00220789   0.00237091  -0.00583301   0.00859122  0.000669784   0.00795092  0.000293261   0.00614986
Predicted v MPC last solution:
 -0.00384765   0.00911774   0.00224515    0.0551707    0.0106165    -0.039212  -0.00537314   -0.0087947   -0.0390976    0.0269319    0.0351723  -0.00751767  -0.00278769   -0.0139436   -0.0930382    0.0348732  -0.00502124   -0.0612181   -0.0549457     0.092408    0.0164663    0.0106988 -0.000549994   0.00310774  -0.00294265   0.00623174 -0.000365331   0.00501993   -0.0028835  -0.00188654  -0.00107157  0.000111262   0.00381684  1.96267e-05 -0.000986479  -0.00228489
----------------------------------------------------------------------
State at time 250 ms ------------------
q measurement:
 -0.00194044 -0.000455474     0.620877  2.40387e-05 -0.000360645  -0.00016664            1    -0.438281    0.0506058    0.0036078     0.931642    -0.500346   -0.0377986    -0.434428   -0.0495403  -0.00270435     0.933629    -0.500416    0.0437589   -0.0154945  -0.00465071    0.0419352    0.0626126     0.139459 -8.88523e-05      1.12937  0.000341745 -0.000454464 -4.94474e-05    0.0776019    -0.139527  0.000105623      1.13392 -7.84039e-06  0.000713572 -3.70521e-05
q0 MPC last solution:
 -0.00194482 -0.000431391     0.620827 -8.32238e-06 -0.000267773 -0.000212477            1    -0.438671    0.0507019   0.00365603     0.932048    -0.500544   -0.0377737    -0.434814   -0.0494528  -0.00264111     0.933917    -0.500508    0.0437791   -0.0151487  -0.00427981    0.0408341    0.0627146     0.139386 -0.000112629       1.1294   0.00035584 -0.000481638 -4.92498e-05    0.0776103    -0.139526  0.000131321       1.1339  -9.0002e-06  0.000686264 -3.82744e-05
Predicted q MPC over horizon:
 -0.00194482 -0.000431391     0.620827 -8.32238e-06 -0.000267773 -0.000212477            1    -0.438671    0.0507019   0.00365603     0.932048    -0.500544   -0.0377737    -0.434814   -0.0494528  -0.00264111     0.933917    -0.500508    0.0437791   -0.0151487  -0.00427981    0.0408341    0.0627146     0.139386 -0.000112629       1.1294   0.00035584 -0.000481638 -4.92498e-05    0.0776103    -0.139526  0.000131321       1.1339  -9.0002e-06  0.000686264 -3.82744e-05 1.55719e-308 1.55719e-308     0.622451 1.22954e-308 -0.000304935 -9.18615e-05     0.999999    -0.438365    0.0504828   0.00352383     0.931556    -0.500241   -0.0374049    -0.434196   -0.0496477  -0.00283085     0.933029    -0.500268    0.0437442   -0.0158912  -0.00499471     0.042607    0.0626413     0.139533 -0.000102137      1.12936  0.000318676 -0.000417857 -5.33092e-05    0.0776657    -0.139531  9.94387e-05      1.13392 -9.11197e-06   0.00073908 -3.80056e-05  -0.00186472  -0.00054006     0.621108  2.19949e-05 -4.96198e-06 -2.44549e-05     0.999998    -0.438706    0.0504625   0.00337681     0.930853    -0.499664   -0.0358031    -0.433906   -0.0496004  -0.00308933     0.931222    -0.499728    0.0441118    -0.016578  -0.00586404    0.0457749    0.0625141     0.139682 -0.000126227      1.12933  0.000266153  -0.00031885 -6.38099e-05    0.0779557    -0.139573   5.6804e-05        1.134 -6.38368e-06  0.000836437 -4.11391e-05  -0.00190738 -0.000593221     0.621303 -1.18832e-05   2.3664e-05 -1.16616e-05     0.999998    -0.438486    0.0505112   0.00332004     0.930035    -0.499042   -0.0342704    -0.433164   -0.0495225  -0.00323455     0.929427    -0.499212    0.0453555   -0.0168644   -0.0066769    0.0507453    0.0620819     0.139769 -0.000158321      1.12926  0.000224191 -0.000236159 -7.63877e-05    0.0783538     -0.13961  1.28593e-05      1.13418 -3.81041e-06   0.00095007 -4.72455e-05  -0.00199854 -0.000652895      0.62151 -6.67365e-06  3.08039e-05 -1.34049e-05     0.999998    -0.438123     0.050558   0.00331378     0.928882    -0.498331   -0.0339075    -0.432411   -0.0495097  -0.00329471     0.927506     -0.49849     0.047082   -0.0172856  -0.00765144    0.0566743    0.0618073     0.139853 -0.000184786      1.12927  0.000190216 -0.000143386 -8.77028e-05    0.0786986    -0.139661 -2.47292e-05      1.13437  -2.1654e-06   0.00106257 -5.24776e-05  -0.00214254 -0.000711433     0.621729 -7.28428e-06  3.60887e-05 -1.41327e-05     0.999998    -0.437715    0.0506204   0.00329855     0.927448    -0.497428   -0.0337993    -0.431653   -0.0494874  -0.00336653     0.925398    -0.497643    0.0488431   -0.0177122  -0.00862371    0.0635779    0.0615683     0.139927 -0.000209014      1.12933  0.000163064 -4.64678e-05 -9.84682e-05    0.0790817    -0.139711 -5.70804e-05       1.1346 -1.07989e-06   0.00118197 -5.70664e-05  -0.00234259 -0.000769804     0.621964 -7.91649e-06   4.1856e-05 -1.47343e-05     0.999998    -0.437272    0.0506821    0.0032864     0.925732    -0.496303   -0.0337831    -0.430879   -0.0494588  -0.00344939     0.923061    -0.496712    0.0504718   -0.0181485  -0.00961743    0.0715054    0.0613893     0.139998 -0.000230251      1.12944  0.000141534  5.82488e-05 -0.000108528    0.0794859    -0.139766 -8.53197e-05      1.13487 -5.48501e-07   0.00130865 -6.11402e-05   -0.0026018 -0.000828309     0.622215 -8.57401e-06  4.84687e-05 -1.52175e-05     0.999998    -0.436797    0.0507426   0.00327746     0.923723    -0.494938   -0.0338415    -0.430068    -0.049421  -0.00354847     0.920453     -0.49573     0.051894   -0.0185834   -0.0106382    0.0805105    0.0612727     0.140066  -0.00024909      1.12961  0.000124685  0.000172771 -0.000118038    0.0799111    -0.139828 -0.000110924      1.13517 -5.29614e-07   0.00144386 -6.49262e-05   -0.0029234 -0.000887055     0.622486 -9.21907e-06  5.60283e-05 -1.57183e-05     0.999998    -0.436291    0.0508011   0.00327214      0.92141    -0.493315   -0.0339623    -0.429203   -0.0493734  -0.00366703     0.917533    -0.494727    0.0530802   -0.0190066   -0.0116897    0.0906498    0.0612223      0.14013 -0.000265838      1.12982  0.000111759  0.000298948 -0.000127087    0.0803559    -0.139902 -0.000135005      1.13552 -9.94734e-07    0.0015887 -6.85952e-05  -0.00331087 -0.000945996     0.622779 -9.85634e-06  6.46055e-05  -1.6284e-05     0.999998    -0.435753    0.0508566   0.00327094      0.91878    -0.491412   -0.0341292    -0.428272   -0.0493157  -0.00380717     0.914265    -0.493717    0.0540189   -0.0194104   -0.0127744     0.101984    0.0612423     0.140193 -0.000280766       1.1301  0.000102154  0.000438566 -0.000135762    0.0808201     -0.13999 -0.000158443       1.1359 -1.92605e-06   0.00174437 -7.22882e-05  -0.00376806  -0.00100497     0.623098 -1.04924e-05  7.42853e-05  -1.6921e-05     0.999998    -0.435184    0.0509075   0.00327448     0.915815    -0.489205   -0.0343224    -0.427265   -0.0492475  -0.00396965      0.91062    -0.492688    0.0547018   -0.0197902   -0.0138938      0.11458     0.061338     0.140253  -0.00029428      1.13043  9.53968e-05  0.000593402 -0.000144184    0.0813059    -0.140094 -0.000182026      1.13632 -3.31478e-06   0.00191225 -7.61481e-05  -0.00429911  -0.00106367     0.623446 -1.11422e-05  8.53765e-05   -1.761e-05     0.999998    -0.434582     0.050952   0.00328361     0.912496    -0.486665   -0.0345191    -0.426181   -0.0491679  -0.00415391     0.906576    -0.491598    0.0551217   -0.0201445   -0.0150487     0.128508    0.0615146     0.140307 -0.000307001      1.13083  9.11269e-05  0.000765234 -0.000152534    0.0818176    -0.140216 -0.000206478      1.13679 -5.15979e-06   0.00209398 -8.03236e-05  -0.00490786  -0.00112171     0.623827 -1.19073e-05  0.000100578 -1.83661e-05     0.999998    -0.433949    0.0509881   0.00329931       0.9088    -0.483761   -0.0346954    -0.425028   -0.0490759  -0.00435873     0.902113    -0.490391    0.0552745   -0.0204737   -0.0162389     0.143834    0.0617774     0.140354 -0.000319832       1.1313  8.90755e-05  0.000955746 -0.000161065    0.0823607    -0.140357 -0.000232436      1.13731 -7.46595e-06    0.0022912 -8.49634e-05  -0.00559448  -0.00117851     0.624245 -1.37022e-05  0.000147173 -1.99463e-05     0.999998    -0.433339    0.0510163   0.00332274     0.904701    -0.480462   -0.0348288     -0.42386   -0.0489685  -0.00458287     0.897208    -0.489016    0.0551594   -0.0207762   -0.0174602     0.160543    0.0621344     0.140386 -0.000334066      1.13183  8.90404e-05   0.00116599 -0.000170105    0.0829408    -0.140518 -0.000260429      1.13787 -1.02367e-05   0.00250492 -9.02087e-05  -0.00632589  -0.00123232     0.624698 -2.49364e-05  0.000504268 -3.31442e-05     0.999998    -0.433328     0.051062   0.00336124      0.90016      -0.4767    -0.034902    -0.423257   -0.0488168  -0.00481905      0.89181     -0.48742    0.0547729   -0.0210326   -0.0186652     0.177802    0.0626297     0.140388  -0.00035151      1.13243  9.07835e-05   0.00139174 -0.000179919    0.0835868    -0.140697 -0.000290719      1.13848 -1.34021e-05   0.00273034 -9.61483e-05  -0.00610691  -0.00123985     0.625356 -7.31935e-05  0.000937623 -0.000102494     0.999998    -0.430139    0.0502794   0.00544807     0.889753     -0.34497     0.176641    -0.419847   -0.0480065  -0.00675619     0.881686    -0.355167    -0.134382    -0.021352   -0.0193785     0.188447      0.06707     0.140327  -0.00139244      1.13972  -0.00597283  -0.00485937  -0.00558607    0.0878946     -0.14109 -0.000917783      1.14523     -0.01387  -0.00429559   0.00159011
Quaternion norm:
0.999998, 0.999996, 0.999996, 0.999996, 0.999996, 0.999996, 0.999996, 0.999996, 0.999996, 0.999996, 0.999996, 0.999996, 0.999996, 0.999996, 
v measurement:
  0.00191787  -0.00452108   0.00971871   0.00974477   -0.0164702    0.0134182    0.0548208   -0.0133878  -0.00785852   -0.0777223    0.0386966  -0.00546348    0.0540752   -0.0116176   -0.0106614   -0.0591077    0.0223101  -0.00457685    -0.064543   -0.0685397     0.192616   -0.0127754    0.0132558   0.00447062  -0.00245243  -0.00266665   0.00536438 -1.56647e-05  -0.00314162 -0.000905047  -0.00515987   0.00278903  2.22093e-05   0.00478076  0.000224695   0.00614986
v0 MPC last solution:
-0.000698236  -0.00526376    0.0100705    0.0178207   -0.0685456    0.0256956     0.112955   -0.0279886   -0.0122882   -0.0864234    0.0412135  -0.00422551     0.111899   -0.0263609   -0.0155975   -0.0551662    0.0128381  -0.00324156   -0.0760881   -0.0827153     0.262248   -0.0320487    0.0164542   0.00524069  -0.00806367  -0.00307199    0.0055379 -7.52564e-05  0.000252677  0.000564914  -0.00521109   0.00556209  0.000493461    0.0064519   0.00026982   0.00614986
Predicted v MPC last solution:
 -0.00384765   0.00911774   0.00224515    0.0551707    0.0106165    -0.039212  -0.00537314   -0.0087947   -0.0390976    0.0269319    0.0351723  -0.00751767  -0.00278769   -0.0139436   -0.0930382    0.0348732  -0.00502124   -0.0612181   -0.0549457     0.092408    0.0164663    0.0106988 -0.000549994   0.00310774  -0.00294265   0.00623174 -0.000365331   0.00501993   -0.0028835  -0.00188654  -0.00107157  0.000111262   0.00381684  1.96267e-05 -0.000986479  -0.00228489
----------------------------------------------------------------------
State at time 255 ms ------------------
q measurement:
 -0.00192342 -0.000475925     0.620924  3.65322e-05 -0.000325794 -0.000151536            1    -0.438177    0.0505823   0.00358221     0.931279    -0.500159   -0.0378294    -0.434327   -0.0495545  -0.00274249     0.933322    -0.500276     0.043732   -0.0157828  -0.00495172    0.0426962    0.0626042     0.139516 -6.81461e-05      1.12938  0.000329359 -0.000428184 -4.93602e-05    0.0775732    -0.139536   7.8778e-05      1.13392 -9.77496e-06  0.000732098 -3.61185e-05
q0 MPC last solution:
 -0.00194044 -0.000455474     0.620877  2.40387e-05 -0.000360645  -0.00016664            1    -0.438281    0.0506058    0.0036078     0.931642    -0.500346   -0.0377986    -0.434428   -0.0495403  -0.00270435     0.933629    -0.500416    0.0437589   -0.0154945  -0.00465071    0.0419352    0.0626126     0.139459 -8.88523e-05      1.12937  0.000341745 -0.000454464 -4.94474e-05    0.0776019    -0.139527  0.000105623      1.13392 -7.84039e-06  0.000713572 -3.70521e-05
Predicted q MPC over horizon:
 -0.00194044 -0.000455474     0.620877  2.40387e-05 -0.000360645  -0.00016664            1    -0.438281    0.0506058    0.0036078     0.931642    -0.500346   -0.0377986    -0.434428   -0.0495403  -0.00270435     0.933629    -0.500416    0.0437589   -0.0154945  -0.00465071    0.0419352    0.0626126     0.139459 -8.88523e-05      1.12937  0.000341745 -0.000454464 -4.94474e-05    0.0776019    -0.139527  0.000105623      1.13392 -7.84039e-06  0.000713572 -3.70521e-05 1.55719e-308 1.55719e-308     0.622451 1.22954e-308 -0.000304935 -9.18615e-05     0.999999    -0.438365    0.0504828   0.00352383     0.931556    -0.500241   -0.0374049    -0.434196   -0.0496477  -0.00283085     0.933029    -0.500268    0.0437442   -0.0158912  -0.00499471     0.042607    0.0626413     0.139533 -0.000102137      1.12936  0.000318676 -0.000417857 -5.33092e-05    0.0776657    -0.139531  9.94387e-05      1.13392 -9.11197e-06   0.00073908 -3.80056e-05  -0.00186472  -0.00054006     0.621108  2.19949e-05 -4.96198e-06 -2.44549e-05     0.999998    -0.438706    0.0504625   0.00337681     0.930853    -0.499664   -0.0358031    -0.433906   -0.0496004  -0.00308933     0.931222    -0.499728    0.0441118    -0.016578  -0.00586404    0.0457749    0.0625141     0.139682 -0.000126227      1.12933  0.000266153  -0.00031885 -6.38099e-05    0.0779557    -0.139573   5.6804e-05        1.134 -6.38368e-06  0.000836437 -4.11391e-05  -0.00190738 -0.000593221     0.621303 -1.18832e-05   2.3664e-05 -1.16616e-05     0.999998    -0.438486    0.0505112   0.00332004     0.930035    -0.499042   -0.0342704    -0.433164   -0.0495225  -0.00323455     0.929427    -0.499212    0.0453555   -0.0168644   -0.0066769    0.0507453    0.0620819     0.139769 -0.000158321      1.12926  0.000224191 -0.000236159 -7.63877e-05    0.0783538     -0.13961  1.28593e-05      1.13418 -3.81041e-06   0.00095007 -4.72455e-05  -0.00199854 -0.000652895      0.62151 -6.67365e-06  3.08039e-05 -1.34049e-05     0.999998    -0.438123     0.050558   0.00331378     0.928882    -0.498331   -0.0339075    -0.432411   -0.0495097  -0.00329471     0.927506     -0.49849     0.047082   -0.0172856  -0.00765144    0.0566743    0.0618073     0.139853 -0.000184786      1.12927  0.000190216 -0.000143386 -8.77028e-05    0.0786986    -0.139661 -2.47292e-05      1.13437  -2.1654e-06   0.00106257 -5.24776e-05  -0.00214254 -0.000711433     0.621729 -7.28428e-06  3.60887e-05 -1.41327e-05     0.999998    -0.437715    0.0506204   0.00329855     0.927448    -0.497428   -0.0337993    -0.431653   -0.0494874  -0.00336653     0.925398    -0.497643    0.0488431   -0.0177122  -0.00862371    0.0635779    0.0615683     0.139927 -0.000209014      1.12933  0.000163064 -4.64678e-05 -9.84682e-05    0.0790817    -0.139711 -5.70804e-05       1.1346 -1.07989e-06   0.00118197 -5.70664e-05  -0.00234259 -0.000769804     0.621964 -7.91649e-06   4.1856e-05 -1.47343e-05     0.999998    -0.437272    0.0506821    0.0032864     0.925732    -0.496303   -0.0337831    -0.430879   -0.0494588  -0.00344939     0.923061    -0.496712    0.0504718   -0.0181485  -0.00961743    0.0715054    0.0613893     0.139998 -0.000230251      1.12944  0.000141534  5.82488e-05 -0.000108528    0.0794859    -0.139766 -8.53197e-05      1.13487 -5.48501e-07   0.00130865 -6.11402e-05   -0.0026018 -0.000828309     0.622215 -8.57401e-06  4.84687e-05 -1.52175e-05     0.999998    -0.436797    0.0507426   0.00327746     0.923723    -0.494938   -0.0338415    -0.430068    -0.049421  -0.00354847     0.920453     -0.49573     0.051894   -0.0185834   -0.0106382    0.0805105    0.0612727     0.140066  -0.00024909      1.12961  0.000124685  0.000172771 -0.000118038    0.0799111    -0.139828 -0.000110924      1.13517 -5.29614e-07   0.00144386 -6.49262e-05   -0.0029234 -0.000887055     0.622486 -9.21907e-06  5.60283e-05 -1.57183e-05     0.999998    -0.436291    0.0508011   0.00327214      0.92141    -0.493315   -0.0339623    -0.429203   -0.0493734  -0.00366703     0.917533    -0.494727    0.0530802   -0.0190066   -0.0116897    0.0906498    0.0612223      0.14013 -0.000265838      1.12982  0.000111759  0.000298948 -0.000127087    0.0803559    -0.139902 -0.000135005      1.13552 -9.94734e-07    0.0015887 -6.85952e-05  -0.00331087 -0.000945996     0.622779 -9.85634e-06  6.46055e-05  -1.6284e-05     0.999998    -0.435753    0.0508566   0.00327094      0.91878    -0.491412   -0.0341292    -0.428272   -0.0493157  -0.00380717     0.914265    -0.493717    0.0540189   -0.0194104   -0.0127744     0.101984    0.0612423     0.140193 -0.000280766       1.1301  0.000102154  0.000438566 -0.000135762    0.0808201     -0.13999 -0.000158443       1.1359 -1.92605e-06   0.00174437 -7.22882e-05  -0.00376806  -0.00100497     0.623098 -1.04924e-05  7.42853e-05  -1.6921e-05     0.999998    -0.435184    0.0509075   0.00327448     0.915815    -0.489205   -0.0343224    -0.427265   -0.0492475  -0.00396965      0.91062    -0.492688    0.0547018   -0.0197902   -0.0138938      0.11458     0.061338     0.140253  -0.00029428      1.13043  9.53968e-05  0.000593402 -0.000144184    0.0813059    -0.140094 -0.000182026      1.13632 -3.31478e-06   0.00191225 -7.61481e-05  -0.00429911  -0.00106367     0.623446 -1.11422e-05  8.53765e-05   -1.761e-05     0.999998    -0.434582     0.050952   0.00328361     0.912496    -0.486665   -0.0345191    -0.426181   -0.0491679  -0.00415391     0.906576    -0.491598    0.0551217   -0.0201445   -0.0150487     0.128508    0.0615146     0.140307 -0.000307001      1.13083  9.11269e-05  0.000765234 -0.000152534    0.0818176    -0.140216 -0.000206478      1.13679 -5.15979e-06   0.00209398 -8.03236e-05  -0.00490786  -0.00112171     0.623827 -1.19073e-05  0.000100578 -1.83661e-05     0.999998    -0.433949    0.0509881   0.00329931       0.9088    -0.483761   -0.0346954    -0.425028   -0.0490759  -0.00435873     0.902113    -0.490391    0.0552745   -0.0204737   -0.0162389     0.143834    0.0617774     0.140354 -0.000319832       1.1313  8.90755e-05  0.000955746 -0.000161065    0.0823607    -0.140357 -0.000232436      1.13731 -7.46595e-06    0.0022912 -8.49634e-05  -0.00559448  -0.00117851     0.624245 -1.37022e-05  0.000147173 -1.99463e-05     0.999998    -0.433339    0.0510163   0.00332274     0.904701    -0.480462   -0.0348288     -0.42386   -0.0489685  -0.00458287     0.897208    -0.489016    0.0551594   -0.0207762   -0.0174602     0.160543    0.0621344     0.140386 -0.000334066      1.13183  8.90404e-05   0.00116599 -0.000170105    0.0829408    -0.140518 -0.000260429      1.13787 -1.02367e-05   0.00250492 -9.02087e-05  -0.00632589  -0.00123232     0.624698 -2.49364e-05  0.000504268 -3.31442e-05     0.999998    -0.433328     0.051062   0.00336124      0.90016      -0.4767    -0.034902    -0.423257   -0.0488168  -0.00481905      0.89181     -0.48742    0.0547729   -0.0210326   -0.0186652     0.177802    0.0626297     0.140388  -0.00035151      1.13243  9.07835e-05   0.00139174 -0.000179919    0.0835868    -0.140697 -0.000290719      1.13848 -1.34021e-05   0.00273034 -9.61483e-05  -0.00610691  -0.00123985     0.625356 -7.31935e-05  0.000937623 -0.000102494     0.999998    -0.430139    0.0502794   0.00544807     0.889753     -0.34497     0.176641    -0.419847   -0.0480065  -0.00675619     0.881686    -0.355167    -0.134382    -0.021352   -0.0193785     0.188447      0.06707     0.140327  -0.00139244      1.13972  -0.00597283  -0.00485937  -0.00558607    0.0878946     -0.14109 -0.000917783      1.14523     -0.01387  -0.00429559   0.00159011
Quaternion norm:
0.999998, 0.999996, 0.999996, 0.999996, 0.999996, 0.999996, 0.999996, 0.999996, 0.999996, 0.999996, 0.999996, 0.999996, 0.999996, 0.999996, 
v measurement:
  0.00439357  -0.00380323    0.0093916   0.00185198    0.0340606   0.00111675  -0.00165391   0.00107027  -0.00327541    -0.069215    0.0363668   -0.0066293  -0.00214784   0.00298866  -0.00558947   -0.0630899    0.0316991  -0.00591277   -0.0530729   -0.0546767     0.125502   0.00560724     0.010216   0.00394896   0.00308159  -0.00236106    0.0051832  3.78634e-05  -0.00757432  -0.00209987  -0.00556154  0.000201944 -0.000688097   0.00297197  0.000158767   0.00614986
v0 MPC last solution:
  0.00191787  -0.00452108   0.00971871   0.00974477   -0.0164702    0.0134182    0.0548208   -0.0133878  -0.00785852   -0.0777223    0.0386966  -0.00546348    0.0540752   -0.0116176   -0.0106614   -0.0591077    0.0223101  -0.00457685    -0.064543   -0.0685397     0.192616   -0.0127754    0.0132558   0.00447062  -0.00245243  -0.00266665   0.00536438 -1.56647e-05  -0.00314162 -0.000905047  -0.00515987   0.00278903  2.22093e-05   0.00478076  0.000224695   0.00614986
Predicted v MPC last solution:
 -0.00384765   0.00911774   0.00224515    0.0551707    0.0106165    -0.039212  -0.00537314   -0.0087947   -0.0390976    0.0269319    0.0351723  -0.00751767  -0.00278769   -0.0139436   -0.0930382    0.0348732  -0.00502124   -0.0612181   -0.0549457     0.092408    0.0164663    0.0106988 -0.000549994   0.00310774  -0.00294265   0.00623174 -0.000365331   0.00501993   -0.0028835  -0.00188654  -0.00107157  0.000111262   0.00381684  1.96267e-05 -0.000986479  -0.00228489
----------------------------------------------------------------------
State at time 260 ms ------------------
q measurement:
 -0.00189429 -0.000492852      0.62097   2.9501e-05 -0.000165946 -0.000167218            1    -0.438352    0.0506308   0.00357983     0.930958    -0.499984   -0.0378659    -0.434504   -0.0494959    -0.002755     0.932994    -0.500089    0.0436984   -0.0160138  -0.00518406    0.0431263    0.0626857     0.139558 -4.95275e-05      1.12941   0.00031832 -0.000402812 -4.90567e-05    0.0775203    -0.139549  4.88491e-05      1.13392 -1.58479e-05  0.000741252 -3.55716e-05
q0 MPC last solution:
 -0.00192342 -0.000475925     0.620924  3.65322e-05 -0.000325794 -0.000151536            1    -0.438177    0.0505823   0.00358221     0.931279    -0.500159   -0.0378294    -0.434327   -0.0495545  -0.00274249     0.933322    -0.500276     0.043732   -0.0157828  -0.00495172    0.0426962    0.0626042     0.139516 -6.81461e-05      1.12938  0.000329359 -0.000428184 -4.93602e-05    0.0775732    -0.139536   7.8778e-05      1.13392 -9.77496e-06  0.000732098 -3.61185e-05
Predicted q MPC over horizon:
 -0.00192342 -0.000475925     0.620924  3.65322e-05 -0.000325794 -0.000151536            1    -0.438177    0.0505823   0.00358221     0.931279    -0.500159   -0.0378294    -0.434327   -0.0495545  -0.00274249     0.933322    -0.500276     0.043732   -0.0157828  -0.00495172    0.0426962    0.0626042     0.139516 -6.81461e-05      1.12938  0.000329359 -0.000428184 -4.93602e-05    0.0775732    -0.139536   7.8778e-05      1.13392 -9.77496e-06  0.000732098 -3.61185e-05 1.55719e-308 1.55719e-308     0.622451 1.22954e-308 -0.000304935 -9.18615e-05     0.999999    -0.438365    0.0504828   0.00352383     0.931556    -0.500241   -0.0374049    -0.434196   -0.0496477  -0.00283085     0.933029    -0.500268    0.0437442   -0.0158912  -0.00499471     0.042607    0.0626413     0.139533 -0.000102137      1.12936  0.000318676 -0.000417857 -5.33092e-05    0.0776657    -0.139531  9.94387e-05      1.13392 -9.11197e-06   0.00073908 -3.80056e-05  -0.00186472  -0.00054006     0.621108  2.19949e-05 -4.96198e-06 -2.44549e-05     0.999998    -0.438706    0.0504625   0.00337681     0.930853    -0.499664   -0.0358031    -0.433906   -0.0496004  -0.00308933     0.931222    -0.499728    0.0441118    -0.016578  -0.00586404    0.0457749    0.0625141     0.139682 -0.000126227      1.12933  0.000266153  -0.00031885 -6.38099e-05    0.0779557    -0.139573   5.6804e-05        1.134 -6.38368e-06  0.000836437 -4.11391e-05  -0.00190738 -0.000593221     0.621303 -1.18832e-05   2.3664e-05 -1.16616e-05     0.999998    -0.438486    0.0505112   0.00332004     0.930035    -0.499042   -0.0342704    -0.433164   -0.0495225  -0.00323455     0.929427    -0.499212    0.0453555   -0.0168644   -0.0066769    0.0507453    0.0620819     0.139769 -0.000158321      1.12926  0.000224191 -0.000236159 -7.63877e-05    0.0783538     -0.13961  1.28593e-05      1.13418 -3.81041e-06   0.00095007 -4.72455e-05  -0.00199854 -0.000652895      0.62151 -6.67365e-06  3.08039e-05 -1.34049e-05     0.999998    -0.438123     0.050558   0.00331378     0.928882    -0.498331   -0.0339075    -0.432411   -0.0495097  -0.00329471     0.927506     -0.49849     0.047082   -0.0172856  -0.00765144    0.0566743    0.0618073     0.139853 -0.000184786      1.12927  0.000190216 -0.000143386 -8.77028e-05    0.0786986    -0.139661 -2.47292e-05      1.13437  -2.1654e-06   0.00106257 -5.24776e-05  -0.00214254 -0.000711433     0.621729 -7.28428e-06  3.60887e-05 -1.41327e-05     0.999998    -0.437715    0.0506204   0.00329855     0.927448    -0.497428   -0.0337993    -0.431653   -0.0494874  -0.00336653     0.925398    -0.497643    0.0488431   -0.0177122  -0.00862371    0.0635779    0.0615683     0.139927 -0.000209014      1.12933  0.000163064 -4.64678e-05 -9.84682e-05    0.0790817    -0.139711 -5.70804e-05       1.1346 -1.07989e-06   0.00118197 -5.70664e-05  -0.00234259 -0.000769804     0.621964 -7.91649e-06   4.1856e-05 -1.47343e-05     0.999998    -0.437272    0.0506821    0.0032864     0.925732    -0.496303   -0.0337831    -0.430879   -0.0494588  -0.00344939     0.923061    -0.496712    0.0504718   -0.0181485  -0.00961743    0.0715054    0.0613893     0.139998 -0.000230251      1.12944  0.000141534  5.82488e-05 -0.000108528    0.0794859    -0.139766 -8.53197e-05      1.13487 -5.48501e-07   0.00130865 -6.11402e-05   -0.0026018 -0.000828309     0.622215 -8.57401e-06  4.84687e-05 -1.52175e-05     0.999998    -0.436797    0.0507426   0.00327746     0.923723    -0.494938   -0.0338415    -0.430068    -0.049421  -0.00354847     0.920453     -0.49573     0.051894   -0.0185834   -0.0106382    0.0805105    0.0612727     0.140066  -0.00024909      1.12961  0.000124685  0.000172771 -0.000118038    0.0799111    -0.139828 -0.000110924      1.13517 -5.29614e-07   0.00144386 -6.49262e-05   -0.0029234 -0.000887055     0.622486 -9.21907e-06  5.60283e-05 -1.57183e-05     0.999998    -0.436291    0.0508011   0.00327214      0.92141    -0.493315   -0.0339623    -0.429203   -0.0493734  -0.00366703     0.917533    -0.494727    0.0530802   -0.0190066   -0.0116897    0.0906498    0.0612223      0.14013 -0.000265838      1.12982  0.000111759  0.000298948 -0.000127087    0.0803559    -0.139902 -0.000135005      1.13552 -9.94734e-07    0.0015887 -6.85952e-05  -0.00331087 -0.000945996     0.622779 -9.85634e-06  6.46055e-05  -1.6284e-05     0.999998    -0.435753    0.0508566   0.00327094      0.91878    -0.491412   -0.0341292    -0.428272   -0.0493157  -0.00380717     0.914265    -0.493717    0.0540189   -0.0194104   -0.0127744     0.101984    0.0612423     0.140193 -0.000280766       1.1301  0.000102154  0.000438566 -0.000135762    0.0808201     -0.13999 -0.000158443       1.1359 -1.92605e-06   0.00174437 -7.22882e-05  -0.00376806  -0.00100497     0.623098 -1.04924e-05  7.42853e-05  -1.6921e-05     0.999998    -0.435184    0.0509075   0.00327448     0.915815    -0.489205   -0.0343224    -0.427265   -0.0492475  -0.00396965      0.91062    -0.492688    0.0547018   -0.0197902   -0.0138938      0.11458     0.061338     0.140253  -0.00029428      1.13043  9.53968e-05  0.000593402 -0.000144184    0.0813059    -0.140094 -0.000182026      1.13632 -3.31478e-06   0.00191225 -7.61481e-05  -0.00429911  -0.00106367     0.623446 -1.11422e-05  8.53765e-05   -1.761e-05     0.999998    -0.434582     0.050952   0.00328361     0.912496    -0.486665   -0.0345191    -0.426181   -0.0491679  -0.00415391     0.906576    -0.491598    0.0551217   -0.0201445   -0.0150487     0.128508    0.0615146     0.140307 -0.000307001      1.13083  9.11269e-05  0.000765234 -0.000152534    0.0818176    -0.140216 -0.000206478      1.13679 -5.15979e-06   0.00209398 -8.03236e-05  -0.00490786  -0.00112171     0.623827 -1.19073e-05  0.000100578 -1.83661e-05     0.999998    -0.433949    0.0509881   0.00329931       0.9088    -0.483761   -0.0346954    -0.425028   -0.0490759  -0.00435873     0.902113    -0.490391    0.0552745   -0.0204737   -0.0162389     0.143834    0.0617774     0.140354 -0.000319832       1.1313  8.90755e-05  0.000955746 -0.000161065    0.0823607    -0.140357 -0.000232436      1.13731 -7.46595e-06    0.0022912 -8.49634e-05  -0.00559448  -0.00117851     0.624245 -1.37022e-05  0.000147173 -1.99463e-05     0.999998    -0.433339    0.0510163   0.00332274     0.904701    -0.480462   -0.0348288     -0.42386   -0.0489685  -0.00458287     0.897208    -0.489016    0.0551594   -0.0207762   -0.0174602     0.160543    0.0621344     0.140386 -0.000334066      1.13183  8.90404e-05   0.00116599 -0.000170105    0.0829408    -0.140518 -0.000260429      1.13787 -1.02367e-05   0.00250492 -9.02087e-05  -0.00632589  -0.00123232     0.624698 -2.49364e-05  0.000504268 -3.31442e-05     0.999998    -0.433328     0.051062   0.00336124      0.90016      -0.4767    -0.034902    -0.423257   -0.0488168  -0.00481905      0.89181     -0.48742    0.0547729   -0.0210326   -0.0186652     0.177802    0.0626297     0.140388  -0.00035151      1.13243  9.07835e-05   0.00139174 -0.000179919    0.0835868    -0.140697 -0.000290719      1.13848 -1.34021e-05   0.00273034 -9.61483e-05  -0.00610691  -0.00123985     0.625356 -7.31935e-05  0.000937623 -0.000102494     0.999998    -0.430139    0.0502794   0.00544807     0.889753     -0.34497     0.176641    -0.419847   -0.0480065  -0.00675619     0.881686    -0.355167    -0.134382    -0.021352   -0.0193785     0.188447      0.06707     0.140327  -0.00139244      1.13972  -0.00597283  -0.00485937  -0.00558607    0.0878946     -0.14109 -0.000917783      1.14523     -0.01387  -0.00429559   0.00159011
Quaternion norm:
0.999998, 0.999996, 0.999996, 0.999996, 0.999996, 0.999996, 0.999996, 0.999996, 0.999996, 0.999996, 0.999996, 0.999996, 0.999996, 0.999996, 
v measurement:
 0.00677926  -0.0031049  0.00908291 -0.00593164   0.0838009  -0.0112035  -0.0572985   0.0154522  0.00139702   -0.060834   0.0341937   -0.007758  -0.0575728   0.0175242 -0.00043753  -0.0671151   0.0410859 -0.00726345  -0.0416283  -0.0410158   0.0598095   0.0233718   0.0072992  0.00358955  0.00859656 -0.00210964  0.00500256 7.25481e-05  -0.0126564 -0.00307669 -0.00630756 -0.00226834 -0.00158768  0.00105818 7.41466e-05  0.00614986
v0 MPC last solution:
  0.00439357  -0.00380323    0.0093916   0.00185198    0.0340606   0.00111675  -0.00165391   0.00107027  -0.00327541    -0.069215    0.0363668   -0.0066293  -0.00214784   0.00298866  -0.00558947   -0.0630899    0.0316991  -0.00591277   -0.0530729   -0.0546767     0.125502   0.00560724     0.010216   0.00394896   0.00308159  -0.00236106    0.0051832  3.78634e-05  -0.00757432  -0.00209987  -0.00556154  0.000201944 -0.000688097   0.00297197  0.000158767   0.00614986
Predicted v MPC last solution:
 -0.00384765   0.00911774   0.00224515    0.0551707    0.0106165    -0.039212  -0.00537314   -0.0087947   -0.0390976    0.0269319    0.0351723  -0.00751767  -0.00278769   -0.0139436   -0.0930382    0.0348732  -0.00502124   -0.0612181   -0.0549457     0.092408    0.0164663    0.0106988 -0.000549994   0.00310774  -0.00294265   0.00623174 -0.000365331   0.00501993   -0.0028835  -0.00188654  -0.00107157  0.000111262   0.00381684  1.96267e-05 -0.000986479  -0.00228489
----------------------------------------------------------------------
State at time 265 ms ------------------
q measurement:
 -0.00186726 -0.000509171     0.621016  1.72695e-05  3.83029e-06 -0.000186426            1    -0.438557    0.0506932   0.00357602     0.930645    -0.499807   -0.0379043    -0.434706   -0.0494233  -0.00276851     0.932659    -0.499889    0.0436629   -0.0162215  -0.00540534    0.0435853    0.0627799     0.139592 -3.52825e-05      1.12945  0.000308489 -0.000377588 -4.91424e-05    0.0774769    -0.139569  2.12375e-05      1.13391  -2.1142e-05  0.000750576 -3.54342e-05
q0 MPC last solution:
 -0.00189429 -0.000492852      0.62097   2.9501e-05 -0.000165946 -0.000167218            1    -0.438352    0.0506308   0.00357983     0.930958    -0.499984   -0.0378659    -0.434504   -0.0494959    -0.002755     0.932994    -0.500089    0.0436984   -0.0160138  -0.00518406    0.0431263    0.0626857     0.139558 -4.95275e-05      1.12941   0.00031832 -0.000402812 -4.90567e-05    0.0775203    -0.139549  4.88491e-05      1.13392 -1.58479e-05  0.000741252 -3.55716e-05
Predicted q MPC over horizon:
 -0.00189429 -0.000492852      0.62097   2.9501e-05 -0.000165946 -0.000167218            1    -0.438352    0.0506308   0.00357983     0.930958    -0.499984   -0.0378659    -0.434504   -0.0494959    -0.002755     0.932994    -0.500089    0.0436984   -0.0160138  -0.00518406    0.0431263    0.0626857     0.139558 -4.95275e-05      1.12941   0.00031832 -0.000402812 -4.90567e-05    0.0775203    -0.139549  4.88491e-05      1.13392 -1.58479e-05  0.000741252 -3.55716e-05 1.62271e-308 1.62271e-308     0.622451 1.28355e-308  0.000151701 -0.000125205            1    -0.438601    0.0506928   0.00342553     0.929972     -0.49939   -0.0379425    -0.434443   -0.0493992  -0.00296418     0.931483    -0.499273    0.0435522   -0.0169147  -0.00624837    0.0464329    0.0628577      0.13969 -3.75054e-05       1.1295  0.000272863 -0.000296536 -5.57519e-05    0.0775311    -0.139658 -3.63275e-05      1.13395 -2.86787e-05  0.000808112 -3.95144e-05  -0.00190915 -0.000644711     0.621366  5.70225e-06  4.18313e-05 -2.02261e-05            1    -0.438082    0.0506668    0.0032021     0.929071    -0.498789   -0.0378203    -0.433413   -0.0493915  -0.00326596      0.92973    -0.498382    0.0434588   -0.0174436  -0.00739653    0.0519734    0.0625784     0.139698 -0.000100996      1.12948  0.000229083 -0.000194931 -7.40612e-05    0.0779304    -0.139815 -8.19136e-05      1.13412 -2.28327e-05  0.000927293 -4.93885e-05  -0.00200285 -0.000712069      0.62158 -1.05271e-05  3.45231e-05 -1.38316e-05            1    -0.437689    0.0507609   0.00313884     0.927891    -0.497979   -0.0376406    -0.432672   -0.0492632  -0.00340967     0.927851     -0.49734     0.043564    -0.017629  -0.00847222    0.0580692    0.0622549     0.139626 -0.000170038      1.12948  0.000193866 -9.82304e-05 -9.37147e-05    0.0783732    -0.139965 -0.000125266      1.13433 -1.80686e-05   0.00104955 -5.90895e-05  -0.00214664 -0.000780294     0.621805 -6.29082e-06  3.82239e-05  -1.4111e-05            1    -0.437282    0.0508243   0.00311562     0.926447    -0.496944   -0.0375567    -0.431981   -0.0491732  -0.00350955     0.925831    -0.496142    0.0439272    -0.017902  -0.00961215     0.065085    0.0620586     0.139593 -0.000224587      1.12956   0.00016547  6.72969e-06 -0.000110376     0.078766    -0.140098 -0.000161951      1.13456 -1.46365e-05   0.00117268 -6.73592e-05  -0.00234459 -0.000846094     0.622045 -7.75619e-06  4.37496e-05  -1.4092e-05            1    -0.436846    0.0508924   0.00309022     0.924728    -0.495671   -0.0375133    -0.431296   -0.0490789  -0.00361421     0.923614    -0.494779    0.0444444    -0.018178   -0.0107335    0.0731094    0.0619194     0.139579 -0.000270151      1.12969  0.000142886  0.000118795 -0.000125208    0.0791987    -0.140217 -0.000193427      1.13483 -1.21855e-05   0.00130405 -7.43262e-05  -0.00260056 -0.000910746     0.622301 -8.50394e-06  5.02436e-05 -1.45621e-05            1    -0.436377     0.050954   0.00307248     0.922716    -0.494141   -0.0374845    -0.430602   -0.0489855  -0.00372008     0.921165    -0.493256    0.0449945    -0.018472   -0.0118658    0.0822064    0.0618611     0.139587 -0.000307269      1.12988  0.000125093   0.00024141 -0.000138319    0.0796526    -0.140331 -0.000221334      1.13515 -1.06439e-05   0.00144398 -8.03507e-05  -0.00291849 -0.000974476     0.622576 -9.28338e-06  5.76652e-05 -1.49763e-05            1    -0.435873    0.0510098   0.00306055     0.920395    -0.492342   -0.0374695    -0.429886   -0.0488891  -0.00383315     0.918448    -0.491582    0.0455024   -0.0187741    -0.013013    0.0924407     0.061883     0.139611 -0.000337429      1.13012  0.000111307  0.000376368 -0.000150034    0.0801326    -0.140446 -0.000246992       1.1355 -9.90895e-06   0.00159408 -8.57166e-05  -0.00330233  -0.00103743     0.622874 -1.00514e-05  6.60752e-05 -1.54025e-05            1    -0.435335    0.0510599   0.00305476     0.917748    -0.490258   -0.0374677    -0.429135   -0.0487881  -0.00395612     0.915427    -0.489762    0.0459295   -0.0190763   -0.0141802     0.103879    0.0619877     0.139649  -0.00036166      1.13042  0.000100894  0.000525454 -0.000160582    0.0806406    -0.140566 -0.000271426       1.1359 -9.90623e-06   0.00175573 -9.06528e-05  -0.00375611  -0.00109963     0.623196 -1.08157e-05  7.55438e-05   -1.586e-05            1    -0.434759    0.0511038   0.00305544     0.914755    -0.487871   -0.0374768    -0.428339   -0.0486816  -0.00409086     0.912068    -0.487794    0.0462552   -0.0193719   -0.0153712     0.116591    0.0621782     0.139701 -0.000380873      1.13079  9.33487e-05  0.000690377 -0.000170171    0.0811786    -0.140695  -0.00029548      1.13634 -1.05812e-05   0.00193027 -9.53561e-05  -0.00428395  -0.00116097     0.623548 -1.15855e-05  8.61642e-05 -1.63528e-05            1    -0.434144    0.0511409   0.00306308     0.911397    -0.485163   -0.0374936    -0.427491   -0.0485689  -0.00423835     0.908343    -0.485662    0.0464664   -0.0196564   -0.0165893     0.130648    0.0624583     0.139761 -0.000396037      1.13122  8.82736e-05  0.000872819 -0.000179036    0.0817491    -0.140834 -0.000319922      1.13683 -1.18965e-05   0.00211911 -0.000100015  -0.00489001  -0.00122126     0.623933 -1.23798e-05  9.82778e-05 -1.68721e-05            1    -0.433485    0.0511705   0.00307831      0.90765    -0.482112   -0.0375139    -0.426587   -0.0484492  -0.00439876     0.904225    -0.483337    0.0465537   -0.0199274   -0.0178371     0.146126    0.0628316     0.139827 -0.000408294      1.13172   8.5363e-05   0.00107443 -0.000187459    0.0823549    -0.140988 -0.000345459      1.13736 -1.38293e-05   0.00232376 -0.000104815  -0.00557798  -0.00128017     0.624355 -1.33172e-05  0.000114824 -1.74269e-05            1    -0.432784    0.0511917   0.00310182     0.903489    -0.478698   -0.0375326     -0.42563   -0.0483218   -0.0045718     0.899691    -0.480778    0.0465118   -0.0201838   -0.0191167     0.163093    0.0633016     0.139891 -0.000419064      1.13229  8.43871e-05   0.00129678 -0.000195798    0.0829989    -0.141157 -0.000372729      1.13795 -1.63687e-05   0.00254566 -0.000109935  -0.00634767  -0.00133717      0.62482  -1.5468e-05  0.000165421 -1.84549e-05            1    -0.432096    0.0512059   0.00313386     0.898884    -0.474892   -0.0375451    -0.424676   -0.0481838  -0.00475765      0.89471    -0.477947    0.0463381   -0.0204243    -0.020425      0.18153    0.0638739     0.139944   -0.0004302      1.13294  8.51703e-05   0.00154074 -0.000204505    0.0836848    -0.141344 -0.000402243      1.13859 -1.95058e-05   0.00278565 -0.000115534  -0.00716337   -0.0013905     0.625326 -2.88645e-05  0.000552704 -2.66909e-05            1    -0.432047     0.051237   0.00317295     0.893791    -0.470629   -0.0375479    -0.424354   -0.0480082  -0.00495748     0.889233    -0.474775    0.0460273   -0.0206394   -0.0217105     0.200536    0.0645871     0.139969 -0.000444214      1.13365  8.74976e-05   0.00180121 -0.000213994    0.0844489    -0.141543 -0.000434077      1.13929 -2.31419e-05   0.00303894 -0.000121672  -0.00695578   -0.0013963     0.626033  -8.2444e-05   0.00105172 -8.45893e-05     0.999999    -0.428675     0.050414   0.00535744     0.882734    -0.333998     0.182392    -0.420997     -0.04715  -0.00696216     0.878613    -0.335541    -0.153577   -0.0209479   -0.0224816     0.212286    0.0693635     0.139924  -0.00150296       1.1415  -0.00518276  -0.00390729  -0.00585446    0.0890214    -0.141955  -0.00105738      1.14651   -0.0162921   -0.0035562    0.0017581
Quaternion norm:
1, 0.999999, 0.999999, 0.999999, 0.999999, 0.999999, 0.999999, 0.999999, 0.999999, 0.999999, 0.999999, 0.999999, 0.999999, 0.999999, 
v measurement:
  0.00448725  -0.00336749   0.00931115   -0.0042176     0.057272  -0.00533758   -0.0300801    0.0104876  -0.00220123   -0.0636804    0.0363297  -0.00760497   -0.0288819    0.0125295  -0.00420934    -0.067237     0.039361  -0.00696633   -0.0414516   -0.0464324     0.113238    0.0157542   0.00656395   0.00236313    0.0066297  -0.00188095   0.00507605  -8.0586e-05  -0.00609684  -0.00466126  -0.00503091 -0.000597505  -0.00072332   0.00238789 -7.10151e-06  -0.00238962
v0 MPC last solution:
 0.00677926  -0.0031049  0.00908291 -0.00593164   0.0838009  -0.0112035  -0.0572985   0.0154522  0.00139702   -0.060834   0.0341937   -0.007758  -0.0575728   0.0175242 -0.00043753  -0.0671151   0.0410859 -0.00726345  -0.0416283  -0.0410158   0.0598095   0.0233718   0.0072992  0.00358955  0.00859656 -0.00210964  0.00500256 7.25481e-05  -0.0126564 -0.00307669 -0.00630756 -0.00226834 -0.00158768  0.00105818 7.41466e-05 -0.00238962
Predicted v MPC last solution:
 -0.00442307     0.010029   0.00273681   -0.0202725    0.0196041    0.0323751  -0.00925854   -0.0168229   -0.0377542    0.0251958  9.07405e-05    0.0636776  -0.00785254   -0.0204799   -0.0840096    0.0405319  -0.00734906   -0.0484549   -0.0654153     0.270855  -0.00616713   0.00591811  -0.00238735  9.71591e-05  -0.00243611   0.00562507 -0.000742073    0.0137345  -0.00778078  -0.00221011   0.00558612  0.000304596   0.00562785 -0.000468438  -0.00348579  -0.00323491
----------------------------------------------------------------------
State at time 270 ms ------------------
q measurement:
 -0.00185188 -0.000526836     0.621064  9.35485e-06  0.000106517 -0.000190966            1    -0.438624    0.0507307   0.00355425     0.930318    -0.499618   -0.0379417    -0.434763   -0.0493757  -0.00280085     0.932322    -0.499697    0.0436289   -0.0164281  -0.00565412    0.0443145    0.0628344     0.139623 -2.69204e-05      1.12947  0.000299536 -0.000351915 -5.00757e-05    0.0774646    -0.139597 -7.86168e-07      1.13391 -2.25197e-05  0.000766217 -3.57779e-05
q0 MPC last solution:
 -0.00186726 -0.000509171     0.621016  1.72695e-05  3.83029e-06 -0.000186426            1    -0.438557    0.0506932   0.00357602     0.930645    -0.499807   -0.0379043    -0.434706   -0.0494233  -0.00276851     0.932659    -0.499889    0.0436629   -0.0162215  -0.00540534    0.0435853    0.0627799     0.139592 -3.52825e-05      1.12945  0.000308489 -0.000377588 -4.91424e-05    0.0774769    -0.139569  2.12375e-05      1.13391  -2.1142e-05  0.000750576 -3.54342e-05
Predicted q MPC over horizon:
 -0.00186726 -0.000509171     0.621016  1.72695e-05  3.83029e-06 -0.000186426            1    -0.438557    0.0506932   0.00357602     0.930645    -0.499807   -0.0379043    -0.434706   -0.0494233  -0.00276851     0.932659    -0.499889    0.0436629   -0.0162215  -0.00540534    0.0435853    0.0627799     0.139592 -3.52825e-05      1.12945  0.000308489 -0.000377588 -4.91424e-05    0.0774769    -0.139569  2.12375e-05      1.13391  -2.1142e-05  0.000750576 -3.54342e-05 1.62271e-308 1.62271e-308     0.622451 1.28355e-308  0.000151701 -0.000125205            1    -0.438601    0.0506928   0.00342553     0.929972     -0.49939   -0.0379425    -0.434443   -0.0493992  -0.00296418     0.931483    -0.499273    0.0435522   -0.0169147  -0.00624837    0.0464329    0.0628577      0.13969 -3.75054e-05       1.1295  0.000272863 -0.000296536 -5.57519e-05    0.0775311    -0.139658 -3.63275e-05      1.13395 -2.86787e-05  0.000808112 -3.95144e-05  -0.00190915 -0.000644711     0.621366  5.70225e-06  4.18313e-05 -2.02261e-05            1    -0.438082    0.0506668    0.0032021     0.929071    -0.498789   -0.0378203    -0.433413   -0.0493915  -0.00326596      0.92973    -0.498382    0.0434588   -0.0174436  -0.00739653    0.0519734    0.0625784     0.139698 -0.000100996      1.12948  0.000229083 -0.000194931 -7.40612e-05    0.0779304    -0.139815 -8.19136e-05      1.13412 -2.28327e-05  0.000927293 -4.93885e-05  -0.00200285 -0.000712069      0.62158 -1.05271e-05  3.45231e-05 -1.38316e-05            1    -0.437689    0.0507609   0.00313884     0.927891    -0.497979   -0.0376406    -0.432672   -0.0492632  -0.00340967     0.927851     -0.49734     0.043564    -0.017629  -0.00847222    0.0580692    0.0622549     0.139626 -0.000170038      1.12948  0.000193866 -9.82304e-05 -9.37147e-05    0.0783732    -0.139965 -0.000125266      1.13433 -1.80686e-05   0.00104955 -5.90895e-05  -0.00214664 -0.000780294     0.621805 -6.29082e-06  3.82239e-05  -1.4111e-05            1    -0.437282    0.0508243   0.00311562     0.926447    -0.496944   -0.0375567    -0.431981   -0.0491732  -0.00350955     0.925831    -0.496142    0.0439272    -0.017902  -0.00961215     0.065085    0.0620586     0.139593 -0.000224587      1.12956   0.00016547  6.72969e-06 -0.000110376     0.078766    -0.140098 -0.000161951      1.13456 -1.46365e-05   0.00117268 -6.73592e-05  -0.00234459 -0.000846094     0.622045 -7.75619e-06  4.37496e-05  -1.4092e-05            1    -0.436846    0.0508924   0.00309022     0.924728    -0.495671   -0.0375133    -0.431296   -0.0490789  -0.00361421     0.923614    -0.494779    0.0444444    -0.018178   -0.0107335    0.0731094    0.0619194     0.139579 -0.000270151      1.12969  0.000142886  0.000118795 -0.000125208    0.0791987    -0.140217 -0.000193427      1.13483 -1.21855e-05   0.00130405 -7.43262e-05  -0.00260056 -0.000910746     0.622301 -8.50394e-06  5.02436e-05 -1.45621e-05            1    -0.436377     0.050954   0.00307248     0.922716    -0.494141   -0.0374845    -0.430602   -0.0489855  -0.00372008     0.921165    -0.493256    0.0449945    -0.018472   -0.0118658    0.0822064    0.0618611     0.139587 -0.000307269      1.12988  0.000125093   0.00024141 -0.000138319    0.0796526    -0.140331 -0.000221334      1.13515 -1.06439e-05   0.00144398 -8.03507e-05  -0.00291849 -0.000974476     0.622576 -9.28338e-06  5.76652e-05 -1.49763e-05            1    -0.435873    0.0510098   0.00306055     0.920395    -0.492342   -0.0374695    -0.429886   -0.0488891  -0.00383315     0.918448    -0.491582    0.0455024   -0.0187741    -0.013013    0.0924407     0.061883     0.139611 -0.000337429      1.13012  0.000111307  0.000376368 -0.000150034    0.0801326    -0.140446 -0.000246992       1.1355 -9.90895e-06   0.00159408 -8.57166e-05  -0.00330233  -0.00103743     0.622874 -1.00514e-05  6.60752e-05 -1.54025e-05            1    -0.435335    0.0510599   0.00305476     0.917748    -0.490258   -0.0374677    -0.429135   -0.0487881  -0.00395612     0.915427    -0.489762    0.0459295   -0.0190763   -0.0141802     0.103879    0.0619877     0.139649  -0.00036166      1.13042  0.000100894  0.000525454 -0.000160582    0.0806406    -0.140566 -0.000271426       1.1359 -9.90623e-06   0.00175573 -9.06528e-05  -0.00375611  -0.00109963     0.623196 -1.08157e-05  7.55438e-05   -1.586e-05            1    -0.434759    0.0511038   0.00305544     0.914755    -0.487871   -0.0374768    -0.428339   -0.0486816  -0.00409086     0.912068    -0.487794    0.0462552   -0.0193719   -0.0153712     0.116591    0.0621782     0.139701 -0.000380873      1.13079  9.33487e-05  0.000690377 -0.000170171    0.0811786    -0.140695  -0.00029548      1.13634 -1.05812e-05   0.00193027 -9.53561e-05  -0.00428395  -0.00116097     0.623548 -1.15855e-05  8.61642e-05 -1.63528e-05            1    -0.434144    0.0511409   0.00306308     0.911397    -0.485163   -0.0374936    -0.427491   -0.0485689  -0.00423835     0.908343    -0.485662    0.0464664   -0.0196564   -0.0165893     0.130648    0.0624583     0.139761 -0.000396037      1.13122  8.82736e-05  0.000872819 -0.000179036    0.0817491    -0.140834 -0.000319922      1.13683 -1.18965e-05   0.00211911 -0.000100015  -0.00489001  -0.00122126     0.623933 -1.23798e-05  9.82778e-05 -1.68721e-05            1    -0.433485    0.0511705   0.00307831      0.90765    -0.482112   -0.0375139    -0.426587   -0.0484492  -0.00439876     0.904225    -0.483337    0.0465537   -0.0199274   -0.0178371     0.146126    0.0628316     0.139827 -0.000408294      1.13172   8.5363e-05   0.00107443 -0.000187459    0.0823549    -0.140988 -0.000345459      1.13736 -1.38293e-05   0.00232376 -0.000104815  -0.00557798  -0.00128017     0.624355 -1.33172e-05  0.000114824 -1.74269e-05            1    -0.432784    0.0511917   0.00310182     0.903489    -0.478698   -0.0375326     -0.42563   -0.0483218   -0.0045718     0.899691    -0.480778    0.0465118   -0.0201838   -0.0191167     0.163093    0.0633016     0.139891 -0.000419064      1.13229  8.43871e-05   0.00129678 -0.000195798    0.0829989    -0.141157 -0.000372729      1.13795 -1.63687e-05   0.00254566 -0.000109935  -0.00634767  -0.00133717      0.62482  -1.5468e-05  0.000165421 -1.84549e-05            1    -0.432096    0.0512059   0.00313386     0.898884    -0.474892   -0.0375451    -0.424676   -0.0481838  -0.00475765      0.89471    -0.477947    0.0463381   -0.0204243    -0.020425      0.18153    0.0638739     0.139944   -0.0004302      1.13294  8.51703e-05   0.00154074 -0.000204505    0.0836848    -0.141344 -0.000402243      1.13859 -1.95058e-05   0.00278565 -0.000115534  -0.00716337   -0.0013905     0.625326 -2.88645e-05  0.000552704 -2.66909e-05            1    -0.432047     0.051237   0.00317295     0.893791    -0.470629   -0.0375479    -0.424354   -0.0480082  -0.00495748     0.889233    -0.474775    0.0460273   -0.0206394   -0.0217105     0.200536    0.0645871     0.139969 -0.000444214      1.13365  8.74976e-05   0.00180121 -0.000213994    0.0844489    -0.141543 -0.000434077      1.13929 -2.31419e-05   0.00303894 -0.000121672  -0.00695578   -0.0013963     0.626033  -8.2444e-05   0.00105172 -8.45893e-05     0.999999    -0.428675     0.050414   0.00535744     0.882734    -0.333998     0.182392    -0.420997     -0.04715  -0.00696216     0.878613    -0.335541    -0.153577   -0.0209479   -0.0224816     0.212286    0.0693635     0.139924  -0.00150296       1.1415  -0.00518276  -0.00390729  -0.00585446    0.0890214    -0.141955  -0.00105738      1.14651   -0.0162921   -0.0035562    0.0017581
Quaternion norm:
1, 0.999999, 0.999999, 0.999999, 0.999999, 0.999999, 0.999999, 0.999999, 0.999999, 0.999999, 0.999999, 0.999999, 0.999999, 0.999999, 
v measurement:
   0.0021231  -0.00364299   0.00955955  -0.00247281    0.0301645  0.000530132   -0.0022019   0.00549661  -0.00578455    -0.066749    0.0385724  -0.00739756  0.000477264   0.00752474  -0.00797324   -0.0675623    0.0376601  -0.00669623   -0.0412387   -0.0519925     0.167784   0.00756885   0.00594971   0.00122863   0.00465369  -0.00174465   0.00517845 -0.000260972 -0.000102353  -0.00607605   -0.0040283   0.00121069  3.28357e-06   0.00360695 -0.000112919  -0.00238962
v0 MPC last solution:
  0.00448725  -0.00336749   0.00931115   -0.0042176     0.057272  -0.00533758   -0.0300801    0.0104876  -0.00220123   -0.0636804    0.0363297  -0.00760497   -0.0288819    0.0125295  -0.00420934    -0.067237     0.039361  -0.00696633   -0.0414516   -0.0464324     0.113238    0.0157542   0.00656395   0.00236313    0.0066297  -0.00188095   0.00507605  -8.0586e-05  -0.00609684  -0.00466126  -0.00503091 -0.000597505  -0.00072332   0.00238789 -7.10151e-06  -0.00238962
Predicted v MPC last solution:
 -0.00442307     0.010029   0.00273681   -0.0202725    0.0196041    0.0323751  -0.00925854   -0.0168229   -0.0377542    0.0251958  9.07405e-05    0.0636776  -0.00785254   -0.0204799   -0.0840096    0.0405319  -0.00734906   -0.0484549   -0.0654153     0.270855  -0.00616713   0.00591811  -0.00238735  9.71591e-05  -0.00243611   0.00562507 -0.000742073    0.0137345  -0.00778078  -0.00221011   0.00558612  0.000304596   0.00562785 -0.000468438  -0.00348579  -0.00323491
----------------------------------------------------------------------
State at time 275 ms ------------------
q measurement:
 -0.00184863 -0.000545915     0.621112  5.84997e-06  0.000139895 -0.000180841            1    -0.438549    0.0507431   0.00351464     0.929974    -0.499419    -0.037978     -0.43467   -0.0493531  -0.00285197     0.931982    -0.499514    0.0435962   -0.0166336  -0.00593119    0.0453219    0.0628457     0.139652 -2.37822e-05      1.12949  0.000290899 -0.000325604  -5.1991e-05    0.0774799    -0.139631  -1.8795e-05      1.13393 -2.07288e-05  0.000787618 -3.67167e-05
q0 MPC last solution:
 -0.00185188 -0.000526836     0.621064  9.35485e-06  0.000106517 -0.000190966            1    -0.438624    0.0507307   0.00355425     0.930318    -0.499618   -0.0379417    -0.434763   -0.0493757  -0.00280085     0.932322    -0.499697    0.0436289   -0.0164281  -0.00565412    0.0443145    0.0628344     0.139623 -2.69204e-05      1.12947  0.000299536 -0.000351915 -5.00757e-05    0.0774646    -0.139597 -7.86168e-07      1.13391 -2.25197e-05  0.000766217 -3.57779e-05
Predicted q MPC over horizon:
 -0.00185188 -0.000526836     0.621064  9.35485e-06  0.000106517 -0.000190966            1    -0.438624    0.0507307   0.00355425     0.930318    -0.499618   -0.0379417    -0.434763   -0.0493757  -0.00280085     0.932322    -0.499697    0.0436289   -0.0164281  -0.00565412    0.0443145    0.0628344     0.139623 -2.69204e-05      1.12947  0.000299536 -0.000351915 -5.00757e-05    0.0774646    -0.139597 -7.86168e-07      1.13391 -2.25197e-05  0.000766217 -3.57779e-05 1.62271e-308 1.62271e-308     0.622451 1.28355e-308  0.000151701 -0.000125205            1    -0.438601    0.0506928   0.00342553     0.929972     -0.49939   -0.0379425    -0.434443   -0.0493992  -0.00296418     0.931483    -0.499273    0.0435522   -0.0169147  -0.00624837    0.0464329    0.0628577      0.13969 -3.75054e-05       1.1295  0.000272863 -0.000296536 -5.57519e-05    0.0775311    -0.139658 -3.63275e-05      1.13395 -2.86787e-05  0.000808112 -3.95144e-05  -0.00190915 -0.000644711     0.621366  5.70225e-06  4.18313e-05 -2.02261e-05            1    -0.438082    0.0506668    0.0032021     0.929071    -0.498789   -0.0378203    -0.433413   -0.0493915  -0.00326596      0.92973    -0.498382    0.0434588   -0.0174436  -0.00739653    0.0519734    0.0625784     0.139698 -0.000100996      1.12948  0.000229083 -0.000194931 -7.40612e-05    0.0779304    -0.139815 -8.19136e-05      1.13412 -2.28327e-05  0.000927293 -4.93885e-05  -0.00200285 -0.000712069      0.62158 -1.05271e-05  3.45231e-05 -1.38316e-05            1    -0.437689    0.0507609   0.00313884     0.927891    -0.497979   -0.0376406    -0.432672   -0.0492632  -0.00340967     0.927851     -0.49734     0.043564    -0.017629  -0.00847222    0.0580692    0.0622549     0.139626 -0.000170038      1.12948  0.000193866 -9.82304e-05 -9.37147e-05    0.0783732    -0.139965 -0.000125266      1.13433 -1.80686e-05   0.00104955 -5.90895e-05  -0.00214664 -0.000780294     0.621805 -6.29082e-06  3.82239e-05  -1.4111e-05            1    -0.437282    0.0508243   0.00311562     0.926447    -0.496944   -0.0375567    -0.431981   -0.0491732  -0.00350955     0.925831    -0.496142    0.0439272    -0.017902  -0.00961215     0.065085    0.0620586     0.139593 -0.000224587      1.12956   0.00016547  6.72969e-06 -0.000110376     0.078766    -0.140098 -0.000161951      1.13456 -1.46365e-05   0.00117268 -6.73592e-05  -0.00234459 -0.000846094     0.622045 -7.75619e-06  4.37496e-05  -1.4092e-05            1    -0.436846    0.0508924   0.00309022     0.924728    -0.495671   -0.0375133    -0.431296   -0.0490789  -0.00361421     0.923614    -0.494779    0.0444444    -0.018178   -0.0107335    0.0731094    0.0619194     0.139579 -0.000270151      1.12969  0.000142886  0.000118795 -0.000125208    0.0791987    -0.140217 -0.000193427      1.13483 -1.21855e-05   0.00130405 -7.43262e-05  -0.00260056 -0.000910746     0.622301 -8.50394e-06  5.02436e-05 -1.45621e-05            1    -0.436377     0.050954   0.00307248     0.922716    -0.494141   -0.0374845    -0.430602   -0.0489855  -0.00372008     0.921165    -0.493256    0.0449945    -0.018472   -0.0118658    0.0822064    0.0618611     0.139587 -0.000307269      1.12988  0.000125093   0.00024141 -0.000138319    0.0796526    -0.140331 -0.000221334      1.13515 -1.06439e-05   0.00144398 -8.03507e-05  -0.00291849 -0.000974476     0.622576 -9.28338e-06  5.76652e-05 -1.49763e-05            1    -0.435873    0.0510098   0.00306055     0.920395    -0.492342   -0.0374695    -0.429886   -0.0488891  -0.00383315     0.918448    -0.491582    0.0455024   -0.0187741    -0.013013    0.0924407     0.061883     0.139611 -0.000337429      1.13012  0.000111307  0.000376368 -0.000150034    0.0801326    -0.140446 -0.000246992       1.1355 -9.90895e-06   0.00159408 -8.57166e-05  -0.00330233  -0.00103743     0.622874 -1.00514e-05  6.60752e-05 -1.54025e-05            1    -0.435335    0.0510599   0.00305476     0.917748    -0.490258   -0.0374677    -0.429135   -0.0487881  -0.00395612     0.915427    -0.489762    0.0459295   -0.0190763   -0.0141802     0.103879    0.0619877     0.139649  -0.00036166      1.13042  0.000100894  0.000525454 -0.000160582    0.0806406    -0.140566 -0.000271426       1.1359 -9.90623e-06   0.00175573 -9.06528e-05  -0.00375611  -0.00109963     0.623196 -1.08157e-05  7.55438e-05   -1.586e-05            1    -0.434759    0.0511038   0.00305544     0.914755    -0.487871   -0.0374768    -0.428339   -0.0486816  -0.00409086     0.912068    -0.487794    0.0462552   -0.0193719   -0.0153712     0.116591    0.0621782     0.139701 -0.000380873      1.13079  9.33487e-05  0.000690377 -0.000170171    0.0811786    -0.140695  -0.00029548      1.13634 -1.05812e-05   0.00193027 -9.53561e-05  -0.00428395  -0.00116097     0.623548 -1.15855e-05  8.61642e-05 -1.63528e-05            1    -0.434144    0.0511409   0.00306308     0.911397    -0.485163   -0.0374936    -0.427491   -0.0485689  -0.00423835     0.908343    -0.485662    0.0464664   -0.0196564   -0.0165893     0.130648    0.0624583     0.139761 -0.000396037      1.13122  8.82736e-05  0.000872819 -0.000179036    0.0817491    -0.140834 -0.000319922      1.13683 -1.18965e-05   0.00211911 -0.000100015  -0.00489001  -0.00122126     0.623933 -1.23798e-05  9.82778e-05 -1.68721e-05            1    -0.433485    0.0511705   0.00307831      0.90765    -0.482112   -0.0375139    -0.426587   -0.0484492  -0.00439876     0.904225    -0.483337    0.0465537   -0.0199274   -0.0178371     0.146126    0.0628316     0.139827 -0.000408294      1.13172   8.5363e-05   0.00107443 -0.000187459    0.0823549    -0.140988 -0.000345459      1.13736 -1.38293e-05   0.00232376 -0.000104815  -0.00557798  -0.00128017     0.624355 -1.33172e-05  0.000114824 -1.74269e-05            1    -0.432784    0.0511917   0.00310182     0.903489    -0.478698   -0.0375326     -0.42563   -0.0483218   -0.0045718     0.899691    -0.480778    0.0465118   -0.0201838   -0.0191167     0.163093    0.0633016     0.139891 -0.000419064      1.13229  8.43871e-05   0.00129678 -0.000195798    0.0829989    -0.141157 -0.000372729      1.13795 -1.63687e-05   0.00254566 -0.000109935  -0.00634767  -0.00133717      0.62482  -1.5468e-05  0.000165421 -1.84549e-05            1    -0.432096    0.0512059   0.00313386     0.898884    -0.474892   -0.0375451    -0.424676   -0.0481838  -0.00475765      0.89471    -0.477947    0.0463381   -0.0204243    -0.020425      0.18153    0.0638739     0.139944   -0.0004302      1.13294  8.51703e-05   0.00154074 -0.000204505    0.0836848    -0.141344 -0.000402243      1.13859 -1.95058e-05   0.00278565 -0.000115534  -0.00716337   -0.0013905     0.625326 -2.88645e-05  0.000552704 -2.66909e-05            1    -0.432047     0.051237   0.00317295     0.893791    -0.470629   -0.0375479    -0.424354   -0.0480082  -0.00495748     0.889233    -0.474775    0.0460273   -0.0206394   -0.0217105     0.200536    0.0645871     0.139969 -0.000444214      1.13365  8.74976e-05   0.00180121 -0.000213994    0.0844489    -0.141543 -0.000434077      1.13929 -2.31419e-05   0.00303894 -0.000121672  -0.00695578   -0.0013963     0.626033  -8.2444e-05   0.00105172 -8.45893e-05     0.999999    -0.428675     0.050414   0.00535744     0.882734    -0.333998     0.182392    -0.420997     -0.04715  -0.00696216     0.878613    -0.335541    -0.153577   -0.0209479   -0.0224816     0.212286    0.0693635     0.139924  -0.00150296       1.1415  -0.00518276  -0.00390729  -0.00585446    0.0890214    -0.141955  -0.00105738      1.14651   -0.0162921   -0.0035562    0.0017581
Quaternion norm:
1, 0.999999, 0.999999, 0.999999, 0.999999, 0.999999, 0.999999, 0.999999, 0.999999, 0.999999, 0.999999, 0.999999, 0.999999, 0.999999, 
v measurement:
-0.000351649   -0.0039323    0.0098354 -0.000686901    0.0019603   0.00639576     0.026904  0.000478093  -0.00934222   -0.0700879    0.0409225  -0.00715928    0.0310425   0.00250362   -0.0117236   -0.0680966    0.0360007  -0.00644895   -0.0410083   -0.0577199     0.224229  -0.00140176   0.00547226  0.000252537   0.00261357  -0.00173532   0.00532478  -0.00046797   0.00502901  -0.00729682  -0.00336759   0.00318688  0.000572477   0.00471388 -0.000240304  -0.00238962
v0 MPC last solution:
   0.0021231  -0.00364299   0.00955955  -0.00247281    0.0301645  0.000530132   -0.0022019   0.00549661  -0.00578455    -0.066749    0.0385724  -0.00739756  0.000477264   0.00752474  -0.00797324   -0.0675623    0.0376601  -0.00669623   -0.0412387   -0.0519925     0.167784   0.00756885   0.00594971   0.00122863   0.00465369  -0.00174465   0.00517845 -0.000260972 -0.000102353  -0.00607605   -0.0040283   0.00121069  3.28357e-06   0.00360695 -0.000112919  -0.00238962
Predicted v MPC last solution:
 -0.00442307     0.010029   0.00273681   -0.0202725    0.0196041    0.0323751  -0.00925854   -0.0168229   -0.0377542    0.0251958  9.07405e-05    0.0636776  -0.00785254   -0.0204799   -0.0840096    0.0405319  -0.00734906   -0.0484549   -0.0654153     0.270855  -0.00616713   0.00591811  -0.00238735  9.71591e-05  -0.00243611   0.00562507 -0.000742073    0.0137345  -0.00778078  -0.00221011   0.00558612  0.000304596   0.00562785 -0.000468438  -0.00348579  -0.00323491
----------------------------------------------------------------------
State at time 280 ms ------------------
q measurement:
 -0.00185819 -0.000566481     0.621162  6.87561e-06  0.000100419 -0.000156058            1    -0.438322    0.0507304   0.00345735     0.929613    -0.499207    -0.038013    -0.434418   -0.0493557   -0.0029218      0.93164    -0.499339    0.0435646   -0.0168379  -0.00623747    0.0466192    0.0628092     0.139678 -2.48761e-05       1.1295  0.000281832 -0.000298385  -5.5019e-05    0.0775175    -0.139671 -3.47066e-05      1.13395 -1.66156e-05  0.000814219 -3.83482e-05
q0 MPC last solution:
 -0.00184863 -0.000545915     0.621112  5.84997e-06  0.000139895 -0.000180841            1    -0.438549    0.0507431   0.00351464     0.929974    -0.499419    -0.037978     -0.43467   -0.0493531  -0.00285197     0.931982    -0.499514    0.0435962   -0.0166336  -0.00593119    0.0453219    0.0628457     0.139652 -2.37822e-05      1.12949  0.000290899 -0.000325604  -5.1991e-05    0.0774799    -0.139631  -1.8795e-05      1.13393 -2.07288e-05  0.000787618 -3.67167e-05
Predicted q MPC over horizon:
 -0.00184863 -0.000545915     0.621112  5.84997e-06  0.000139895 -0.000180841            1    -0.438549    0.0507431   0.00351464     0.929974    -0.499419    -0.037978     -0.43467   -0.0493531  -0.00285197     0.931982    -0.499514    0.0435962   -0.0166336  -0.00593119    0.0453219    0.0628457     0.139652 -2.37822e-05      1.12949  0.000290899 -0.000325604  -5.1991e-05    0.0774799    -0.139631  -1.8795e-05      1.13393 -2.07288e-05  0.000787618 -3.67167e-05 1.62271e-308 1.62271e-308     0.622451 1.28355e-308  0.000151701 -0.000125205            1    -0.438601    0.0506928   0.00342553     0.929972     -0.49939   -0.0379425    -0.434443   -0.0493992  -0.00296418     0.931483    -0.499273    0.0435522   -0.0169147  -0.00624837    0.0464329    0.0628577      0.13969 -3.75054e-05       1.1295  0.000272863 -0.000296536 -5.57519e-05    0.0775311    -0.139658 -3.63275e-05      1.13395 -2.86787e-05  0.000808112 -3.95144e-05  -0.00190915 -0.000644711     0.621366  5.70225e-06  4.18313e-05 -2.02261e-05            1    -0.438082    0.0506668    0.0032021     0.929071    -0.498789   -0.0378203    -0.433413   -0.0493915  -0.00326596      0.92973    -0.498382    0.0434588   -0.0174436  -0.00739653    0.0519734    0.0625784     0.139698 -0.000100996      1.12948  0.000229083 -0.000194931 -7.40612e-05    0.0779304    -0.139815 -8.19136e-05      1.13412 -2.28327e-05  0.000927293 -4.93885e-05  -0.00200285 -0.000712069      0.62158 -1.05271e-05  3.45231e-05 -1.38316e-05            1    -0.437689    0.0507609   0.00313884     0.927891    -0.497979   -0.0376406    -0.432672   -0.0492632  -0.00340967     0.927851     -0.49734     0.043564    -0.017629  -0.00847222    0.0580692    0.0622549     0.139626 -0.000170038      1.12948  0.000193866 -9.82304e-05 -9.37147e-05    0.0783732    -0.139965 -0.000125266      1.13433 -1.80686e-05   0.00104955 -5.90895e-05  -0.00214664 -0.000780294     0.621805 -6.29082e-06  3.82239e-05  -1.4111e-05            1    -0.437282    0.0508243   0.00311562     0.926447    -0.496944   -0.0375567    -0.431981   -0.0491732  -0.00350955     0.925831    -0.496142    0.0439272    -0.017902  -0.00961215     0.065085    0.0620586     0.139593 -0.000224587      1.12956   0.00016547  6.72969e-06 -0.000110376     0.078766    -0.140098 -0.000161951      1.13456 -1.46365e-05   0.00117268 -6.73592e-05  -0.00234459 -0.000846094     0.622045 -7.75619e-06  4.37496e-05  -1.4092e-05            1    -0.436846    0.0508924   0.00309022     0.924728    -0.495671   -0.0375133    -0.431296   -0.0490789  -0.00361421     0.923614    -0.494779    0.0444444    -0.018178   -0.0107335    0.0731094    0.0619194     0.139579 -0.000270151      1.12969  0.000142886  0.000118795 -0.000125208    0.0791987    -0.140217 -0.000193427      1.13483 -1.21855e-05   0.00130405 -7.43262e-05  -0.00260056 -0.000910746     0.622301 -8.50394e-06  5.02436e-05 -1.45621e-05            1    -0.436377     0.050954   0.00307248     0.922716    -0.494141   -0.0374845    -0.430602   -0.0489855  -0.00372008     0.921165    -0.493256    0.0449945    -0.018472   -0.0118658    0.0822064    0.0618611     0.139587 -0.000307269      1.12988  0.000125093   0.00024141 -0.000138319    0.0796526    -0.140331 -0.000221334      1.13515 -1.06439e-05   0.00144398 -8.03507e-05  -0.00291849 -0.000974476     0.622576 -9.28338e-06  5.76652e-05 -1.49763e-05            1    -0.435873    0.0510098   0.00306055     0.920395    -0.492342   -0.0374695    -0.429886   -0.0488891  -0.00383315     0.918448    -0.491582    0.0455024   -0.0187741    -0.013013    0.0924407     0.061883     0.139611 -0.000337429      1.13012  0.000111307  0.000376368 -0.000150034    0.0801326    -0.140446 -0.000246992       1.1355 -9.90895e-06   0.00159408 -8.57166e-05  -0.00330233  -0.00103743     0.622874 -1.00514e-05  6.60752e-05 -1.54025e-05            1    -0.435335    0.0510599   0.00305476     0.917748    -0.490258   -0.0374677    -0.429135   -0.0487881  -0.00395612     0.915427    -0.489762    0.0459295   -0.0190763   -0.0141802     0.103879    0.0619877     0.139649  -0.00036166      1.13042  0.000100894  0.000525454 -0.000160582    0.0806406    -0.140566 -0.000271426       1.1359 -9.90623e-06   0.00175573 -9.06528e-05  -0.00375611  -0.00109963     0.623196 -1.08157e-05  7.55438e-05   -1.586e-05            1    -0.434759    0.0511038   0.00305544     0.914755    -0.487871   -0.0374768    -0.428339   -0.0486816  -0.00409086     0.912068    -0.487794    0.0462552   -0.0193719   -0.0153712     0.116591    0.0621782     0.139701 -0.000380873      1.13079  9.33487e-05  0.000690377 -0.000170171    0.0811786    -0.140695  -0.00029548      1.13634 -1.05812e-05   0.00193027 -9.53561e-05  -0.00428395  -0.00116097     0.623548 -1.15855e-05  8.61642e-05 -1.63528e-05            1    -0.434144    0.0511409   0.00306308     0.911397    -0.485163   -0.0374936    -0.427491   -0.0485689  -0.00423835     0.908343    -0.485662    0.0464664   -0.0196564   -0.0165893     0.130648    0.0624583     0.139761 -0.000396037      1.13122  8.82736e-05  0.000872819 -0.000179036    0.0817491    -0.140834 -0.000319922      1.13683 -1.18965e-05   0.00211911 -0.000100015  -0.00489001  -0.00122126     0.623933 -1.23798e-05  9.82778e-05 -1.68721e-05            1    -0.433485    0.0511705   0.00307831      0.90765    -0.482112   -0.0375139    -0.426587   -0.0484492  -0.00439876     0.904225    -0.483337    0.0465537   -0.0199274   -0.0178371     0.146126    0.0628316     0.139827 -0.000408294      1.13172   8.5363e-05   0.00107443 -0.000187459    0.0823549    -0.140988 -0.000345459      1.13736 -1.38293e-05   0.00232376 -0.000104815  -0.00557798  -0.00128017     0.624355 -1.33172e-05  0.000114824 -1.74269e-05            1    -0.432784    0.0511917   0.00310182     0.903489    -0.478698   -0.0375326     -0.42563   -0.0483218   -0.0045718     0.899691    -0.480778    0.0465118   -0.0201838   -0.0191167     0.163093    0.0633016     0.139891 -0.000419064      1.13229  8.43871e-05   0.00129678 -0.000195798    0.0829989    -0.141157 -0.000372729      1.13795 -1.63687e-05   0.00254566 -0.000109935  -0.00634767  -0.00133717      0.62482  -1.5468e-05  0.000165421 -1.84549e-05            1    -0.432096    0.0512059   0.00313386     0.898884    -0.474892   -0.0375451    -0.424676   -0.0481838  -0.00475765      0.89471    -0.477947    0.0463381   -0.0204243    -0.020425      0.18153    0.0638739     0.139944   -0.0004302      1.13294  8.51703e-05   0.00154074 -0.000204505    0.0836848    -0.141344 -0.000402243      1.13859 -1.95058e-05   0.00278565 -0.000115534  -0.00716337   -0.0013905     0.625326 -2.88645e-05  0.000552704 -2.66909e-05            1    -0.432047     0.051237   0.00317295     0.893791    -0.470629   -0.0375479    -0.424354   -0.0480082  -0.00495748     0.889233    -0.474775    0.0460273   -0.0206394   -0.0217105     0.200536    0.0645871     0.139969 -0.000444214      1.13365  8.74976e-05   0.00180121 -0.000213994    0.0844489    -0.141543 -0.000434077      1.13929 -2.31419e-05   0.00303894 -0.000121672  -0.00695578   -0.0013963     0.626033  -8.2444e-05   0.00105172 -8.45893e-05     0.999999    -0.428675     0.050414   0.00535744     0.882734    -0.333998     0.182392    -0.420997     -0.04715  -0.00696216     0.878613    -0.335541    -0.153577   -0.0209479   -0.0224816     0.212286    0.0693635     0.139924  -0.00150296       1.1415  -0.00518276  -0.00390729  -0.00585446    0.0890214    -0.141955  -0.00105738      1.14651   -0.0162921   -0.0035562    0.0017581
Quaternion norm:
1, 0.999999, 0.999999, 0.999999, 0.999999, 0.999999, 0.999999, 0.999999, 0.999999, 0.999999, 0.999999, 0.999999, 0.999999, 0.999999, 
v measurement:
 -0.00297655  -0.00423643    0.0101466   0.00115189   -0.0278795    0.0122583    0.0578296  -0.00457313   -0.0128654   -0.0737512    0.0433852  -0.00690776    0.0633845  -0.00254261   -0.0154563   -0.0688603    0.0343948  -0.00622142   -0.0407806   -0.0636416     0.283383   -0.0113818   0.00514904 -0.000498552  0.000449037  -0.00189008   0.00553271 -0.000700726    0.0089925  -0.00829844  -0.00311838   0.00535663  0.000964498   0.00571019 -0.000385797  -0.00238962
v0 MPC last solution:
-0.000351649   -0.0039323    0.0098354 -0.000686901    0.0019603   0.00639576     0.026904  0.000478093  -0.00934222   -0.0700879    0.0409225  -0.00715928    0.0310425   0.00250362   -0.0117236   -0.0680966    0.0360007  -0.00644895   -0.0410083   -0.0577199     0.224229  -0.00140176   0.00547226  0.000252537   0.00261357  -0.00173532   0.00532478  -0.00046797   0.00502901  -0.00729682  -0.00336759   0.00318688  0.000572477   0.00471388 -0.000240304  -0.00238962
Predicted v MPC last solution:
 -0.00442307     0.010029   0.00273681   -0.0202725    0.0196041    0.0323751  -0.00925854   -0.0168229   -0.0377542    0.0251958  9.07405e-05    0.0636776  -0.00785254   -0.0204799   -0.0840096    0.0405319  -0.00734906   -0.0484549   -0.0654153     0.270855  -0.00616713   0.00591811  -0.00238735  9.71591e-05  -0.00243611   0.00562507 -0.000742073    0.0137345  -0.00778078  -0.00221011   0.00558612  0.000304596   0.00562785 -0.000468438  -0.00348579  -0.00323491
----------------------------------------------------------------------
State at time 285 ms ------------------
q measurement:
 -0.00187288   -0.0005876     0.621213  9.00478e-06  4.31797e-05 -0.000129682            1     -0.43806     0.050714   0.00339855     0.929244    -0.498987   -0.0380479    -0.434131   -0.0493615   -0.0029931     0.931293     -0.49916    0.0435328    -0.017025  -0.00655528    0.0480283    0.0627627     0.139702 -2.78048e-05       1.1295  0.000273193 -0.000270891  -5.8419e-05    0.0775695    -0.139713 -4.90647e-05      1.13398 -1.16835e-05   0.00084298 -4.00996e-05
q0 MPC last solution:
 -0.00185819 -0.000566481     0.621162  6.87561e-06  0.000100419 -0.000156058            1    -0.438322    0.0507304   0.00345735     0.929613    -0.499207    -0.038013    -0.434418   -0.0493557   -0.0029218      0.93164    -0.499339    0.0435646   -0.0168379  -0.00623747    0.0466192    0.0628092     0.139678 -2.48761e-05       1.1295  0.000281832 -0.000298385  -5.5019e-05    0.0775175    -0.139671 -3.47066e-05      1.13395 -1.66156e-05  0.000814219 -3.83482e-05
Predicted q MPC over horizon:
 -0.00185819 -0.000566481     0.621162  6.87561e-06  0.000100419 -0.000156058            1    -0.438322    0.0507304   0.00345735     0.929613    -0.499207    -0.038013    -0.434418   -0.0493557   -0.0029218      0.93164    -0.499339    0.0435646   -0.0168379  -0.00623747    0.0466192    0.0628092     0.139678 -2.48761e-05       1.1295  0.000281832 -0.000298385  -5.5019e-05    0.0775175    -0.139671 -3.47066e-05      1.13395 -1.66156e-05  0.000814219 -3.83482e-05 1.68823e-308 1.68823e-308     0.622451 1.33756e-308 -3.96245e-06 -5.79357e-05            1    -0.437637    0.0506857   0.00324704     0.928331    -0.498407   -0.0380773    -0.433433   -0.0493617  -0.00319996     0.929967    -0.498444    0.0434338   -0.0174942  -0.00752852    0.0521499    0.0627381     0.139768 -5.59412e-05      1.12954  0.000241748 -0.000183417 -6.96307e-05    0.0778054     -0.13984 -8.43854e-05      1.13408 -6.38817e-06  0.000928132 -4.57666e-05   -0.0019981 -0.000732423     0.621577  1.66767e-06   3.3358e-05  -1.6672e-05            1    -0.437357    0.0507533   0.00311677     0.927163    -0.497595   -0.0379834    -0.432733   -0.0492537  -0.00341438     0.928009    -0.497313    0.0433427   -0.0177671  -0.00874308    0.0581246    0.0626149     0.139734 -0.000123919       1.1296  0.000203677 -7.41934e-05 -8.84105e-05    0.0782226    -0.140006  -0.00012457      1.13428 -5.11848e-06   0.00104705 -5.45248e-05  -0.00214283 -0.000806324     0.621797  -1.1311e-05  3.87207e-05 -1.33037e-05            1    -0.436983    0.0508477   0.00306147     0.925772    -0.496586   -0.0377494    -0.432046   -0.0491095  -0.00355864     0.925983    -0.496059    0.0433108   -0.0178769  -0.00993747    0.0651393    0.0623746     0.139625 -0.000197563      1.12967  0.000173156  3.09679e-05 -0.000108792    0.0786261    -0.140155 -0.000164313      1.13452 -4.14765e-06   0.00117137 -6.40518e-05  -0.00233676 -0.000881129     0.622032 -7.51963e-06  4.47773e-05 -1.41825e-05            1    -0.436561    0.0509091   0.00304202     0.924096    -0.495338   -0.0374561    -0.431373   -0.0489883  -0.00367515     0.923786    -0.494613    0.0432871   -0.0180494   -0.0111863     0.073116     0.062253     0.139563 -0.000256438      1.12981   0.00014869  0.000145955 -0.000126299    0.0790254    -0.140291 -0.000198454      1.13478 -3.81097e-06   0.00130073 -7.21385e-05  -0.00258521 -0.000953689     0.622282 -8.89898e-06  5.11821e-05 -1.42481e-05            1      -0.4361    0.0509719   0.00302152     0.922129    -0.493839   -0.0371649    -0.430703   -0.0488572  -0.00379978     0.921391    -0.492959     0.043264   -0.0182399   -0.0124201    0.0821323    0.0622056     0.139523 -0.000305837         1.13  0.000129317  0.000270696 -0.000141951    0.0794668    -0.140423 -0.000229224       1.1351 -3.96099e-06    0.0014396 -7.92246e-05  -0.00289282  -0.00102482      0.62255 -9.56896e-06  5.84432e-05 -1.46742e-05            1      -0.4356    0.0510275   0.00300901     0.919851    -0.492071     -0.03689    -0.430033   -0.0487254  -0.00392386     0.918769    -0.491083    0.0432541   -0.0184565   -0.0136625    0.0922577    0.0622492     0.139509 -0.000346126      1.13025  0.000114162  0.000408028 -0.000155819    0.0799379    -0.140554 -0.000257527      1.13545 -4.60131e-06   0.00158869 -8.55239e-05  -0.00326413  -0.00109449      0.62284  -1.0398e-05  6.66385e-05 -1.50253e-05            1    -0.435059     0.051077   0.00300266     0.917245    -0.490016   -0.0366387    -0.429352   -0.0485916  -0.00405044     0.915883    -0.488971    0.0432538   -0.0186876   -0.0149147     0.103565    0.0623822     0.139519 -0.000378375      1.13056  0.000102549  0.000559588 -0.000168118    0.0804459    -0.140687 -0.000284114      1.13584 -5.70177e-06   0.00174977 -9.12056e-05  -0.00370361  -0.00116279     0.623154 -1.12359e-05  7.58485e-05 -1.53773e-05            1    -0.434478    0.0511202   0.00300287     0.914293    -0.487659   -0.0364157    -0.428652   -0.0484551  -0.00418098     0.912701    -0.486619    0.0432491   -0.0189254   -0.0161815     0.116128    0.0626076     0.139551 -0.000403537      1.13094  9.39289e-05  0.000727109 -0.000179049    0.0809932    -0.140827 -0.000309823      1.13628 -7.25039e-06   0.00192424 -9.64693e-05   -0.0042156  -0.00122972     0.623496 -1.20791e-05  8.61498e-05  -1.5739e-05            1    -0.433854    0.0511569   0.00300988     0.910974     -0.48498   -0.0362238     -0.42792   -0.0483155  -0.00431723     0.909189    -0.484024    0.0432238   -0.0191629   -0.0174673     0.130021    0.0629284     0.139602 -0.000422629      1.13138   8.7862e-05  0.000912248 -0.000188836    0.0815817    -0.140975  -0.00033547      1.13677 -9.24317e-06   0.00211341 -0.000101518  -0.00480437  -0.00129521      0.62387 -1.29324e-05  9.76441e-05 -1.61194e-05            1    -0.433185    0.0511867   0.00302408     0.907268    -0.481963    -0.036064    -0.427149   -0.0481721  -0.00446068     0.905312     -0.48118    0.0431634   -0.0193943   -0.0187763     0.145322    0.0633482     0.139668 -0.000436781      1.13188  8.40012e-05   0.00111662  -0.00019774    0.0822122    -0.141136 -0.000361839      1.13731 -1.16835e-05   0.00231855 -0.000106554  -0.00547406  -0.00135911     0.624282 -1.38137e-05    0.0001107 -1.65185e-05            1    -0.432465    0.0512092   0.00304605      0.90315    -0.478587   -0.0359361    -0.426331   -0.0480243  -0.00461226     0.901042    -0.478069    0.0430557   -0.0196156   -0.0201121     0.162109      0.06387     0.139743 -0.000447331      1.13246  8.20774e-05   0.00134181 -0.000206086    0.0828853    -0.141312 -0.000389654       1.1379 -1.45808e-05   0.00254098 -0.000111775  -0.00622826  -0.00142111     0.624735 -1.48453e-05  0.000128465 -1.69385e-05            1    -0.431697    0.0512237    0.0030764     0.898595    -0.474832   -0.0358389    -0.425465   -0.0478716  -0.00477248     0.896348    -0.474668    0.0428922   -0.0198244   -0.0214778     0.180451    0.0644966      0.13982 -0.000455946      1.13312  8.18867e-05   0.00158932 -0.000214285     0.083601    -0.141505 -0.000419553      1.13854 -1.79492e-05   0.00278196 -0.000117367  -0.00706654  -0.00148069     0.625236 -1.71611e-05  0.000182598 -1.76106e-05            1     -0.43094    0.0512317   0.00311499     0.893572    -0.470673   -0.0357707     -0.42461   -0.0477114  -0.00494238     0.891198    -0.470941    0.0426673   -0.0200193    -0.022871     0.200328     0.065232     0.139888 -0.000464798      1.13385  8.32713e-05   0.00185992  -0.00022286    0.0843613    -0.141717 -0.000452002      1.13925 -2.17966e-05   0.00304219 -0.000123481  -0.00795085  -0.00153606     0.625782 -3.16256e-05  0.000596289 -2.28291e-05            1    -0.430862    0.0512557   0.00315531     0.888035    -0.466039   -0.0357305    -0.424435   -0.0475177  -0.00512809     0.885539    -0.466813    0.0423733    -0.020197   -0.0242371     0.220778    0.0661111     0.139925 -0.000476878      1.13465  8.60287e-05   0.00214781 -0.000232331    0.0852065    -0.141941 -0.000486848         1.14 -2.60191e-05   0.00331672  -0.00013013  -0.00774958  -0.00154197     0.626525 -8.92596e-05   0.00115037 -7.48471e-05     0.999999     -0.42731    0.0503918    0.0054405     0.876313    -0.324317     0.193641    -0.421032   -0.0466165  -0.00721102     0.874348    -0.321299    -0.166716   -0.0204941   -0.0250635     0.233427    0.0711864     0.139884  -0.00157634        1.143   -0.0046712  -0.00326951  -0.00613685    0.0900107    -0.142377  -0.00112448      1.14764   -0.0182942  -0.00310397   0.00187542
Quaternion norm:
1, 1, 1, 1, 1, 1, 1, 1, 1, 1, 1, 1, 1, 1, 
v measurement:
 -0.00293798  -0.00421927    0.0102059  0.000666545   -0.0198606   0.00941087    0.0492092  -0.00239906    -0.011012   -0.0738698    0.0441481  -0.00701264    0.0537671  -0.00025009   -0.0134612   -0.0697708    0.0366733  -0.00648886     -0.03518   -0.0635405     0.281233  -0.00807825   0.00447494  -0.00059931    0.0015933  -0.00164019   0.00548288 -0.000669228    0.0111487  -0.00867371  -0.00277746   0.00595176  0.000971098   0.00576535 -0.000328958  -0.00246612
v0 MPC last solution:
 -0.00297655  -0.00423643    0.0101466   0.00115189   -0.0278795    0.0122583    0.0578296  -0.00457313   -0.0128654   -0.0737512    0.0433852  -0.00690776    0.0633845  -0.00254261   -0.0154563   -0.0688603    0.0343948  -0.00622142   -0.0407806   -0.0636416     0.283383   -0.0113818   0.00514904 -0.000498552  0.000449037  -0.00189008   0.00553271 -0.000700726    0.0089925  -0.00829844  -0.00311838   0.00535663  0.000964498   0.00571019 -0.000385797  -0.00246612
Predicted v MPC last solution:
 -0.00439328    0.0103005  0.000693549    0.0070037   0.00736643    0.0107399  9.84907e-05   -0.0081627   -0.0544652    0.0365502  0.000467262    0.0351619   0.00193678   -0.0123582   -0.0984084    0.0551443  -0.00686329    -0.024848   -0.0654651     0.269683   0.00427217   0.00382919  -0.00260802   0.00422688  -0.00211828   0.00596412 -0.000760462    0.0198028  -0.00865163  -0.00184956   0.00809084  5.82424e-05   0.00568109  -0.00035606  -0.00608232  -0.00357127
----------------------------------------------------------------------
State at time 290 ms ------------------
q measurement:
 -0.00188797 -0.000608693     0.621265  1.00424e-05  2.77472e-06 -0.000110443            1    -0.437834    0.0507085   0.00334926     0.928873    -0.498764   -0.0380834    -0.433885    -0.049356  -0.00305435     0.930941     -0.49897    0.0434994   -0.0171842   -0.0068733    0.0494371    0.0627289     0.139722 -3.02384e-05      1.12951  0.000265337 -0.000243487 -6.17339e-05    0.0776279    -0.139757 -6.32979e-05      1.13401 -7.38913e-06  0.000871696 -4.16175e-05
q0 MPC last solution:
 -0.00187288   -0.0005876     0.621213  9.00478e-06  4.31797e-05 -0.000129682            1     -0.43806     0.050714   0.00339855     0.929244    -0.498987   -0.0380479    -0.434131   -0.0493615   -0.0029931     0.931293     -0.49916    0.0435328    -0.017025  -0.00655528    0.0480283    0.0627627     0.139702 -2.78048e-05       1.1295  0.000273193 -0.000270891  -5.8419e-05    0.0775695    -0.139713 -4.90647e-05      1.13398 -1.16835e-05   0.00084298 -4.00996e-05
Predicted q MPC over horizon:
 -0.00187288   -0.0005876     0.621213  9.00478e-06  4.31797e-05 -0.000129682            1     -0.43806     0.050714   0.00339855     0.929244    -0.498987   -0.0380479    -0.434131   -0.0493615   -0.0029931     0.931293     -0.49916    0.0435328    -0.017025  -0.00655528    0.0480283    0.0627627     0.139702 -2.78048e-05       1.1295  0.000273193 -0.000270891  -5.8419e-05    0.0775695    -0.139713 -4.90647e-05      1.13398 -1.16835e-05   0.00084298 -4.00996e-05 1.68823e-308 1.68823e-308     0.622451 1.33756e-308 -3.96245e-06 -5.79357e-05            1    -0.437637    0.0506857   0.00324704     0.928331    -0.498407   -0.0380773    -0.433433   -0.0493617  -0.00319996     0.929967    -0.498444    0.0434338   -0.0174942  -0.00752852    0.0521499    0.0627381     0.139768 -5.59412e-05      1.12954  0.000241748 -0.000183417 -6.96307e-05    0.0778054     -0.13984 -8.43854e-05      1.13408 -6.38817e-06  0.000928132 -4.57666e-05   -0.0019981 -0.000732423     0.621577  1.66767e-06   3.3358e-05  -1.6672e-05            1    -0.437357    0.0507533   0.00311677     0.927163    -0.497595   -0.0379834    -0.432733   -0.0492537  -0.00341438     0.928009    -0.497313    0.0433427   -0.0177671  -0.00874308    0.0581246    0.0626149     0.139734 -0.000123919       1.1296  0.000203677 -7.41934e-05 -8.84105e-05    0.0782226    -0.140006  -0.00012457      1.13428 -5.11848e-06   0.00104705 -5.45248e-05  -0.00214283 -0.000806324     0.621797  -1.1311e-05  3.87207e-05 -1.33037e-05            1    -0.436983    0.0508477   0.00306147     0.925772    -0.496586   -0.0377494    -0.432046   -0.0491095  -0.00355864     0.925983    -0.496059    0.0433108   -0.0178769  -0.00993747    0.0651393    0.0623746     0.139625 -0.000197563      1.12967  0.000173156  3.09679e-05 -0.000108792    0.0786261    -0.140155 -0.000164313      1.13452 -4.14765e-06   0.00117137 -6.40518e-05  -0.00233676 -0.000881129     0.622032 -7.51963e-06  4.47773e-05 -1.41825e-05            1    -0.436561    0.0509091   0.00304202     0.924096    -0.495338   -0.0374561    -0.431373   -0.0489883  -0.00367515     0.923786    -0.494613    0.0432871   -0.0180494   -0.0111863     0.073116     0.062253     0.139563 -0.000256438      1.12981   0.00014869  0.000145955 -0.000126299    0.0790254    -0.140291 -0.000198454      1.13478 -3.81097e-06   0.00130073 -7.21385e-05  -0.00258521 -0.000953689     0.622282 -8.89898e-06  5.11821e-05 -1.42481e-05            1      -0.4361    0.0509719   0.00302152     0.922129    -0.493839   -0.0371649    -0.430703   -0.0488572  -0.00379978     0.921391    -0.492959     0.043264   -0.0182399   -0.0124201    0.0821323    0.0622056     0.139523 -0.000305837         1.13  0.000129317  0.000270696 -0.000141951    0.0794668    -0.140423 -0.000229224       1.1351 -3.96099e-06    0.0014396 -7.92246e-05  -0.00289282  -0.00102482      0.62255 -9.56896e-06  5.84432e-05 -1.46742e-05            1      -0.4356    0.0510275   0.00300901     0.919851    -0.492071     -0.03689    -0.430033   -0.0487254  -0.00392386     0.918769    -0.491083    0.0432541   -0.0184565   -0.0136625    0.0922577    0.0622492     0.139509 -0.000346126      1.13025  0.000114162  0.000408028 -0.000155819    0.0799379    -0.140554 -0.000257527      1.13545 -4.60131e-06   0.00158869 -8.55239e-05  -0.00326413  -0.00109449      0.62284  -1.0398e-05  6.66385e-05 -1.50253e-05            1    -0.435059     0.051077   0.00300266     0.917245    -0.490016   -0.0366387    -0.429352   -0.0485916  -0.00405044     0.915883    -0.488971    0.0432538   -0.0186876   -0.0149147     0.103565    0.0623822     0.139519 -0.000378375      1.13056  0.000102549  0.000559588 -0.000168118    0.0804459    -0.140687 -0.000284114      1.13584 -5.70177e-06   0.00174977 -9.12056e-05  -0.00370361  -0.00116279     0.623154 -1.12359e-05  7.58485e-05 -1.53773e-05            1    -0.434478    0.0511202   0.00300287     0.914293    -0.487659   -0.0364157    -0.428652   -0.0484551  -0.00418098     0.912701    -0.486619    0.0432491   -0.0189254   -0.0161815     0.116128    0.0626076     0.139551 -0.000403537      1.13094  9.39289e-05  0.000727109 -0.000179049    0.0809932    -0.140827 -0.000309823      1.13628 -7.25039e-06   0.00192424 -9.64693e-05   -0.0042156  -0.00122972     0.623496 -1.20791e-05  8.61498e-05  -1.5739e-05            1    -0.433854    0.0511569   0.00300988     0.910974     -0.48498   -0.0362238     -0.42792   -0.0483155  -0.00431723     0.909189    -0.484024    0.0432238   -0.0191629   -0.0174673     0.130021    0.0629284     0.139602 -0.000422629      1.13138   8.7862e-05  0.000912248 -0.000188836    0.0815817    -0.140975  -0.00033547      1.13677 -9.24317e-06   0.00211341 -0.000101518  -0.00480437  -0.00129521      0.62387 -1.29324e-05  9.76441e-05 -1.61194e-05            1    -0.433185    0.0511867   0.00302408     0.907268    -0.481963    -0.036064    -0.427149   -0.0481721  -0.00446068     0.905312     -0.48118    0.0431634   -0.0193943   -0.0187763     0.145322    0.0633482     0.139668 -0.000436781      1.13188  8.40012e-05   0.00111662  -0.00019774    0.0822122    -0.141136 -0.000361839      1.13731 -1.16835e-05   0.00231855 -0.000106554  -0.00547406  -0.00135911     0.624282 -1.38137e-05    0.0001107 -1.65185e-05            1    -0.432465    0.0512092   0.00304605      0.90315    -0.478587   -0.0359361    -0.426331   -0.0480243  -0.00461226     0.901042    -0.478069    0.0430557   -0.0196156   -0.0201121     0.162109      0.06387     0.139743 -0.000447331      1.13246  8.20774e-05   0.00134181 -0.000206086    0.0828853    -0.141312 -0.000389654       1.1379 -1.45808e-05   0.00254098 -0.000111775  -0.00622826  -0.00142111     0.624735 -1.48453e-05  0.000128465 -1.69385e-05            1    -0.431697    0.0512237    0.0030764     0.898595    -0.474832   -0.0358389    -0.425465   -0.0478716  -0.00477248     0.896348    -0.474668    0.0428922   -0.0198244   -0.0214778     0.180451    0.0644966      0.13982 -0.000455946      1.13312  8.18867e-05   0.00158932 -0.000214285     0.083601    -0.141505 -0.000419553      1.13854 -1.79492e-05   0.00278196 -0.000117367  -0.00706654  -0.00148069     0.625236 -1.71611e-05  0.000182598 -1.76106e-05            1     -0.43094    0.0512317   0.00311499     0.893572    -0.470673   -0.0357707     -0.42461   -0.0477114  -0.00494238     0.891198    -0.470941    0.0426673   -0.0200193    -0.022871     0.200328     0.065232     0.139888 -0.000464798      1.13385  8.32713e-05   0.00185992  -0.00022286    0.0843613    -0.141717 -0.000452002      1.13925 -2.17966e-05   0.00304219 -0.000123481  -0.00795085  -0.00153606     0.625782 -3.16256e-05  0.000596289 -2.28291e-05            1    -0.430862    0.0512557   0.00315531     0.888035    -0.466039   -0.0357305    -0.424435   -0.0475177  -0.00512809     0.885539    -0.466813    0.0423733    -0.020197   -0.0242371     0.220778    0.0661111     0.139925 -0.000476878      1.13465  8.60287e-05   0.00214781 -0.000232331    0.0852065    -0.141941 -0.000486848         1.14 -2.60191e-05   0.00331672  -0.00013013  -0.00774958  -0.00154197     0.626525 -8.92596e-05   0.00115037 -7.48471e-05     0.999999     -0.42731    0.0503918    0.0054405     0.876313    -0.324317     0.193641    -0.421032   -0.0466165  -0.00721102     0.874348    -0.321299    -0.166716   -0.0204941   -0.0250635     0.233427    0.0711864     0.139884  -0.00157634        1.143   -0.0046712  -0.00326951  -0.00613685    0.0900107    -0.142377  -0.00112448      1.14764   -0.0182942  -0.00310397   0.00187542
Quaternion norm:
1, 1, 1, 1, 1, 1, 1, 1, 1, 1, 1, 1, 1, 1, 
v measurement:
 -0.00309627  -0.00422143    0.0103013  0.000260723   -0.0139787   0.00655037    0.0428865 -0.000249623  -0.00907798   -0.0742824    0.0450813  -0.00715791    0.0463869   0.00199698   -0.0114356   -0.0708458    0.0390364  -0.00679956   -0.0296267   -0.0636774     0.282584  -0.00604182   0.00396724 -0.000367469   0.00258855  -0.00154608   0.00548741 -0.000662293     0.011825  -0.00878758  -0.00296292   0.00674586  0.000754389   0.00571494 -0.000288712  -0.00246612
v0 MPC last solution:
 -0.00293798  -0.00421927    0.0102059  0.000666545   -0.0198606   0.00941087    0.0492092  -0.00239906    -0.011012   -0.0738698    0.0441481  -0.00701264    0.0537671  -0.00025009   -0.0134612   -0.0697708    0.0366733  -0.00648886     -0.03518   -0.0635405     0.281233  -0.00807825   0.00447494  -0.00059931    0.0015933  -0.00164019   0.00548288 -0.000669228    0.0111487  -0.00867371  -0.00277746   0.00595176  0.000971098   0.00576535 -0.000328958  -0.00246612
Predicted v MPC last solution:
 -0.00439328    0.0103005  0.000693549    0.0070037   0.00736643    0.0107399  9.84907e-05   -0.0081627   -0.0544652    0.0365502  0.000467262    0.0351619   0.00193678   -0.0123582   -0.0984084    0.0551443  -0.00686329    -0.024848   -0.0654651     0.269683   0.00427217   0.00382919  -0.00260802   0.00422688  -0.00211828   0.00596412 -0.000760462    0.0198028  -0.00865163  -0.00184956   0.00809084  5.82424e-05   0.00568109  -0.00035606  -0.00608232  -0.00357127
----------------------------------------------------------------------
State at time 295 ms ------------------
q measurement:
 -0.00190444 -0.000629854     0.621316  1.01824e-05 -2.60981e-05 -9.83815e-05            1    -0.437632    0.0507136   0.00330986       0.9285    -0.498535   -0.0381197     -0.43367   -0.0493394  -0.00310535     0.930583    -0.498767    0.0434644   -0.0173158  -0.00719271    0.0508631    0.0627015     0.139741 -3.05184e-05      1.12953  0.000257481 -0.000215872 -6.50954e-05    0.0776852    -0.139801 -8.00415e-05      1.13405 -4.84588e-06  0.000899872 -4.29777e-05
q0 MPC last solution:
 -0.00188797 -0.000608693     0.621265  1.00424e-05  2.77472e-06 -0.000110443            1    -0.437834    0.0507085   0.00334926     0.928873    -0.498764   -0.0380834    -0.433885    -0.049356  -0.00305435     0.930941     -0.49897    0.0434994   -0.0171842   -0.0068733    0.0494371    0.0627289     0.139722 -3.02384e-05      1.12951  0.000265337 -0.000243487 -6.17339e-05    0.0776279    -0.139757 -6.32979e-05      1.13401 -7.38913e-06  0.000871696 -4.16175e-05
Predicted q MPC over horizon:
 -0.00188797 -0.000608693     0.621265  1.00424e-05  2.77472e-06 -0.000110443            1    -0.437834    0.0507085   0.00334926     0.928873    -0.498764   -0.0380834    -0.433885    -0.049356  -0.00305435     0.930941     -0.49897    0.0434994   -0.0171842   -0.0068733    0.0494371    0.0627289     0.139722 -3.02384e-05      1.12951  0.000265337 -0.000243487 -6.17339e-05    0.0776279    -0.139757 -6.32979e-05      1.13401 -7.38913e-06  0.000871696 -4.16175e-05 1.68823e-308 1.68823e-308     0.622451 1.33756e-308 -3.96245e-06 -5.79357e-05            1    -0.437637    0.0506857   0.00324704     0.928331    -0.498407   -0.0380773    -0.433433   -0.0493617  -0.00319996     0.929967    -0.498444    0.0434338   -0.0174942  -0.00752852    0.0521499    0.0627381     0.139768 -5.59412e-05      1.12954  0.000241748 -0.000183417 -6.96307e-05    0.0778054     -0.13984 -8.43854e-05      1.13408 -6.38817e-06  0.000928132 -4.57666e-05   -0.0019981 -0.000732423     0.621577  1.66767e-06   3.3358e-05  -1.6672e-05            1    -0.437357    0.0507533   0.00311677     0.927163    -0.497595   -0.0379834    -0.432733   -0.0492537  -0.00341438     0.928009    -0.497313    0.0433427   -0.0177671  -0.00874308    0.0581246    0.0626149     0.139734 -0.000123919       1.1296  0.000203677 -7.41934e-05 -8.84105e-05    0.0782226    -0.140006  -0.00012457      1.13428 -5.11848e-06   0.00104705 -5.45248e-05  -0.00214283 -0.000806324     0.621797  -1.1311e-05  3.87207e-05 -1.33037e-05            1    -0.436983    0.0508477   0.00306147     0.925772    -0.496586   -0.0377494    -0.432046   -0.0491095  -0.00355864     0.925983    -0.496059    0.0433108   -0.0178769  -0.00993747    0.0651393    0.0623746     0.139625 -0.000197563      1.12967  0.000173156  3.09679e-05 -0.000108792    0.0786261    -0.140155 -0.000164313      1.13452 -4.14765e-06   0.00117137 -6.40518e-05  -0.00233676 -0.000881129     0.622032 -7.51963e-06  4.47773e-05 -1.41825e-05            1    -0.436561    0.0509091   0.00304202     0.924096    -0.495338   -0.0374561    -0.431373   -0.0489883  -0.00367515     0.923786    -0.494613    0.0432871   -0.0180494   -0.0111863     0.073116     0.062253     0.139563 -0.000256438      1.12981   0.00014869  0.000145955 -0.000126299    0.0790254    -0.140291 -0.000198454      1.13478 -3.81097e-06   0.00130073 -7.21385e-05  -0.00258521 -0.000953689     0.622282 -8.89898e-06  5.11821e-05 -1.42481e-05            1      -0.4361    0.0509719   0.00302152     0.922129    -0.493839   -0.0371649    -0.430703   -0.0488572  -0.00379978     0.921391    -0.492959     0.043264   -0.0182399   -0.0124201    0.0821323    0.0622056     0.139523 -0.000305837         1.13  0.000129317  0.000270696 -0.000141951    0.0794668    -0.140423 -0.000229224       1.1351 -3.96099e-06    0.0014396 -7.92246e-05  -0.00289282  -0.00102482      0.62255 -9.56896e-06  5.84432e-05 -1.46742e-05            1      -0.4356    0.0510275   0.00300901     0.919851    -0.492071     -0.03689    -0.430033   -0.0487254  -0.00392386     0.918769    -0.491083    0.0432541   -0.0184565   -0.0136625    0.0922577    0.0622492     0.139509 -0.000346126      1.13025  0.000114162  0.000408028 -0.000155819    0.0799379    -0.140554 -0.000257527      1.13545 -4.60131e-06   0.00158869 -8.55239e-05  -0.00326413  -0.00109449      0.62284  -1.0398e-05  6.66385e-05 -1.50253e-05            1    -0.435059     0.051077   0.00300266     0.917245    -0.490016   -0.0366387    -0.429352   -0.0485916  -0.00405044     0.915883    -0.488971    0.0432538   -0.0186876   -0.0149147     0.103565    0.0623822     0.139519 -0.000378375      1.13056  0.000102549  0.000559588 -0.000168118    0.0804459    -0.140687 -0.000284114      1.13584 -5.70177e-06   0.00174977 -9.12056e-05  -0.00370361  -0.00116279     0.623154 -1.12359e-05  7.58485e-05 -1.53773e-05            1    -0.434478    0.0511202   0.00300287     0.914293    -0.487659   -0.0364157    -0.428652   -0.0484551  -0.00418098     0.912701    -0.486619    0.0432491   -0.0189254   -0.0161815     0.116128    0.0626076     0.139551 -0.000403537      1.13094  9.39289e-05  0.000727109 -0.000179049    0.0809932    -0.140827 -0.000309823      1.13628 -7.25039e-06   0.00192424 -9.64693e-05   -0.0042156  -0.00122972     0.623496 -1.20791e-05  8.61498e-05  -1.5739e-05            1    -0.433854    0.0511569   0.00300988     0.910974     -0.48498   -0.0362238     -0.42792   -0.0483155  -0.00431723     0.909189    -0.484024    0.0432238   -0.0191629   -0.0174673     0.130021    0.0629284     0.139602 -0.000422629      1.13138   8.7862e-05  0.000912248 -0.000188836    0.0815817    -0.140975  -0.00033547      1.13677 -9.24317e-06   0.00211341 -0.000101518  -0.00480437  -0.00129521      0.62387 -1.29324e-05  9.76441e-05 -1.61194e-05            1    -0.433185    0.0511867   0.00302408     0.907268    -0.481963    -0.036064    -0.427149   -0.0481721  -0.00446068     0.905312     -0.48118    0.0431634   -0.0193943   -0.0187763     0.145322    0.0633482     0.139668 -0.000436781      1.13188  8.40012e-05   0.00111662  -0.00019774    0.0822122    -0.141136 -0.000361839      1.13731 -1.16835e-05   0.00231855 -0.000106554  -0.00547406  -0.00135911     0.624282 -1.38137e-05    0.0001107 -1.65185e-05            1    -0.432465    0.0512092   0.00304605      0.90315    -0.478587   -0.0359361    -0.426331   -0.0480243  -0.00461226     0.901042    -0.478069    0.0430557   -0.0196156   -0.0201121     0.162109      0.06387     0.139743 -0.000447331      1.13246  8.20774e-05   0.00134181 -0.000206086    0.0828853    -0.141312 -0.000389654       1.1379 -1.45808e-05   0.00254098 -0.000111775  -0.00622826  -0.00142111     0.624735 -1.48453e-05  0.000128465 -1.69385e-05            1    -0.431697    0.0512237    0.0030764     0.898595    -0.474832   -0.0358389    -0.425465   -0.0478716  -0.00477248     0.896348    -0.474668    0.0428922   -0.0198244   -0.0214778     0.180451    0.0644966      0.13982 -0.000455946      1.13312  8.18867e-05   0.00158932 -0.000214285     0.083601    -0.141505 -0.000419553      1.13854 -1.79492e-05   0.00278196 -0.000117367  -0.00706654  -0.00148069     0.625236 -1.71611e-05  0.000182598 -1.76106e-05            1     -0.43094    0.0512317   0.00311499     0.893572    -0.470673   -0.0357707     -0.42461   -0.0477114  -0.00494238     0.891198    -0.470941    0.0426673   -0.0200193    -0.022871     0.200328     0.065232     0.139888 -0.000464798      1.13385  8.32713e-05   0.00185992  -0.00022286    0.0843613    -0.141717 -0.000452002      1.13925 -2.17966e-05   0.00304219 -0.000123481  -0.00795085  -0.00153606     0.625782 -3.16256e-05  0.000596289 -2.28291e-05            1    -0.430862    0.0512557   0.00315531     0.888035    -0.466039   -0.0357305    -0.424435   -0.0475177  -0.00512809     0.885539    -0.466813    0.0423733    -0.020197   -0.0242371     0.220778    0.0661111     0.139925 -0.000476878      1.13465  8.60287e-05   0.00214781 -0.000232331    0.0852065    -0.141941 -0.000486848         1.14 -2.60191e-05   0.00331672  -0.00013013  -0.00774958  -0.00154197     0.626525 -8.92596e-05   0.00115037 -7.48471e-05     0.999999     -0.42731    0.0503918    0.0054405     0.876313    -0.324317     0.193641    -0.421032   -0.0466165  -0.00721102     0.874348    -0.321299    -0.166716   -0.0204941   -0.0250635     0.233427    0.0711864     0.139884  -0.00157634        1.143   -0.0046712  -0.00326951  -0.00613685    0.0900107    -0.142377  -0.00112448      1.14764   -0.0182942  -0.00310397   0.00187542
Quaternion norm:
1, 1, 1, 1, 1, 1, 1, 1, 1, 1, 1, 1, 1, 1, 
v measurement:
 -0.00345152   -0.0042426    0.0104331 -6.83004e-05   -0.0102112   0.00367108    0.0388488   0.00187305   -0.0070695   -0.0749984    0.0461733  -0.00734061    0.0412223   0.00420561  -0.00937182   -0.0720914    0.0414891   -0.0071464   -0.0241095    -0.064051     0.287419  -0.00527903   0.00362751  0.000195955   0.00342934  -0.00160891   0.00555565  -0.00068281    0.0110221  -0.00864089  -0.00367676   0.00772506  0.000315094   0.00557052 -0.000262616  -0.00246612
v0 MPC last solution:
 -0.00309627  -0.00422143    0.0103013  0.000260723   -0.0139787   0.00655037    0.0428865 -0.000249623  -0.00907798   -0.0742824    0.0450813  -0.00715791    0.0463869   0.00199698   -0.0114356   -0.0708458    0.0390364  -0.00679956   -0.0296267   -0.0636774     0.282584  -0.00604182   0.00396724 -0.000367469   0.00258855  -0.00154608   0.00548741 -0.000662293     0.011825  -0.00878758  -0.00296292   0.00674586  0.000754389   0.00571494 -0.000288712  -0.00246612
Predicted v MPC last solution:
 -0.00439328    0.0103005  0.000693549    0.0070037   0.00736643    0.0107399  9.84907e-05   -0.0081627   -0.0544652    0.0365502  0.000467262    0.0351619   0.00193678   -0.0123582   -0.0984084    0.0551443  -0.00686329    -0.024848   -0.0654651     0.269683   0.00427217   0.00382919  -0.00260802   0.00422688  -0.00211828   0.00596412 -0.000760462    0.0198028  -0.00865163  -0.00184956   0.00809084  5.82424e-05   0.00568109  -0.00035606  -0.00608232  -0.00357127
----------------------------------------------------------------------
State at time 300 ms ------------------
q measurement:
 -0.00192329 -0.000651177     0.621369  9.61331e-06 -4.87359e-05 -9.35537e-05            1    -0.437444    0.0507293   0.00328073     0.928122    -0.498301    -0.038157    -0.433473   -0.0493118  -0.00314591     0.930218    -0.498552    0.0434275   -0.0174199   -0.0075147    0.0523239     0.062674     0.139759 -2.69809e-05      1.12955  0.000248835 -0.000187701 -6.86481e-05     0.077734    -0.139843  -0.00010196      1.13409 -5.17034e-06  0.000927078 -4.42413e-05
q0 MPC last solution:
 -0.00190444 -0.000629854     0.621316  1.01824e-05 -2.60981e-05 -9.83815e-05            1    -0.437632    0.0507136   0.00330986       0.9285    -0.498535   -0.0381197     -0.43367   -0.0493394  -0.00310535     0.930583    -0.498767    0.0434644   -0.0173158  -0.00719271    0.0508631    0.0627015     0.139741 -3.05184e-05      1.12953  0.000257481 -0.000215872 -6.50954e-05    0.0776852    -0.139801 -8.00415e-05      1.13405 -4.84588e-06  0.000899872 -4.29777e-05
Predicted q MPC over horizon:
 -0.00190444 -0.000629854     0.621316  1.01824e-05 -2.60981e-05 -9.83815e-05            1    -0.437632    0.0507136   0.00330986       0.9285    -0.498535   -0.0381197     -0.43367   -0.0493394  -0.00310535     0.930583    -0.498767    0.0434644   -0.0173158  -0.00719271    0.0508631    0.0627015     0.139741 -3.05184e-05      1.12953  0.000257481 -0.000215872 -6.50954e-05    0.0776852    -0.139801 -8.00415e-05      1.13405 -4.84588e-06  0.000899872 -4.29777e-05 1.68823e-308 1.68823e-308     0.622451 1.33756e-308 -3.96245e-06 -5.79357e-05            1    -0.437637    0.0506857   0.00324704     0.928331    -0.498407   -0.0380773    -0.433433   -0.0493617  -0.00319996     0.929967    -0.498444    0.0434338   -0.0174942  -0.00752852    0.0521499    0.0627381     0.139768 -5.59412e-05      1.12954  0.000241748 -0.000183417 -6.96307e-05    0.0778054     -0.13984 -8.43854e-05      1.13408 -6.38817e-06  0.000928132 -4.57666e-05   -0.0019981 -0.000732423     0.621577  1.66767e-06   3.3358e-05  -1.6672e-05            1    -0.437357    0.0507533   0.00311677     0.927163    -0.497595   -0.0379834    -0.432733   -0.0492537  -0.00341438     0.928009    -0.497313    0.0433427   -0.0177671  -0.00874308    0.0581246    0.0626149     0.139734 -0.000123919       1.1296  0.000203677 -7.41934e-05 -8.84105e-05    0.0782226    -0.140006  -0.00012457      1.13428 -5.11848e-06   0.00104705 -5.45248e-05  -0.00214283 -0.000806324     0.621797  -1.1311e-05  3.87207e-05 -1.33037e-05            1    -0.436983    0.0508477   0.00306147     0.925772    -0.496586   -0.0377494    -0.432046   -0.0491095  -0.00355864     0.925983    -0.496059    0.0433108   -0.0178769  -0.00993747    0.0651393    0.0623746     0.139625 -0.000197563      1.12967  0.000173156  3.09679e-05 -0.000108792    0.0786261    -0.140155 -0.000164313      1.13452 -4.14765e-06   0.00117137 -6.40518e-05  -0.00233676 -0.000881129     0.622032 -7.51963e-06  4.47773e-05 -1.41825e-05            1    -0.436561    0.0509091   0.00304202     0.924096    -0.495338   -0.0374561    -0.431373   -0.0489883  -0.00367515     0.923786    -0.494613    0.0432871   -0.0180494   -0.0111863     0.073116     0.062253     0.139563 -0.000256438      1.12981   0.00014869  0.000145955 -0.000126299    0.0790254    -0.140291 -0.000198454      1.13478 -3.81097e-06   0.00130073 -7.21385e-05  -0.00258521 -0.000953689     0.622282 -8.89898e-06  5.11821e-05 -1.42481e-05            1      -0.4361    0.0509719   0.00302152     0.922129    -0.493839   -0.0371649    -0.430703   -0.0488572  -0.00379978     0.921391    -0.492959     0.043264   -0.0182399   -0.0124201    0.0821323    0.0622056     0.139523 -0.000305837         1.13  0.000129317  0.000270696 -0.000141951    0.0794668    -0.140423 -0.000229224       1.1351 -3.96099e-06    0.0014396 -7.92246e-05  -0.00289282  -0.00102482      0.62255 -9.56896e-06  5.84432e-05 -1.46742e-05            1      -0.4356    0.0510275   0.00300901     0.919851    -0.492071     -0.03689    -0.430033   -0.0487254  -0.00392386     0.918769    -0.491083    0.0432541   -0.0184565   -0.0136625    0.0922577    0.0622492     0.139509 -0.000346126      1.13025  0.000114162  0.000408028 -0.000155819    0.0799379    -0.140554 -0.000257527      1.13545 -4.60131e-06   0.00158869 -8.55239e-05  -0.00326413  -0.00109449      0.62284  -1.0398e-05  6.66385e-05 -1.50253e-05            1    -0.435059     0.051077   0.00300266     0.917245    -0.490016   -0.0366387    -0.429352   -0.0485916  -0.00405044     0.915883    -0.488971    0.0432538   -0.0186876   -0.0149147     0.103565    0.0623822     0.139519 -0.000378375      1.13056  0.000102549  0.000559588 -0.000168118    0.0804459    -0.140687 -0.000284114      1.13584 -5.70177e-06   0.00174977 -9.12056e-05  -0.00370361  -0.00116279     0.623154 -1.12359e-05  7.58485e-05 -1.53773e-05            1    -0.434478    0.0511202   0.00300287     0.914293    -0.487659   -0.0364157    -0.428652   -0.0484551  -0.00418098     0.912701    -0.486619    0.0432491   -0.0189254   -0.0161815     0.116128    0.0626076     0.139551 -0.000403537      1.13094  9.39289e-05  0.000727109 -0.000179049    0.0809932    -0.140827 -0.000309823      1.13628 -7.25039e-06   0.00192424 -9.64693e-05   -0.0042156  -0.00122972     0.623496 -1.20791e-05  8.61498e-05  -1.5739e-05            1    -0.433854    0.0511569   0.00300988     0.910974     -0.48498   -0.0362238     -0.42792   -0.0483155  -0.00431723     0.909189    -0.484024    0.0432238   -0.0191629   -0.0174673     0.130021    0.0629284     0.139602 -0.000422629      1.13138   8.7862e-05  0.000912248 -0.000188836    0.0815817    -0.140975  -0.00033547      1.13677 -9.24317e-06   0.00211341 -0.000101518  -0.00480437  -0.00129521      0.62387 -1.29324e-05  9.76441e-05 -1.61194e-05            1    -0.433185    0.0511867   0.00302408     0.907268    -0.481963    -0.036064    -0.427149   -0.0481721  -0.00446068     0.905312     -0.48118    0.0431634   -0.0193943   -0.0187763     0.145322    0.0633482     0.139668 -0.000436781      1.13188  8.40012e-05   0.00111662  -0.00019774    0.0822122    -0.141136 -0.000361839      1.13731 -1.16835e-05   0.00231855 -0.000106554  -0.00547406  -0.00135911     0.624282 -1.38137e-05    0.0001107 -1.65185e-05            1    -0.432465    0.0512092   0.00304605      0.90315    -0.478587   -0.0359361    -0.426331   -0.0480243  -0.00461226     0.901042    -0.478069    0.0430557   -0.0196156   -0.0201121     0.162109      0.06387     0.139743 -0.000447331      1.13246  8.20774e-05   0.00134181 -0.000206086    0.0828853    -0.141312 -0.000389654       1.1379 -1.45808e-05   0.00254098 -0.000111775  -0.00622826  -0.00142111     0.624735 -1.48453e-05  0.000128465 -1.69385e-05            1    -0.431697    0.0512237    0.0030764     0.898595    -0.474832   -0.0358389    -0.425465   -0.0478716  -0.00477248     0.896348    -0.474668    0.0428922   -0.0198244   -0.0214778     0.180451    0.0644966      0.13982 -0.000455946      1.13312  8.18867e-05   0.00158932 -0.000214285     0.083601    -0.141505 -0.000419553      1.13854 -1.79492e-05   0.00278196 -0.000117367  -0.00706654  -0.00148069     0.625236 -1.71611e-05  0.000182598 -1.76106e-05            1     -0.43094    0.0512317   0.00311499     0.893572    -0.470673   -0.0357707     -0.42461   -0.0477114  -0.00494238     0.891198    -0.470941    0.0426673   -0.0200193    -0.022871     0.200328     0.065232     0.139888 -0.000464798      1.13385  8.32713e-05   0.00185992  -0.00022286    0.0843613    -0.141717 -0.000452002      1.13925 -2.17966e-05   0.00304219 -0.000123481  -0.00795085  -0.00153606     0.625782 -3.16256e-05  0.000596289 -2.28291e-05            1    -0.430862    0.0512557   0.00315531     0.888035    -0.466039   -0.0357305    -0.424435   -0.0475177  -0.00512809     0.885539    -0.466813    0.0423733    -0.020197   -0.0242371     0.220778    0.0661111     0.139925 -0.000476878      1.13465  8.60287e-05   0.00214781 -0.000232331    0.0852065    -0.141941 -0.000486848         1.14 -2.60191e-05   0.00331672  -0.00013013  -0.00774958  -0.00154197     0.626525 -8.92596e-05   0.00115037 -7.48471e-05     0.999999     -0.42731    0.0503918    0.0054405     0.876313    -0.324317     0.193641    -0.421032   -0.0466165  -0.00721102     0.874348    -0.321299    -0.166716   -0.0204941   -0.0250635     0.233427    0.0711864     0.139884  -0.00157634        1.143   -0.0046712  -0.00326951  -0.00613685    0.0900107    -0.142377  -0.00112448      1.14764   -0.0182942  -0.00310397   0.00187542
Quaternion norm:
1, 1, 1, 1, 1, 1, 1, 1, 1, 1, 1, 1, 1, 1, 
v measurement:
 -0.00400637  -0.00428265    0.0106023  -0.00032242  -0.00857015  0.000767805    0.0371174   0.00396896  -0.00498892   -0.0760305    0.0474189  -0.00755766    0.0382886   0.00638091  -0.00726527   -0.0735188    0.0440367  -0.00752447   -0.0186174   -0.0646617     0.295769  -0.00581156   0.00345801   0.00109338   0.00410719  -0.00183097   0.00569701  -0.00073313   0.00872599  -0.00823287  -0.00492754    0.0088714 -0.000348253   0.00534477 -0.000247319  -0.00246612
v0 MPC last solution:
 -0.00345152   -0.0042426    0.0104331 -6.83004e-05   -0.0102112   0.00367108    0.0388488   0.00187305   -0.0070695   -0.0749984    0.0461733  -0.00734061    0.0412223   0.00420561  -0.00937182   -0.0720914    0.0414891   -0.0071464   -0.0241095    -0.064051     0.287419  -0.00527903   0.00362751  0.000195955   0.00342934  -0.00160891   0.00555565  -0.00068281    0.0110221  -0.00864089  -0.00367676   0.00772506  0.000315094   0.00557052 -0.000262616  -0.00246612
Predicted v MPC last solution:
 -0.00439328    0.0103005  0.000693549    0.0070037   0.00736643    0.0107399  9.84907e-05   -0.0081627   -0.0544652    0.0365502  0.000467262    0.0351619   0.00193678   -0.0123582   -0.0984084    0.0551443  -0.00686329    -0.024848   -0.0654651     0.269683   0.00427217   0.00382919  -0.00260802   0.00422688  -0.00211828   0.00596412 -0.000760462    0.0198028  -0.00865163  -0.00184956   0.00809084  5.82424e-05   0.00568109  -0.00035606  -0.00608232  -0.00357127
----------------------------------------------------------------------
State at time 305 ms ------------------
q measurement:
 -0.00194553 -0.000672756     0.621423  8.52014e-06 -7.05178e-05 -9.60266e-05            1    -0.437258    0.0507554   0.00326222     0.927738     -0.49806   -0.0381955    -0.433285   -0.0492735  -0.00317579     0.929846    -0.498324    0.0433887   -0.0174965  -0.00784047    0.0538371    0.0626399     0.139776 -1.79399e-05      1.12957  0.000238592 -0.000158579 -7.25465e-05    0.0777668    -0.139882 -0.000131781      1.13414 -9.49146e-06  0.000952946 -4.54501e-05
q0 MPC last solution:
 -0.00192329 -0.000651177     0.621369  9.61331e-06 -4.87359e-05 -9.35537e-05            1    -0.437444    0.0507293   0.00328073     0.928122    -0.498301    -0.038157    -0.433473   -0.0493118  -0.00314591     0.930218    -0.498552    0.0434275   -0.0174199   -0.0075147    0.0523239     0.062674     0.139759 -2.69809e-05      1.12955  0.000248835 -0.000187701 -6.86481e-05     0.077734    -0.139843  -0.00010196      1.13409 -5.17034e-06  0.000927078 -4.42413e-05
Predicted q MPC over horizon:
 -0.00192329 -0.000651177     0.621369  9.61331e-06 -4.87359e-05 -9.35537e-05            1    -0.437444    0.0507293   0.00328073     0.928122    -0.498301    -0.038157    -0.433473   -0.0493118  -0.00314591     0.930218    -0.498552    0.0434275   -0.0174199   -0.0075147    0.0523239     0.062674     0.139759 -2.69809e-05      1.12955  0.000248835 -0.000187701 -6.86481e-05     0.077734    -0.139843  -0.00010196      1.13409 -5.17034e-06  0.000927078 -4.42413e-05 1.68823e-308 1.68823e-308     0.622451 1.33756e-308 -3.96245e-06 -5.79357e-05            1    -0.437637    0.0506857   0.00324704     0.928331    -0.498407   -0.0380773    -0.433433   -0.0493617  -0.00319996     0.929967    -0.498444    0.0434338   -0.0174942  -0.00752852    0.0521499    0.0627381     0.139768 -5.59412e-05      1.12954  0.000241748 -0.000183417 -6.96307e-05    0.0778054     -0.13984 -8.43854e-05      1.13408 -6.38817e-06  0.000928132 -4.57666e-05   -0.0019981 -0.000732423     0.621577  1.66767e-06   3.3358e-05  -1.6672e-05            1    -0.437357    0.0507533   0.00311677     0.927163    -0.497595   -0.0379834    -0.432733   -0.0492537  -0.00341438     0.928009    -0.497313    0.0433427   -0.0177671  -0.00874308    0.0581246    0.0626149     0.139734 -0.000123919       1.1296  0.000203677 -7.41934e-05 -8.84105e-05    0.0782226    -0.140006  -0.00012457      1.13428 -5.11848e-06   0.00104705 -5.45248e-05  -0.00214283 -0.000806324     0.621797  -1.1311e-05  3.87207e-05 -1.33037e-05            1    -0.436983    0.0508477   0.00306147     0.925772    -0.496586   -0.0377494    -0.432046   -0.0491095  -0.00355864     0.925983    -0.496059    0.0433108   -0.0178769  -0.00993747    0.0651393    0.0623746     0.139625 -0.000197563      1.12967  0.000173156  3.09679e-05 -0.000108792    0.0786261    -0.140155 -0.000164313      1.13452 -4.14765e-06   0.00117137 -6.40518e-05  -0.00233676 -0.000881129     0.622032 -7.51963e-06  4.47773e-05 -1.41825e-05            1    -0.436561    0.0509091   0.00304202     0.924096    -0.495338   -0.0374561    -0.431373   -0.0489883  -0.00367515     0.923786    -0.494613    0.0432871   -0.0180494   -0.0111863     0.073116     0.062253     0.139563 -0.000256438      1.12981   0.00014869  0.000145955 -0.000126299    0.0790254    -0.140291 -0.000198454      1.13478 -3.81097e-06   0.00130073 -7.21385e-05  -0.00258521 -0.000953689     0.622282 -8.89898e-06  5.11821e-05 -1.42481e-05            1      -0.4361    0.0509719   0.00302152     0.922129    -0.493839   -0.0371649    -0.430703   -0.0488572  -0.00379978     0.921391    -0.492959     0.043264   -0.0182399   -0.0124201    0.0821323    0.0622056     0.139523 -0.000305837         1.13  0.000129317  0.000270696 -0.000141951    0.0794668    -0.140423 -0.000229224       1.1351 -3.96099e-06    0.0014396 -7.92246e-05  -0.00289282  -0.00102482      0.62255 -9.56896e-06  5.84432e-05 -1.46742e-05            1      -0.4356    0.0510275   0.00300901     0.919851    -0.492071     -0.03689    -0.430033   -0.0487254  -0.00392386     0.918769    -0.491083    0.0432541   -0.0184565   -0.0136625    0.0922577    0.0622492     0.139509 -0.000346126      1.13025  0.000114162  0.000408028 -0.000155819    0.0799379    -0.140554 -0.000257527      1.13545 -4.60131e-06   0.00158869 -8.55239e-05  -0.00326413  -0.00109449      0.62284  -1.0398e-05  6.66385e-05 -1.50253e-05            1    -0.435059     0.051077   0.00300266     0.917245    -0.490016   -0.0366387    -0.429352   -0.0485916  -0.00405044     0.915883    -0.488971    0.0432538   -0.0186876   -0.0149147     0.103565    0.0623822     0.139519 -0.000378375      1.13056  0.000102549  0.000559588 -0.000168118    0.0804459    -0.140687 -0.000284114      1.13584 -5.70177e-06   0.00174977 -9.12056e-05  -0.00370361  -0.00116279     0.623154 -1.12359e-05  7.58485e-05 -1.53773e-05            1    -0.434478    0.0511202   0.00300287     0.914293    -0.487659   -0.0364157    -0.428652   -0.0484551  -0.00418098     0.912701    -0.486619    0.0432491   -0.0189254   -0.0161815     0.116128    0.0626076     0.139551 -0.000403537      1.13094  9.39289e-05  0.000727109 -0.000179049    0.0809932    -0.140827 -0.000309823      1.13628 -7.25039e-06   0.00192424 -9.64693e-05   -0.0042156  -0.00122972     0.623496 -1.20791e-05  8.61498e-05  -1.5739e-05            1    -0.433854    0.0511569   0.00300988     0.910974     -0.48498   -0.0362238     -0.42792   -0.0483155  -0.00431723     0.909189    -0.484024    0.0432238   -0.0191629   -0.0174673     0.130021    0.0629284     0.139602 -0.000422629      1.13138   8.7862e-05  0.000912248 -0.000188836    0.0815817    -0.140975  -0.00033547      1.13677 -9.24317e-06   0.00211341 -0.000101518  -0.00480437  -0.00129521      0.62387 -1.29324e-05  9.76441e-05 -1.61194e-05            1    -0.433185    0.0511867   0.00302408     0.907268    -0.481963    -0.036064    -0.427149   -0.0481721  -0.00446068     0.905312     -0.48118    0.0431634   -0.0193943   -0.0187763     0.145322    0.0633482     0.139668 -0.000436781      1.13188  8.40012e-05   0.00111662  -0.00019774    0.0822122    -0.141136 -0.000361839      1.13731 -1.16835e-05   0.00231855 -0.000106554  -0.00547406  -0.00135911     0.624282 -1.38137e-05    0.0001107 -1.65185e-05            1    -0.432465    0.0512092   0.00304605      0.90315    -0.478587   -0.0359361    -0.426331   -0.0480243  -0.00461226     0.901042    -0.478069    0.0430557   -0.0196156   -0.0201121     0.162109      0.06387     0.139743 -0.000447331      1.13246  8.20774e-05   0.00134181 -0.000206086    0.0828853    -0.141312 -0.000389654       1.1379 -1.45808e-05   0.00254098 -0.000111775  -0.00622826  -0.00142111     0.624735 -1.48453e-05  0.000128465 -1.69385e-05            1    -0.431697    0.0512237    0.0030764     0.898595    -0.474832   -0.0358389    -0.425465   -0.0478716  -0.00477248     0.896348    -0.474668    0.0428922   -0.0198244   -0.0214778     0.180451    0.0644966      0.13982 -0.000455946      1.13312  8.18867e-05   0.00158932 -0.000214285     0.083601    -0.141505 -0.000419553      1.13854 -1.79492e-05   0.00278196 -0.000117367  -0.00706654  -0.00148069     0.625236 -1.71611e-05  0.000182598 -1.76106e-05            1     -0.43094    0.0512317   0.00311499     0.893572    -0.470673   -0.0357707     -0.42461   -0.0477114  -0.00494238     0.891198    -0.470941    0.0426673   -0.0200193    -0.022871     0.200328     0.065232     0.139888 -0.000464798      1.13385  8.32713e-05   0.00185992  -0.00022286    0.0843613    -0.141717 -0.000452002      1.13925 -2.17966e-05   0.00304219 -0.000123481  -0.00795085  -0.00153606     0.625782 -3.16256e-05  0.000596289 -2.28291e-05            1    -0.430862    0.0512557   0.00315531     0.888035    -0.466039   -0.0357305    -0.424435   -0.0475177  -0.00512809     0.885539    -0.466813    0.0423733    -0.020197   -0.0242371     0.220778    0.0661111     0.139925 -0.000476878      1.13465  8.60287e-05   0.00214781 -0.000232331    0.0852065    -0.141941 -0.000486848         1.14 -2.60191e-05   0.00331672  -0.00013013  -0.00774958  -0.00154197     0.626525 -8.92596e-05   0.00115037 -7.48471e-05     0.999999     -0.42731    0.0503918    0.0054405     0.876313    -0.324317     0.193641    -0.421032   -0.0466165  -0.00721102     0.874348    -0.321299    -0.166716   -0.0204941   -0.0250635     0.233427    0.0711864     0.139884  -0.00157634        1.143   -0.0046712  -0.00326951  -0.00613685    0.0900107    -0.142377  -0.00112448      1.14764   -0.0182942  -0.00310397   0.00187542
Quaternion norm:
1, 1, 1, 1, 1, 1, 1, 1, 1, 1, 1, 1, 1, 1, 
v measurement:
 -0.00476601  -0.00434154    0.0108105 -0.000502769   -0.0091023  -0.00216451    0.0377501   0.00603929  -0.00283597   -0.0773943    0.0488168  -0.00780616    0.0376385   0.00852659  -0.00511312   -0.0751429    0.0466851  -0.00793045   -0.0131386   -0.0655115      0.30772  -0.00767631   0.00346165   0.00233054   0.00461028   -0.0022158   0.00592113 -0.000815002    0.0049085  -0.00756146     -0.00673    0.0101624  -0.00123877   0.00505164 -0.000238589  -0.00246612
v0 MPC last solution:
 -0.00400637  -0.00428265    0.0106023  -0.00032242  -0.00857015  0.000767805    0.0371174   0.00396896  -0.00498892   -0.0760305    0.0474189  -0.00755766    0.0382886   0.00638091  -0.00726527   -0.0735188    0.0440367  -0.00752447   -0.0186174   -0.0646617     0.295769  -0.00581156   0.00345801   0.00109338   0.00410719  -0.00183097   0.00569701  -0.00073313   0.00872599  -0.00823287  -0.00492754    0.0088714 -0.000348253   0.00534477 -0.000247319  -0.00246612
Predicted v MPC last solution:
 -0.00439328    0.0103005  0.000693549    0.0070037   0.00736643    0.0107399  9.84907e-05   -0.0081627   -0.0544652    0.0365502  0.000467262    0.0351619   0.00193678   -0.0123582   -0.0984084    0.0551443  -0.00686329    -0.024848   -0.0654651     0.269683   0.00427217   0.00382919  -0.00260802   0.00422688  -0.00211828   0.00596412 -0.000760462    0.0198028  -0.00865163  -0.00184956   0.00809084  5.82424e-05   0.00568109  -0.00035606  -0.00608232  -0.00357127
----------------------------------------------------------------------
